{
	"monster": [
		{
			"name": "Asteroid Spider",
			"source": "MCV1SC",
			"page": 3,
			"size": [
				"G"
			],
			"type": "monstrosity",
			"alignment": [
				"N",
				"E"
			],
			"alignmentPrefix": "typically ",
			"ac": [
				{
					"ac": 17,
					"from": [
						"natural armor"
					]
				}
			],
			"hp": {
				"average": 348,
				"formula": "24d20 + 96"
			},
			"speed": {
				"walk": 60,
				"fly": {
					"number": 60,
					"condition": "(hover)"
				},
				"canHover": true
			},
			"str": 26,
			"dex": 10,
			"con": 18,
			"int": 17,
			"wis": 13,
			"cha": 12,
			"save": {
				"con": "+9",
				"wis": "+6"
			},
			"skill": {
				"perception": "+11",
				"stealth": "+5"
			},
			"senses": [
				"blindsight 120 ft. while the spider's eyes are closed",
				"darkvision 120 ft."
			],
			"passive": 21,
			"cr": "15",
			"trait": [
				{
					"name": "False Appearance",
					"entries": [
						"If the spider is motionless, has its eyes and mouth closed, and has its legs wrapped around its body at the start of combat, it has advantage on its initiative roll. Moreover, if a creature hasn't observed the spider move or act, that creature must succeed on a {@dc 18} Intelligence (Investigation) check to discern that the spider is anything other than an asteroid."
					]
				},
				{
					"name": "Legendary Resistance (3/Day)",
					"entries": [
						"If the spider fails a saving throw, it can choose to succeed instead."
					]
				},
				{
					"name": "Unusual Nature",
					"entries": [
						"The spider doesn't require air."
					]
				}
			],
			"action": [
				{
					"name": "Multiattack",
					"entries": [
						"The spider makes two Web Strand attacks, uses Reel, and makes two Bite attacks."
					]
				},
				{
					"name": "Bite",
					"entries": [
						"{@atk mw} {@hit 13} to hit, reach 10 ft., one target. {@h}21 ({@damage 3d8 + 8}) piercing damage plus 10 ({@damage 3d6}) acid damage."
					]
				},
				{
					"name": "Web Strand",
					"entries": [
						"{@atk rw} {@hit 13} to hit, reach 120 ft., one creature. {@h}The target is {@condition grappled} (escape {@dc 18}). The web strand can be attacked and destroyed (AC 12; 20 hit points; vulnerability to fire damage; immunity to bludgeoning, poison, and psychic damage). The spider can grapple up to six creatures at a time using its web strands."
					]
				},
				{
					"name": "Reel",
					"entries": [
						"The spider pulls each creature {@condition grappled} by it up to 60 feet straight toward itself."
					]
				}
			],
			"bonus": [
				{
					"name": "Snare Ship (1/Day)",
					"entries": [
						"The spider weaves a magical web around a spelljamming ship it can see within 120 feet of itself. The web lasts for 1 minute and suppresses the magic of any spelljamming helm aboard the ship. Decks and other surfaces of the ship that aren't enclosed become difficult terrain until the effect ends. The web is impervious to damage but is destroyed by a successful casting of {@spell dispel magic} ({@dc 18})."
					]
				}
			],
			"traitTags": [
				"False Appearance",
				"Legendary Resistances",
				"Unusual Nature"
			],
			"senseTags": [
				"B",
				"SD"
			],
			"actionTags": [
				"Multiattack"
			],
			"damageTags": [
				"A",
				"P"
			],
			"miscTags": [
				"MW",
				"RCH",
				"RW"
			],
			"conditionInflict": [
				"grappled"
			],
			"hasToken": true,
			"hasFluff": true,
			"hasFluffImages": true
		},
		{
			"name": "Clockwork Horror",
			"source": "MCV1SC",
			"page": 4,
			"size": [
				"S"
			],
			"type": "construct",
			"alignment": [
				"L",
				"E"
			],
			"alignmentPrefix": "typically ",
			"ac": [
				{
					"ac": 18,
					"from": [
						"natural armor"
					]
				}
			],
			"hp": {
				"average": 60,
				"formula": "8d6 + 32"
			},
			"speed": {
				"walk": 30,
				"climb": 30
			},
			"str": 14,
			"dex": 14,
			"con": 18,
			"int": 13,
			"wis": 14,
			"cha": 10,
			"save": {
				"str": "+4",
				"wis": "+4"
			},
			"skill": {
				"perception": "+6"
			},
			"senses": [
				"darkvision 120 ft."
			],
			"passive": 16,
			"immune": [
				"lightning",
				"poison"
			],
			"conditionImmune": [
				"blinded",
				"charmed",
				"deafened",
				"exhaustion",
				"frightened",
				"paralyzed",
				"petrified",
				"poisoned"
			],
			"languages": [
				"Thri-kreen",
				"Ziklight"
			],
			"cr": "2",
			"trait": [
				{
					"name": "Shutdown",
					"entries": [
						"If targeted by {@spell dispel magic}, the horror must succeed on a Constitution saving throw against the caster's spell save DC or fall {@condition unconscious} for 1 minute or until it takes any damage."
					]
				},
				{
					"name": "Unusual Nature",
					"entries": [
						"The horror doesn't require air, food, drink, or sleep."
					]
				}
			],
			"action": [
				{
					"name": "Multiattack",
					"entries": [
						"The horror makes one Bite attack and two Rotating Saw attacks, or it makes two Lightning Jolt attacks."
					]
				},
				{
					"name": "Bite",
					"entries": [
						"{@atk mw} {@hit 4} to hit, reach 5 ft., one target. {@h}6 ({@damage 1d8 + 2}) piercing damage."
					]
				},
				{
					"name": "Rotating Saw",
					"entries": [
						"{@atk mw} {@hit 4} to hit, reach 5 ft., one target. {@h}4 ({@damage 1d4 + 2}) slashing damage."
					]
				},
				{
					"name": "Lightning Jolt",
					"entries": [
						"{@atk rs} {@hit 4} to hit, range 120 ft., one target. {@h}7 ({@damage 1d10 + 2}) lightning damage."
					]
				},
				{
					"name": "Spelljamming Helm Interface",
					"entries": [
						"The horror attaches to a spelljamming helm it can see within 5 feet of itself and attunes to the helm instantly. If another creature is already attuned to the helm, that creature's attunement to the helm ends when the horror's attunement begins. The horror can operate the helm even though it isn't a spellcaster. The horror can detach from the helm as a bonus action, which ends its attunement to the helm."
					]
				}
			],
			"traitTags": [
				"Unusual Nature"
			],
			"senseTags": [
				"SD"
			],
			"actionTags": [
				"Multiattack"
			],
			"languageTags": [
				"OTH"
			],
			"damageTags": [
				"L",
				"P",
				"S"
			],
			"miscTags": [
				"MW"
			],
			"hasToken": true,
			"hasFluff": true,
			"hasFluffImages": true
		},
		{
			"name": "Eldritch Lich",
			"source": "MCV1SC",
			"page": 6,
			"size": [
				"M"
			],
			"type": "undead",
			"alignment": [
				"N",
				"E"
			],
			"alignmentPrefix": "typically ",
			"ac": [
				{
					"ac": 17,
					"from": [
						"natural armor"
					]
				}
			],
			"hp": {
				"average": 165,
				"formula": "22d8 + 66"
			},
			"speed": {
				"walk": 30,
				"fly": {
					"number": 30,
					"condition": "(hover)"
				},
				"canHover": true
			},
			"str": 11,
			"dex": 18,
			"con": 16,
			"int": 19,
			"wis": 14,
			"cha": 12,
			"save": {
				"int": "+9",
				"wis": "+7"
			},
			"skill": {
				"arcana": "+14",
				"perception": "+7"
			},
			"senses": [
				"truesight 120ft."
			],
			"passive": 17,
			"resist": [
				"necrotic",
				"poison"
			],
			"conditionImmune": [
				"charmed",
				"exhaustion",
				"frightened",
				"paralyzed",
				"poisoned"
			],
			"languages": [
				"Common",
				"Deep Speech",
				"telepathy 120 ft."
			],
			"cr": "15",
			"spellcasting": [
				{
					"name": "Spellcasting",
					"type": "spellcasting",
					"headerEntries": [
						"The lich casts one of the following spells, using Intelligence as the spellcasting ability (spell save {@dc 17}):"
					],
					"will": [
						"{@spell detect magic}",
						"{@spell mage hand}",
						"{@spell prestidigitation}"
					],
					"daily": {
						"2e": [
							"{@spell dispel magic}",
							"{@spell hunger of Hadar}",
							"{@spell lightning bolt}"
						],
						"1e": [
							"{@spell arcane eye}",
							"{@spell dimension door}",
							"{@spell plane shift} (self only)"
						]
					},
					"ability": "int",
					"displayAs": "action"
				}
			],
			"trait": [
				{
					"name": "Far Realm Parasite",
					"entries": [
						"Inside the lich's torso dwells a wormlike parasite that contains the lich's soul. When the lich dies, it implodes into the parasite, which then vanishes into the Far Realm. In {@dice 2d4} days, the parasite causes the lich to reappear within {@dice 1d4} miles of where it died. If the lich died inside a magic circle cast to contain Undead, the lich instead reappears as an {@creature otyugh} with all the lich's memories."
					]
				},
				{
					"name": "Legendary Resistance (4/Day)",
					"entries": [
						"If the lich fails a saving throw, it can choose to succeed instead."
					]
				},
				{
					"name": "Unusual Nature",
					"entries": [
						"The lich doesn't need air, food, drink, or sleep."
					]
				}
			],
			"action": [
				{
					"name": "Multiattack",
					"entries": [
						"The lich makes one Parasitic Tentacle attack or uses Spellcasting. The lich also uses Psychic Whisper twice."
					]
				},
				{
					"name": "Parasitic Tentacle",
					"entries": [
						"{@atk mw} {@hit 9} to hit, reach 10 ft., one creature. {@h}25 ({@damage 6d6 + 4}) piercing damage plus 25 ({@damage 6d6 + 4}) necrotic damage. The target must succeed on a {@dc 17} Constitution saving throw or be {@condition poisoned}. The {@condition poisoned} target can repeat the save at the end of each of its turns, ending the effect on itself on a success. The third time the target fails the save, the target dies and dissolves into a {@creature gibbering mouther} that obeys the lich and uses the target's initiative."
					]
				},
				{
					"name": "Psychic Whisper",
					"entries": [
						"The lich targets one creature it can see within 120 feet of itself. The target must succeed on a {@dc 17} Wisdom saving throw or take 25 ({@damage 6d6 + 4}) psychic damage and be {@condition stunned} until the end of the lich's next turn as incomprehensible whispers fill the target's mind."
					]
				}
			],
			"reaction": [
				{
					"name": "Far Realm Step",
					"entries": [
						"Immediately after taking damage, the lich, along with any equipment it is wearing or carrying, magically teleports up to 60 feet to an unoccupied space it can see."
					]
				}
			],
			"traitTags": [
				"Legendary Resistances",
				"Unusual Nature"
			],
			"senseTags": [
				"U"
			],
			"actionTags": [
				"Multiattack"
			],
			"languageTags": [
				"C",
				"DS",
				"TP"
			],
			"damageTags": [
				"N",
				"P",
				"Y"
			],
			"damageTagsSpell": [
				"A",
				"C",
				"L",
				"O"
			],
			"spellcastingTags": [
				"O"
			],
			"miscTags": [
				"MW",
				"RCH"
			],
			"conditionInflict": [
				"poisoned",
				"stunned"
			],
			"conditionInflictSpell": [
				"blinded"
			],
			"savingThrowForced": [
				"constitution",
				"wisdom"
			],
			"savingThrowForcedSpell": [
				"charisma",
				"dexterity"
			],
			"hasToken": true,
			"hasFluff": true,
			"hasFluffImages": true
		},
		{
			"name": "Fractine",
			"source": "MCV1SC",
			"page": 7,
			"size": [
				"L"
			],
			"type": "construct",
			"alignment": [
				"N"
			],
			"alignmentPrefix": "typically ",
			"ac": [
				{
					"ac": 14,
					"from": [
						"natural armor"
					]
				}
			],
			"hp": {
				"average": 110,
				"formula": "13d10 + 39"
			},
			"speed": {
				"walk": 0,
				"fly": {
					"number": 60,
					"condition": "(hover)"
				},
				"canHover": true
			},
			"str": 1,
			"dex": 13,
			"con": 16,
			"int": 18,
			"wis": 18,
			"cha": 11,
			"skill": {
				"perception": "+8"
			},
			"senses": [
				"blindsight 360 ft. (blind beyond this radius)"
			],
			"passive": 18,
			"conditionImmune": [
				"blinded",
				"charmed",
				"deafened",
				"exhaustion",
				"frightened",
				"grappled",
				"paralyzed",
				"petrified",
				"poisoned",
				"prone",
				"restrained",
				"stunned"
			],
			"cr": "9",
			"trait": [
				{
					"name": "Magic Resistance",
					"entries": [
						"The fractine has advantage on saving throws against spells and other magical effects."
					]
				},
				{
					"name": "Scrying Focus",
					"entries": [
						"A spellcaster can use the fractine as a substitute focus when casting the {@spell scrying} spell or similar magic, provided the spellcaster and the fractine are within 5 feet of each other."
					]
				},
				{
					"name": "Two-Dimensionality",
					"entries": [
						"The fractine can occupy another creature's space and vice versa. It can move through other creatures and objects as if they were difficult terrain, but it takes 5 ({@damage 1d10}) force damage if it ends its turn inside an object."
					]
				},
				{
					"name": "Unusual Nature",
					"entries": [
						"The fractine doesn't require air, drink, or sleep."
					]
				}
			],
			"action": [
				{
					"name": "Extradimensional Touch",
					"entries": [
						"{@atk ms} {@hit 5} to hit, reach 5 ft., one target. {@h}24 ({@damage 8d6}) force damage."
					]
				}
			],
			"bonus": [
				{
					"name": "Imprison",
					"entries": [
						"The fractine targets one creature of its size or smaller in its space. The target must succeed on a {@dc 16} Dexterity saving throw or be imprisoned in a demiplane. While the creature is imprisoned, a distorted image of it can be seen on the fractine's two-dimensional surface.",
						"The demiplane moves with the fractine, has indestructible and opaque walls, and is only as big as it needs to be to contain the target, which doesn't suffer from hunger or thirst while imprisoned. No other creature can enter the demiplane, and the fractine can't be harmed from within the demiplane.",
						"The fractine can imprison only one creature at a time and can release that creature as a bonus action. If the fractine is reduced to 0 hit points, any creature in the fractine's demiplane is released instantly. A released creature reappears in an unoccupied space as close to the fractine (or where it died) as possible. A creature can leave the demiplane on its own by using magic that enables planar travel, such as the {@spell plane shift} spell."
					]
				}
			],
			"reaction": [
				{
					"name": "Mirrored Damage",
					"entries": [
						"In response to being damaged by a creature it can see within 120 feet of itself, the fractine forces that creature to make a {@dc 16} Constitution saving throw. On a failed save, the creature takes 24 ({@damage 8d6}) force damage. On a successful save, the creature takes half as much damage."
					]
				},
				{
					"name": "Split",
					"entries": [
						"When a Large fractine that has at least 10 hit points remaining takes bludgeoning, piercing, slashing, or thunder damage from any source, it splits into two Medium fractines. The new fractines occupy the space formerly occupied by the original fractine, and each new fractine has hit points equal to half the original's, rounded down. If the original fractine had a creature trapped in its demiplane, that creature is released when the fractine splits, reappearing in an unoccupied space as close to the new fractines as possible."
					]
				}
			],
			"traitTags": [
				"Magic Resistance",
				"Unusual Nature"
			],
			"senseTags": [
				"B"
			],
			"damageTags": [
				"O"
			],
			"savingThrowForced": [
				"constitution",
				"dexterity"
			],
			"hasToken": true,
			"hasFluff": true,
			"hasFluffImages": true
		},
		{
			"name": "Gadabout",
			"source": "MCV1SC",
			"page": 8,
			"size": [
				"M"
			],
			"type": "plant",
			"alignment": [
				"U"
			],
			"ac": [
				{
					"ac": 11,
					"from": [
						"natural armor"
					]
				}
			],
			"hp": {
				"average": 11,
				"formula": "2d8 + 2"
			},
			"speed": {
				"walk": 10,
				"fly": {
					"number": 60,
					"condition": "(hover)"
				},
				"canHover": true
			},
			"str": 12,
			"dex": 10,
			"con": 14,
			"int": 1,
			"wis": 6,
			"cha": 1,
			"senses": [
				"blindsight 10 ft. (blind beyond this radius)"
			],
			"passive": 8,
			"vulnerable": [
				"fire"
			],
			"conditionImmune": [
				"blinded",
				"charmed",
				"deafened",
				"exhaustion",
				"frightened",
				"paralyzed",
				"petrified"
			],
			"cr": "1/8",
			"trait": [
				{
					"name": "Air Envelope",
					"entries": [
						"If it has at least 1 hit point, the gadabout can generate an air envelope around itself when in a vacuum. This air envelope can sustain the gadabout and one other creature in its space indefinitely."
					]
				},
				{
					"name": "Unusual Nature",
					"entries": [
						"The gadabout doesn't require food or sleep."
					]
				}
			],
			"action": [
				{
					"name": "Multiattack",
					"entries": [
						"The gadabout makes two Branch attacks."
					]
				},
				{
					"name": "Branch",
					"entries": [
						"{@atk mw} {@hit 3} to hit, reach 5 ft., one target. {@h}3 ({@damage 1d4 + 1}) slashing damage."
					]
				},
				{
					"name": "Wrap",
					"entries": [
						"The gadabout enters the space of a willing Medium or Small creature within 5 feet of itself and gently wraps its branches around the target. The target is {@condition grappled} (escape {@dc 0}). Any attempt by the target to escape the grapple causes the gadabout to use its reaction to move into the nearest unoccupied space. While {@condition grappled} by the gadabout, the target determines where the gadabout moves on the gadabout's turns and accompanies the gadabout wherever it goes."
					]
				}
			],
			"traitTags": [
				"Unusual Nature"
			],
			"senseTags": [
				"B"
			],
			"actionTags": [
				"Multiattack"
			],
			"damageTags": [
				"S"
			],
			"miscTags": [
				"MW"
			],
			"conditionInflict": [
				"grappled"
			],
			"hasToken": true,
			"hasFluff": true,
			"hasFluffImages": true
		},
		{
			"name": "Goon Balloon",
			"source": "MCV1SC",
			"page": 9,
			"size": [
				"M"
			],
			"type": "aberration",
			"alignment": [
				"C",
				"E"
			],
			"alignmentPrefix": "typically ",
			"ac": [
				10
			],
			"hp": {
				"average": 6,
				"formula": "1d8 + 2"
			},
			"speed": {
				"walk": 20,
				"climb": 20
			},
			"str": 10,
			"dex": 11,
			"con": 14,
			"int": 11,
			"wis": 14,
			"cha": 4,
			"save": {
				"con": "+4",
				"wis": "+4"
			},
			"skill": {
				"perception": "+6"
			},
			"senses": [
				"darkvision 60 ft."
			],
			"passive": 16,
			"vulnerable": [
				"piercing"
			],
			"languages": [
				"Deep Speech"
			],
			"cr": "1/8",
			"trait": [
				{
					"name": "Burst",
					"entries": [
						"The goon balloon bursts when it drops to 0 hit points, releasing noxious gas in a 10-foot-radius sphere centered on itself. Creatures in that area must succeed on a {@dc 12} Constitution saving throw or be {@condition poisoned} for 1 minute. A {@condition poisoned} creature can repeat the saving throw at the end of each of its turns, ending the effect on itself on a success."
					]
				},
				{
					"name": "Unusual Nature",
					"entries": [
						"The goon balloon doesn't require air, food, or drink."
					]
				}
			],
			"action": [
				{
					"name": "Multiattack",
					"entries": [
						"The goon balloon makes two Claw attacks."
					]
				},
				{
					"name": "Claw",
					"entries": [
						"{@atk mw} {@hit 2} to hit, reach 5 ft., one target. {@h}3 ({@damage 1d6}) slashing damage."
					]
				},
				{
					"name": "Scintillating Eye",
					"entries": [
						"Magical, kaleidoscopic light emanates from one of the goon balloon's eyes as the goon balloon targets one creature it can see within 30 feet of itself. The target must make a {@dc 12} Wisdom saving throw, taking 6 ({@damage 1d12}) psychic damage on a failed save, or half as much damage on a successful one."
					]
				}
			],
			"bonus": [
				{
					"name": "Float",
					"entries": [
						"The goon balloon moves up to 20 feet vertically in one direction without provoking opportunity attacks. If it ends this movement suspended in the air, it hovers in place. It can't be knocked {@condition prone} while airborne."
					]
				}
			],
			"traitTags": [
				"Unusual Nature"
			],
			"senseTags": [
				"D"
			],
			"actionTags": [
				"Multiattack"
			],
			"languageTags": [
				"DS"
			],
			"damageTags": [
				"S",
				"Y"
			],
			"miscTags": [
				"AOE",
				"MW"
			],
			"conditionInflict": [
				"poisoned",
				"prone"
			],
			"savingThrowForced": [
				"constitution",
				"wisdom"
			],
			"hasToken": true,
			"hasFluff": true,
			"hasFluffImages": true
		},
		{
			"name": "Nightmare Beast",
			"source": "MCV1SC",
			"page": 10,
			"size": [
				"G"
			],
			"type": "monstrosity",
			"alignment": [
				"C",
				"E"
			],
			"alignmentPrefix": "typically ",
			"ac": [
				{
					"ac": 17,
					"from": [
						"natural armor"
					]
				}
			],
			"hp": {
				"average": 232,
				"formula": "15d20 + 75"
			},
			"speed": {
				"walk": 30,
				"climb": 30
			},
			"str": 26,
			"dex": 10,
			"con": 21,
			"int": 9,
			"wis": 12,
			"cha": 15,
			"senses": [
				"darkvision 120 ft."
			],
			"passive": 11,
			"languages": [
				"understands the languages of its creator but can't speak"
			],
			"cr": "16",
			"trait": [
				{
					"name": "Legendary Resistance (2/Day)",
					"entries": [
						"If the beast fails a saving throw, it can choose to succeed instead."
					]
				},
				{
					"name": "Siege Monster",
					"entries": [
						"The beast deals double damage to objects and structures."
					]
				}
			],
			"action": [
				{
					"name": "Multiattack",
					"entries": [
						"The beast makes two Claw attacks and one Tusk attack."
					]
				},
				{
					"name": "Claw",
					"entries": [
						"{@atk mw} {@hit 13} to hit, reach 15 ft., one target. {@h}14 ({@damage 1d12 + 8}) slashing damage, and if the target is a creature, it must succeed on a {@dc 21} Strength saving throw or be knocked {@condition prone}."
					]
				},
				{
					"name": "Tusk",
					"entries": [
						"{@atk mw} {@hit 13} to hit, reach 15 ft., one target. {@h}17 ({@damage 2d8 + 8}) slashing damage."
					]
				},
				{
					"name": "Disintegration Gaze {@recharge 5}",
					"entries": [
						"The beast targets one creature it can see within 60 feet of itself. The target must make a {@dc 18} Constitution saving throw, taking 70 ({@damage 10d6 + 40}) force damage on a failed save, or half as much damage on a successful one. If this magical effect reduces the target to 0 hit points, the target is disintegrated and leaves nothing behind, except a pile of ashes plus whatever equipment it was wearing or carrying."
					]
				}
			],
			"bonus": [
				{
					"name": "Teleport (2/Day)",
					"entries": [
						"The beast magically teleports, along with any equipment it is wearing or carrying, up to 120 feet to an unoccupied space it can see."
					]
				}
			],
			"legendary": [
				{
					"name": "Tusk Attack",
					"entries": [
						"The beast makes one Tusk attack."
					]
				},
				{
					"name": "Charge (Costs 2 Actions)",
					"entries": [
						"The beast moves up to its speed without provoking opportunity attacks, then makes two Tusk attacks."
					]
				},
				{
					"name": "Frightful Howl (Costs 2 Actions)",
					"entries": [
						"The beast howls as it exhales a cloud of magical fear gas in a 120-foot cone. Any creature in that area must succeed on a {@dc 18} Wisdom saving throw or be {@condition frightened} of the beast for 1 minute. A creature can repeat the saving throw at the end of each of its turns, ending the effect on itself on a success."
					]
				}
			],
			"traitTags": [
				"Legendary Resistances",
				"Siege Monster"
			],
			"senseTags": [
				"SD"
			],
			"actionTags": [
				"Multiattack"
			],
			"languageTags": [
				"CS"
			],
			"damageTags": [
				"O",
				"S"
			],
			"miscTags": [
				"AOE",
				"MW",
				"RCH"
			],
			"conditionInflict": [
				"frightened",
				"prone"
			],
			"savingThrowForced": [
				"constitution",
				"strength",
				"wisdom"
			],
			"hasToken": true,
			"hasFluff": true,
			"hasFluffImages": true
		},
		{
			"name": "Puppeteer Parasite",
			"source": "MCV1SC",
			"page": 11,
			"size": [
				"T"
			],
			"type": "aberration",
			"alignment": [
				"N",
				"E"
			],
			"alignmentPrefix": "typically ",
			"ac": [
				{
					"ac": 15,
					"from": [
						"natural armor"
					]
				}
			],
			"hp": {
				"average": 71,
				"formula": "11d4 + 44"
			},
			"speed": {
				"walk": 10,
				"fly": {
					"number": 30,
					"condition": "(hover)"
				},
				"canHover": true
			},
			"str": 2,
			"dex": 15,
			"con": 18,
			"int": 16,
			"wis": 10,
			"cha": 3,
			"save": {
				"dex": "+4",
				"con": "+6",
				"wis": "+2"
			},
			"skill": {
				"stealth": "+4"
			},
			"senses": [
				"blindsight 60 ft. (blind beyond this radius)"
			],
			"passive": 10,
			"resist": [
				"fire",
				"necrotic",
				"poison"
			],
			"vulnerable": [
				"radiant"
			],
			"conditionImmune": [
				"charmed",
				"frightened",
				"poisoned"
			],
			"languages": [
				"telepathy 30 ft."
			],
			"cr": "3",
			"trait": [
				{
					"name": "Unusual Nature",
					"entries": [
						"The parasite doesn't require air or sleep."
					]
				}
			],
			"action": [
				{
					"name": "Cling",
					"entries": [
						"{@atk mw} {@hit 4} to hit, reach 5 ft., one creature. {@h}12 ({@damage 3d6 + 2}) necrotic damage, and the parasite attaches to the target. While attached, the parasite can't make Cling attacks. The parasite can detach itself by spending 5 feet of its movement. As an action, a creature within reach of the parasite can try to detach it, doing so with a successful {@dc 14} Strength check."
					]
				},
				{
					"name": "Consume Life",
					"entries": [
						"The parasite deals 12 ({@damage 3d6 + 2}) necrotic damage to one creature it is physically attached to, provided that creature isn't a Construct or an Undead. The parasite regains hit points equal to the damage taken."
					]
				}
			],
			"bonus": [
				{
					"name": "Suggestion (Psionics; 1/Day)",
					"entries": [
						"The parasite casts the {@spell suggestion} spell, requiring no spell components and using Intelligence as the spellcasting ability (spell save {@dc 13})."
					]
				}
			],
			"traitTags": [
				"Unusual Nature"
			],
			"senseTags": [
				"B"
			],
			"languageTags": [
				"TP"
			],
			"damageTags": [
				"N"
			],
			"miscTags": [
				"MW"
			],
			"hasToken": true,
			"hasFluff": true,
			"hasFluffImages": true
		},
		{
			"name": "Star Lancer",
			"source": "MCV1SC",
			"page": 12,
			"size": [
				"L"
			],
			"type": "celestial",
			"alignment": [
				"N"
			],
			"alignmentPrefix": "typically ",
			"ac": [
				{
					"ac": 15,
					"from": [
						"natural armor"
					]
				}
			],
			"hp": {
				"average": 60,
				"formula": "8d10 + 16"
			},
			"speed": {
				"walk": 0,
				"fly": 50
			},
			"str": 18,
			"dex": 15,
			"con": 15,
			"int": 10,
			"wis": 13,
			"cha": 8,
			"save": {
				"dex": "+4",
				"con": "+4"
			},
			"skill": {
				"perception": "+3",
				"stealth": "+4"
			},
			"passive": 13,
			"resist": [
				"radiant"
			],
			"languages": [
				"Celestial",
				"telepathy 120 ft."
			],
			"cr": "2",
			"trait": [
				{
					"name": "Flyby",
					"entries": [
						"The star lancer doesn't provoke opportunity attacks when it flies out of an enemy's reach."
					]
				}
			],
			"action": [
				{
					"name": "Horn",
					"entries": [
						"{@atk mw} {@hit 6} to hit, reach 5 ft., one target. {@h}7 ({@damage 1d6 + 4}) piercing damage. If the star lancer moved at least 20 feet straight toward the target immediately before the hit, the target takes an extra 10 ({@damage 3d6}) piercing damage."
					]
				},
				{
					"name": "Invisibility Cloak (3/Day)",
					"entries": [
						"The star lancer and one creature riding it (chosen by the star lancer) magically turn {@condition invisible}. This effect lasts until the star lancer or a creature riding it attacks or casts a spell, or until the star lancer's {@status concentration} ends (as if {@status concentration||concentrating} on a spell). Any equipment worn or carried by the {@condition invisible} creatures is also {@condition invisible} for the duration of the Invisibility Cloak."
					]
				}
			],
			"traitTags": [
				"Flyby"
			],
			"languageTags": [
				"CE",
				"TP"
			],
			"damageTags": [
				"P"
			],
			"miscTags": [
				"MW"
			],
			"conditionInflict": [
				"invisible"
			],
			"hasToken": true,
			"hasFluff": true,
			"hasFluffImages": true
		},
		{
			"name": "Yggdrasti",
			"source": "MCV1SC",
			"page": 13,
			"size": [
				"G"
			],
			"type": "plant",
			"alignment": [
				"U"
			],
			"ac": [
				{
					"ac": 15,
					"from": [
						"natural armor"
					]
				}
			],
			"hp": {
				"average": 112,
				"formula": "9d20 + 18"
			},
			"speed": {
				"walk": 30,
				"fly": {
					"number": 60,
					"condition": "(hover)"
				},
				"canHover": true
			},
			"str": 20,
			"dex": 10,
			"con": 15,
			"int": 3,
			"wis": 10,
			"cha": 3,
			"senses": [
				"blindsight 120 ft. (blind beyond this radius)"
			],
			"passive": 10,
			"resist": [
				"bludgeoning",
				"piercing"
			],
			"immune": [
				"lightning"
			],
			"vulnerable": [
				"fire"
			],
			"conditionImmune": [
				"blinded",
				"deafened",
				"exhaustion"
			],
			"cr": "7",
			"trait": [
				{
					"name": "Cavities",
					"entries": [
						"The yggdrasti has {@dice 1d4 + 2} cavities in its trunk. Each cavity is big enough to hold one Medium creature, two Small creatures, or eight Tiny creatures. A creature inside a cavity has three-quarters cover against attacks and other effects that originate outside the cavity. The yggdrasti's cavities aren't connected to one another."
					]
				},
				{
					"name": "False Appearance",
					"entries": [
						"If the yggdrasti is motionless and rooted in the ground at the start of combat, it looks just like a dead tree and has advantage on its initiative roll. Moreover, if a creature hasn't observed the rooted yggdrasti move or act, that creature must succeed on a {@dc 18} Intelligence (Investigation) check to discern that the yggdrasti is animate."
					]
				},
				{
					"name": "Lightning Conduit",
					"entries": [
						"If the yggdrasti is subjected to lightning damage, it is unhurt, and the lightning damage is instead divided evenly among all creatures it is grappling. In addition, the yggdrasti regains one use of Lightning Discharge."
					]
				},
				{
					"name": "Unusual Nature",
					"entries": [
						"The yggdrasti doesn't require air or sleep."
					]
				}
			],
			"action": [
				{
					"name": "Multiattack",
					"entries": [
						"The yggdrasti makes two Root attacks and uses Lightning Discharge (if available)."
					]
				},
				{
					"name": "Root",
					"entries": [
						"{@atk mw} {@hit 8} to hit, reach 20 ft., one target. {@h}12 ({@damage 2d6 + 5}) bludgeoning damage, and if the target is a creature, it is {@condition grappled} (escape {@dc 15}). The yggdrasti has four roots, each of which can grapple one target."
					]
				},
				{
					"name": "Lightning Discharge (3/Day)",
					"entries": [
						"The yggdrasti shoots lightning at one creature within 120 feet of itself. The target must make a {@dc 13} Dexterity saving throw, taking 31 ({@damage 7d8}) lightning damage on a failed save, or half as much damage on a successful one."
					]
				}
			],
			"traitTags": [
				"False Appearance",
				"Unusual Nature"
			],
			"senseTags": [
				"B"
			],
			"actionTags": [
				"Multiattack"
			],
			"damageTags": [
				"B",
				"L"
			],
			"miscTags": [
				"MW",
				"RCH"
			],
			"conditionInflict": [
				"grappled"
			],
			"savingThrowForced": [
				"dexterity"
			],
			"hasToken": true,
			"hasFluff": true,
			"hasFluffImages": true
		}
	]
}
