{
	"_meta": {
		"dependencies": {
			"monster": [
				"MM"
			]
		}
	},
	"monster": [
		{
			"name": "Adult Amonkhet Dragon",
			"source": "PSA",
			"page": 33,
			"_copy": {
				"name": "Adult Red Dragon",
				"source": "MM"
			},
			"int": 8,
			"damageTagsLegendary": [],
			"hasToken": true,
			"hasFluff": true,
			"hasFluffImages": true
		},
		{
			"name": "Ammit",
			"source": "PSA",
			"page": 30,
			"_copy": {
				"name": "Giant Crocodile",
				"source": "MM",
				"_mod": {
					"*": {
						"mode": "replaceTxt",
						"replace": "crocodile",
						"with": "ammit"
					}
				}
			},
			"hasToken": true,
			"hasFluff": true,
			"hasFluffImages": true
		},
		{
			"name": "Amonkhet Dragon Wyrmling",
			"source": "PSA",
			"page": 33,
			"_copy": {
				"name": "Red Dragon Wyrmling",
				"source": "MM"
			},
			"int": 5,
			"hasToken": true,
			"hasFluff": true,
			"hasFluffImages": true
		},
		{
			"name": "Amonkhet Hydra",
			"source": "PSA",
			"page": 35,
			"_copy": {
				"name": "Hydra",
				"source": "MM",
				"_mod": {
					"action": {
						"mode": "replaceArr",
						"replace": "Bite",
						"items": {
							"name": "Bite",
							"entries": [
								"{@atk mw} {@hit 8} to hit, reach 10 ft., one target. {@h}7 ({@damage 1d4 + 5}) piercing damage, and the target must make on a {@dc 16} Constitution saving throw, taking 7 ({@damage 2d6}) poison damage on a failed save, or half as much damage on a successful one."
							]
						}
					}
				}
			},
			"damageTags": [
				"I",
				"P"
			],
			"hasToken": true,
			"hasFluff": true,
			"hasFluffImages": true
		},
		{
			"name": "Amonkhet Mummy",
			"source": "PSA",
			"page": 34,
			"_copy": {
				"name": "Mummy",
				"source": "MM"
			},
			"hasToken": true,
			"hasFluff": true,
			"hasFluffImages": true
		},
		{
			"name": "Amonkhet Mummy Lord",
			"source": "PSA",
			"page": 34,
			"_copy": {
				"name": "Mummy Lord",
				"source": "MM"
			},
			"hasToken": true,
			"hasFluff": true,
			"hasFluffImages": true
		},
		{
			"name": "Amonkhet Sphinx",
			"source": "PSA",
			"page": 31,
			"_copy": {
				"name": "Androsphinx",
				"source": "MM"
			},
			"damageTagsLegendary": [],
			"hasToken": true,
			"hasFluff": true,
			"hasFluffImages": true
		},
		{
			"name": "Ancient Amonkhet Dragon",
			"source": "PSA",
			"page": 33,
			"_copy": {
				"name": "Ancient Red Dragon",
				"source": "MM"
			},
			"int": 10,
			"damageTagsLegendary": [],
			"hasToken": true,
			"hasFluff": true,
			"hasFluffImages": true
		},
		{
			"name": "Angel of Amonkhet",
			"source": "PSA",
			"page": 30,
			"_copy": {
				"name": "Deva",
				"source": "MM",
				"_mod": {
					"*": {
						"mode": "replaceTxt",
						"replace": "deva",
						"with": "angel"
					},
					"action": {
						"mode": "replaceArr",
						"replace": "Mace",
						"items": {
							"name": "Staff",
							"entries": [
								"{@atk mw} {@hit 8} to hit, reach 5 ft., one target. {@h}7 ({@damage 1d8 + 4}) bludgeoning damage plus 18 ({@damage 4d8}) radiant damage, and the target is {@condition grappled} (escape DC 17). Until this grapple ends, the target is {@condition restrained}, and the angel can't attack another target with its staff."
							]
						}
					}
				}
			},
			"hasToken": true,
			"hasFluff": true,
			"hasFluffImages": true
		},
		{
			"name": "Anointed",
			"source": "PSA",
			"page": 34,
			"_copy": {
				"name": "Zombie",
				"source": "MM",
				"_mod": {
					"*": {
						"mode": "replaceTxt",
						"replace": "zombie",
						"with": "anointed"
					}
				}
			},
			"hasToken": true,
			"hasFluff": true,
			"hasFluffImages": true
		},
		{
			"name": "Archfiend of Ifnir",
			"source": "PSA",
			"page": 30,
			"_copy": {
				"name": "Nalfeshnee",
				"source": "MM",
				"_mod": {
					"*": {
						"mode": "replaceTxt",
						"replace": "nalfeshnee",
						"with": "archfiend"
					},
					"variant": "remove"
				}
			},
			"hasToken": true,
			"hasFluff": true,
			"hasFluffImages": true
		},
		{
			"name": "Cerodon",
			"source": "PSA",
			"page": 37,
			"_copy": {
				"name": "Mammoth",
				"source": "MM",
				"_mod": {
					"*": {
						"mode": "replaceTxt",
						"replace": "mammoth",
						"with": "cerodon"
					},
					"trait": {
						"mode": "appendArr",
						"items": {
							"name": "Siege Monster",
							"entries": [
								"The cerodon deals double damage to objects and structures."
							]
						}
					}
				}
			},
			"traitTags": [
				"Siege Monster"
			],
			"hasToken": true,
			"hasFluff": true,
			"hasFluffImages": true
		},
		{
			"name": "Criosphinx",
			"source": "PSA",
			"page": 32,
			"size": [
				"L"
			],
			"type": "monstrosity",
			"alignment": [
				"N"
			],
			"ac": [
				{
					"ac": 18,
					"from": [
						"natural armor"
					]
				}
			],
			"hp": {
				"average": 228,
				"formula": "24d10 + 96"
			},
			"speed": {
				"walk": 30,
				"fly": 60
			},
			"str": 18,
			"dex": 15,
			"con": 18,
			"int": 16,
			"wis": 16,
			"cha": 16,
			"skill": {
				"arcana": "+8",
				"history": "+8",
				"perception": "+8",
				"religion": "+8"
			},
			"senses": [
				"truesight 120 ft."
			],
			"passive": 18,
			"resist": [
				{
					"resist": [
						"bludgeoning",
						"piercing",
						"slashing"
					],
					"note": "from nonmagical attacks",
					"cond": true
				}
			],
			"immune": [
				"psychic"
			],
			"conditionImmune": [
				"charmed",
				"frightened"
			],
			"languages": [
				"understands Common",
				"Sphinx"
			],
			"cr": "13",
			"trait": [
				{
					"name": "Inscrutable",
					"entries": [
						"The sphinx is immune to any effect that would sense its emotions or read its thoughts, as well as any divination spell that it refuses. Wisdom (Insight) checks made to ascertain the sphinx's intentions or sincerity have disadvantage."
					]
				},
				{
					"name": "Magic Weapons",
					"entries": [
						"The sphinx's weapon attacks are magical."
					]
				}
			],
			"action": [
				{
					"name": "Multiattack",
					"entries": [
						"The sphinx makes a ram attack and two claw attacks."
					]
				},
				{
					"name": "Ram",
					"entries": [
						"{@atk mw} {@hit 9} to hit, reach 5 ft., one target. {@h}17 ({@damage 3d8 + 4}) bludgeoning damage."
					]
				},
				{
					"name": "Claw",
					"entries": [
						"{@atk mw} {@hit 9} to hit, reach 5 ft., one target. {@h}13 ({@damage 2d8 + 4}) slashing damage."
					]
				}
			],
			"legendary": [
				{
					"name": "Ram Attack",
					"entries": [
						"The sphinx makes one ram attack."
					]
				},
				{
					"name": "Teleport (Costs 2 Actions)",
					"entries": [
						"The sphinx magically teleports, along with any equipment it is wearing or carrying, up to 120 feet to an unoccupied space it can see."
					]
				}
			],
			"traitTags": [
				"Magic Weapons"
			],
			"senseTags": [
				"U"
			],
			"actionTags": [
				"Multiattack"
			],
			"languageTags": [
				"C",
				"OTH"
			],
			"damageTags": [
				"B",
				"S"
			],
			"miscTags": [
				"MW"
			],
			"hasToken": true,
			"hasFluff": true,
			"hasFluffImages": true
		},
		{
			"name": "Eternal",
			"source": "PSA",
			"page": 34,
			"_copy": {
				"name": "Wight",
				"source": "MM",
				"_mod": {
					"*": {
						"mode": "replaceTxt",
						"replace": "wight",
						"with": "eternal"
					}
				}
			},
			"hasToken": true,
			"hasFluff": true,
			"hasFluffImages": true
		},
		{
			"name": "Giant River Serpent",
			"source": "PSA",
			"page": 38,
			"_copy": {
				"name": "Behir",
				"source": "MM",
				"_mod": {
					"*": {
						"mode": "replaceTxt",
						"replace": "behir",
						"with": "serpent"
					},
					"action": {
						"mode": "removeArr",
						"names": "Lightning Breath {@recharge 5}"
					}
				}
			},
			"immune": null,
			"actionTags": [
				"Multiattack",
				"Swallow"
			],
			"damageTags": [
				"A",
				"B",
				"P",
				"S"
			],
			"hasToken": true,
			"hasFluff": true,
			"hasFluffImages": true
		},
		{
			"name": "Hippopotamus",
			"source": "PSA",
			"page": 38,
			"_copy": {
				"name": "Elephant",
				"source": "MM",
				"_mod": {
					"*": {
						"mode": "replaceTxt",
						"replace": "elephant",
						"with": "hippopotamus"
					},
					"trait": {
						"mode": "appendArr",
						"items": {
							"name": "Hold Breath",
							"entries": [
								"The hippopotamus can hold its breath for 30 minutes."
							]
						}
					},
					"action": {
						"mode": "replaceArr",
						"replace": "Gore",
						"items": {
							"name": "Bite",
							"entries": [
								"{@atk mw} {@hit 8} to hit, reach 5 ft., one target. {@h}19 ({@damage 3d8 + 6}) piercing damage."
							]
						}
					}
				}
			},
			"speed": {
				"walk": 40,
				"swim": 30
			},
			"traitTags": [
				"Hold Breath"
			],
			"hasToken": true
		},
		{
			"name": "Large Drake",
			"source": "PSA",
			"page": 33,
			"_copy": {
				"name": "Giant Eagle",
				"source": "MM",
				"_mod": {
					"*": {
						"mode": "replaceTxt",
						"replace": "eagle",
						"with": "drake"
					}
				}
			},
			"hasToken": true,
			"hasFluff": true,
			"hasFluffImages": true
		},
		{
			"name": "Manticore, Heart-Piercer",
			"source": "PSA",
			"page": 36,
			"size": [
				"L"
			],
			"type": "monstrosity",
			"alignment": [
				"C",
				"E"
			],
			"ac": [
				{
					"ac": 15,
					"from": [
						"natural armor"
					]
				}
			],
			"hp": {
				"average": 136,
				"formula": "16d10 + 48"
			},
			"speed": {
				"walk": 50
			},
			"str": 19,
			"dex": 14,
			"con": 16,
			"int": 5,
			"wis": 12,
			"cha": 6,
			"skill": {
				"perception": "+4"
			},
			"senses": [
				"darkvision 60 ft."
			],
			"passive": 14,
			"cr": "5",
			"action": [
				{
					"name": "Multiattack",
					"entries": [
						"The manticore makes two attacks, one with its bite and one with its claws."
					]
				},
				{
					"name": "Bite",
					"entries": [
						"{@atk mw} {@hit 7} to hit, reach 5 ft., one target. {@h}11 ({@damage 2d6 + 4}) piercing damage."
					]
				},
				{
					"name": "Claws",
					"entries": [
						"{@atk mw} {@hit 7} to hit, reach 5 ft., one target. {@h}13 ({@damage 2d8 + 4}) slashing damage."
					]
				},
				{
					"name": "Stinger",
					"entries": [
						"{@atk mw} {@hit 7} to hit, reach 10 ft., one target. {@h}11 ({@damage 2d6 + 4}) piercing damage. The target must make a {@dc 14} Constitution saving throw, taking 24 ({@damage 7d6}) poison damage on a failed save, or half as much damage on a successful one."
					]
				}
			],
			"senseTags": [
				"D"
			],
			"actionTags": [
				"Multiattack"
			],
			"damageTags": [
				"I",
				"P",
				"S"
			],
			"miscTags": [
				"MW",
				"RCH"
			],
			"savingThrowForced": [
				"constitution"
			],
			"hasToken": true,
			"hasFluff": true,
			"hasFluffImages": true
		},
		{
			"name": "River Serpent",
			"source": "PSA",
			"page": 38,
			"_copy": {
				"name": "Giant Constrictor Snake",
				"source": "MM",
				"_mod": {
					"*": {
						"mode": "replaceTxt",
						"replace": "snake",
						"with": "serpent"
					}
				}
			},
			"hasToken": true,
			"hasFluff": true,
			"hasFluffImages": true
		},
		{
			"name": "Sandwurm",
			"source": "PSA",
			"page": 35,
			"_copy": {
				"name": "Purple Worm",
				"source": "MM",
				"_mod": {
					"*": {
						"mode": "replaceTxt",
						"replace": "worm",
						"with": "wurm"
					}
				}
			},
			"hasToken": true,
			"hasFluff": true,
			"hasFluffImages": true
		},
		{
			"name": "Serpopard",
			"source": "PSA",
			"page": 37,
			"size": [
				"L"
			],
			"type": "beast",
			"alignment": [
				"U"
			],
			"ac": [
				12
			],
			"hp": {
				"average": 52,
				"formula": "7d10 + 14"
			},
			"speed": {
				"walk": 40
			},
			"str": 18,
			"dex": 14,
			"con": 15,
			"int": 3,
			"wis": 12,
			"cha": 8,
			"skill": {
				"perception": "+3",
				"stealth": "+6"
			},
			"passive": 13,
			"cr": "3",
			"trait": [
				{
					"name": "Keen Smell",
					"entries": [
						"The serpopard has advantage on Wisdom ({@skill Perception}) checks that rely on smell."
					]
				},
				{
					"name": "Pounce",
					"entries": [
						"If the serpopard moves at least 20 feet straight toward a creature and then hits it with a claw attack on the same turn, that target must succeed on a {@dc 14} Strength saving throw or be knocked {@condition prone}. If the target is {@condition prone}, the serpopard can make one bite attack against it as a bonus action."
					]
				}
			],
			"action": [
				{
					"name": "Bite",
					"entries": [
						"{@atk mw} {@hit 6} to hit, reach 5 ft., one target. {@h}9 ({@damage 1d10 + 4}) piercing damage, and the target must make a {@dc 14} Constitution saving throw, taking 10 ({@damage 3d6}) poison damage on a failed save, or half as much damage on a successful one."
					]
				}
			],
			"traitTags": [
				"Keen Senses",
				"Pounce"
			],
			"damageTags": [
				"I",
				"P"
			],
			"miscTags": [
				"MW"
			],
			"conditionInflict": [
				"prone"
			],
			"savingThrowForced": [
				"constitution",
				"strength"
			],
			"hasToken": true,
			"hasFluff": true,
			"hasFluffImages": true
		},
		{
			"name": "Small Drake",
			"source": "PSA",
			"page": 33,
			"_copy": {
				"name": "Pteranodon",
				"source": "MM",
				"_mod": {
					"*": {
						"mode": "replaceTxt",
						"replace": "pteranodon",
						"with": "drake"
					}
				}
			},
			"hasToken": true,
			"hasFluff": true,
			"hasFluffImages": true
		},
		{
			"name": "Soulstinger Demon",
			"source": "PSA",
			"page": 30,
			"_copy": {
				"name": "Bone Devil",
				"source": "MM",
				"_mod": {
					"*": {
						"mode": "replaceTxt",
						"replace": "devil",
						"with": "demon"
					},
					"variant": "remove"
				}
			},
			"type": {
				"type": "fiend",
				"tags": [
					"demon"
				]
			},
			"hasToken": true,
			"hasFluff": true,
			"hasFluffImages": true
		},
		{
			"name": "Young Amonkhet Dragon",
			"source": "PSA",
			"page": 33,
			"_copy": {
				"name": "Young Red Dragon",
				"source": "MM"
			},
			"int": 6,
			"hasToken": true,
			"hasFluff": true,
			"hasFluffImages": true
		}
	]
}
