{
	"_meta": {
		"dependencies": {
			"monster": [
				"MM"
			]
		},
		"internalCopies": [
			"monster"
		]
	},
	"monster": [
		{
			"name": "Angel",
			"source": "PSZ",
			"page": 21,
			"_copy": {
				"name": "Deva",
				"source": "MM",
				"_mod": {
					"*": {
						"mode": "replaceTxt",
						"replace": "deva",
						"with": "angel"
					}
				}
			},
			"hasToken": true,
			"hasFluff": true,
			"hasFluffImages": true
		},
		{
			"name": "Archon of Redemption",
			"source": "PSZ",
			"page": 22,
			"size": [
				"L"
			],
			"type": "celestial",
			"alignment": [
				"L",
				"N"
			],
			"ac": [
				{
					"ac": 17,
					"from": [
						"natural armor"
					]
				}
			],
			"hp": {
				"average": 136,
				"formula": "16d8 + 64"
			},
			"speed": {
				"walk": 30,
				"fly": 90
			},
			"str": 18,
			"dex": 18,
			"con": 18,
			"int": 17,
			"wis": 20,
			"cha": 20,
			"save": {
				"wis": "+9",
				"cha": "+9"
			},
			"skill": {
				"insight": "+9",
				"perception": "+9"
			},
			"senses": [
				"darkvision 120 ft."
			],
			"passive": 19,
			"resist": [
				"radiant",
				{
					"resist": [
						"bludgeoning",
						"piercing",
						"slashing"
					],
					"note": "from nonmagical attacks",
					"cond": true
				}
			],
			"conditionImmune": [
				"charmed",
				"exhaustion",
				"frightened"
			],
			"languages": [
				"all",
				"telepathy 120 ft."
			],
			"cr": "10",
			"spellcasting": [
				{
					"name": "Innate Spellcasting",
					"headerEntries": [
						"The archon's innate spellcasting ability is Charisma (spell save {@dc 17}). The archon can innately cast the following spells, requiring only verbal components:"
					],
					"will": [
						"{@spell detect evil and good}"
					],
					"daily": {
						"1e": [
							"{@spell destructive wave}",
							"{@spell geas}"
						]
					},
					"ability": "cha"
				}
			],
			"trait": [
				{
					"name": "Angelic Weapons",
					"entries": [
						"The archon's weapon attacks are magical. When the archon hits with any weapon, the weapon deals an extra {@dice 3d8} radiant damage (included in the attack)."
					]
				},
				{
					"name": "Axiomatic Mind",
					"entries": [
						"The archon can't be compelled to act in a manner contrary to its nature or its understanding of justice."
					]
				},
				{
					"name": "Magic Resistance",
					"entries": [
						"The archon has advantage on saving throws against spells and other magical effects."
					]
				},
				{
					"name": "One Being",
					"entries": [
						"Though it appears as a humanoid creature riding a mount, an archon is a single being. The \"rider\" can't be dismounted, and no other means can separate the two portions of the archon's being short of its death."
					]
				}
			],
			"action": [
				{
					"name": "Multiattack",
					"entries": [
						"The archon makes two attacks: one with its sword and one with its claws."
					]
				},
				{
					"name": "Sword",
					"entries": [
						"{@atk mw} {@hit 8} to hit, reach 5 ft., one target. {@h}8 ({@damage 1d8 + 4}) slashing damage plus 13 ({@damage 3d8}) radiant damage."
					]
				},
				{
					"name": "Claws",
					"entries": [
						"{@atk mw} {@hit 8} to hit, reach 10 ft., one target. {@h}11 ({@damage 2d6 + 4}) piercing damage plus 13 ({@damage 3d8}) radiant damage."
					]
				}
			],
			"traitTags": [
				"Magic Resistance"
			],
			"senseTags": [
				"SD"
			],
			"actionTags": [
				"Multiattack"
			],
			"languageTags": [
				"TP",
				"XX"
			],
			"damageTags": [
				"P",
				"R",
				"S"
			],
			"damageTagsSpell": [
				"N",
				"R",
				"T",
				"Y"
			],
			"spellcastingTags": [
				"I"
			],
			"miscTags": [
				"MW",
				"RCH"
			],
			"savingThrowForcedSpell": [
				"constitution",
				"wisdom"
			],
			"hasToken": true,
			"hasFluff": true,
			"hasFluffImages": true
		},
		{
			"name": "Baloth",
			"source": "PSZ",
			"page": 33,
			"_copy": {
				"name": "Triceratops",
				"source": "MM",
				"_mod": {
					"*": {
						"mode": "replaceTxt",
						"replace": "triceratops",
						"with": "baloth"
					}
				}
			},
			"hasToken": true,
			"hasFluff": true,
			"hasFluffImages": true
		},
		{
			"name": "Boulderfoot Giant",
			"source": "PSZ",
			"page": 30,
			"_copy": {
				"name": "Stone Giant",
				"source": "MM"
			},
			"hasToken": true,
			"hasFluff": true,
			"hasFluffImages": true
		},
		{
			"name": "Caustic Crawler",
			"source": "PSZ",
			"page": 27,
			"_copy": {
				"name": "Ankheg",
				"source": "MM",
				"_mod": {
					"*": {
						"mode": "replaceTxt",
						"replace": "ankheg",
						"with": "crawler"
					}
				}
			},
			"hasToken": true,
			"hasFluff": true,
			"hasFluffImages": true
		},
		{
			"name": "Drake (Large)",
			"source": "PSZ",
			"page": 24,
			"_copy": {
				"name": "Giant Eagle",
				"source": "MM",
				"_mod": {
					"*": {
						"mode": "replaceTxt",
						"replace": "eagle",
						"with": "drake"
					}
				}
			},
			"hasToken": true,
			"hasFluff": true,
			"hasFluffImages": true
		},
		{
			"name": "Drake (Small)",
			"source": "PSZ",
			"page": 24,
			"_copy": {
				"name": "Pteranodon",
				"source": "MM",
				"_mod": {
					"*": {
						"mode": "replaceTxt",
						"replace": "pteranodon",
						"with": "drake"
					}
				}
			},
			"hasToken": true,
			"hasFluff": true,
			"hasFluffImages": true
		},
		{
			"name": "Emrakul",
			"isNamedCreature": true,
			"source": "PSZ",
			"page": 38,
			"_copy": {
				"name": "Tarrasque",
				"source": "MM",
				"_trait": {
					"name": "Eldrazi",
					"source": "PSZ"
				},
				"_mod": {
					"*": {
						"mode": "replaceTxt",
						"replace": "the tarrasque",
						"with": "Emrakul",
						"flags": "i"
					}
				}
			},
			"hasToken": true,
			"hasFluffImages": true
		},
		{
			"name": "Felidar",
			"source": "PSZ",
			"page": 23,
			"size": [
				"L"
			],
			"type": "celestial",
			"alignment": [
				"L",
				"G"
			],
			"ac": [
				12
			],
			"hp": {
				"average": 67,
				"formula": "9d10 + 18"
			},
			"speed": {
				"walk": 50
			},
			"str": 18,
			"dex": 14,
			"con": 15,
			"int": 11,
			"wis": 17,
			"cha": 16,
			"senses": [
				"darkvision 60 ft."
			],
			"passive": 13,
			"immune": [
				"poison"
			],
			"conditionImmune": [
				"charmed",
				"paralyzed",
				"poisoned"
			],
			"languages": [
				"Celestial",
				"telepathy 60 ft."
			],
			"cr": "5",
			"spellcasting": [
				{
					"name": "Innate Spellcasting",
					"headerEntries": [
						"The felidar's innate spellcasting ability is Charisma (spell save {@dc 14}). The felidar can innately cast the following spells, requiring no components:"
					],
					"will": [
						"{@spell detect evil and good}",
						"{@spell light}",
						"{@spell thaumaturgy}"
					],
					"daily": {
						"1e": [
							"{@spell calm emotions}",
							"{@spell daylight}",
							"{@spell dispel evil and good}"
						]
					},
					"ability": "cha"
				}
			],
			"trait": [
				{
					"name": "Pounce",
					"entries": [
						"If the felidar moves at least 20 feet straight toward a creature and then hits it with a claws attack on the same turn, the target must succeed on a {@dc 15} Strength saving throw or be knocked {@condition prone}. If the target is {@condition prone}, the felidar can make one bite attack against it as a bonus action."
					]
				},
				{
					"name": "Magic Resistance",
					"entries": [
						"The felidar has advantage on saving throws against spells and other magical effects."
					]
				},
				{
					"name": "Magic Weapons",
					"entries": [
						"The felidar's weapon attacks are magical."
					]
				}
			],
			"action": [
				{
					"name": "Multiattack",
					"entries": [
						"The felidar makes two attacks with its claws."
					]
				},
				{
					"name": "Claws",
					"entries": [
						"{@atk mw} {@hit 7} to hit, reach 5 ft., one target. {@h}11 ({@damage 2d6 + 4}) slashing damage."
					]
				},
				{
					"name": "Bite",
					"entries": [
						"{@atk mw} {@hit 7} to hit, reach 5 ft., one target. {@h}8 ({@damage 1d8 + 4}) piercing damage."
					]
				},
				{
					"name": "Healing Touch (3/Day)",
					"entries": [
						"The felidar touches another creature with its horns. The target magically regains 11 ({@dice 2d8 + 2}) hit points. In addition, the touch removes all diseases and neutralizes all poisons afflicting the target"
					]
				},
				{
					"name": "Teleport (1/Day)",
					"entries": [
						"The felidar magically teleports itself and up to three willing creatures it can see within 5 feet of it, along with any equipment they are wearing or carrying, to a location the felidar is familiar with, up to 1 mile away."
					]
				}
			],
			"legendary": [
				{
					"name": "Claws",
					"entries": [
						"The felidar makes one attack with its claws."
					]
				},
				{
					"name": "Shimmering Shield (Costs 2 Actions)",
					"entries": [
						"The felidar creates a shimmering magical field around itself or another creature it can see within 60 feet of it. The target gains a +2 bonus to AC until the end of the felidar's next turn."
					]
				},
				{
					"name": "Heal Self (Costs 3 Actions)",
					"entries": [
						"The felidar magically regains 11 ({@dice 2d8 + 2}) hit points."
					]
				}
			],
			"traitTags": [
				"Magic Resistance",
				"Magic Weapons",
				"Pounce"
			],
			"senseTags": [
				"D"
			],
			"actionTags": [
				"Multiattack",
				"Teleport"
			],
			"languageTags": [
				"CE",
				"TP"
			],
			"damageTags": [
				"P",
				"S"
			],
			"spellcastingTags": [
				"I"
			],
			"miscTags": [
				"MW"
			],
			"conditionInflict": [
				"prone"
			],
			"savingThrowForced": [
				"strength"
			],
			"savingThrowForcedSpell": [
				"charisma",
				"dexterity"
			],
			"hasToken": true,
			"hasFluff": true,
			"hasFluffImages": true
		},
		{
			"name": "Gnarlid",
			"source": "PSZ",
			"page": 34,
			"_copy": {
				"name": "Brown Bear",
				"source": "MM",
				"_mod": {
					"*": {
						"mode": "replaceTxt",
						"replace": "\\bbear",
						"with": "gnarlid"
					}
				}
			},
			"hasToken": true,
			"hasFluff": true
		},
		{
			"name": "Gomazoa",
			"source": "PSZ",
			"page": 26,
			"_copy": {
				"name": "Roper",
				"source": "MM",
				"_mod": {
					"*": {
						"mode": "replaceTxt",
						"replace": "roper",
						"with": "gomazoa"
					}
				}
			},
			"speed": {
				"fly": 10
			},
			"hasToken": true,
			"hasFluff": true,
			"hasFluffImages": true
		},
		{
			"name": "Great Cat",
			"source": "PSZ",
			"page": 34,
			"_copy": {
				"name": "Saber-Toothed Tiger",
				"source": "MM",
				"_mod": {
					"*": {
						"mode": "replaceTxt",
						"replace": "tiger",
						"with": "cat"
					}
				}
			},
			"hasToken": true,
			"hasFluff": true,
			"hasFluffImages": true
		},
		{
			"name": "Griffin (Type 1)",
			"source": "PSZ",
			"page": 22,
			"_copy": {
				"name": "Griffon",
				"source": "MM",
				"_mod": {
					"*": {
						"mode": "replaceTxt",
						"replace": "griffon",
						"with": "griffin"
					}
				}
			},
			"hasToken": true,
			"hasFluff": true,
			"hasFluffImages": true
		},
		{
			"name": "Griffin (Type 2)",
			"source": "PSZ",
			"page": 22,
			"_copy": {
				"name": "Hippogriff",
				"source": "MM",
				"_mod": {
					"*": {
						"mode": "replaceTxt",
						"replace": "hippogriff",
						"with": "griffin"
					}
				}
			},
			"hasToken": true,
			"hasFluff": true,
			"hasFluffImages": true
		},
		{
			"name": "Heartstabber Mosquito",
			"source": "PSZ",
			"page": 27,
			"_copy": {
				"name": "Stirge",
				"source": "MM",
				"_mod": {
					"*": {
						"mode": "replaceTxt",
						"replace": "stirge",
						"with": "mosquito"
					}
				}
			},
			"hasToken": true,
			"hasFluff": true
		},
		{
			"name": "Hellion",
			"source": "PSZ",
			"page": 32,
			"_copy": {
				"name": "Remorhaz",
				"source": "MM",
				"_mod": {
					"*": {
						"mode": "replaceTxt",
						"replace": "remorhaz",
						"with": "hellion"
					}
				}
			},
			"hasToken": true,
			"hasFluff": true,
			"hasFluffImages": true
		},
		{
			"name": "Hurda",
			"source": "PSZ",
			"page": 30,
			"_copy": {
				"name": "Hill Giant",
				"source": "MM",
				"_mod": {
					"*": {
						"mode": "replaceTxt",
						"replace": "giant",
						"with": "hurda"
					},
					"action": [
						{
							"mode": "replaceArr",
							"replace": "Multiattack",
							"items": {
								"name": "Multiattack",
								"entries": [
									"The hurda makes two smash attacks."
								]
							}
						},
						{
							"mode": "replaceArr",
							"replace": "Greatclub",
							"items": {
								"name": "Smash",
								"entries": [
									"{@atk mw} {@hit 8} to hit, reach 10 ft., one target. {@h}18 ({@damage 3d8 + 5}) bludgeoning damage."
								]
							}
						}
					]
				}
			},
			"hasToken": true,
			"hasFluff": true,
			"hasFluffImages": true
		},
		{
			"name": "Iona",
			"isNamedCreature": true,
			"source": "PSZ",
			"page": 21,
			"_copy": {
				"name": "Solar",
				"source": "MM",
				"_mod": {
					"*": {
						"mode": "replaceTxt",
						"replace": "\\bthe solar\\b",
						"with": "Iona",
						"flags": "i"
					}
				}
			},
			"hasToken": true,
			"hasFluff": true,
			"hasFluffImages": true
		},
		{
			"name": "Kozilek",
			"isNamedCreature": true,
			"source": "PSZ",
			"page": 38,
			"_copy": {
				"name": "Kraken",
				"source": "MM",
				"_trait": {
					"name": "Eldrazi",
					"source": "PSZ"
				},
				"_mod": {
					"*": {
						"mode": "replaceTxt",
						"replace": "the kraken",
						"with": "Kozilek",
						"flags": "i"
					}
				}
			},
			"damageTagsLegendary": [],
			"hasToken": true
		},
		{
			"name": "Kraken",
			"source": "PSZ",
			"page": 25,
			"size": [
				"H"
			],
			"type": "monstrosity",
			"alignment": [
				"C",
				"E"
			],
			"ac": [
				{
					"ac": 16,
					"from": [
						"natural armor"
					]
				}
			],
			"hp": {
				"average": 230,
				"formula": "20d12 + 100"
			},
			"speed": {
				"walk": 30,
				"swim": 50
			},
			"str": 29,
			"dex": 14,
			"con": 20,
			"int": 16,
			"wis": 18,
			"cha": 18,
			"skill": {
				"athletics": "+14",
				"perception": "+9"
			},
			"senses": [
				"darkvision 120 ft."
			],
			"passive": 19,
			"resist": [
				"cold"
			],
			"immune": [
				"lightning",
				"thunder"
			],
			"languages": [
				"Common"
			],
			"cr": "13",
			"spellcasting": [
				{
					"name": "Innate Spellcasting",
					"headerEntries": [
						"The kraken's innate spellcasting ability is Charisma (spell save {@dc 17}). The kraken can innately cast the following spells, requiring no components:"
					],
					"daily": {
						"3e": [
							"{@spell control weather}",
							"{@spell water breathing}"
						]
					},
					"ability": "cha"
				}
			],
			"trait": [
				{
					"name": "Amphibious",
					"entries": [
						"The kraken can breathe air and water."
					]
				}
			],
			"action": [
				{
					"name": "Multiattack",
					"entries": [
						"The kraken makes two attacks: one with its claw and one with its tentacles."
					]
				},
				{
					"name": "Claw",
					"entries": [
						"{@atk mw} {@hit 14} to hit, reach 10 ft., one target. {@h}30 ({@damage 6d6 + 9}) slashing damage."
					]
				},
				{
					"name": "Tentacles",
					"entries": [
						"{@atk mw} {@hit 14} to hit, reach 20 ft., one target. {@h}30 ({@damage 6d6 + 9}) bludgeoning damage, and the target is {@condition grappled} (escape {@dc 17}). Until this grapple ends, the target is {@condition restrained}."
					]
				},
				{
					"name": "Lightning Strike {@recharge 5}",
					"entries": [
						"The kraken hurls a magical lightning bolt at a point it can see within 500 feet of it. Each creature within 10 feet of that point must make a {@dc 17} Dexterity saving throw, taking 54 ({@damage 12d8}) lightning damage on a failed save, or half as much damage on a successful one."
					]
				}
			],
			"soundClip": {
				"type": "internal",
				"path": "bestiary/kraken.mp3"
			},
			"traitTags": [
				"Amphibious"
			],
			"senseTags": [
				"SD"
			],
			"actionTags": [
				"Multiattack",
				"Tentacles"
			],
			"languageTags": [
				"C"
			],
			"damageTags": [
				"B",
				"L",
				"S"
			],
			"spellcastingTags": [
				"I"
			],
			"miscTags": [
				"MW",
				"RCH"
			],
			"conditionInflict": [
				"grappled",
				"restrained"
			],
			"savingThrowForced": [
				"dexterity"
			],
			"hasToken": true,
			"hasFluff": true,
			"hasFluffImages": true
		},
		{
			"name": "Linvala",
			"isNamedCreature": true,
			"source": "PSZ",
			"page": 21,
			"_copy": {
				"name": "Planetar",
				"source": "MM",
				"_mod": {
					"*": {
						"mode": "replaceTxt",
						"replace": "\\bthe planetar",
						"with": "Linvala",
						"flags": "i"
					}
				}
			},
			"hasToken": true,
			"hasFluff": true,
			"hasFluffImages": true
		},
		{
			"name": "Ogre Channeler",
			"source": "PSZ",
			"page": 31,
			"_copy": {
				"name": "Oni",
				"source": "MM",
				"_mod": {
					"*": {
						"mode": "replaceTxt",
						"replace": "\\boni",
						"with": "ogre"
					}
				}
			},
			"hasToken": true,
			"hasFluff": true,
			"hasFluffImages": true
		},
		{
			"name": "Oxen",
			"source": "PSZ",
			"page": 34,
			"_copy": {
				"name": "Giant Goat",
				"source": "MM",
				"_mod": {
					"*": {
						"mode": "replaceTxt",
						"replace": "goat",
						"with": "oxen"
					}
				}
			},
			"hasToken": true,
			"hasFluff": true
		},
		{
			"name": "Pestilence Demon",
			"source": "PSZ",
			"page": 27,
			"_copy": {
				"name": "Vrock",
				"source": "MM",
				"_mod": {
					"*": {
						"mode": "replaceTxt",
						"replace": "vrock",
						"with": "demon"
					}
				}
			},
			"hasToken": true,
			"hasFluff": true,
			"hasFluffImages": true
		},
		{
			"name": "Shade",
			"source": "PSZ",
			"page": 28,
			"_copy": {
				"name": "Shadow",
				"source": "MM",
				"_mod": {
					"*": {
						"mode": "replaceTxt",
						"replace": "shade",
						"with": "shadow"
					}
				}
			},
			"hasToken": true,
			"hasFluff": true,
			"hasFluffImages": true
		},
		{
			"name": "Shatterskull Giant",
			"source": "PSZ",
			"page": 30,
			"_copy": {
				"name": "Boulderfoot Giant",
				"source": "PSZ"
			},
			"hasToken": true,
			"hasFluff": true,
			"hasFluffImages": true
		},
		{
			"name": "Shoal Serpent",
			"source": "PSZ",
			"page": 26,
			"_copy": {
				"name": "Plesiosaurus",
				"source": "MM",
				"_mod": {
					"*": {
						"mode": "replaceTxt",
						"replace": "plesiosaurus",
						"with": "serpent"
					}
				}
			},
			"hasToken": true,
			"hasFluff": true
		},
		{
			"name": "Sphinx (Type 1)",
			"source": "PSZ",
			"page": 24,
			"_copy": {
				"name": "Androsphinx",
				"source": "MM"
			},
			"damageTagsLegendary": [],
			"hasToken": true,
			"hasFluff": true,
			"hasFluffImages": true
		},
		{
			"name": "Sphinx (Type 2)",
			"source": "PSZ",
			"page": 24,
			"_copy": {
				"name": "Gynosphinx",
				"source": "MM"
			},
			"damageTagsLegendary": [],
			"hasToken": true,
			"hasFluff": true,
			"hasFluffImages": true
		},
		{
			"name": "Spirit",
			"source": "PSZ",
			"page": 28,
			"_copy": {
				"name": "Ghost",
				"source": "MM",
				"_mod": {
					"*": {
						"mode": "replaceTxt",
						"replace": "ghost",
						"with": "spirit"
					}
				}
			},
			"hasToken": true,
			"hasFluff": true,
			"hasFluffImages": true
		},
		{
			"name": "Surrakar",
			"source": "PSZ",
			"page": 26,
			"_copy": {
				"name": "Lizardfolk",
				"source": "MM",
				"_mod": {
					"*": {
						"mode": "replaceTxt",
						"replace": "lizardfolk",
						"with": "surrakar"
					}
				}
			},
			"hasToken": true,
			"hasFluff": true,
			"hasFluffImages": true
		},
		{
			"name": "Terastodon",
			"source": "PSZ",
			"page": 34,
			"_copy": {
				"name": "Mammoth",
				"source": "MM",
				"_mod": {
					"*": {
						"mode": "replaceTxt",
						"replace": "mammoth",
						"with": "terastodon"
					}
				}
			},
			"hasToken": true,
			"hasFluff": true,
			"hasFluffImages": true
		},
		{
			"name": "Terra Stomper",
			"source": "PSZ",
			"page": 34,
			"_copy": {
				"name": "Tyrannosaurus Rex",
				"source": "MM",
				"_mod": {
					"*": {
						"mode": "replaceTxt",
						"replace": "tyrannosaurus",
						"with": "terra stomper"
					}
				}
			},
			"hasToken": true,
			"hasFluff": true
		},
		{
			"name": "Timbermaw",
			"source": "PSZ",
			"page": 34,
			"_copy": {
				"name": "Grick",
				"source": "MM",
				"_mod": {
					"*": {
						"mode": "replaceTxt",
						"replace": "grick",
						"with": "timbermaw"
					}
				}
			},
			"hasToken": true,
			"hasFluff": true
		},
		{
			"name": "Trench Giant",
			"source": "PSZ",
			"page": 30,
			"_copy": {
				"name": "Fomorian",
				"source": "MM",
				"_mod": {
					"*": {
						"mode": "replaceTxt",
						"replace": "fomorian",
						"with": "giant"
					}
				}
			},
			"hasToken": true,
			"hasFluff": true,
			"hasFluffImages": true
		},
		{
			"name": "Turntimber Giant",
			"source": "PSZ",
			"page": 30,
			"_copy": {
				"name": "Cloud Giant",
				"source": "MM"
			},
			"hasToken": true,
			"hasFluff": true,
			"hasFluffImages": true
		},
		{
			"name": "Ulamog",
			"isNamedCreature": true,
			"source": "PSZ",
			"page": 38,
			"_copy": {
				"name": "Empyrean",
				"source": "MM",
				"_trait": {
					"name": "Eldrazi",
					"source": "PSZ"
				},
				"_mod": {
					"*": {
						"mode": "replaceTxt",
						"replace": "the empyrean",
						"with": "Ulamog",
						"flags": "i"
					}
				}
			},
			"hasToken": true,
			"hasFluffImages": true
		},
		{
			"name": "Vampire Null",
			"source": "PSZ",
			"page": 28,
			"_copy": {
				"name": "Zombie",
				"source": "MM",
				"_mod": {
					"*": {
						"mode": "replaceTxt",
						"replace": "zombie",
						"with": "null"
					}
				}
			},
			"hasToken": true,
			"hasFluff": true
		},
		{
			"name": "Woodcrasher Baloth",
			"source": "PSZ",
			"page": 33,
			"_copy": {
				"name": "Baloth",
				"source": "PSZ"
			},
			"speed": {
				"walk": 30,
				"climb": 50
			},
			"hasToken": true,
			"hasFluff": true,
			"hasFluffImages": true
		},
		{
			"name": "Wraith",
			"source": "PSZ",
			"page": 28,
			"_copy": {
				"name": "Wraith",
				"source": "MM"
			},
			"hasToken": true,
			"hasFluff": true,
			"hasFluffImages": true
		},
		{
			"name": "Wurm",
			"source": "PSZ",
			"page": 32,
			"_copy": {
				"name": "Purple Worm",
				"source": "MM",
				"_mod": {
					"*": {
						"mode": "replaceTxt",
						"replace": "\\bworm",
						"with": "wurm"
					}
				}
			},
			"hasToken": true,
			"hasFluff": true
		},
		{
			"name": "Zendikar Dragon",
			"source": "PSZ",
			"page": 29,
			"_copy": {
				"name": "Young Red Dragon",
				"source": "MM"
			},
			"int": 8,
			"hasToken": true,
			"hasFluff": true,
			"hasFluffImages": true
		},
		{
			"name": "Zendikar Golem",
			"source": "PSZ",
			"page": 36,
			"_copy": {
				"name": "Stone Golem",
				"source": "MM"
			},
			"hasToken": true,
			"hasFluff": true,
			"hasFluffImages": true
		}
	]
}
