{
	"_meta": {
		"dependencies": {
			"monster": [
				"MM"
			]
		},
		"internalCopies": [
			"monster"
		],
		"otherSources": {
			"monster": {
				"HotDQ": "RoT",
				"MM": "RoT"
			}
		}
	},
	"monster": [
		{
			"name": "Animated Tile Chimera",
			"source": "RoT",
			"page": 42,
			"otherSources": [
				{
					"source": "ToD",
					"page": 128
				}
			],
			"_copy": {
				"name": "Chimera",
				"source": "MM",
				"_mod": {
					"trait": {
						"mode": "prependArr",
						"items": {
							"name": "Rejuvenation",
							"entries": [
								"If destroyed, the tile creature regains all its hit points and becomes active again in 24 hours unless at least half its tiles are collected and kept separate from the rest of the creature's tiles."
							]
						}
					},
					"reaction": {
						"mode": "appendArr",
						"items": {
							"name": "Narrow Dodge",
							"entries": [
								"When targeted by a melee attack, the tile creature can take a reaction to turn its narrowest aspect toward the attacker. The attacker has disadvantage on the attack roll."
							]
						}
					}
				}
			},
			"resist": [
				"piercing"
			],
			"immune": [
				"poison",
				"psychic"
			],
			"conditionImmune": [
				"charmed",
				"frightened",
				"paralyzed",
				"petrified",
				"poisoned"
			],
			"traitTags": [
				"Rejuvenation"
			],
			"hasToken": true
		},
		{
			"name": "Aquatic Troll",
			"source": "RoT",
			"page": 36,
			"otherSources": [
				{
					"source": "ToD",
					"page": 112
				},
				{
					"source": "PotA",
					"page": 88
				}
			],
			"_copy": {
				"name": "Troll",
				"source": "MM",
				"_mod": {
					"trait": {
						"mode": "appendArr",
						"items": {
							"name": "Water Breathing",
							"entries": [
								"The troll can breathe underwater."
							]
						}
					}
				}
			},
			"speed": {
				"walk": 30,
				"swim": 30
			},
			"resist": [
				"cold"
			],
			"traitTags": [
				"Keen Senses",
				"Regeneration",
				"Water Breathing"
			],
			"hasToken": true
		},
		{
			"name": "Carnivorous Flower",
			"source": "RoT",
			"page": 67,
			"otherSources": [
				{
					"source": "ToD",
					"page": 153
				}
			],
			"_copy": {
				"name": "Otyugh",
				"source": "MM",
				"_mod": {
					"*": {
						"mode": "replaceTxt",
						"replace": "otyugh",
						"with": "plant"
					}
				}
			},
			"type": "plant",
			"speed": {
				"walk": 0
			},
			"hasToken": true
		},
		{
			"name": "Diderius",
			"isNpc": true,
			"isNamedCreature": true,
			"source": "RoT",
			"page": 40,
			"otherSources": [
				{
					"source": "ToD",
					"page": 131
				}
			],
			"_copy": {
				"name": "Mummy Lord",
				"source": "MM",
				"_mod": {
					"*": {
						"mode": "replaceTxt",
						"replace": "the mummy lord",
						"with": "Diderius",
						"flags": "i"
					}
				}
			},
			"int": 18,
			"spellcasting": [
				{
					"name": "Spellcasting",
					"headerEntries": [
						"Diderius is a 10th-level spellcaster. His spellcasting ability is Intelligence (spell save {@dc 17}, {@hit 9} to hit with spell attacks). He has the following wizard spells prepared:"
					],
					"spells": {
						"0": {
							"spells": [
								"{@spell minor illusion}",
								"{@spell ray of frost}"
							]
						},
						"1": {
							"slots": 4,
							"spells": [
								"{@spell charm person}",
								"{@spell detect magic}",
								"{@spell shield}",
								"{@spell thunderwave}"
							]
						},
						"2": {
							"slots": 3,
							"spells": [
								"{@spell cloud of daggers}",
								"{@spell hold person}",
								"{@spell see invisibility}"
							]
						},
						"3": {
							"slots": 3,
							"spells": [
								"{@spell animate dead}",
								"{@spell dispel magic}"
							]
						},
						"4": {
							"slots": 3,
							"spells": [
								"{@spell fire shield}",
								"{@spell greater invisibility}"
							]
						},
						"5": {
							"slots": 2,
							"spells": [
								"{@spell cloudkill}",
								"{@spell wall of stone}"
							]
						}
					},
					"ability": "int"
				}
			],
			"savingThrowForcedSpell": [
				"constitution",
				"dexterity",
				"wisdom"
			],
			"hasToken": true
		},
		{
			"name": "Dragonfang",
			"source": "RoT",
			"page": 89,
			"otherSources": [
				{
					"source": "ToD",
					"page": 182
				}
			],
			"size": [
				"M"
			],
			"type": {
				"type": "humanoid",
				"tags": [
					"human"
				]
			},
			"alignment": [
				"N",
				"E"
			],
			"ac": [
				{
					"ac": 15,
					"from": [
						"{@item studded leather armor|phb|studded leather}"
					]
				}
			],
			"hp": {
				"average": 78,
				"formula": "12d8 + 24"
			},
			"speed": {
				"walk": 30
			},
			"str": 11,
			"dex": 16,
			"con": 14,
			"int": 12,
			"wis": 12,
			"cha": 14,
			"save": {
				"wis": "+4"
			},
			"skill": {
				"deception": "+5",
				"stealth": "+6"
			},
			"passive": 11,
			"resist": [
				{
					"resist": [
						"acid",
						"cold",
						"fire",
						"lightning",
						"poison"
					],
					"preNote": "one of the following:"
				}
			],
			"languages": [
				"Common",
				"Draconic",
				"Infernal"
			],
			"cr": "5",
			"trait": [
				{
					"name": "Dragon Fanatic",
					"entries": [
						"The dragonfang has advantage on saving throws against being {@condition charmed} or {@condition frightened}. While the dragonfang can see a dragon or higher-ranking Cult of the Dragon cultist friendly to it, the dragonfang ignores the effects of being {@condition charmed} or {@condition frightened}."
					]
				},
				{
					"name": "Fanatic Advantage",
					"entries": [
						"Once per turn, if the dragonfang makes a weapon attack with advantage on the attack roll and hits, the target takes an extra 10 ({@dice 3d6}) damage."
					]
				},
				{
					"name": "Limited Flight",
					"entries": [
						"The dragonfang can use a bonus action to gain a flying speed of 30 feet until the end of its turn."
					]
				},
				{
					"name": "Pack Tactics",
					"entries": [
						"The dragonfang has advantage on an attack roll against a creature if at least one of the dragonfang's allies is within 5 feet of the creature and the ally isn't {@condition incapacitated}."
					]
				}
			],
			"action": [
				{
					"name": "Multiattack",
					"entries": [
						"The Dragonfang attacks twice with its shortsword."
					]
				},
				{
					"name": "Shortsword",
					"entries": [
						"{@atk mw} {@hit 6} to hit, reach 5 ft., one target. {@h}6 ({@damage 1d6 + 3}) piercing damage plus 7 ({@dice 2d6}) damage of the type to which the dragonfang has resistance."
					]
				},
				{
					"name": "Orb of Dragon's Breath (2/Day)",
					"entries": [
						"{@atk rs} {@hit 5} to hit, range 50 ft., one target. {@h}22 ({@dice 5d8}) damage of the type to which the dragonfang has damage resistance."
					]
				}
			],
			"attachedItems": [
				"shortsword|phb"
			],
			"traitTags": [
				"Pack Tactics"
			],
			"actionTags": [
				"Breath Weapon",
				"Multiattack"
			],
			"languageTags": [
				"C",
				"DR",
				"I"
			],
			"damageTags": [
				"P"
			],
			"miscTags": [
				"MLW",
				"MW"
			],
			"hasToken": true
		},
		{
			"name": "Dragonsoul",
			"source": "RoT",
			"page": 89,
			"otherSources": [
				{
					"source": "ToD",
					"page": 183
				}
			],
			"size": [
				"M"
			],
			"type": {
				"type": "humanoid",
				"tags": [
					"human"
				]
			},
			"alignment": [
				"N",
				"E"
			],
			"ac": [
				{
					"ac": 16,
					"from": [
						"{@item studded leather armor|phb|studded leather}"
					]
				}
			],
			"hp": {
				"average": 110,
				"formula": "17d8 + 34"
			},
			"speed": {
				"walk": 30
			},
			"str": 11,
			"dex": 18,
			"con": 14,
			"int": 13,
			"wis": 12,
			"cha": 16,
			"save": {
				"wis": "+4"
			},
			"skill": {
				"deception": "+6",
				"stealth": "+7"
			},
			"passive": 11,
			"resist": [
				{
					"resist": [
						"acid",
						"cold",
						"fire",
						"lightning",
						"poison"
					],
					"preNote": "one of the following:"
				}
			],
			"languages": [
				"Common",
				"Draconic",
				"Infernal"
			],
			"cr": "7",
			"trait": [
				{
					"name": "Dragon Fanatic",
					"entries": [
						"The dragonsoul has advantage on saving throws against being {@condition charmed} or {@condition frightened}. While the dragonsoul can see a dragon or higher-ranking Cult of the Dragon cultist friendly to it, the dragonsoul ignores the effects of being {@condition charmed} or {@condition frightened}."
					]
				},
				{
					"name": "Fanatic Advantage",
					"entries": [
						"Once per turn, if the dragonsoul makes a weapon attack with advantage on the attack roll and hits, the target takes an extra 10 ({@dice 3d6}) damage."
					]
				},
				{
					"name": "Limited Flight",
					"entries": [
						"The dragonsoul can use a bonus action to gain a flying speed of 30 feet until the end of its turn."
					]
				},
				{
					"name": "Pack Tactics",
					"entries": [
						"The dragonsoul has advantage on an attack roll against a creature if at least one of the dragonsoul's allies is within 5 feet of the creature and the ally isn't {@condition incapacitated}."
					]
				}
			],
			"action": [
				{
					"name": "Multiattack",
					"entries": [
						"The Dragonsoul attacks twice with its shortsword."
					]
				},
				{
					"name": "Shortsword",
					"entries": [
						"{@atk mw} {@hit 7} to hit, reach 5 ft., one target. {@h}6 ({@damage 1d6 + 3}) piercing damage plus 10 ({@dice 3d6}) damage of the type to which the dragonsoul has resistance."
					]
				},
				{
					"name": "Orb of Dragon's Breath (3/Day)",
					"entries": [
						"{@atk rs} {@hit 7} to hit, range 90 ft., one target. {@h}27 ({@dice 6d8}) damage of the type to which the dragonsoul has damage resistance."
					]
				}
			],
			"attachedItems": [
				"shortsword|phb"
			],
			"traitTags": [
				"Pack Tactics"
			],
			"actionTags": [
				"Breath Weapon",
				"Multiattack"
			],
			"languageTags": [
				"C",
				"DR",
				"I"
			],
			"damageTags": [
				"P"
			],
			"miscTags": [
				"MLW",
				"MW"
			],
			"hasToken": true
		},
		{
			"name": "Galvan",
			"isNpc": true,
			"isNamedCreature": true,
			"source": "RoT",
			"page": 9,
			"otherSources": [
				{
					"source": "ToD",
					"page": 12
				}
			],
			"_copy": {
				"name": "Dragonsoul",
				"source": "RoT",
				"_mod": {
					"*": {
						"mode": "replaceTxt",
						"replace": "the dragonsoul",
						"with": "Galvan",
						"flags": "i"
					},
					"trait": {
						"mode": "prependArr",
						"items": [
							{
								"name": "5etools Note",
								"entries": [
									"While Galvan is not presented in an encounter in {@adventure The Rise of Tiamat|RoT}, the {@creature dragonsoul|RoT} stat block has been provided here for ease of use, with optional alterations for the {@item Blue Dragon Mask|RoTOS}."
								]
							},
							{
								"name": "Special Equipment",
								"entries": [
									"Galvan has the {@item Blue Dragon Mask|RoTOS}."
								]
							},
							{
								"name": "Draconic Majesty",
								"entries": [
									"While wearing no armor and wearing the Blue Dragon Mask, Galvan adds his Charisma bonus to her AC (included)."
								]
							},
							{
								"name": "Lingering Shock",
								"entries": [
									"If Galvan deals lightning damage to a creature while wearing the Blue Dragon Mask, that creature can't take reactions until its next turn."
								]
							},
							{
								"name": "Legendary Resistance (1/Day)",
								"entries": [
									"If Galvan fails a saving throw while wearing the Blue Dragon Mask, he can choose to succeed instead."
								]
							}
						]
					}
				}
			},
			"ac": [
				{
					"ac": 16,
					"from": [
						"{@item studded leather armor|phb|studded leather}"
					]
				},
				{
					"ac": 17,
					"condition": "with the Blue Dragon Mask",
					"braces": true
				}
			],
			"senses": [
				"darkvision 60 ft."
			],
			"immune": [
				"lightning"
			],
			"traitTags": [
				"Legendary Resistances",
				"Pack Tactics"
			],
			"senseTags": [
				"D"
			],
			"hasToken": true
		},
		{
			"name": "Half-Blue Dragon Gladiator",
			"source": "RoT",
			"page": 55,
			"otherSources": [
				{
					"source": "DC"
				},
				{
					"source": "ToD",
					"page": 141
				}
			],
			"_copy": {
				"name": "Gladiator",
				"source": "MM",
				"_trait": {
					"name": "Large or Smaller Half-Blue Dragon",
					"source": "MM"
				},
				"_mod": {
					"*": {
						"mode": "replaceTxt",
						"replace": "gladiator",
						"with": "half-dragon"
					}
				}
			},
			"senseTags": [
				"B",
				"D"
			],
			"actionTags": [
				"Breath Weapon",
				"Multiattack",
				"Parry"
			],
			"languageTags": [
				"C",
				"DR",
				"X"
			],
			"damageTags": [
				"B",
				"L",
				"P"
			],
			"miscTags": [
				"AOE",
				"MW",
				"RW",
				"THW"
			],
			"hasToken": true
		},
		{
			"name": "Half-Green Dragon Assassin",
			"source": "RoT",
			"page": 56,
			"otherSources": [
				{
					"source": "ToD",
					"page": 142
				}
			],
			"_copy": {
				"name": "Assassin",
				"source": "MM",
				"_trait": {
					"name": "Large or Smaller Half-Green Dragon",
					"source": "MM"
				},
				"_mod": {
					"*": {
						"mode": "replaceTxt",
						"replace": "assassin",
						"with": "half-dragon"
					}
				}
			},
			"senseTags": [
				"B",
				"D"
			],
			"actionTags": [
				"Breath Weapon",
				"Multiattack"
			],
			"languageTags": [
				"DR",
				"TC",
				"X"
			],
			"miscTags": [
				"AOE",
				"MW",
				"RNG",
				"RW"
			],
			"hasToken": true
		},
		{
			"name": "Half-Red Dragon Gladiator",
			"source": "RoT",
			"page": 56,
			"otherSources": [
				{
					"source": "ToD",
					"page": 142
				}
			],
			"_copy": {
				"name": "Gladiator",
				"source": "MM",
				"_trait": {
					"name": "Large or Smaller Half-Red Dragon",
					"source": "MM"
				},
				"_mod": {
					"*": {
						"mode": "replaceTxt",
						"replace": "gladiator",
						"with": "half-dragon"
					}
				}
			},
			"senseTags": [
				"B",
				"D"
			],
			"actionTags": [
				"Breath Weapon",
				"Multiattack",
				"Parry"
			],
			"languageTags": [
				"C",
				"DR",
				"X"
			],
			"damageTags": [
				"B",
				"F",
				"P"
			],
			"miscTags": [
				"AOE",
				"MW",
				"RW",
				"THW"
			],
			"hasToken": true
		},
		{
			"name": "Ice Toad",
			"source": "RoT",
			"page": 90,
			"otherSources": [
				{
					"source": "ToD",
					"page": 185
				}
			],
			"size": [
				"M"
			],
			"type": "monstrosity",
			"alignment": [
				"N"
			],
			"ac": [
				{
					"ac": 12,
					"from": [
						"natural armor"
					]
				}
			],
			"hp": {
				"average": 32,
				"formula": "5d8 + 10"
			},
			"speed": {
				"walk": 30,
				"swim": 30
			},
			"str": 13,
			"dex": 10,
			"con": 14,
			"int": 8,
			"wis": 10,
			"cha": 6,
			"skill": {
				"perception": "+2"
			},
			"senses": [
				"darkvision 60 ft."
			],
			"passive": 12,
			"immune": [
				"cold"
			],
			"languages": [
				"Ice Toad"
			],
			"cr": "1",
			"trait": [
				{
					"name": "Amphibious",
					"entries": [
						"The toad can breathe air or water."
					]
				},
				{
					"name": "Cold Aura",
					"entries": [
						"Any creature that starts its turn within 5 feet of the toad takes 3 ({@damage 1d6}) cold damage."
					]
				},
				{
					"name": "Standing Leap",
					"entries": [
						"The toad's long jump is up to 20 feet and its high jump is up to 10 feet, with or without a running start."
					]
				}
			],
			"action": [
				{
					"name": "Bite",
					"entries": [
						"{@atk mw} {@hit 3} to hit, reach 5 ft., one target. {@h}4 ({@damage 1d8}) cold damage. If the target is a Medium or smaller creature it is {@condition grappled} (escape {@dc 11}). Until this grapple ends, the toad can't bite another target."
					]
				}
			],
			"traitTags": [
				"Amphibious"
			],
			"senseTags": [
				"D"
			],
			"languageTags": [
				"OTH"
			],
			"damageTags": [
				"C"
			],
			"miscTags": [
				"MW"
			],
			"conditionInflict": [
				"grappled"
			],
			"hasToken": true,
			"hasFluff": true
		},
		{
			"name": "Ice Troll",
			"source": "RoT",
			"page": 30,
			"otherSources": [
				{
					"source": "ToD",
					"page": 121
				}
			],
			"_copy": {
				"name": "Troll",
				"source": "MM"
			},
			"resist": [
				"cold"
			],
			"hasToken": true
		},
		{
			"name": "Iskander",
			"isNpc": true,
			"isNamedCreature": true,
			"source": "RoT",
			"page": 62,
			"otherSources": [
				{
					"source": "ToD",
					"page": 148
				}
			],
			"_copy": {
				"name": "Mage",
				"source": "MM",
				"_mod": {
					"trait": {
						"mode": "prependArr",
						"items": {
							"name": "5etools Note",
							"entries": [
								"Iskander is presented in {@adventure The Rise of Tiamat|RoT} as a neutral evil male human wizard. The {@creature mage} stat block has been provided here for ease of use."
							]
						}
					}
				}
			},
			"type": {
				"type": "humanoid",
				"tags": [
					"human"
				]
			},
			"alignment": [
				"N",
				"E"
			],
			"hasToken": true
		},
		{
			"name": "Maccath the Crimson",
			"isNpc": true,
			"isNamedCreature": true,
			"source": "RoT",
			"page": 33,
			"otherSources": [
				{
					"source": "ToD",
					"page": 111
				}
			],
			"_copy": {
				"name": "Mage",
				"source": "MM",
				"_trait": {
					"name": "Tiefling",
					"source": "PHB"
				},
				"_mod": {
					"trait": {
						"mode": "prependArr",
						"items": {
							"name": "5etools Note",
							"entries": [
								"Maccath the Crimson is presented in {@adventure The Rise of Tiamat|RoT} as a female tiefling sorcerer and member of the Arcane Brotherhood. The {@creature mage} stat block, modified with tiefling racial traits, has been provided here for ease of use."
							]
						}
					}
				}
			},
			"senseTags": [
				"D"
			],
			"languageTags": [
				"I",
				"X"
			],
			"spellcastingTags": [
				"CW",
				"I"
			],
			"hasToken": true
		},
		{
			"name": "Marfulb",
			"isNpc": true,
			"isNamedCreature": true,
			"source": "RoT",
			"page": 35,
			"otherSources": [
				{
					"source": "ToD",
					"page": 121
				}
			],
			"_copy": {
				"name": "Ice Toad",
				"source": "RoT"
			},
			"int": 13,
			"hasToken": true
		},
		{
			"name": "Mend-nets",
			"isNpc": true,
			"isNamedCreature": true,
			"source": "RoT",
			"page": 32,
			"otherSources": [
				{
					"source": "ToD",
					"page": 116
				}
			],
			"_copy": {
				"name": "Tribal Warrior",
				"source": "MM"
			},
			"type": {
				"type": "humanoid",
				"tags": [
					"human"
				]
			},
			"hasToken": true
		},
		{
			"name": "Naergoth Bladelord",
			"isNpc": true,
			"isNamedCreature": true,
			"source": "RoT",
			"page": 90,
			"otherSources": [
				{
					"source": "ToD",
					"page": 186
				}
			],
			"size": [
				"M"
			],
			"type": "undead",
			"alignment": [
				"N",
				"E"
			],
			"ac": [
				{
					"ac": 18,
					"from": [
						"{@item plate armor|phb}"
					]
				}
			],
			"hp": {
				"average": 135,
				"formula": "18d8 + 54"
			},
			"speed": {
				"walk": 30
			},
			"str": 20,
			"dex": 12,
			"con": 16,
			"int": 12,
			"wis": 14,
			"cha": 16,
			"save": {
				"dex": "+5",
				"wis": "+6"
			},
			"skill": {
				"perception": "+6",
				"stealth": "+5"
			},
			"senses": [
				"darkvision 60 ft."
			],
			"passive": 16,
			"resist": [
				"necrotic",
				{
					"resist": [
						"bludgeoning",
						"piercing",
						"slashing"
					],
					"note": "from nonmagical attacks that aren't silvered",
					"cond": true
				}
			],
			"immune": [
				"poison"
			],
			"conditionImmune": [
				"exhaustion",
				"poisoned"
			],
			"languages": [
				"Common",
				"Draconic"
			],
			"cr": "11",
			"trait": [
				{
					"name": "Sunlight Sensitivity",
					"entries": [
						"While in sunlight, Naergoth has disadvantage on attack rolls, as well as on Wisdom ({@skill Perception}) checks that rely on sight."
					]
				}
			],
			"action": [
				{
					"name": "Multiattack",
					"entries": [
						"Naergoth makes three attacks, either with his longsword or longbow. He can use Life Drain in place of one longsword attack."
					]
				},
				{
					"name": "Life Drain",
					"entries": [
						"{@atk mw} {@hit 9} to hit, reach 5 ft., one target. {@h}20 ({@damage 5d6 + 3}) necrotic damage. The target must succeed on a {@dc 15} Constitution saving throw or its hit point maximum is reduced by an amount equal to the damage taken. This reduction lasts until the target finishes a long rest. The target dies if this effect reduces its hit point maximum to 0."
					]
				},
				{
					"name": "Longsword",
					"entries": [
						"{@atk mw} {@hit 9} to hit, reach 5 ft., one target. {@h}9 ({@damage 1d8 + 5}) slashing damage, or 10 ({@dice 1d10 + 5}) if used with two hands, plus 10 ({@damage 3d6}) necrotic damage."
					]
				},
				{
					"name": "Longbow",
					"entries": [
						"{@atk rw} {@hit 5} to hit, range 150/600 ft., one target. {@h}5 ({@damage 1d8 + 1}) piercing damage plus 10 ({@damage 3d6}) necrotic damage."
					]
				}
			],
			"attachedItems": [
				"longbow|phb",
				"longsword|phb"
			],
			"traitTags": [
				"Sunlight Sensitivity"
			],
			"senseTags": [
				"D"
			],
			"actionTags": [
				"Multiattack"
			],
			"languageTags": [
				"C",
				"DR"
			],
			"damageTags": [
				"N",
				"P",
				"S"
			],
			"miscTags": [
				"HPR",
				"MLW",
				"MW",
				"RNG",
				"RW"
			],
			"savingThrowForced": [
				"constitution"
			],
			"hasToken": true,
			"hasFluffImages": true
		},
		{
			"name": "Neronvain",
			"isNpc": true,
			"isNamedCreature": true,
			"source": "RoT",
			"page": 91,
			"otherSources": [
				{
					"source": "ToD",
					"page": 187
				}
			],
			"size": [
				"M"
			],
			"type": {
				"type": "humanoid",
				"tags": [
					"elf"
				]
			},
			"alignment": [
				"N",
				"E"
			],
			"ac": [
				17
			],
			"hp": {
				"average": 117,
				"formula": "18d8 + 36"
			},
			"speed": {
				"walk": 30
			},
			"str": 8,
			"dex": 17,
			"con": 15,
			"int": 16,
			"wis": 13,
			"cha": 18,
			"save": {
				"con": "+5",
				"wis": "+4"
			},
			"skill": {
				"arcana": "+6",
				"perception": "+4"
			},
			"senses": [
				"darkvision 60 ft."
			],
			"passive": 15,
			"immune": [
				"poison"
			],
			"conditionImmune": [
				"charmed",
				"frightened",
				"poisoned"
			],
			"languages": [
				"Common",
				"Draconic",
				"Elvish",
				"Infernal"
			],
			"cr": "9",
			"trait": [
				{
					"name": "Draconic Majesty",
					"entries": [
						"Neronvain adds his Charisma bonus to his AC (included)."
					]
				},
				{
					"name": "Fey Ancestry",
					"entries": [
						"Magic can't put Neronvain to sleep."
					]
				}
			],
			"action": [
				{
					"name": "Multiattack",
					"entries": [
						"Neronvain makes two attacks, either with his shortsword or Eldritch Arrow."
					]
				},
				{
					"name": "Shortsword",
					"entries": [
						"{@atk mw} {@hit 7} to hit, reach 5 ft., one target. {@h}6 ({@damage 1d6 + 3}) piercing damage plus 13 ({@damage 3d8}) poison damage."
					]
				},
				{
					"name": "Eldritch Arrow",
					"entries": [
						"{@atk rs} {@hit 7} to hit, range 120 ft., one target. {@h}11 ({@damage 2d10}) force damage plus 9 ({@damage 2d8}) poison damage."
					]
				},
				{
					"name": "Poisonous Cloud (2/Day)",
					"entries": [
						"Poison gas fills a 20-foot-radius sphere centered on a point Neronvain can see within 50 feet of him. The gas spreads around corners and remains until the start of Neronvain's next turn. Each creature that starts its turn in the gas must succeed on a {@dc 16} Constitution saving throw or be {@condition poisoned} for 1 minute. A creature can repeat the saving throw at the end of each of its turns, ending the effect on itself on a success."
					]
				}
			],
			"attachedItems": [
				"shortsword|phb"
			],
			"traitTags": [
				"Fey Ancestry"
			],
			"senseTags": [
				"D"
			],
			"actionTags": [
				"Multiattack"
			],
			"languageTags": [
				"C",
				"DR",
				"E",
				"I"
			],
			"damageTags": [
				"I",
				"O",
				"P"
			],
			"miscTags": [
				"AOE",
				"MLW",
				"MW"
			],
			"conditionInflict": [
				"poisoned"
			],
			"savingThrowForced": [
				"constitution"
			],
			"hasToken": true,
			"hasFluffImages": true
		},
		{
			"name": "Paper Whirlwind",
			"source": "RoT",
			"page": 72,
			"otherSources": [
				{
					"source": "ToD",
					"page": 158
				}
			],
			"_copy": {
				"name": "Swarm of Ravens",
				"source": "MM"
			},
			"type": {
				"type": "construct",
				"swarmSize": "T"
			},
			"vulnerable": [
				"fire"
			],
			"hasToken": true
		},
		{
			"name": "Red Wizard",
			"source": "RoT",
			"page": 76,
			"otherSources": [
				{
					"source": "ToD",
					"page": 171
				}
			],
			"_copy": {
				"name": "Mage",
				"source": "MM"
			},
			"hasToken": true
		},
		{
			"name": "Severin",
			"isNpc": true,
			"isNamedCreature": true,
			"source": "RoT",
			"page": 92,
			"otherSources": [
				{
					"source": "ToD",
					"page": 189
				}
			],
			"size": [
				"M"
			],
			"type": {
				"type": "humanoid",
				"tags": [
					"human"
				]
			},
			"alignment": [
				"N",
				"E"
			],
			"ac": [
				16
			],
			"hp": {
				"average": 150,
				"formula": "20d8 + 60"
			},
			"speed": {
				"walk": 30
			},
			"str": 10,
			"dex": 13,
			"con": 16,
			"int": 17,
			"wis": 12,
			"cha": 20,
			"save": {
				"dex": "+5",
				"wis": "+5"
			},
			"skill": {
				"arcana": "+7",
				"religion": "+7"
			},
			"senses": [
				"While wearing the Mask of the Dragon Queen: darkvision 60 ft."
			],
			"passive": 11,
			"resist": [
				{
					"resist": [
						"acid",
						"cold",
						"lightning",
						"poison",
						{
							"resist": [
								"bludgeoning",
								"piercing",
								"slashing"
							],
							"note": "from nonmagical attacks",
							"cond": true
						}
					],
					"preNote": "While wearing the mask of the Dragon Queen:"
				}
			],
			"immune": [
				{
					"immune": [
						"fire"
					],
					"preNote": "While wearing the mask of the Dragon Queen:"
				}
			],
			"conditionImmune": [
				{
					"conditionImmune": [
						"charmed",
						"frightened",
						"poisoned"
					],
					"preNote": "While wearing the mask of the Dragon Queen:"
				}
			],
			"languages": [
				"Common",
				"Draconic",
				"Infernal"
			],
			"cr": "11",
			"trait": [
				{
					"name": "Special Equipment",
					"entries": [
						"Severin has the {@item Mask of the Dragon Queen|rot}."
					]
				},
				{
					"name": "Draconic Majesty",
					"entries": [
						"Severin adds his Charisma bonus to his AC (included)."
					]
				},
				{
					"name": "Ignite Enemy",
					"entries": [
						"If Severin deals fire damage to a creature while wearing the Mask of the Dragon Queen, the target catches fire. At the start of each of its turns, the burning target takes 5 ({@damage 1d10}) fire damage. A creature within reach of the fire can use an action to extinguish it."
					]
				},
				{
					"name": "Legendary Resistance (5/Day)",
					"entries": [
						"While wearing the Mask of the Dragon Queen, if Severin fails a saving throw, he can choose to succeed instead."
					]
				}
			],
			"action": [
				{
					"name": "Burning Touch",
					"entries": [
						"{@atk ms} {@hit 9} to hit, reach 5 ft., one target. {@h}18 ({@damage 4d8}) fire damage."
					]
				},
				{
					"name": "Flaming Orb",
					"entries": [
						"{@atk rs} {@hit 9} to hit, range 90 ft., one target. {@h}40 ({@damage 9d8}) fire damage."
					]
				},
				{
					"name": "Scorching Burst",
					"entries": [
						"Severin chooses a point he can see within 60 feet of him. Each creature within 5 feet of that point must make a {@dc 17} Dexterity saving throw, taking 18 ({@damage 4d8}) fire damage on a failed save, or half as much damage on a successful one."
					]
				}
			],
			"legendary": [
				{
					"entries": [
						"If Severin is wearing the Mask of the Dragon Queen, he can take 3 legendary actions, choosing from the options listed. Only one legendary action option can be used at a time and only at the end of another creature's turn. Severin regains spent legendary actions at the start of his turn."
					]
				},
				{
					"name": "Attack",
					"entries": [
						"Severin makes one attack."
					]
				},
				{
					"name": "Fiery Teleport (Costs 2 Actions)",
					"entries": [
						"Severin, along with any objects he is wearing or carrying, teleports up to 60 feet to an unoccupied space he can see. Each creature within 5 feet of Severin before he teleports takes 5 ({@damage 1d10}) fire damage."
					]
				},
				{
					"name": "Hellish Chains (Costs 3 Actions)",
					"entries": [
						"Severin targets one creature he can see within 30 feet of him. The target is wrapped in magical chains of fire and {@condition restrained}. The {@condition restrained} target takes 21 ({@damage 6d6}) fire damage at the start of each of its turns. At the end of its turns, the target can make a {@dc 17} Strength saving throw, ending the effect on itself on a success."
					]
				}
			],
			"traitTags": [
				"Legendary Resistances"
			],
			"senseTags": [
				"D"
			],
			"languageTags": [
				"C",
				"DR",
				"I"
			],
			"damageTags": [
				"F"
			],
			"conditionInflict": [
				"restrained"
			],
			"savingThrowForced": [
				"dexterity",
				"strength"
			],
			"hasToken": true,
			"hasFluffImages": true
		},
		{
			"name": "Sled Dog",
			"source": "RoT",
			"page": 27,
			"otherSources": [
				{
					"source": "ToD",
					"page": 113
				}
			],
			"_copy": {
				"name": "Wolf",
				"source": "MM",
				"_mod": {
					"*": {
						"mode": "replaceTxt",
						"replace": "wolf",
						"with": "dog"
					}
				}
			},
			"hasToken": true
		},
		{
			"name": "Snake Horror",
			"source": "RoT",
			"page": 46,
			"otherSources": [
				{
					"source": "ToD",
					"page": 132
				}
			],
			"_copy": {
				"name": "Helmed Horror",
				"source": "MM",
				"_mod": {
					"*": {
						"mode": "replaceTxt",
						"replace": "helmed horror",
						"with": "snake horror"
					},
					"action": {
						"mode": "replaceArr",
						"replace": "Longsword",
						"items": {
							"name": "Longsword",
							"entries": [
								"{@atk mw} {@hit 6} to hit, reach 5 ft., one target. {@h}8 ({@damage 1d8 + 4}) slashing damage, or 9 ({@damage 1d10 + 4}) slashing damage if used with two hands, and the target must make a DC 12 Constitution saving throw, taking 9 ({@damage 2d8}) poison damage on a failed save, or half as much damage on a successful one."
							]
						}
					}
				}
			},
			"tokenCredit": "FromSoftware",
			"damageTags": [
				"I",
				"S"
			],
			"hasToken": true
		},
		{
			"name": "Tiamat",
			"isNpc": true,
			"isNamedCreature": true,
			"source": "RoT",
			"page": 92,
			"otherSources": [
				{
					"source": "BGDIA"
				},
				{
					"source": "ToD",
					"page": 190
				}
			],
			"size": [
				"G"
			],
			"type": "fiend",
			"alignment": [
				"C",
				"E"
			],
			"ac": [
				{
					"ac": 25,
					"from": [
						"natural armor"
					]
				}
			],
			"hp": {
				"average": 615,
				"formula": "30d20 + 300"
			},
			"speed": {
				"walk": 60,
				"fly": 120
			},
			"str": 30,
			"dex": 10,
			"con": 30,
			"int": 26,
			"wis": 26,
			"cha": 28,
			"save": {
				"str": "+19",
				"dex": "+9",
				"wis": "+17"
			},
			"skill": {
				"arcana": "+17",
				"perception": "+26",
				"religion": "+17"
			},
			"senses": [
				"darkvision 240 ft.",
				"truesight 120 ft."
			],
			"passive": 36,
			"immune": [
				"acid",
				"cold",
				"fire",
				"lightning",
				"poison",
				{
					"immune": [
						"bludgeoning",
						"piercing",
						"slashing"
					],
					"note": "from nonmagical attacks",
					"cond": true
				}
			],
			"conditionImmune": [
				"blinded",
				"charmed",
				"deafened",
				"frightened",
				"poisoned",
				"stunned"
			],
			"languages": [
				"Common",
				"Draconic",
				"Infernal"
			],
			"cr": "30",
			"spellcasting": [
				{
					"name": "Innate Spellcasting",
					"headerEntries": [
						"Tiamat can innately cast the following spell, her spellcasting ability is Charisma (spell save {@dc 26}):"
					],
					"daily": {
						"3": [
							"{@spell divine word}"
						]
					},
					"ability": "cha"
				}
			],
			"trait": [
				{
					"name": "Discorporation",
					"entries": [
						"When Tiamat drops to 0 hit points or dies, her body is destroyed but her essence travels back to her domain in the Nine Hells, and she is unable to take physical form for a time."
					]
				},
				{
					"name": "Legendary Resistance (5/Day)",
					"entries": [
						"If Tiamat fails a saving throw, she can choose to succeed instead."
					]
				},
				{
					"name": "Limited Magic Immunity",
					"entries": [
						"Unless she wishes to be affected, Tiamat is immune to spells of 6th level or lower. She has advantage on saving throws against all other spells and magical effects."
					]
				},
				{
					"name": "Magic Weapons",
					"entries": [
						"Tiamat's weapon attacks are magical."
					]
				},
				{
					"name": "Multiple Heads",
					"entries": [
						"Tiamat can take one reaction per turn, rather than only one per round. She also has advantage on saving throws against being knocked {@condition unconscious}. If she fails a saving throw against an effect that would stun a creature, one of her unspent legendary actions is spent."
					]
				},
				{
					"name": "Regeneration",
					"entries": [
						"Tiamat regains 30 hit points at the start of her turn."
					]
				}
			],
			"action": [
				{
					"name": "Multiattack",
					"entries": [
						"Tiamat can use her Frightful Presence. She then makes three attacks: two with her claws and one with her tail."
					]
				},
				{
					"name": "Claw",
					"entries": [
						"{@atk mw} {@hit 19} to hit, reach 15 ft., one target. {@h}24 ({@damage 4d6 + 10}) slashing damage."
					]
				},
				{
					"name": "Tail",
					"entries": [
						"{@atk mw} {@hit 19} to hit, reach 25 ft., one target. {@h}28 ({@damage 4d8 + 10}) piercing damage."
					]
				},
				{
					"name": "Frightful Presence",
					"entries": [
						"Each creature of Tiamat's choice that is within 240 feet of Tiamat and aware of her must succeed on a {@dc 26} Wisdom saving throw or become {@condition frightened} for 1 minute. A creature can repeat the saving throw at the end of each of its turns, ending the effect on itself on a success. If a creature's saving throw is successful or the effect ends for it, the creature is immune to Tiamat's Frightful Presence for the next 24 hours."
					]
				}
			],
			"legendaryHeader": [
				"Tiamat can take 5 legendary actions, choosing from the options below. Only one legendary action can be used at a time and only at the end of another creature's turn. Tiamat regains spent legendary actions at the start of its turn.",
				"Tiamat's legendary action options are associated with her five dragon heads (a bite and a breath weapon for each). Once Tiamat chooses a legendary action option for one of her heads, she can't choose another one associated with that head until the start of her next turn."
			],
			"legendaryActions": 5,
			"legendary": [
				{
					"name": "Bite",
					"entries": [
						"{@atk mw} {@hit 19} to hit, reach 20 ft., one target. {@h}32 ({@damage 4d10 + 10}) slashing damage plus 14 ({@damage 4d6}) acid damage (black dragon head), lightning damage (blue dragon head), poison damage (green dragon head), fire damage (red dragon head), or cold damage (white dragon head)."
					]
				},
				{
					"name": "Black Dragon Head: Acid Breath (Costs 2 Actions)",
					"entries": [
						"Tiamat breathes acid in a 120-foot line that is 10 feet wide. Each creature in that line must make a {@dc 27} Dexterity saving throw, taking 67 ({@damage 15d8}) acid damage on a failed save, or half as much damage on a successful one."
					]
				},
				{
					"name": "Blue Dragon Head: Lightning Breath (Costs 2 Actions)",
					"entries": [
						"Tiamat breathes lightning in a 120-foot line that is 10 feet wide. Each creature in that line must make a {@dc 27} Dexterity saving throw, taking 88 ({@damage 16d10}) lightning damage on a failed save, or half as much damage on a successful one."
					]
				},
				{
					"name": "Green Dragon Head: Poison Breath (Costs 2 Actions)",
					"entries": [
						"Tiamat breathes poisonous gas in a 90-foot cone. Each creature in that area must make a {@dc 27} Constitution saving throw, taking 77 ({@damage 22d6}) poison damage on a failed save, or half as much damage on a successful one."
					]
				},
				{
					"name": "Red Dragon Head: Fire Breath (Costs 2 Actions)",
					"entries": [
						"Tiamat breathes fire in a 90-foot cone. Each creature in that area must make a {@dc 27} Dexterity saving throw, taking 91 ({@damage 26d6}) fire damage on a failed save, or half as much damage on a successful one."
					]
				},
				{
					"name": "White Dragon Head: Cold Breath (Costs 2 Actions)",
					"entries": [
						"Tiamat breathes an icy blast in a 90-foot cone. Each creature in that area must make a {@dc 27} Dexterity saving throw, taking 72 ({@damage 16d8}) cold damage on a failed save, or half as much damage on a successful one."
					]
				}
			],
			"traitTags": [
				"Legendary Resistances",
				"Magic Weapons",
				"Regeneration"
			],
			"senseTags": [
				"SD",
				"U"
			],
			"actionTags": [
				"Frightful Presence",
				"Multiattack"
			],
			"languageTags": [
				"C",
				"DR",
				"I"
			],
			"damageTags": [
				"A",
				"C",
				"F",
				"I",
				"L",
				"P",
				"S"
			],
			"spellcastingTags": [
				"I"
			],
			"miscTags": [
				"AOE",
				"MW",
				"RCH"
			],
			"conditionInflict": [
				"frightened"
			],
			"conditionInflictSpell": [
				"blinded",
				"deafened",
				"stunned"
			],
			"savingThrowForced": [
				"constitution",
				"dexterity",
				"wisdom"
			],
			"savingThrowForcedSpell": [
				"charisma"
			],
			"hasToken": true,
			"hasFluffImages": true
		},
		{
			"name": "Varram",
			"isNpc": true,
			"isNamedCreature": true,
			"source": "RoT",
			"page": 9,
			"otherSources": [
				{
					"source": "ToD",
					"page": 8
				}
			],
			"_copy": {
				"name": "Dragonsoul",
				"source": "RoT",
				"_trait": {
					"name": "Mountain Dwarf",
					"source": "PHB"
				},
				"_mod": {
					"*": {
						"mode": "replaceTxt",
						"replace": "the dragonsoul",
						"with": "Varram",
						"flags": "i"
					},
					"trait": {
						"mode": "prependArr",
						"items": {
							"name": "5etools Note",
							"entries": [
								"Varram is presented in {@adventure The Rise of Tiamat|RoT} as a male dwarf. The {@creature dragonsoul|RoT} stat block, modified with dwarf racial traits, has been provided here for ease of use."
							]
						}
					}
				}
			},
			"senseTags": [
				"D"
			],
			"languageTags": [
				"C",
				"D",
				"DR",
				"I"
			],
			"hasToken": true
		}
	]
}
