{
	"_meta": {
		"otherSources": {
			"monster": {
				"MPP": "AATM",
				"MM": "AATM",
				"MPMM": "AATM",
				"VRGR": "AATM"
			}
		}
	},
	"monster": [
		{
			"name": "Animated Coffin",
			"source": "AATM",
			"size": [
				"L"
			],
			"type": "construct",
			"alignment": [
				"U"
			],
			"ac": [
				{
					"ac": 16,
					"from": [
						"natural armor"
					]
				}
			],
			"hp": {
				"average": 60,
				"formula": "8d10 + 16"
			},
			"speed": {
				"walk": 30,
				"climb": 30
			},
			"str": 16,
			"dex": 12,
			"con": 15,
			"int": 3,
			"wis": 11,
			"cha": 3,
			"senses": [
				"blindsight 60 ft. (can't see beyond this radius)"
			],
			"passive": 10,
			"immune": [
				"poison",
				"psychic"
			],
			"conditionImmune": [
				"blinded",
				"charmed",
				"deafened",
				"exhaustion",
				"frightened",
				"paralyzed",
				"petrified",
				"poisoned"
			],
			"languages": [
				"understands the languages of its creator but can't speak"
			],
			"cr": "3",
			"trait": [
				{
					"name": "False Appearance",
					"entries": [
						"If the animated coffin is motionless at the start of combat, it has advantage on its initiative roll. Moreover, if a creature hasn't observed the coffin move or act, that creature must succeed on a {@dc 18} Intelligence (Investigation) check to discern that the coffin is animate."
					]
				},
				{
					"name": "Spider Climb",
					"entries": [
						"The animated coffin can climb difficult surfaces, including upside down on ceilings, without needing to make an ability check."
					]
				}
			],
			"action": [
				{
					"name": "Multiattack",
					"entries": [
						"The animated coffin makes two Slam attacks."
					]
				},
				{
					"name": "Slam",
					"entries": [
						"{@atk mw} {@hit 5} to hit, reach 5 ft., one target. {@h}12 ({@damage 2d8 + 3}) bludgeoning damage."
					]
				},
				{
					"name": "Entrap",
					"entries": [
						"{@atk mw} {@hit 5} to hit, reach 5 ft., one Large or smaller creature. {@h}The target has the {@condition grappled} condition (escape {@dc 13}). Until this grapple ends, if the target is not an Undead, the target has the {@condition restrained} condition and takes 14 ({@damage 4d6}) piercing damage at the start of each of its turns. The animated coffin can grapple only one creature at a time."
					]
				}
			],
			"traitTags": [
				"False Appearance",
				"Spider Climb"
			],
			"senseTags": [
				"B"
			],
			"actionTags": [
				"Multiattack"
			],
			"languageTags": [
				"CS"
			],
			"damageTags": [
				"B",
				"P"
			],
			"miscTags": [
				"MW"
			],
			"hasToken": true,
			"hasFluff": true,
			"hasFluffImages": true
		},
		{
			"name": "Factol Skall",
			"source": "AATM",
			"size": [
				"M"
			],
			"type": {
				"type": "undead",
				"tags": [
					"wizard"
				]
			},
			"alignment": [
				"N",
				"E"
			],
			"ac": [
				{
					"ac": 17,
					"from": [
						"natural armor"
					]
				}
			],
			"hp": {
				"average": 210,
				"formula": "28d8 + 84"
			},
			"speed": {
				"walk": 30,
				"fly": {
					"number": 30,
					"condition": "(hover)"
				},
				"canHover": true
			},
			"str": 11,
			"dex": 16,
			"con": 16,
			"int": 20,
			"wis": 14,
			"cha": 16,
			"save": {
				"con": "+9",
				"int": "+11",
				"wis": "+8"
			},
			"skill": {
				"arcana": "+17",
				"history": "+11",
				"medicine": "+8",
				"perception": "+8"
			},
			"senses": [
				"truesight 120 ft."
			],
			"passive": 18,
			"resist": [
				"cold",
				{
					"resist": [
						"bludgeoning",
						"piercing",
						"slashing"
					],
					"note": "from nonmagical attacks",
					"cond": true
				}
			],
			"immune": [
				"necrotic",
				"poison"
			],
			"conditionImmune": [
				"charmed",
				"exhaustion",
				"frightened",
				"paralyzed",
				"poisoned",
				"stunned"
			],
			"languages": [
				"all"
			],
			"cr": "17",
			"spellcasting": [
				{
					"name": "Spellcasting",
					"headerEntries": [
						"Skall casts one of the following spells, requiring no material components and using Intelligence as the spellcasting ability (spell save {@dc 19}):"
					],
					"will": [
						"{@spell detect magic}",
						"{@spell mage hand}",
						"{@spell prestidigitation}"
					],
					"daily": {
						"2e": [
							"{@spell animate dead} (as an action)",
							"{@spell dispel magic}",
							"{@spell speak with dead}"
						],
						"1e": [
							"{@spell finger of death}",
							"{@spell plane shift} (self only)",
							"{@spell project image}"
						]
					},
					"ability": "int",
					"displayAs": "action"
				}
			],
			"trait": [
				{
					"name": "Aura of Death",
					"entries": [
						"Creatures within 30 feet of Skall have disadvantage on death saving throws."
					]
				},
				{
					"name": "Cosmic Annihilation",
					"entries": [
						"A creature killed by Skall can be restored to life only by means of a true resurrection or {@spell wish} spell."
					]
				},
				{
					"name": "Legendary Resistance (4/Day)",
					"entries": [
						"If Skall fails a saving throw, he can choose to succeed instead."
					]
				},
				{
					"name": "Rejuvenation",
					"entries": [
						"If Skall dies, he turns to dust. If his orrery of souls hasn't been destroyed, Skall re-forms within the Mortuary in {@dice 1d10} days. He appears within 5 feet of the orrery."
					]
				},
				{
					"name": "Turn Resistance",
					"entries": [
						"Skall has advantage on saving throws against any effect that turns Undead."
					]
				}
			],
			"action": [
				{
					"name": "Multiattack",
					"entries": [
						"Skall makes one Withering Touch attack or uses Spellcasting. He also uses Death Knell twice."
					]
				},
				{
					"name": "Withering Touch",
					"entries": [
						"{@atk ms} {@hit 11} to hit, reach 5 ft., one target. {@h}32 ({@damage 6d8 + 5}) cold damage plus 31 ({@damage 7d8}) necrotic damage, and if the target is a creature, it can't regain hit points until the start of Skall's next turn."
					]
				},
				{
					"name": "Death Knell",
					"entries": [
						"Skall points his finger at a creature he can see within 120 feet of himself, filling the target's mind with visions of death and the plangent toll of an iron bell. The target must succeed on a {@dc 19} Wisdom saving throw or take 14 ({@damage 4d6}) psychic damage and have the {@condition frightened} condition until the start of Skall's next turn."
					]
				},
				{
					"name": "Fog of Death (1/Day)",
					"entries": [
						"Skall exudes a killing fog in a 30-foot-radius sphere centered on himself. The sphere spreads around corners, and its area is heavily obscured. The fog lasts until the start of Skall's next turn, and it can't be dispersed by wind. It does not move with him.",
						"Each creature that enters the fog for the first time on a turn or starts its turn there must make a {@dc 19} Constitution saving throw, taking 28 ({@damage 8d6}) necrotic damage and 28 ({@damage 8d6}) poison damage on a failed save, or half as much damage on a successful one. A Medium or smaller Humanoid killed by this damage becomes a zombie under Skall's control. The zombie acts on Skall's initiative but immediately after his turn. Absent any other command, the zombie tries to kill any non-Undead creature it encounters."
					]
				}
			],
			"reactionHeader": [
				"Skall can take up to three reactions per round but only one per turn."
			],
			"reaction": [
				{
					"name": "Baleful Counterspell",
					"entries": [
						"Skall chatters his teeth to interrupt a creature he can see within 60 feet of himself that is casting a spell. If the spell is 4th level or lower, it fails and has no effect. If the spell is 5th level or higher, Skall makes an Intelligence check ({@dc 10} + the spell's level). On a successful check, the spell fails and has no effect. Whatever the spell's level, the caster takes 10 ({@damage 3d6}) necrotic damage if the spell fails."
					]
				},
				{
					"name": "Near-Death Experience",
					"entries": [
						"In response to being hit by an attack, Skall teleports, along with any equipment he is wearing or carrying, up to 30 feet to an unoccupied space he can see."
					]
				}
			],
			"traitTags": [
				"Legendary Resistances",
				"Rejuvenation",
				"Turn Resistance"
			],
			"senseTags": [
				"U"
			],
			"actionTags": [
				"Multiattack"
			],
			"languageTags": [
				"XX"
			],
			"damageTags": [
				"C",
				"I",
				"N",
				"Y"
			],
			"damageTagsSpell": [
				"N"
			],
			"spellcastingTags": [
				"O"
			],
			"miscTags": [
				"AOE"
			],
			"conditionInflict": [
				"frightened"
			],
			"conditionInflictSpell": [
				"blinded",
				"deafened"
			],
			"savingThrowForced": [
				"constitution",
				"wisdom"
			],
			"savingThrowForcedSpell": [
				"charisma",
				"constitution"
			],
			"hasToken": true,
			"hasFluff": true,
			"hasFluffImages": true
		},
		{
			"name": "Heralds of Dust Exorcist",
			"source": "AATM",
			"size": [
				"S",
				"M"
			],
			"type": "humanoid",
			"alignment": [
				"A"
			],
			"ac": [
				13,
				{
					"ac": 16,
					"condition": "with {@spell mage armor}",
					"braces": true
				}
			],
			"hp": {
				"average": 112,
				"formula": "15d8 + 45"
			},
			"speed": {
				"walk": 30
			},
			"str": 8,
			"dex": 16,
			"con": 16,
			"int": 17,
			"wis": 14,
			"cha": 11,
			"save": {
				"int": "+6",
				"wis": "+5",
				"cha": "+3"
			},
			"skill": {
				"arcana": "+6",
				"perception": "+5",
				"religion": "+6"
			},
			"senses": [
				"truesight 60 ft."
			],
			"passive": 15,
			"resist": [
				"necrotic"
			],
			"conditionImmune": [
				"charmed",
				"frightened"
			],
			"languages": [
				"Common plus three more languages"
			],
			"cr": "6",
			"spellcasting": [
				{
					"name": "Spellcasting",
					"headerEntries": [
						"The exorcist casts one of the following spells, requiring no material components and using Intelligence as the spellcasting ability (spell save {@dc 14}, {@hit 6} to hit with spell attacks):",
						"At-will: detect evil and good, mage armor (self only), mage hand"
					],
					"daily": {
						"2e": [
							"{@spell protection from evil and good}",
							"{@spell remove curse}",
							"{@spell speak with dead}"
						],
						"1e": [
							"{@spell banishment}",
							"{@spell dispel evil and good}"
						]
					},
					"ability": "int",
					"displayAs": "action"
				}
			],
			"trait": [
				{
					"name": "Incorruptible Vessel",
					"entries": [
						"The exorcist can't be possessed by Celestials, Fiends, or Undead."
					]
				}
			],
			"action": [
				{
					"name": "Multiattack",
					"entries": [
						"The exorcist makes two Grave Burst attacks."
					]
				},
				{
					"name": "Grave Burst",
					"entries": [
						"{@atk ms,rs} {@hit 6} to hit, reach 5 ft. or range 120 ft., one target. {@h}19 ({@damage 3d10 + 3}) necrotic or radiant damage (exorcist's choice)."
					]
				},
				{
					"name": "Admit Entity {@recharge 5}",
					"entries": [
						"The exorcist thins the veil of death for a creature it can see within 60 feet of itself, exposing the target to malevolent entities. The target must make a {@dc 14} Charisma saving throw. On a failed save, the target takes 36 ({@damage 8d8}) psychic damage and has the {@condition incapacitated} condition for 1 minute, during which time it retches and babbles incoherently in a voice that is not its own. On a successful save, the target takes half as much damage only. An {@condition incapacitated} target can repeat the saving throw at the end of each of its turns, ending the effect on itself on a success."
					]
				}
			],
			"senseTags": [
				"U"
			],
			"actionTags": [
				"Multiattack"
			],
			"languageTags": [
				"C"
			],
			"damageTags": [
				"N",
				"R",
				"Y"
			],
			"spellcastingTags": [
				"O"
			],
			"conditionInflict": [
				"incapacitated"
			],
			"conditionInflictSpell": [
				"incapacitated"
			],
			"savingThrowForced": [
				"charisma"
			],
			"savingThrowForcedSpell": [
				"charisma"
			],
			"hasToken": true,
			"hasFluff": true,
			"hasFluffImages": true
		}
	]
}
