{
	"_meta": {
		"dependencies": {
			"monster": [
				"MM"
			]
		},
		"otherSources": {
			"monster": {
				"MM": "DoSI"
			}
		},
		"internalCopies": [
			"monster"
		]
	},
	"monster": [
		{
			"name": "Fume Drake",
			"source": "DoSI",
			"page": 41,
			"size": [
				"S"
			],
			"type": "elemental",
			"alignment": [
				"N"
			],
			"alignmentPrefix": "typically ",
			"ac": [
				12
			],
			"hp": {
				"average": 22,
				"formula": "5d6 + 5"
			},
			"speed": {
				"walk": 30,
				"fly": 30
			},
			"str": 6,
			"dex": 14,
			"con": 12,
			"int": 6,
			"wis": 10,
			"cha": 11,
			"senses": [
				"darkvision 60 ft."
			],
			"passive": 10,
			"immune": [
				"fire",
				"poison"
			],
			"conditionImmune": [
				"poisoned"
			],
			"languages": [
				"Draconic",
				"Ignan"
			],
			"cr": "1/4",
			"trait": [
				{
					"name": "Death Burst",
					"entries": [
						"When the fume drake dies, it explodes in a cloud of noxious fumes. Each creature within 5 feet of the fume drake must succeed on a {@dc 11} Constitution saving throw or take 4 ({@damage 1d8}) poison damage."
					]
				},
				{
					"name": "Unusual Nature",
					"entries": [
						"The fume drake doesn't require food, drink, or sleep."
					]
				}
			],
			"action": [
				{
					"name": "Bite",
					"entries": [
						"{@atk mw} {@hit 4} to hit, reach 5 ft., one target. {@h}4 ({@damage 1d4 + 2}) fire damage."
					]
				},
				{
					"name": "Scalding Breath {@recharge}",
					"entries": [
						"The fume drake exhales a 15-foot cone of scalding steam. Each creature in that area must make a {@dc 11} Dexterity saving throw, taking 4 ({@damage 1d8}) fire damage on a failed save, or half as much damage on a successful one."
					]
				}
			],
			"traitTags": [
				"Death Burst",
				"Unusual Nature"
			],
			"senseTags": [
				"D"
			],
			"actionTags": [
				"Breath Weapon"
			],
			"languageTags": [
				"DR",
				"IG"
			],
			"damageTags": [
				"F",
				"I"
			],
			"miscTags": [
				"AOE",
				"MW"
			],
			"savingThrowForced": [
				"constitution",
				"dexterity"
			],
			"hasToken": true,
			"hasFluff": true
		},
		{
			"name": "Kobold Tinkerer",
			"source": "DoSI",
			"page": 43,
			"size": [
				"S"
			],
			"type": "humanoid",
			"alignment": [
				"A"
			],
			"ac": [
				12
			],
			"hp": {
				"average": 10,
				"formula": "3d6"
			},
			"speed": {
				"walk": 30,
				"fly": 10
			},
			"str": 7,
			"dex": 14,
			"con": 10,
			"int": 15,
			"wis": 7,
			"cha": 9,
			"skill": {
				"arcana": "+4",
				"perception": "+0"
			},
			"senses": [
				"darkvision 60 ft."
			],
			"passive": 10,
			"languages": [
				"Common",
				"Draconic"
			],
			"cr": "1/4",
			"trait": [
				{
					"name": "Inquiring Mind (1/Day)",
					"entries": [
						"The kobold can cast {@spell detect magic}, requiring no spell components and using Intelligence as the spellcasting ability."
					]
				},
				{
					"name": "Pack Tactics",
					"entries": [
						"The kobold has advantage on an attack roll against a creature if at least one of its allies is within 5 feet of the creature and the ally isn't {@condition incapacitated}."
					]
				},
				{
					"name": "Sunlight Sensitivity",
					"entries": [
						"While in sunlight, the kobold has disadvantage on attack rolls, as well as on Wisdom (Perception) checks that rely on sight."
					]
				}
			],
			"action": [
				{
					"name": "Dagger",
					"entries": [
						"{@atk mw,rw} {@hit 4} to hit, reach 5 ft. or range 20/60 ft., one target. {@h}4 ({@damage 1d4 + 2}) piercing damage."
					]
				},
				{
					"name": "Alchemical Flame {@recharge}",
					"entries": [
						"The kobold unleashes fire in a 15-foot cone. Each creature in that area must make a {@dc 12} Dexterity saving throw, taking 10 ({@damage 3d6}) fire damage on a failed saving throw, or half as much damage on a successful one."
					]
				}
			],
			"attachedItems": [
				"dagger|phb"
			],
			"traitTags": [
				"Pack Tactics",
				"Sunlight Sensitivity"
			],
			"senseTags": [
				"D"
			],
			"languageTags": [
				"C",
				"DR"
			],
			"damageTags": [
				"F",
				"P"
			],
			"miscTags": [
				"AOE",
				"MLW",
				"MW",
				"RW",
				"THW"
			],
			"savingThrowForced": [
				"dexterity"
			],
			"hasToken": true,
			"hasFluff": true
		},
		{
			"name": "Myla",
			"isNpc": true,
			"isNamedCreature": true,
			"source": "DoSI",
			"page": 9,
			"_copy": {
				"name": "Kobold Tinkerer",
				"source": "DoSI",
				"_mod": {
					"*": {
						"mode": "replaceTxt",
						"replace": "the kobold",
						"with": "Myla",
						"flags": "i"
					}
				}
			},
			"alignment": [
				"L",
				"G"
			],
			"hasToken": true
		},
		{
			"name": "Runara",
			"isNpc": true,
			"isNamedCreature": true,
			"source": "DoSI",
			"page": 40,
			"_copy": {
				"name": "Adult Bronze Dragon",
				"source": "MM",
				"_mod": {
					"*": {
						"mode": "replaceTxt",
						"replace": "the dragon",
						"with": "Runara",
						"flags": "i"
					},
					"action": [
						{
							"mode": "removeArr",
							"names": "Tail"
						},
						{
							"mode": "replaceArr",
							"replace": "Change Shape",
							"items": {
								"name": "Change Shape",
								"type": "entries",
								"entries": [
									"Runara magically transforms into a Humanoid or Beast that is Medium or Small, while retaining her game statistics (other than her size). This transformation ends if Runara is reduced to 0 hit points or uses a bonus action to end it."
								]
							}
						}
					]
				}
			},
			"cr": "13",
			"legendary": null,
			"hasToken": true,
			"hasFluff": true,
			"hasFluffImages": true
		},
		{
			"name": "Sinensa",
			"isNpc": true,
			"isNamedCreature": true,
			"source": "DoSI",
			"page": 45,
			"_copy": {
				"name": "Myconid Sovereign",
				"source": "MM",
				"_mod": {
					"*": {
						"mode": "replaceTxt",
						"replace": "the myconid",
						"with": "Sinensa",
						"flags": "i"
					},
					"action": [
						{
							"mode": "removeArr",
							"names": [
								"Animating Spores (3/Day)",
								"Pacifying Spores"
							]
						},
						{
							"mode": "replaceArr",
							"replace": "Multiattack",
							"items": {
								"name": "Multiattack",
								"type": "entries",
								"entries": [
									"The myconid makes one Fist attack and uses its Hallucination Spores."
								]
							}
						},
						{
							"mode": "replaceArr",
							"replace": "Fist",
							"items": {
								"name": "Fist",
								"type": "entries",
								"entries": [
									"{@atk mw} {@hit 3} to hit, reach 5 ft., one target. {@h}8 ({@damage 3d4 + 1}) bludgeoning damage plus 7 ({@damage 2d4}) poison damage."
								]
							}
						}
					]
				}
			},
			"hasToken": true,
			"hasFluff": true
		},
		{
			"name": "Spore Servant Octopus",
			"source": "DoSI",
			"page": 46,
			"size": [
				"L"
			],
			"type": "plant",
			"alignment": [
				"U"
			],
			"ac": [
				11
			],
			"hp": {
				"average": 52,
				"formula": "8d10 + 8"
			},
			"speed": {
				"walk": 5,
				"swim": 50
			},
			"str": 17,
			"dex": 13,
			"con": 13,
			"int": 2,
			"wis": 6,
			"cha": 1,
			"senses": [
				"blindsight 30 ft. (blind beyond this radius)"
			],
			"passive": 8,
			"conditionImmune": [
				"blinded",
				"charmed",
				"frightened",
				"paralyzed"
			],
			"cr": "1",
			"trait": [
				{
					"name": "Hold Breath",
					"entries": [
						"While out of water, the octopus can hold its breath for 1 hour."
					]
				},
				{
					"name": "Water Breathing",
					"entries": [
						"The octopus can breathe only underwater."
					]
				}
			],
			"action": [
				{
					"name": "Tentacles",
					"entries": [
						"{@atk mw} {@hit 5} to hit, reach 15 ft., one target {@h}7 ({@damage 1d8 + 3}) bludgeoning damage."
					]
				}
			],
			"traitTags": [
				"Hold Breath",
				"Water Breathing"
			],
			"senseTags": [
				"B"
			],
			"actionTags": [
				"Tentacles"
			],
			"damageTags": [
				"B"
			],
			"miscTags": [
				"MW",
				"RCH"
			],
			"hasToken": true,
			"hasFluff": true,
			"hasFluffImages": true
		},
		{
			"name": "Tarak",
			"isNpc": true,
			"isNamedCreature": true,
			"source": "DoSI",
			"page": 47,
			"size": [
				"M"
			],
			"type": {
				"type": "humanoid",
				"tags": [
					"human"
				]
			},
			"alignment": [
				"L",
				"N"
			],
			"ac": [
				13
			],
			"hp": {
				"average": 27,
				"formula": "6d8"
			},
			"speed": {
				"walk": 30
			},
			"str": 10,
			"dex": 16,
			"con": 10,
			"int": 12,
			"wis": 14,
			"cha": 16,
			"skill": {
				"deception": "+5",
				"insight": "+4",
				"medicine": "+4",
				"nature": "+3"
			},
			"passive": 12,
			"languages": [
				"Common",
				"Draconic",
				"Thieves' cant"
			],
			"cr": "1",
			"action": [
				{
					"name": "Multiattack",
					"entries": [
						"Tarak makes three Dagger attacks."
					]
				},
				{
					"name": "Dagger",
					"entries": [
						"{@atk mw,rw} {@hit 5} to hit, reach 5 ft. or range 20/60 ft., one target. {@h}5 ({@damage 1d4 + 3}) piercing damage."
					]
				}
			],
			"bonus": [
				{
					"name": "Cunning Action",
					"entries": [
						"Tarak takes the Dash, Disengage, or Hide action."
					]
				}
			],
			"attachedItems": [
				"dagger|phb"
			],
			"actionTags": [
				"Multiattack"
			],
			"languageTags": [
				"C",
				"DR",
				"TC"
			],
			"damageTags": [
				"P"
			],
			"miscTags": [
				"MLW",
				"MW",
				"RW",
				"THW"
			],
			"hasToken": true,
			"hasFluff": true
		},
		{
			"name": "Varnoth",
			"isNpc": true,
			"isNamedCreature": true,
			"source": "DoSI",
			"page": 47,
			"size": [
				"M"
			],
			"type": {
				"type": "humanoid",
				"tags": [
					"human"
				]
			},
			"alignment": [
				"N",
				"G"
			],
			"ac": [
				11
			],
			"hp": {
				"average": 39,
				"formula": "6d8 + 12"
			},
			"speed": {
				"walk": 30
			},
			"str": 16,
			"dex": 13,
			"con": 14,
			"int": 10,
			"wis": 11,
			"cha": 10,
			"skill": {
				"athletics": "+5",
				"history": "+2",
				"perception": "+2",
				"religion": "+2"
			},
			"passive": 12,
			"languages": [
				"Common"
			],
			"cr": "2",
			"action": [
				{
					"name": "Multiattack",
					"entries": [
						"Varnoth makes three Shortsword attacks."
					]
				},
				{
					"name": "Shortsword",
					"entries": [
						"{@atk mw} {@hit 5} to hit, reach 5 ft., one target. {@h}6 ({@damage 1d6 + 3}) piercing damage."
					]
				}
			],
			"attachedItems": [
				"shortsword|phb"
			],
			"actionTags": [
				"Multiattack"
			],
			"languageTags": [
				"C"
			],
			"damageTags": [
				"P"
			],
			"miscTags": [
				"MLW",
				"MW"
			],
			"hasToken": true,
			"hasFluff": true
		},
		{
			"name": "Violet Fungus",
			"source": "DoSI",
			"page": 48,
			"otherSources": [
				{
					"source": "PaBTSO"
				}
			],
			"_copy": {
				"name": "Violet Fungus",
				"source": "MM",
				"_mod": {
					"trait": [
						{
							"mode": "replaceArr",
							"replace": "False Appearance",
							"items": {
								"name": "False Appearance",
								"type": "entries",
								"entries": [
									"If the violet fungus is motionless at the start of combat, it has advantage on its initiative roll. Moreover, if a creature hasn't observed the fungus move or act, that creature must succeed on a DC 18 Intelligence ({@skill Investigation}) check to discern that the violet fungus isn't ordinary fungus."
								]
							}
						}
					]
				}
			},
			"hasToken": true,
			"hasFluff": true,
			"hasFluffImages": true
		}
	]
}
