{
	"data": [
		{
			"type": "section",
			"name": "Introduction",
			"page": 4,
			"entries": [
				"This bestiary is for storytellers and worldbuilders. If you have ever thought about running a Dungeons & Dragons game for your friends, either a single night's adventure or a long-running campaign, this tome contains page after page of inspiration. It's your one-stop shop for creatures both malevolent and benign.",
				"Some of the creatures that inhabit the worlds of D&D have origins rooted in real-world mythology and fantasy literature. Other creatures are D&D originals. The monsters in this book have been culled from all previous editions of the game. Herein you'll discover classic critters such as the beholder and the displacer beast next to more recent creations such as the chuul and the twig blight. Common beasts mingle with the weird, the terrifying, and the ridiculous. In collecting monsters from the past, we've endeavored to reflect the multifaceted nature of the game, warts and all. D&D monsters come in all shapes and sizes, with stories that not only thrill us but also make us smile.",
				"If you're an experienced Dungeon Master (DM), a few of the monster write-ups might surprise you, for we've gone into the {@i Monster Manuals} of yore and discovered some long-lost factoids. We've also added a few new twists. Naturally, you can do with these monsters what you will. Nothing we say here is intended to curtail your creativity. If the minotaurs in your world are shipbuilders and pirates, who are we to argue with you? It's your world, after all.",
				{
					"type": "section",
					"name": "How to Use This Book",
					"page": 4,
					"entries": [
						"The best thing about being a DM is that you get to invent your own fantasy world and bring it to life, and nothing brings a D&D world to life more than the creatures that inhabit it. You might read a monster's entry and be spurred to create an adventure revolving around it, or you might have an awesome idea for a dungeon and need just the right monsters to populate it. That's where the Monster Manual comes in handy.",
						"The {@i Monster Manual} is one of three books that form the foundation of the Dungeons & Dragons game, the other two being the {@i Player's Handbook} and the {@i Dungeon Master's Guide.}",
						"The {@i Monster Manual}, like the {@i Dungeon Master's Guide}, is a book for DMs. Use it to populate your D&D adventures with pesky goblins, stinky troglodytes, savage orcs, mighty dragons, and a veritable horde of creepy crawlies.",
						"Guidelines for creating encounters with monsters can be found in the {@i Dungeon Master's Guide}. That book also contains wandering monster tables and other goodies to help you use the monsters in this book in interesting ways, as well as advice for modifying monsters and creating your own.",
						"If you've never run a D&D adventure before, we recommend that you pick up the Dungeons & Dragons {@i Starter Set,} which demonstrates how to take a bunch of monsters and build an exciting adventure around them."
					],
					"id": "001"
				},
				{
					"type": "section",
					"name": "What Is a Monster?",
					"page": 4,
					"entries": [
						"A monster is defined as any creature that can be interacted with and potentially fought and killed. Even something as harmless as a frog or as benevolent as a unicorn is a monster by this definition. The term also applies to humans, elves, dwarves, and other civilized folk who might be friends or rivals to the player characters.",
						"Most of the monsters that haunt the D&D world, however, are threats that are meant to be stopped: rampaging demons, conniving devils, soul-sucking undead, summoned elementals-the list goes on.",
						{
							"type": "entries",
							"name": "Where Do Monsters Dwell?",
							"page": 4,
							"entries": [
								"If you are new to the D&D game, you might not be familiar with the weird and wondrous places where monsters can be found and fought.",
								{
									"type": "entries",
									"name": "Dungeons",
									"page": 4,
									"entries": [
										"When most people think of a dungeon, images of dark cells with iron bars and shackles spring to mind. In the D&D game, the word \"dungeon\" takes on a broader meaning to include any enclosed, monster-infested location. Most dungeons are sprawling underground complexes. Here are a few other examples:",
										{
											"type": "list",
											"items": [
												"A ruined wizard's tower atop a lonely hill riddled with goblin-infested tunnels",
												"A pharaoh's pyramid filled with haunted crypts and secret treasure vaults",
												"A lost city in the jungle, overgrown with vines and overrun with demons and demon-worshiping cultists",
												"The icy tomb of a frost giant king",
												"A filthy, labyrinthine sewer system controlled by a gang of wererats"
											]
										}
									],
									"id": "004"
								},
								{
									"type": "entries",
									"name": "The Underdark",
									"page": 4,
									"entries": [
										"There is no greater dungeon than the Underdark, the underworld beneath the surface world. It is a vast subterranean realm where monsters accustomed to darkness dwell. It is a place filled with lightless caverns connected by tunnels that wind ever downward. One could spend a lifetime (however brief!) exploring the Underdark and find such places as the following:",
										{
											"type": "list",
											"items": [
												"A mind flayer prison or asylum, filled with mindless thralls and raving lunatics",
												"A lost dwarven necropolis containing row after row of dusty tombs waiting to be plundered",
												"A fortified outpost bristling with armaments, guarding the way to a magnificent drow city",
												"A subterranean rift filled with giant fungi and ruled by a megalomaniacal beholder or mad fomorian king",
												"A chain of rocky islands on a vast, sunless sea that's home to aboleths and insane kuo-toa"
											]
										}
									],
									"id": "005"
								},
								{
									"type": "entries",
									"name": "The Wilderness",
									"page": 5,
									"entries": [
										"Not all monsters lurk underground. Many of them inhabit deserts, mountains, swamps, canyons, forests, and other natural settings. The wilderness can be just as dangerous as any dungeon, particularly when there's nowhere to hide! Some wilderness locations are just as memorable as any dungeon:",
										{
											"type": "list",
											"items": [
												"A roc's nest made of shattered ship hulls, built atop a lonely mountain or rocky hill",
												"A vast arctic tundra that serves as a hunting ground for berserkers and yeti",
												"A primeval forest protected by treants or corrupted by demon-worshiping gnolls",
												"A fog-shrouded swamp haunted by lizardfolk that worship a vile black dragon",
												"A jungle island inhabited by dinosaurs and human tribal warriors"
											]
										}
									],
									"id": "006"
								},
								{
									"type": "entries",
									"name": "Towns and Cities",
									"page": 5,
									"entries": [
										"Some of the best adventures unfold in the cradles of civilization. Urban settings afford adventurers the chance to rub shoulders with the rich and powerful, butt heads with the dregs of society, and peel back the veneer of civility to see the monstrous evil lurking beneath. Within a medieval town or city are places as deadly as any dungeon:",
										{
											"type": "list",
											"items": [
												"A clock tower that serves as a base for a guild of kenku rogues and assassins",
												"A slavers' den hidden in an orphanage run by a rakshasa disguised as the headmaster",
												"A wizard's academy rife with corruption and practitioners of the necromantic arts",
												"A noble's manor where rich, devil-worshiping cultists gather to perform sacrifices",
												"A temple, vault, or museum watched day and night by animated constructs"
											]
										}
									],
									"id": "007"
								},
								{
									"type": "entries",
									"name": "Underwater",
									"page": 5,
									"entries": [
										"Not all adventures take place on land. This book casts light on several creatures that haunt the oceans of the world, from the devilish sahuagin to the peaceful aquatic elves who loathe them. Within this aquatic domain are many surprising adventure locations:",
										{
											"type": "list",
											"items": [
												"A graveyard of sunken ships haunted by sharks, aquatic ghouls, and angry ghosts",
												"A storm giant's coral castle, beautiful yet foreboding",
												"A lost city on the sea floor, encased in a magic bubble of air and ruled by a medusa queen",
												"A kraken's cave or bronze dragon's cavernous lair, filled with ancient treasures",
												"A sunken temple of Sekolah, evil god of the sahuagin"
											]
										}
									],
									"id": "008"
								},
								{
									"type": "entries",
									"name": "The Planes of Existence",
									"page": 5,
									"entries": [
										"The Abyss. The Nine Hells. The City of Brass. Such faraway places beckon high-level adventurers to their doorsteps, defying the brave and the foolhardy to overthrow their evil masters and unlock their hidden mysteries. Many powerful, weird creatures live on other planes of existence, from orderly modrons to murderous demons. When it comes to interesting adventure locations, not even the sky is the limit when you pass beyond the boundaries of the world:",
										{
											"type": "list",
											"items": [
												"A pit fiend's stronghold on Avernus, the first layer of the Nine Hells",
												"A haunted castle in the Shadowfell that serves as a shadow dragon's lair",
												"An elf queen's tomb in the Feywild",
												"A djinni's palace on the Elemental Plane of Air, filled with marvelous stolen treasures",
												"A lich's secret demiplane, where the undead archmage hides its phylactery and spellbook"
											]
										},
										"See the {@i Dungeon Master's Guide} for more information on the planes of existence."
									],
									"id": "009"
								}
							],
							"id": "003"
						},
						{
							"type": "entries",
							"name": "What Monsters to Use?",
							"page": 6,
							"entries": [
								"Many monsters inhabit dungeons, while others live in deserts, forests, labyrinths, and other environments. Regardless of which environment a monster traditionally calls home, you can place it anywhere you want. After all, \"fish out of water\" stories are memorable, and sometimes it's fun to surprise players with gricks hiding under the desert sands or a dryad living in a giant mushroom in the Underdark.",
								{
									"type": "inset",
									"name": "Modifying Creatures",
									"page": 6,
									"entries": [
										"Despite the versatile collection of monsters in this book, you might be at a loss when it comes to finding the perfect creature for part of an adventure. Feel free to tweak an existing creature to make it into something more useful for you, perhaps by borrowing a trait or two from a different monster or by using a variant or template, such as the ones in this book. Keep in mind that modifying a monster, including when you apply a template to it, might change its challenge rating.",
										"For advice on how to customize creatures and calculate their challenge ratings, see the {@i Dungeon Master's Guide.}"
									],
									"id": "00b"
								}
							],
							"id": "00a"
						}
					],
					"id": "002"
				},
				{
					"type": "section",
					"name": "Statistics",
					"page": 6,
					"entries": [
						"A monster's statistics, sometimes referred to as its stat block, provide the essential information that you need to run the monster.",
						{
							"type": "entries",
							"name": "Size",
							"page": 6,
							"entries": [
								"A monster can be Tiny, Small, Medium, Large, Huge, or Gargantuan. The Size Categories table shows how much space a creature of a particular size controls in combat. See the 6 for more information on creature size and space.",
								{
									"type": "table",
									"caption": "Size Categories",
									"colLabels": [
										"Size",
										"Space",
										"Examples"
									],
									"colStyles": [
										"col-4",
										"col-4",
										"col-4"
									],
									"rows": [
										[
											"Tiny",
											"2½ by 2½ ft.",
											"{@creature Imp}, {@creature sprite}"
										],
										[
											"Small",
											"5 by 5 ft.",
											"{@creature Giant rat}, {@creature goblin}"
										],
										[
											"Medium",
											"5 by 5 ft.",
											"{@creature Orc}, {@creature werewolf}"
										],
										[
											"Large",
											"10 by 10 ft.",
											"{@creature Hippogriff}, {@creature ogre}"
										],
										[
											"Huge",
											"15 by 15 ft.",
											"{@creature Fire giant}, {@creature treant}"
										],
										[
											"Gargantuan",
											"20 by 20 ft. or larger",
											"{@creature Kraken}, {@creature purple worm}"
										]
									]
								}
							],
							"id": "00d"
						},
						{
							"type": "entries",
							"name": "Type",
							"page": 6,
							"entries": [
								"A monster's type speaks to its fundamental nature. Certain spells, magic items, class features, and other effects in the game interact in special ways with creatures of a particular type. For example, an arrow of dragon slaying deals extra damage not only to dragons but also other creatures of the dragon type, such as dragon turtles and wyverns.",
								"The game includes the following monster types, which have no rules of their own.",
								"{@b Aberrations} are utterly alien beings. Many of them have innate magical abilities drawn from the creature's alien mind rather than the mystical forces of the world. The quintessential aberrations are aboleths, beholders, mind flayers, and slaadi.",
								"{@b Beasts} are nonhumanoid creatures that are a natural part of the fantasy ecology. Some of them have magical powers, but most are unintelligent and lack any society or language. Beasts include all varieties of ordinary animals, dinosaurs, and giant versions of animals.",
								"{@b Celestials} are creatures native to the Upper Planes. Many of them are the servants of deities, employed as messengers or agents in the mortal realm and throughout the planes. Celestials are good by nature, so the exceptional celestial who strays from a good alignment is a horrifying rarity. Celestials include angels, couatls, and pegasi.",
								"{@b Constructs} are made, not born. Some are programmed by their creators to follow a simple set of instructions, while others are imbued with sentience and capable of independent thought. Golems are the iconic constructs. Many creatures native to the outer plane of Mechanus, such as modrons, are constructs shaped from the raw material of the plane by the will of more powerful creatures.",
								"{@b Dragons} are large reptilian creatures of ancient origin and tremendous power. True dragons, including the good metallic dragons and the evil chromatic dragons, are highly intelligent and have innate magic. Also in this category are creatures distantly related to true dragons, but less powerful, less intelligent, and less magical, such as wyverns and pseudodragons.",
								"{@b Elementals} are creatures native to the elemental planes. Some creatures of this type are little more than animate masses of their respective elements, including the creatures simply called elementals. Others have biological forms infused with elemental energy. The races of genies, including djinn and efreet, form the most important civilizations on the elemental planes. Other elemental creatures include azers, invisible stalkers, and water weirds.",
								"{@b Fey} are magical creatures closely tied to the forces of nature. They dwell in twilight groves and misty forests. In some worlds, they are closely tied to the Feywild, also called the Plane of Faerie. Some are also found in the Outer Planes, particularly the planes of Arborea and the Beastlands. Fey include dryads, pixies, and satyrs.",
								"{@b Fiends} are creatures of wickedness that are native to the Lower Planes. A few are the servants of deities, but many more labor under the leadership of archdevils and demon princes. Evil priests and mages sometimes summon fiends to the material world to do their bidding. If an evil celestial is a rarity, a good fiend is almost inconceivable. Fiends include demons, devils, hell hounds, rakshasas, and yugoloths.",
								"{@b Giants} tower over humans and their kind. They are humanlike in shape, though some have multiple heads (ettins) or deformities (fomorians). The six varieties of true giant are hill giants, stone giants, frost giants, fire giants, cloud giants, and storm giants. Besides these, creatures such as ogres and trolls are giants.",
								"{@b Humanoids} are the main peoples of the D&D world, both civilized and savage, including humans and a tremendous variety of other species. They have language and culture, few if any innate magical abilities (though most humanoids can learn spellcasting), and a bipedal form. The most common humanoid races are the ones most suitable as player characters: humans, dwarves, elves, and halflings. Almost as numerous but far more savage and brutal, and almost uniformly evil, are the races of goblinoids (goblins, hobgoblins, and bugbears), orcs, gnolls, lizardfolk, and kobolds.",
								"A variety of humanoids appear throughout this book, but the races detailed in the {@i Player's Handbook}-with the exception of drow-are dealt with in appendix B. That appendix gives you a number of stat blocks that you can use to make various members of those races.",
								"{@b Monstrosities} are monsters in the strictest sense-frightening creatures that are not ordinary, not truly natural, and almost never benign. Some are the results of magical experimentation gone awry (such as owlbears), and others are the product of terrible curses (including minotaurs and yuan-ti). They defy categorization, and in some sense serve as a catch-all category for creatures that don't fit into any other type.",
								"{@b Oozes} are gelatinous creatures that rarely have a fixed shape. They are mostly subterranean, dwelling in caves and dungeons and feeding on refuse, carrion, or creatures unlucky enough to get in their way. Black puddings and gelatinous cubes are among the most recognizable oozes.",
								"{@b Plants} in this context are vegetable creatures, not ordinary flora. Most of them are ambulatory, and some are carnivorous. The quintessential plants are the shambling mound and the treant. Fungal creatures such as the gas spore and the myconid also fall into this category.",
								"{@b Undead} are once-living creatures brought to a horrifying state of undeath through the practice of necromantic magic or some unholy curse. Undead include walking corpses, such as vampires and zombies, as well as bodiless spirits, such as ghosts and specters.",
								{
									"type": "entries",
									"name": "Tags",
									"page": 7,
									"entries": [
										"A monster might have one or more tags appended to its type, in parentheses. For example, an orc has the {@i humanoid (orc)} type. The parenthetical tags provide additional categorization for certain creatures. The tags have no rules of their own, but something in the game, such as a magic item, might refer to them. For instance, a spear that is especially effective at fighting demons would work against any monster that has the demon tag."
									],
									"id": "00f"
								}
							],
							"id": "00e"
						},
						{
							"type": "entries",
							"name": "Alignment",
							"page": 7,
							"entries": [
								"A monster's alignment provides a clue to its disposition and how it behaves in a roleplaying or combat situation. For example, a chaotic evil monster might be difficult to reason with and might attack characters on sight, whereas a neutral monster might be willing to negotiate. See the {@i Player's Handbook} for descriptions of the different alignments.",
								"The alignment specified in a monster's stat block is the default. Feel free to depart from it and change a monster's alignment to suit the needs of your campaign. If you want a good-aligned green dragon or an evil storm giant, there's nothing stopping you. Some creatures can have any alignment. In other words, you choose the monster's alignment. Some monster's alignment entry indicates a tendency or aversion toward law, chaos, good, or evil. For example, a berserker can be any chaotic alignment (chaotic good, chaotic neutral, or chaotic evil), as befits its wild nature.",
								"Many creatures of low intelligence have no comprehension of law or chaos, good or evil. They don't make moral or ethical choices, but rather act on instinct. These creatures are unaligned, which means they don't have an alignment."
							],
							"id": "010"
						},
						{
							"type": "entries",
							"name": "Armor Class",
							"page": 7,
							"entries": [
								"A monster that wears armor or carries a shield has an Armor Class (AC) that takes its armor, shield, and Dexterity into account. Otherwise, a monster's AC is based on its Dexterity modifier and natural armor, if any. If a monster has natural armor, wears armor, or carries a shield, this is noted in parentheses after its AC value."
							],
							"id": "011"
						},
						{
							"type": "entries",
							"name": "Hit Points",
							"page": 7,
							"entries": [
								"A monster usually dies or is destroyed when it drops to 0 hit points. For more on hit points, see the {@i Player's Handbook.}",
								"A monster's hit points are presented both as a die expression and as an average number. For example, a monster with {@dice 2d8} hit points has 9 hit points on average (2 × 4½).",
								"A monster's size determines the die used to calculate its hit points, as shown in the Hit Dice by Size table.",
								"A monster's Constitution modifier also affects the number of hit points it has. Its Constitution modifier is multiplied by the number of Hit Dice it possesses, and the result is added to its hit points. For example, if a monster has a Constitution of 12 (+1 modifier) and {@dice 2d8} Hit Dice, it has {@dice 2d8 + 2} hit points (average 11).",
								{
									"type": "table",
									"caption": "Hit Dice by Size",
									"colLabels": [
										"Monster Size",
										"Hit Die",
										"Average HP per Die"
									],
									"colStyles": [
										"col-4",
										"col-4 text-center",
										"col-4 text-center"
									],
									"rows": [
										[
											"Tiny",
											"{@dice d4}",
											"2½"
										],
										[
											"Small",
											"{@dice d6}",
											"3½"
										],
										[
											"Medium",
											"{@dice d8}",
											"4½"
										],
										[
											"Large",
											"{@dice d10}",
											"5½"
										],
										[
											"Huge",
											"{@dice d12}",
											"6½"
										],
										[
											"Gargantuan",
											"{@dice d20}",
											"10½"
										]
									]
								}
							],
							"id": "012"
						},
						{
							"type": "entries",
							"name": "Speed",
							"page": 8,
							"entries": [
								"A monster's speed tells you how far it can move on its turn. For more information on speed, see the {@i Player's Handbook.}",
								"All creatures have a walking speed, simply called the monster's speed. Creatures that have no form of ground-based locomotion have a walking speed of 0 feet.",
								"Some creatures have one or more of the following additional movement modes.",
								{
									"type": "entries",
									"name": "Burrow",
									"page": 8,
									"entries": [
										"A monster that has a burrowing speed can use that speed to move through sand, earth, mud, or ice. A monster can't burrow through solid rock unless it has a special trait that allows it to do so."
									],
									"id": "014"
								},
								{
									"type": "entries",
									"name": "Climb",
									"page": 8,
									"entries": [
										"A monster that has a climbing speed can use all or part of its movement to move on vertical surfaces. The monster doesn't need to spend extra movement to climb."
									],
									"id": "015"
								},
								{
									"type": "entries",
									"name": "Fly",
									"page": 8,
									"entries": [
										"A monster that has a flying speed can use all or part of its movement to fly. Some monsters have the ability to hover, which makes them hard to knock out of the air (as explained in the rules on flying in the {@i Player's Handbook}). Such a monster stops hovering when it dies."
									],
									"id": "016"
								},
								{
									"type": "entries",
									"name": "Swim",
									"page": 8,
									"entries": [
										"A monster that has a swimming speed doesn't need to spend extra movement to swim."
									],
									"id": "017"
								}
							],
							"id": "013"
						},
						{
							"type": "entries",
							"name": "Ability Scores",
							"page": 8,
							"entries": [
								"Every monster has six ability scores (Strength, Dexterity, Constitution, Intelligence, Wisdom, and Charisma) and corresponding modifiers. For more information on ability scores and how they're used in play, see the {@i Player's Handbook.}"
							],
							"id": "018"
						},
						{
							"type": "entries",
							"name": "Saving Throws",
							"page": 8,
							"entries": [
								"The Saving Throws entry is reserved for creatures that are adept at resisting certain kinds of effects. For example, a creature that isn't easily {@condition charmed} or {@condition frightened} might gain a bonus on its Wisdom saving throws. Most creatures don't have special saving throw bonuses, in which case this section is absent.",
								"A saving throw bonus is the sum of a monster's relevant ability modifier and its proficiency bonus, which is determined by the monster's challenge rating (as shown in the Proficiency Bonus by Challenge Rating table).",
								{
									"type": "table",
									"caption": "Proficiency Bonus by Challenge Rating",
									"colLabels": [
										"Challenge",
										"Proficiency Bonus",
										"Challenge",
										"Proficiency Bonus"
									],
									"colStyles": [
										"col-3 text-center",
										"col-3 text-center",
										"col-3 text-center",
										"col-3 text-center"
									],
									"rows": [
										[
											"0",
											"+2",
											"14",
											"+5"
										],
										[
											"1/8",
											"+2",
											"15",
											"+5"
										],
										[
											"1/4",
											"+2",
											"16",
											"+5"
										],
										[
											"1/2",
											"+2",
											"17",
											"+6"
										],
										[
											"1",
											"+2",
											"18",
											"+6"
										],
										[
											"2",
											"+2",
											"19",
											"+6"
										],
										[
											"3",
											"+2",
											"20",
											"+6"
										],
										[
											"4",
											"+2",
											"21",
											"+7"
										],
										[
											"5",
											"+3",
											"22",
											"+7"
										],
										[
											"6",
											"+3",
											"23",
											"+7"
										],
										[
											"7",
											"+3",
											"24",
											"+7"
										],
										[
											"8",
											"+3",
											"25",
											"+8"
										],
										[
											"9",
											"+4",
											"26",
											"+8"
										],
										[
											"10",
											"+4",
											"27",
											"+8"
										],
										[
											"11",
											"+4",
											"28",
											"+8"
										],
										[
											"12",
											"+4",
											"29",
											"+9"
										],
										[
											"13",
											"+5",
											"30",
											"+9"
										]
									]
								}
							],
							"id": "019"
						},
						{
							"type": "entries",
							"name": "Skills",
							"page": 8,
							"entries": [
								"The Skills entry is reserved for monsters that are proficient in one or more skills. For example, a monster that is very perceptive and stealthy might have bonuses to Wisdom ({@skill Perception}) and Dexterity ({@skill Stealth}) checks.",
								"A skill bonus is the sum of a monster's relevant ability modifier and its proficiency bonus, which is determined by the monster's challenge rating (as shown in the Proficiency Bonus by Challenge Rating table). Other modifiers might apply. For instance, a monster might have a larger-than-expected bonus (usually double its proficiency bonus) to account for its heightened expertise."
							],
							"id": "01a"
						},
						{
							"type": "entries",
							"name": "Vulnerabilities, Resistances, and Immunities",
							"page": 8,
							"entries": [
								"Some creatures have vulnerability, resistance, or immunity to certain types of damage. Particular creatures are even resistant or immune to damage from nonmagical attacks (a magical attack is an attack delivered by a spell, a magic item, or another magical source). In addition, some creatures are immune to certain conditions."
							],
							"id": "01b"
						},
						{
							"type": "entries",
							"name": "Senses",
							"page": 8,
							"entries": [
								"The Senses entry notes a monster's passive Wisdom ({@skill Perception}) score, as well as any special senses the monster might have. Special senses are described below.",
								{
									"type": "entries",
									"name": "Blindsight",
									"page": 8,
									"entries": [
										"A monster with {@sense blindsight} can perceive its surroundings without relying on sight, within a specific radius. Creatures without eyes, such as grimlocks and gray oozes, typically have this special sense, as do creatures with echolocation or heightened senses, such as bats and true dragons.",
										"If a monster is naturally blind, it has a parenthetical note to this effect, indicating that the radius of its {@sense blindsight} defines the maximum range of its perception."
									],
									"id": "01d"
								},
								{
									"type": "entries",
									"name": "Darkvision",
									"page": 9,
									"entries": [
										"A monster with {@sense darkvision} can see in the dark within a specific radius. The monster can see in dim light within the radius as if it were bright light, and in darkness as if it were dim light. The monster can't discern color in darkness, only shades of gray. Many creatures that live underground have this special sense."
									],
									"id": "01e"
								},
								{
									"type": "entries",
									"name": "Tremorsense",
									"page": 9,
									"entries": [
										"A monster with {@sense tremorsense|MM} can detect and pinpoint the origin of vibrations within a specific radius, provided that the monster and the source of the vibrations are in contact with the same ground or substance. Tremorsense can't be used to detect flying or incorporeal creatures. Many burrowing creatures, such as ankhegs and umber hulks, have this special sense."
									],
									"id": "01f"
								},
								{
									"type": "entries",
									"name": "Truesight",
									"page": 9,
									"entries": [
										"A monster with {@sense truesight} can, out to a specific range, see in normal and magical darkness, see {@condition invisible} creatures and objects, automatically detect visual illusions and succeed on saving throws against them, and perceive the original form of a shapechanger or a creature that is transformed by magic. Furthermore, the monster can see into the Ethereal Plane within the same range."
									],
									"id": "020"
								}
							],
							"id": "01c"
						},
						{
							"type": "entries",
							"name": "Languages",
							"page": 9,
							"entries": [
								"The languages that a monster can speak are listed in alphabetical order. Sometimes a monster can understand a language but can't speak it, and this is noted in its entry. A \"\u2014\" indicates that a creature neither speaks nor understands any language.",
								{
									"type": "entries",
									"name": "Telepathy",
									"page": 9,
									"entries": [
										"Telepathy is a magical ability that allows a monster to communicate mentally with another creature within a specified range. The contacted creature doesn't need to share a language with the monster to communicate in this way with it, but it must be able to understand at least one language. A creature without telepathy can receive and respond to telepathic messages but can't initiate or terminate a telepathic conversation.",
										"A telepathic monster doesn't need to see a contacted creature and can end the telepathic contact at any time. The contact is broken as soon as the two creatures are no longer within range of each other or if the telepathic monster contacts a different creature within range. A telepathic monster can initiate or terminate a telepathic conversation without using an action, but while the monster is {@condition incapacitated}, it can't initiate telepathic contact, and any current contact is terminated.",
										"A creature within the area of an antimagic field or in any other location where magic doesn't function can't send or receive telepathic messages."
									],
									"id": "022"
								}
							],
							"id": "021"
						},
						{
							"type": "inset",
							"name": "Armor, Weapon, and Tool Proficiencies",
							"page": 9,
							"entries": [
								"Assume that a creature is proficient with its armor, weapons, and tools. If you swap them out, you decide whether the creature is proficient with its new equipment.",
								"For example, a hill giant typically wears hide armor and wields a greatclub. You could equip a hill giant with chain mail and a greataxe instead, and assume the giant is proficient with both, one or the other, or neither.",
								"See the {@i Player's Handbook} for rules on using armor or weapons without proficiency."
							],
							"id": "023"
						},
						{
							"type": "entries",
							"name": "Challenge",
							"page": 9,
							"entries": [
								"A monster's challenge rating tells you how great a threat the monster is. An appropriately equipped and well-rested party of four adventurers should be able to defeat a monster that has a challenge rating equal to its level without suffering any deaths. For example, a party of four 3rd-level characters should find a monster with a challenge rating of 3 to be a worthy challenge, but not a deadly one.",
								"Monsters that are significantly weaker than 1st-level characters have a challenge rating lower than 1.",
								"Monsters with a challenge rating of 0 are insignificant except in large numbers; those with no effective attacks are worth no experience points, while those that have attacks are worth 10 XP each.",
								"Some monsters present a greater challenge than even a typical 20th-level party can handle. These monsters have a challenge rating of 21 or higher and are specifically designed to test player skill.",
								{
									"type": "entries",
									"name": "Experience Points",
									"page": 9,
									"entries": [
										"The number of experience points (XP) a monster is worth is based on its challenge rating. Typically, XP is awarded for defeating the monster, although the DM may also award XP for neutralizing the threat posed by the monster in some other manner.",
										"Unless something tells you otherwise, a monster summoned by a spell or other magical ability is worth the XP noted in its stat block.",
										"The {@i Dungeon Master's Guide} explains how to create encounters using XP budgets, as well as how to adjust an encounter's difficulty.",
										{
											"type": "table",
											"caption": "Experience Points by Challenge Rating",
											"colLabels": [
												"Challenge",
												"XP",
												"Challenge",
												"XP"
											],
											"colStyles": [
												"col-3 text-center",
												"col-3 text-center",
												"col-3 text-center",
												"col-3 text-center"
											],
											"rows": [
												[
													"0",
													"0 or 10",
													"14",
													"11,500"
												],
												[
													"1/8",
													"25",
													"15",
													"13,000"
												],
												[
													"1/4",
													"50",
													"16",
													"15,000"
												],
												[
													"1/2",
													"100",
													"17",
													"18,000"
												],
												[
													"1",
													"200",
													"18",
													"20,000"
												],
												[
													"2",
													"450",
													"19",
													"22,000"
												],
												[
													"3",
													"700",
													"20",
													"25,000"
												],
												[
													"4",
													"1,100",
													"21",
													"33,000"
												],
												[
													"5",
													"1,800",
													"22",
													"41,000"
												],
												[
													"6",
													"2,300",
													"23",
													"50,000"
												],
												[
													"7",
													"2,900",
													"24",
													"62,000"
												],
												[
													"8",
													"3,900",
													"25",
													"75,000"
												],
												[
													"9",
													"5,000",
													"26",
													"90,000"
												],
												[
													"10",
													"5,900",
													"27",
													"105,000"
												],
												[
													"11",
													"7,200",
													"28",
													"120,000"
												],
												[
													"12",
													"8,400",
													"29",
													"135,000"
												],
												[
													"13",
													"10,000",
													"30",
													"155,000"
												]
											]
										}
									],
									"id": "025"
								}
							],
							"id": "024"
						},
						{
							"type": "entries",
							"name": "Special Traits",
							"page": 10,
							"entries": [
								"Special traits (which appear after a monster's challenge rating but before any actions or reactions) are characteristics that are likely to be relevant in a combat encounter and that require some explanation.",
								{
									"type": "entries",
									"name": "Innate Spellcasting",
									"page": 10,
									"entries": [
										"A monster with the innate ability to cast spells has the Innate Spellcasting special trait. Unless noted otherwise. an innate spell of 1st level or higher is always cast at its lowest possible level and can't be cast at a higher level. If a monster has a cantrip where its level matters and no level is given, use the monster's challenge rating.",
										"An innate spell can have special rules or restrictions. For example, a drow mage can innately cast the {@spell levitate} spell, but the spell has a \"self only\" restriction, which means that the spell affects only the drow mage.",
										"A monster's innate spells can't be swapped out with other spells. If a monster's innate spells don't require attack rolls, no attack bonus is given for them."
									],
									"id": "027"
								},
								{
									"type": "entries",
									"name": "Spellcasting",
									"page": 10,
									"entries": [
										"A monster with the Spellcasting special trait has a spellcaster level and spell slots, which it uses to cast its spells of 1st level and higher (as explained in the {@i Player's Handbook}). The spellcaster level is also used for any cantrips included in the feature.",
										"The monster has a list of spells known or prepared from a specific class. The list might also include spells from a feature in that class, such as the Divine Domain feature of the cleric or the Druid Circle feature of the druid. The monster is considered a member of that class when attuning to or using a magic item that requires membership in the class or access to its spell list.",
										"A monster can cast a spell from its list at a higher level if it has the spell slot to do so. For example, a drow mage with the 3rd level {@spell lightning bolt} spell can cast it as a 5th-level spell by using one of its 5th-level spell slots.",
										"You can change the spells that a monster knows or has prepared, replacing any spell on its spell list with a spell of the same level and from the same class list. If you do so. you might cause the monster to be a greater or lesser threat than suggested by its challenge rating."
									],
									"id": "028"
								},
								{
									"type": "entries",
									"name": "Psionics",
									"page": 10,
									"entries": [
										"A monster that casts spells using only the power of its mind has the psionics tag added to its Spellcasting or Innate Spellcasting special trait. This tag carries no special rules of its own, but other parts of the game might refer to it. A monster that has this tag typically doesn't require any components to cast its spells."
									],
									"id": "029"
								}
							],
							"id": "026"
						},
						{
							"type": "entries",
							"name": "Actions",
							"page": 10,
							"entries": [
								"When a monster takes its action, it can choose from the options in the Actions section of its stat block or use one of the actions available to all creatures, such as the {@action Dash} or {@action Hide} action, as described in the {@i Player's Handbook.}",
								{
									"type": "entries",
									"name": "Melee and Ranged Attacks",
									"page": 10,
									"entries": [
										"The most common actions that a monster will take in combat are melee and ranged attacks. These can be spell attacks or weapon attacks, where the \"weapon\" might be a manufactured item or a natural weapon, such as a claw or tail spike. For more information on different kinds of attacks, see the {@i Player's Handbook.}",
										{
											"type": "entries",
											"name": "Creature vs. Target",
											"page": 11,
											"entries": [
												"The target of a melee or ranged attack is usually either one creature or one target, the difference being that a \"target\" can be a creature or an object."
											],
											"id": "02c"
										},
										{
											"type": "entries",
											"name": "Hit",
											"page": 11,
											"entries": [
												"Any damage dealt or other effects that occur as a result of an attack hitting a target are described after the \"Hit\" notation. You have the option of taking average damage or rolling the damage; for this reason, both the average damage and the die expression are presented."
											],
											"id": "02d"
										},
										{
											"type": "entries",
											"name": "Miss",
											"page": 11,
											"entries": [
												"If an attack has an effect that occurs on a miss, that information is presented after the \"Miss:\" notation."
											],
											"id": "02e"
										}
									],
									"id": "02b"
								},
								{
									"type": "entries",
									"name": "Multiattack",
									"page": 11,
									"entries": [
										"A creature that can make multiple attacks on its turn has the Multiattack ability. A creature can't use Multiattack when making an opportunity attack, which must be a single melee attack."
									],
									"id": "02f"
								},
								{
									"type": "entries",
									"name": "Ammunition",
									"page": 11,
									"entries": [
										"A monster carries enough ammunition to make its ranged attacks. You can assume that a monster has {@dice 2d4} pieces of ammunition for a thrown weapon attack, and {@dice 2d10} pieces of ammunition for a projectile weapon such as a bow or crossbow."
									],
									"id": "030"
								}
							],
							"id": "02a"
						},
						{
							"type": "entries",
							"name": "Reactions",
							"page": 11,
							"entries": [
								"If a monster can do something special with its reaction, that information is contained here. If a creature has no special reaction, this section is absent."
							],
							"id": "031"
						},
						{
							"type": "entries",
							"name": "Limited Usage",
							"page": 11,
							"entries": [
								"Some special abilities have restrictions on the number of times they can be used.",
								{
									"type": "entries",
									"entries": [
										{
											"type": "entries",
											"name": "X/Day",
											"page": 11,
											"entries": [
												"The notation \"X/Day\" means a special ability can be used X number of times and that a monster must finish a long rest to regain expended uses. For example, \"1/Day\" means a special ability can be used once and that the monster must finish a long rest to use it again."
											],
											"id": "034"
										},
										{
											"type": "entries",
											"name": "Recharge X-Y",
											"page": 11,
											"entries": [
												"The notation \"Recharge X-Y\" means a monster can use a special ability once and that the ability then has a random chance of recharging during each subsequent round of combat. At the start of each of the monster's turns, roll a {@dice d6}. If the roll is one of the numbers in the recharge notation, the monster regains the use of the special ability. The ability also recharges when the monster finishes a short or long rest. For example, \"Recharge 5-6\" means a monster can use the special ability once. Then, at the start of the monster's turn, it regains the use of that ability if it rolls a 5 or 6 on a {@dice d6}."
											],
											"id": "035"
										},
										{
											"type": "entries",
											"name": "Recharge after a Short or Long Rest",
											"page": 11,
											"entries": [
												"This notation means that a monster can use a special ability once and then must finish a short or long rest to use it again."
											],
											"id": "036"
										}
									],
									"id": "033"
								}
							],
							"id": "032"
						},
						{
							"type": "inset",
							"name": "Grapple Rules for Monsters",
							"page": 11,
							"entries": [
								"Many monsters have special attacks that allow them to quickly grapple prey. When a monster hits with such an attack, it doesn't need to make an additional ability check to determine whether the grapple succeeds, unless the attack says otherwise.",
								"A creature {@condition grappled} by the monster can use its action to try to escape. To do so, it must succeed on a Strength ({@skill Athletics}) or Dexterity ({@skill Acrobatics}) check against the escape DC in the monster's stat block. If no escape DC is given, assume the DC is 10 + the monster's Strength ({@skill Athletics}) modifier."
							],
							"id": "037"
						},
						{
							"type": "entries",
							"name": "Equipment",
							"page": 11,
							"entries": [
								"A stat block rarely refers to equipment, other than armor or weapons used by a monster. A creature that customarily wears clothes, such as a humanoid, is assumed to be dressed appropriately.",
								"You can equip monsters with additional gear and trinkets however you like, using the equipment chapter of the {@i Player's Handbook} for inspiration, and you decide how much of a monster's equipment is recoverable after the creature is slain and whether any of that equipment is still usable. A battered suit of armor made for a monster is rarely usable by someone else, for instance.",
								"If a spellcasting monster needs material components to cast its spells, assume that it has the material components it needs to cast the spells in its stat block."
							],
							"id": "038"
						}
					],
					"id": "00c"
				},
				{
					"type": "section",
					"name": "Legendary Creatures",
					"page": 11,
					"entries": [
						"A legendary creature can do things that ordinary creatures can't. Legendary creatures can take special actions outside their turns, and a few can exert power over their environment, causing extraordinary magical effects to occur in their vicinity.",
						"If a creature assumes the form of a legendary creature, such as through a spell, it doesn't gain that form's legendary actions, lair actions, or regional effects.",
						{
							"type": "entries",
							"name": "Legendary Actions",
							"page": 11,
							"entries": [
								"A legendary creature can take a certain number of special actions-called legendary actions-outside its turn. Only one legendary action option can be used at a time and only at the end of another creature's turn. A legendary creature regains spent legendary actions at the start of its turn. It can forgo using them, and it can't use them while {@condition incapacitated} or otherwise unable to take actions. If {@status surprised}, it can't use them until after its first turn in the combat."
							],
							"id": "03a"
						},
						{
							"type": "entries",
							"name": "A Legendary Creature's Lair",
							"page": 11,
							"entries": [
								"A legendary creature might have a section describing its lair and the special effects it can create while there, either by act of will or simply by being present. Not all legendary creatures have lairs. This section only applies to legendary creatures that spend a great deal of time in their lairs and are most likely to be encountered there.",
								{
									"type": "entries",
									"name": "Lair Actions",
									"page": 11,
									"entries": [
										"If a legendary creature has lair actions, it can use them to harness the ambient magic in its lair. On initiative count 20 (losing all initiative ties), it can use one of its lair action options. It can't do so while {@condition incapacitated} or otherwise unable to take actions. If {@status surprised}, it can't use one until after its first turn in the combat."
									],
									"id": "03c"
								},
								{
									"type": "entries",
									"name": "Regional Effects",
									"page": 11,
									"entries": [
										"The mere presence of a legendary creature can have strange and wondrous effects on its environment, as noted in this section. Regional effects end abruptly or dissipate over time when the legendary creature dies."
									],
									"id": "03d"
								}
							],
							"id": "03b"
						}
					],
					"id": "039"
				},
				{
					"type": "section",
					"entries": [
						{
							"type": "list",
							"columns": 4,
							"items": [
								"{@creature Aarakocra}",
								"{@creature Aboleth}",
								"{@creature Abominable Yeti}",
								"{@creature Adult Black Dragon}",
								"{@creature Adult Blue Dracolich}",
								"{@creature Adult Blue Dragon}",
								"{@creature Adult Brass Dragon}",
								"{@creature Adult Bronze Dragon}",
								"{@creature Adult Copper Dragon}",
								"{@creature Adult Gold Dragon}",
								"{@creature Adult Green Dragon}",
								"{@creature Adult Red Dragon}",
								"{@creature Adult Silver Dragon}",
								"{@creature Adult White Dragon}",
								"{@creature Air Elemental}",
								"{@creature Allosaurus}",
								"{@creature Ancient Black Dragon}",
								"{@creature Ancient Blue Dragon}",
								"{@creature Ancient Brass Dragon}",
								"{@creature Ancient Bronze Dragon}",
								"{@creature Ancient Copper Dragon}",
								"{@creature Ancient Gold Dragon}",
								"{@creature Ancient Green Dragon}",
								"{@creature Ancient Red Dragon}",
								"{@creature Ancient Silver Dragon}",
								"{@creature Ancient White Dragon}",
								"{@creature Androsphinx}",
								"{@creature Animated Armor}",
								"{@creature Ankheg}",
								"{@creature Ankylosaurus}",
								"{@creature Arcanaloth}",
								"{@creature Azer}",
								"{@creature Balor}",
								"{@creature Banshee}",
								"{@creature Barbed Devil}",
								"{@creature Barlgura}",
								"{@creature Basilisk}",
								"{@creature Bearded Devil}",
								"{@creature Behir}",
								"{@creature Beholder}",
								"{@creature Beholder Zombie}",
								"{@creature Black Dragon Wyrmling}",
								"{@creature Black Pudding}",
								"{@creature Blue Dragon Wyrmling}",
								"{@creature Blue Slaad}",
								"{@creature Bone Devil}",
								"{@creature Bone Naga (Guardian)}",
								"{@creature Bone Naga (Spirit)}",
								"{@creature Brass Dragon Wyrmling}",
								"{@creature Bronze Dragon Wyrmling}",
								"{@creature Bugbear}",
								"{@creature Bugbear Chief}",
								"{@creature Bulette}",
								"{@creature Bullywug}",
								"{@creature Cambion}",
								"{@creature Carrion Crawler}",
								"{@creature Cave Bear}",
								"{@creature Centaur}",
								"{@creature Chain Devil}",
								"{@creature Chasme}",
								"{@creature Chimera}",
								"{@creature Chuul}",
								"{@creature Clay Golem}",
								"{@creature Cloaker}",
								"{@creature Cloud Giant}",
								"{@creature Cockatrice}",
								"{@creature Copper Dragon Wyrmling}",
								"{@creature Couatl}",
								"{@creature Crawling Claw}",
								"{@creature Cyclops}",
								"{@creature Dao}",
								"{@creature Darkmantle}",
								"{@creature Death Knight}",
								"{@creature Death Slaad}",
								"{@creature Death Tyrant}",
								"{@creature Deep Gnome (Svirfneblin)}",
								"{@creature Demilich}",
								"{@creature Deva}",
								"{@creature Displacer Beast}",
								"{@creature Djinni}",
								"{@creature Doppelganger}",
								"{@creature Dragon Turtle}",
								"{@creature Dretch}",
								"{@creature Drider}",
								"{@creature Drow}",
								"{@creature Drow Elite Warrior}",
								"{@creature Drow Mage}",
								"{@creature Drow Priestess of Lolth}",
								"{@creature Dryad}",
								"{@creature Duergar}",
								"{@creature Duodrone}",
								"{@creature Dust Mephit}",
								"{@creature Earth Elemental}",
								"{@creature Efreeti}",
								"{@creature Empyrean}",
								"{@creature Erinyes}",
								"{@creature Ettercap}",
								"{@creature Ettin}",
								"{@creature Faerie Dragon (Blue)}",
								"{@creature Faerie Dragon (Green)}",
								"{@creature Faerie Dragon (Indigo)}",
								"{@creature Faerie Dragon (Orange)}",
								"{@creature Faerie Dragon (Red)}",
								"{@creature Faerie Dragon (Violet)}",
								"{@creature Faerie Dragon (Yellow)}",
								"{@creature Fire Elemental}",
								"{@creature Fire Giant}",
								"{@creature Fire Snake}",
								"{@creature Flameskull}",
								"{@creature Flesh Golem}",
								"{@creature Flumph}",
								"{@creature Flying Sword}",
								"{@creature Fomorian}",
								"{@creature Frost Giant}",
								"{@creature Galeb Duhr}",
								"{@creature Gargoyle}",
								"{@creature Gas Spore}",
								"{@creature Gelatinous Cube}",
								"{@creature Ghast}",
								"{@creature Ghost}",
								"{@creature Ghoul}",
								"{@creature Gibbering Mouther}",
								"{@creature Githyanki Knight}",
								"{@creature Githyanki Warrior}",
								"{@creature Githzerai Monk}",
								"{@creature Githzerai Zerth}",
								"{@creature Glabrezu}",
								"{@creature Gnoll}",
								"{@creature Gnoll Fang of Yeenoghu}",
								"{@creature Gnoll Pack Lord}",
								"{@creature Goblin}",
								"{@creature Goblin Boss}",
								"{@creature Gold Dragon Wyrmling}",
								"{@creature Gorgon}",
								"{@creature Goristro}",
								"{@creature Gray Ooze}",
								"{@creature Gray Slaad}",
								"{@creature Green Dragon Wyrmling}",
								"{@creature Green Hag}",
								"{@creature Green Slaad}",
								"{@creature Grell}",
								"{@creature Grick}",
								"{@creature Grick Alpha}",
								"{@creature Griffon}",
								"{@creature Grimlock}",
								"{@creature Guardian Naga}",
								"{@creature Gynosphinx}",
								"{@creature Half-Ogre (Ogrillon)}",
								"{@creature Half-Red Dragon Veteran}",
								"{@creature Harpy}",
								"{@creature Hell Hound}",
								"{@creature Helmed Horror}",
								"{@creature Hezrou}",
								"{@creature Hill Giant}",
								"{@creature Hippogriff}",
								"{@creature Hobgoblin}",
								"{@creature Hobgoblin Captain}",
								"{@creature Hobgoblin Warlord}",
								"{@creature Homunculus}",
								"{@creature Hook Horror}",
								"{@creature Horned Devil}",
								"{@creature Hydra}",
								"{@creature Ice Devil}",
								"{@creature Ice Mephit}",
								"{@creature Imp}",
								"{@creature Incubus}",
								"{@creature Intellect Devourer}",
								"{@creature Invisible Stalker}",
								"{@creature Iron Golem}",
								"{@creature Jackalwere}",
								"{@creature Kenku}",
								"{@creature Kobold}",
								"{@creature Kraken}",
								"{@creature Kuo-toa}",
								"{@creature Kuo-toa Archpriest}",
								"{@creature Kuo-toa Monitor}",
								"{@creature Kuo-toa Whip}",
								"{@creature Lamia}",
								"{@creature Lemure}",
								"{@creature Lich}",
								"{@creature Lizard King}",
								"{@creature Lizard Queen}",
								"{@creature Lizardfolk}",
								"{@creature Lizardfolk Shaman}",
								"{@creature Magma Mephit}",
								"{@creature Magmin}",
								"{@creature Manes}",
								"{@creature Manticore}",
								"{@creature Marid}",
								"{@creature Marilith}",
								"{@creature Medusa}",
								"{@creature Merfolk}",
								"{@creature Merrow}",
								"{@creature Mezzoloth}",
								"{@creature Mimic}",
								"{@creature Mind Flayer}",
								"{@creature Mind Flayer Arcanist}",
								"{@creature Minotaur}",
								"{@creature Minotaur Skeleton}",
								"{@creature Monodrone}",
								"{@creature Mud Mephit}",
								"{@creature Mummy}",
								"{@creature Mummy Lord}",
								"{@creature Myconid Adult}",
								"{@creature Myconid Sovereign}",
								"{@creature Myconid Sprout}",
								"{@creature Nalfeshnee}",
								"{@creature Needle Blight}",
								"{@creature Night Hag}",
								"{@creature Nightmare}",
								"{@creature Nothic}",
								"{@creature Nycaloth}",
								"{@creature Ochre Jelly}",
								"{@creature Ogre}",
								"{@creature Ogre Zombie}",
								"{@creature Oni}",
								"{@creature Orc}",
								"{@creature Orc Eye of Gruumsh}",
								"{@creature Orc War Chief}",
								"{@creature Orog}",
								"{@creature Otyugh}",
								"{@creature Owlbear}",
								"{@creature Pegasus}",
								"{@creature Pentadrone}",
								"{@creature Peryton}",
								"{@creature Piercer}",
								"{@creature Pit Fiend}",
								"{@creature Pixie}",
								"{@creature Planetar}",
								"{@creature Plesiosaurus}",
								"{@creature Poltergeist}",
								"{@creature Pseudodragon}",
								"{@creature Pteranodon}",
								"{@creature Purple Worm}",
								"{@creature Quadrone}",
								"{@creature Quaggoth}",
								"{@creature Quaggoth Spore Servant}",
								"{@creature Quaggoth Thonot}",
								"{@creature Quasit}",
								"{@creature Rakshasa}",
								"{@creature Red Dragon Wyrmling}",
								"{@creature Red Slaad}",
								"{@creature Remorhaz}",
								"{@creature Revenant}",
								"{@creature Roc}",
								"{@creature Roper}",
								"{@creature Rug of Smothering}",
								"{@creature Rust Monster}",
								"{@creature Sahuagin}",
								"{@creature Sahuagin Baron}",
								"{@creature Sahuagin Priestess}",
								"{@creature Salamander}",
								"{@creature Satyr}",
								"{@creature Scarecrow}",
								"{@creature Sea Hag}",
								"{@creature Shadow}",
								"{@creature Shadow Demon}",
								"{@creature Shambling Mound}",
								"{@creature Shield Guardian}",
								"{@creature Shrieker}",
								"{@creature Silver Dragon Wyrmling}",
								"{@creature Skeleton}",
								"{@creature Slaad Tadpole}",
								"{@creature Smoke Mephit}",
								"{@creature Solar}",
								"{@creature Spectator}",
								"{@creature Specter}",
								"{@creature Spined Devil}",
								"{@creature Spirit Naga}",
								"{@creature Sprite}",
								"{@creature Steam Mephit}",
								"{@creature Stirge}",
								"{@creature Stone Giant}",
								"{@creature Stone Golem}",
								"{@creature Storm Giant}",
								"{@creature Succubus}",
								"{@creature Swarm of Beetles}",
								"{@creature Swarm of Centipedes}",
								"{@creature Swarm of Spiders}",
								"{@creature Swarm of Wasps}",
								"{@creature Tarrasque}",
								"{@creature Thri-kreen}",
								"{@creature Treant}",
								"{@creature Triceratops}",
								"{@creature Tridrone}",
								"{@creature Troglodyte}",
								"{@creature Troll}",
								"{@creature Twig Blight}",
								"{@creature Tyrannosaurus Rex}",
								"{@creature Ultroloth}",
								"{@creature Umber Hulk}",
								"{@creature Unicorn}",
								"{@creature Vampire}",
								"{@creature Vampire Spawn}",
								"{@creature Vampire Spellcaster}",
								"{@creature Vampire Warrior}",
								"{@creature Vine Blight}",
								"{@creature Violet Fungus}",
								"{@creature Vrock}",
								"{@creature Warhorse Skeleton}",
								"{@creature Water Elemental}",
								"{@creature Water Weird}",
								"{@creature Werebear}",
								"{@creature Wereboar}",
								"{@creature Wererat}",
								"{@creature Weretiger}",
								"{@creature Werewolf}",
								"{@creature White Dragon Wyrmling}",
								"{@creature Wight}",
								"{@creature Will-o'-Wisp}",
								"{@creature Winged Kobold}",
								"{@creature Wraith}",
								"{@creature Wyvern}",
								"{@creature Xorn}",
								"{@creature Yeti}",
								"{@creature Yochlol}",
								"{@creature Young Black Dragon}",
								"{@creature Young Blue Dragon}",
								"{@creature Young Brass Dragon}",
								"{@creature Young Bronze Dragon}",
								"{@creature Young Copper Dragon}",
								"{@creature Young Gold Dragon}",
								"{@creature Young Green Dragon}",
								"{@creature Young Red Dragon}",
								"{@creature Young Red Shadow Dragon}",
								"{@creature Young Remorhaz}",
								"{@creature Young Silver Dragon}",
								"{@creature Young White Dragon}",
								"{@creature Yuan-ti Abomination}",
								"{@creature Yuan-ti Malison (Type 1)}",
								"{@creature Yuan-ti Malison (Type 2)}",
								"{@creature Yuan-ti Malison (Type 3)}",
								"{@creature Yuan-ti Pureblood}",
								"{@creature Zombie}"
							]
						}
					],
					"id": "046"
				},
				{
					"type": "entries",
					"name": "Shadow Dragon Template",
					"page": 84,
					"entries": [
						"Only a true dragon can transform into a shadow dragon, and only if it is born in the Shadowfell or remains there for several years. A dracolich can't be turned into a shadow dragon, since it loses its draconic nature when it becomes undead.",
						"When a dragon becomes a shadow dragon, it retains its statistics except as described below. The shadow dragon might retain or lose any or all of its lair actions or inherit new ones, as the DM sees fit.",
						{
							"type": "entries",
							"entries": [
								{
									"type": "entries",
									"name": "Damage Resistances",
									"page": 85,
									"entries": [
										"The dragon has resistance to necrotic damage."
									],
									"id": "04c"
								},
								{
									"type": "entries",
									"name": "Skill Proficiency: Stealth",
									"page": 85,
									"entries": [
										"The dragon's proficiency bonus is doubled for its Dexterity ({@skill Stealth}) checks."
									],
									"id": "04d"
								},
								{
									"type": "entries",
									"name": "Living Shadow",
									"page": 85,
									"entries": [
										"While in dim light or darkness, the dragon has resistance to damage that isn't force, psychic, or radiant."
									],
									"id": "04e"
								},
								{
									"type": "entries",
									"name": "Shadow Stealth",
									"page": 85,
									"entries": [
										"While in dim light or darkness, the dragon can take the {@action Hide} action as a bonus action."
									],
									"id": "04f"
								},
								{
									"type": "entries",
									"name": "Sunlight Sensitivity",
									"page": 85,
									"entries": [
										"While in sunlight, the dragon has disadvantage on attack rolls, as well as on Wisdom ({@skill Perception}) checks that rely on sight."
									],
									"id": "050"
								},
								{
									"type": "entries",
									"name": "New Action: Bite",
									"page": 85,
									"entries": [
										"If the dragon deals acid, cold, fire, lightning, or poison damage with its bite, change that damage type to necrotic."
									],
									"id": "051"
								},
								{
									"type": "entries",
									"name": "New Action: Shadow Breath",
									"page": 85,
									"entries": [
										"Any damage-dealing breath weapon possessed by the dragon deals necrotic damage instead of its original damage type. A humanoid reduced to 0 hit points by this damage dies, and an undead shadow rises from its corpse and acts immediately after the dragon in the initiative count. The shadow is under the dragon's control."
									],
									"id": "052"
								}
							],
							"id": "04b"
						}
					],
					"id": "04a"
				},
				{
					"type": "entries",
					"name": "Half-Dragon Template",
					"page": 180,
					"entries": [
						"A beast, humanoid, giant, or monstrosity can become a half-dragon. When a creature becomes a half-dragon, it retains all its statistics except as noted below.",
						{
							"type": "entries",
							"entries": [
								{
									"type": "entries",
									"name": "Challenge",
									"page": 180,
									"entries": [
										"To avoid recalculating the creature's challenge rating, apply the template only to a creature that meets the optional prerequisite in the Breath Weapon table below. Otherwise, use the guidelines in the Dungeon Master's Guide to recalculate the rating after you apply the template."
									],
									"id": "055"
								},
								{
									"type": "entries",
									"name": "Senses",
									"page": 180,
									"entries": [
										"The half-dragon gains {@sense blindsight} with a radius of 10 feet and {@sense darkvision} with a radius of 60 feet."
									],
									"id": "056"
								},
								{
									"type": "entries",
									"name": "Resistances",
									"page": 180,
									"entries": [
										"The half-dragon gains resistance to a type of damage based on its color.",
										{
											"type": "table",
											"colLabels": [
												"Color",
												"Damage Resistance"
											],
											"colStyles": [
												"col-6 text-center",
												"col-6 text-center"
											],
											"rows": [
												[
													"Black or copper",
													"Acid"
												],
												[
													"Blue or bronze",
													"Lightning"
												],
												[
													"Brass, gold, or red",
													"Fire"
												],
												[
													"Green",
													"Poison"
												],
												[
													"Silver or white",
													"Cold"
												]
											]
										}
									],
									"id": "057"
								},
								{
									"type": "entries",
									"name": "Languages",
									"page": 180,
									"entries": [
										"The half-dragon speaks Draconic in addition to any other languages it knows."
									],
									"id": "058"
								},
								{
									"type": "entries",
									"name": "New Action: Breath Weapon",
									"page": 180,
									"entries": [
										"The half-dragon has the breath weapon of its dragon half. The half-dragon's size determines how this action functions.",
										{
											"type": "table",
											"colLabels": [
												"Size",
												"Breath Weapon",
												"Optional Prerequisite"
											],
											"colStyles": [
												"col-4",
												"col-4",
												"col-4"
											],
											"rows": [
												[
													"Large or smaller",
													"As a wyrmling",
													"Challenge 2 or higher"
												],
												[
													"Huge",
													"As a young dragon",
													"Challenge 7 or higher"
												],
												[
													"Gargantuan",
													"As an adult dragon",
													"Challenge 8 or higher"
												]
											]
										}
									],
									"id": "059"
								}
							],
							"id": "054"
						}
					],
					"id": "053"
				},
				{
					"type": "entries",
					"name": "Spore Servant Template",
					"page": 230,
					"entries": [
						"A spore servant is any Large or smaller creature brought back to life by the animating spores of a myconid sovereign. A creature that was never flesh and blood to begin with (such as a construct, elemental, ooze, plant, or undead) can't be turned into a spore servant. The following characteristics change or are added to a creature that becomes a spore servant.",
						{
							"type": "entries",
							"entries": [
								{
									"type": "entries",
									"name": "Retained Characteristics",
									"page": 230,
									"entries": [
										"The servant retains its Armor Class, hit points, Hit Dice, Strength, Dexterity, Constitution, vulnerabilities, resistances, and immunities."
									],
									"id": "05c"
								},
								{
									"type": "entries",
									"name": "Lost Characteristics",
									"page": 230,
									"entries": [
										"The servant loses its original saving throw and skill bonuses, special senses, and special traits. It loses any action that isn't Multiattack or a melee weapon attack that deals bludgeoning, piercing, or slashing damage. If it has an action or a melee weapon attack that deals some other type of damage, it loses the ability to deal damage of that type, unless the damage comes from a piece of equipment, such as a magic item."
									],
									"id": "05d"
								},
								{
									"type": "entries",
									"name": "Type",
									"page": 230,
									"entries": [
										"The servant's type is plant, and it loses any tags."
									],
									"id": "05e"
								},
								{
									"type": "entries",
									"name": "Alignment",
									"page": 230,
									"entries": [
										"The servant is unaligned."
									],
									"id": "05f"
								},
								{
									"type": "entries",
									"name": "Speed",
									"page": 230,
									"entries": [
										"Reduce all the servant's speeds by 10 feet, to a minimum of 5 feet."
									],
									"id": "060"
								},
								{
									"type": "entries",
									"name": "Ability Scores",
									"page": 230,
									"entries": [
										"The servant's ability scores change as follows: Int 2 (\u22124), Wis 6 (\u22122), Cha 1 (\u22125)."
									],
									"id": "061"
								},
								{
									"type": "entries",
									"name": "Senses",
									"page": 230,
									"entries": [
										"The servant has {@sense blindsight} with a radius of 30 feet, and it is blind beyond this radius."
									],
									"id": "062"
								},
								{
									"type": "entries",
									"name": "Condition Immunities",
									"page": 230,
									"entries": [
										"The servant can't be {@condition blinded}, {@condition charmed}, {@condition frightened}, or {@condition paralyzed}."
									],
									"id": "063"
								},
								{
									"type": "entries",
									"name": "Languages",
									"page": 230,
									"entries": [
										"The servant loses all known languages, but it responds to orders given to it by myconids using rapport spores. The servant gives highest priority to orders received from the most powerful myconid."
									],
									"id": "064"
								},
								{
									"type": "entries",
									"name": "Attacks",
									"page": 230,
									"entries": [
										"If the servant has no other means of dealing damage, it can use its fists or limbs to make unarmed strikes. On a hit, an unarmed strike deals bludgeoning damage equal to {@dice 1d4} + the servant's Strength modifier, or, if the servant is Large, {@dice 2d4} + its Strength modifier."
									],
									"id": "065"
								}
							],
							"id": "05b"
						}
					],
					"id": "05a"
				}
			],
			"id": "000"
		},
		{
			"type": "section",
			"name": "Appendix A: Miscellaneous Creatures",
			"page": 317,
			"entries": [
				{
					"type": "image",
					"href": {
						"type": "internal",
						"path": "book/MM/01-062.unicorn-lair.webp"
					},
					"width": 1700,
					"height": 971
				},
				"This appendix contains statistics for various animals, vermin, and other critters. The stat blocks are organized alphabetically by creature name.",
				{
					"type": "inset",
					"name": "Other Animals",
					"page": 317,
					"entries": [
						"A book of this size can't contain statistics for every animal inhabiting your D&D campaign world. However, you can use the stat block of one animal to represent another easily enough. For example, you can use the panther statistics to represent a jaguar, the giant goat statistics to represent a buffalo, and the hawk statistics to represent a falcon."
					],
					"id": "03f"
				},
				{
					"type": "section",
					"entries": [
						{
							"type": "list",
							"columns": 4,
							"items": [
								"{@creature Ape}",
								"{@creature Awakened Shrub}",
								"{@creature Awakened Tree}",
								"{@creature Axe Beak}",
								"{@creature Baboon}",
								"{@creature Badger}",
								"{@creature Bat}",
								"{@creature Black Bear}",
								"{@creature Blink Dog}",
								"{@creature Blood Hawk}",
								"{@creature Boar}",
								"{@creature Brown Bear}",
								"{@creature Camel}",
								"{@creature Cat}",
								"{@creature Constrictor Snake}",
								"{@creature Crab}",
								"{@creature Crocodile}",
								"{@creature Death Dog}",
								"{@creature Deer}",
								"{@creature Dire Wolf}",
								"{@creature Draft Horse}",
								"{@creature Eagle}",
								"{@creature Elephant}",
								"{@creature Elk}",
								"{@creature Flying Snake}",
								"{@creature Frog}",
								"{@creature Giant Ape}",
								"{@creature Giant Badger}",
								"{@creature Giant Bat}",
								"{@creature Giant Boar}",
								"{@creature Giant Centipede}",
								"{@creature Giant Constrictor Snake}",
								"{@creature Giant Crab}",
								"{@creature Giant Crocodile}",
								"{@creature Giant Eagle}",
								"{@creature Giant Elk}",
								"{@creature Giant Fire Beetle}",
								"{@creature Giant Frog}",
								"{@creature Giant Goat}",
								"{@creature Giant Hyena}",
								"{@creature Giant Lizard}",
								"{@creature Giant Octopus}",
								"{@creature Giant Owl}",
								"{@creature Giant Poisonous Snake}",
								"{@creature Giant Rat}",
								"{@creature Giant Scorpion}",
								"{@creature Giant Sea Horse}",
								"{@creature Giant Shark}",
								"{@creature Giant Spider}",
								"{@creature Giant Toad}",
								"{@creature Giant Vulture}",
								"{@creature Giant Wasp}",
								"{@creature Giant Weasel}",
								"{@creature Giant Wolf Spider}",
								"{@creature Goat}",
								"{@creature Hawk}",
								"{@creature Hunter Shark}",
								"{@creature Hyena}",
								"{@creature Jackal}",
								"{@creature Killer Whale}",
								"{@creature Lion}",
								"{@creature Lizard}",
								"{@creature Mammoth}",
								"{@creature Mastiff}",
								"{@creature Mule}",
								"{@creature Octopus}",
								"{@creature Owl}",
								"{@creature Panther}",
								"{@creature Phase Spider}",
								"{@creature Poisonous Snake}",
								"{@creature Polar Bear}",
								"{@creature Pony}",
								"{@creature Quipper}",
								"{@creature Rat}",
								"{@creature Raven}",
								"{@creature Reef Shark}",
								"{@creature Rhinoceros}",
								"{@creature Riding Horse}",
								"{@creature Saber-Toothed Tiger}",
								"{@creature Scorpion}",
								"{@creature Sea Horse}",
								"{@creature Spider}",
								"{@creature Swarm of Bats}",
								"{@creature Swarm of Insects}",
								"{@creature Swarm of Poisonous Snakes}",
								"{@creature Swarm of Quippers}",
								"{@creature Swarm of Rats}",
								"{@creature Swarm of Ravens}",
								"{@creature Tiger}",
								"{@creature Vulture}",
								"{@creature Warhorse}",
								"{@creature Weasel}",
								"{@creature Winter Wolf}",
								"{@creature Wolf}",
								"{@creature Worg}"
							]
						}
					],
					"id": "047"
				}
			],
			"id": "03e"
		},
		{
			"type": "section",
			"name": "Appendix B: Nonplayer Characters",
			"page": 342,
			"entries": [
				"This appendix contains statistics for various humanoid nonplayer characters (NPCs) that adventurers might encounter during a D&D campaign, including lowly commoners and mighty archmages. These stat blocks can be used to represent both human and nonhuman NPCs.",
				{
					"type": "entries",
					"name": "Customizing NPCs",
					"page": 342,
					"entries": [
						{
							"type": "entries",
							"entries": [
								"There are many easy ways to customize the NPCs in this appendix for your home campaign.",
								{
									"type": "entries",
									"name": "Racial Traits",
									"page": 342,
									"entries": [
										"You can add racial traits to an NPC. For example, a halfling druid might have a speed of 25 feet and the Lucky trait. Adding racial traits to an NPC doesn't alter its challenge rating. For more on racial traits, see the Player's Handbook."
									],
									"id": "042"
								},
								{
									"type": "entries",
									"name": "Spell Swaps",
									"page": 342,
									"entries": [
										"One way to customize an NPC spellcaster is to replace one or more of its spells. You can substitute any spell on the NPC's spell list with a different spell of the same level from the same spell list. Swapping spells in this manner doesn't alter an NPC's challenge rating."
									],
									"id": "043"
								},
								{
									"type": "entries",
									"name": "Armor and Weapon Swaps",
									"page": 342,
									"entries": [
										"You can upgrade or downgrade an NPC's armor, or add or switch weapons. Adjustments to Armor Class and damage can change an NPC's challenge rating, as explained in the Dungeon Master's Guide."
									],
									"id": "044"
								},
								{
									"type": "entries",
									"name": "Magic Items",
									"page": 342,
									"entries": [
										"The more powerful an NPC, the more likely it has one or more magic items in its possession. An archmage, for example, might have a magic staff or wand, as well as one or more potions and scrolls. Giving an NPC a potent damage-dealing magic item could alter its challenge rating. Magic items, as well as adjusting a creature's challenge rating, are described in the Dungeon Master's Guide."
									],
									"id": "045"
								}
							],
							"id": "048"
						}
					],
					"id": "041"
				},
				{
					"type": "section",
					"entries": [
						{
							"type": "list",
							"columns": 4,
							"items": [
								"{@creature Acolyte}",
								"{@creature Archmage}",
								"{@creature Assassin}",
								"{@creature Bandit}",
								"{@creature Bandit Captain}",
								"{@creature Berserker}",
								"{@creature Commoner}",
								"{@creature Cultist}",
								"{@creature Cult Fanatic}",
								"{@creature Druid}",
								"{@creature Gladiator}",
								"{@creature Guard}",
								"{@creature Knight}",
								"{@creature Mage}",
								"{@creature Noble}",
								"{@creature Priest}",
								"{@creature Scout}",
								"{@creature Spy}",
								"{@creature Thug}",
								"{@creature Tribal Warrior}",
								"{@creature Veteran}"
							]
						}
					],
					"id": "049"
				}
			],
			"id": "040"
		},
		{
			"type": "section",
			"name": "Credits",
			"entries": [
				{
					"type": "list",
					"style": "list-hang-notitle",
					"columns": 2,
					"items": [
						{
							"type": "item",
							"name": "Lead Designer:",
							"entry": "Christopher Perkins"
						},
						{
							"type": "item",
							"name": "Lead Rules Developer:",
							"entry": "Jeremy Crawford"
						},
						{
							"type": "item",
							"name": "Stat Block Development:",
							"entry": "Chris Sims, Rodney Thompson, Peter Lee"
						},
						{
							"type": "item",
							"name": "Story Development:",
							"entry": "Mike Mearls, Robert J. Schwalb, Matt Sernett, Steve Townshend, James Wyatt"
						},
						{
							"type": "item",
							"name": "Editing:",
							"entry": "Scott Fitzgerald Gray"
						},
						{
							"type": "item",
							"name": "Managing Editor:",
							"entry": "Jeremy Crawford"
						},
						{
							"type": "item",
							"name": "Producer:",
							"entry": "Greg Bilsland"
						},
						{
							"type": "item",
							"name": "Art Director:",
							"entry": "Kate Irwin"
						},
						{
							"type": "item",
							"name": "Additional Art Direction:",
							"entry": "Dan Gelon, Jon Schindehette, Mari Kolkowsky, Melissa Rapier, Shauna Narciso"
						},
						{
							"type": "item",
							"name": "Graphic Designers:",
							"entry": "Bree Heiss, Emi Tanji, Barry Craig"
						},
						{
							"type": "item",
							"name": "Cover Illustrator:",
							"entry": "Raymond Swanland"
						},
						{
							"type": "item",
							"name": "Interior Illustrators:",
							"entry": "Tom Babbey, Daren Bader, John-Paul Balmet, Mark Behm, Eric Belisle, Michael Berube, Zoltan Boros, Christopher Bradley, Aleksi Briclot, Filip Burburan, Christopher Burdett, Sam Burley, Mike Burns, Wesley Burt, Milivoj ´Ceran, Jedd Chevrier, Conceptopolis, Adam Danger Cook, Julie Dillon, Dave Dorman, Jesper Ejsing, Emrah Elmasli, Wayne England, Mike Faille, Toma Feizo Gas, Emily Fiegenschuh, Tomas Giorello, E.M. Gist, Lars Grant-West, E.W. Hekaton, jD, Jon Hodgson, Ralph Horsley, Kurt Huggins and Zelda Devon, Lake Hurwitz, Tyler Jacobson, Vance Kovacs, Daniel Landerman, Lindsey Look, Daniel Ljunggren, Raphael Lübke, Titus Lunter, Slawomir Maniak, Andrew Mar, Brynn Metheney, Christopher Moeller, Mark Molnar, Marco Nelor, Jim Nelson, Mark A. Nelson, Hector Ortiz, Ryan Pancoast, Adam Paquette, Jim Pavelec, Kate Pfeilschiefter, Steve Prescott, Vincent Proce, Darrell Riche, Ned Rogers, Scott Roller, Jasper Sandner, Mike Sass, Marc Sasso, Ilya Shkipin, Carmen Sinek, Craig J Spearing, Annie Stegg, Zack Stella, Matt Stewart, Raymond Swanland, Justin Sweet, Anne Stokes, Matias Tapia, Cory Trego-Erdner, Autumn Rain Turkel, Cyril Van Der Haegen, David Vargo, Franz Vohwinkel, Richard Whitters, Sam Wood, Ben Wootten, Kieran Yanner, Min Yum, Mark Zug"
						},
						{
							"type": "item",
							"name": "Additional Contributors:",
							"entry": "Neil Shinkle, Kim Graham, John Hay"
						},
						{
							"type": "item",
							"name": "Project Management:",
							"entry": "Neil Shinkle, Kim Graham, John Hay"
						},
						{
							"type": "item",
							"name": "Production Services:",
							"entry": "Cynda Callaway, Brian Dumas, Jefferson Dunlap, David Gershman, Matt Knannlein, Anita Williams"
						},
						{
							"type": "item",
							"name": "Brand and Marketing:",
							"entry": "Nathan Stewart, Liz Schuh, Chris Lindsay, Shelly Mazzanoble, Hilary Ross, Laura Tommervik, Kim Lundstrom, Trevor Kidd"
						},
						{
							"type": "item",
							"name": "Based on the original game created by:",
							"entry": "E. Gary Gygax and Dave Arneson, with Brian Blume, Rob Kuntz, James Ward, and Don Kaye"
						},
						{
							"type": "item",
							"name": "Drawing from further development by:",
							"entry": "J. Eric Holmes, Tom Moldvay, Frank Mentzer, Aaron Allston, Harold Johnson, David \"Zeb\" Cook, Ed Greenwood, Keith Baker, Tracy Hickman, Margaret Weis, Douglas Niles, Jeff Grubb, Jonathan Tweet, Monte Cook, Skip Williams, Richard Baker, Peter Adkison, Bill Slavicsek, Andy Collins, and Rob Heinsoo"
						},
						{
							"type": "item",
							"name": "Playtesting provided by:",
							"entry": "over 175,000 fans of D&D. Thank you!"
						},
						{
							"type": "item",
							"name": "Additional feedback provided by:",
							"entry": "Robert Alaniz, Anthony Caroselli, Josh Dillard, Curt Duval, Sam E. Simpson Jr., Adam Hennebeck, Sterling Hershey, Paul Hughes, Doug Irwin, Ken J. Breese, Yan Lacharité, Tom Lommel, Jonathan Longstaff, Rory Madden, Matt Maranda, Paul Melamed, Mike Mihalas, David Milman, Daren Mitchell, Claudio Pozas, John Proudfoot, Karl Resch, M. Sean Molley, Sam Sherry, Pieter Sleijpen, David \"Oak\" Stark, Vincent Venturella, Fredrick Wheeler, Arthur Wright"
						}
					]
				},
				{
					"type": "image",
					"href": {
						"type": "internal",
						"path": "book/MM/mmcover.webp"
					},
					"title": "On the Cover: Raymond Swanland illustrates the Xanathar ambushing explorers in the darkest depths of Undermountain, proving that the beholder crime lord's interests run deep beneath the city of Waterdeep.",
					"maxWidth": 600,
					"width": 1500,
					"height": 972
				}
			],
			"id": "066"
		}
	]
}
