{
	"data": [
		{
			"type": "section",
			"name": "Tarot Deck",
			"page": 1,
			"entries": [
				"Dungeons & Dragons is a fantasy role-playing game that takes place in the mind of its players. Tarot is an ancient form of divination that accesses the magical dimension of our world. Together they create an adventure of the imagination\u2014a treasure hunt to help you unravel the mysteries of life and discover the secrets of yourself.",
				{
					"type": "hr"
				},
				{
					"type": "entries",
					"entries": [
						{
							"type": "entries",
							"name": "How to Read Tarot",
							"page": 1,
							"entries": [
								"Traditionally tarot is played by a reader and a seeker, but feel free to switch roles as the reading carries on. To read your own tarot, you take on both the roles of reader and seeker. Most tarot readings start with a question, and the quality of the question will determine the quality of the answer. For example, instead of asking {@i Why am I always sad?} try {@i How do I bring more joy to my life?}",
								"Each card that is revealed adds to the unique tapestry of meaning, helping the seeker make inquiries into their own life and psyche to gain clarity about their current situation and conclude what might be possible for their future.",
								"Although the root meaning of each card is explained in this booklet, the true meaning of each card can only be discovered within the context of the reading, as the cards begin to influence one another to create a story. And so it's best to allow the reading to unfold (five cards is a good number) without trying to define the answer.",
								{
									"type": "entries",
									"name": "The Major Arcana,",
									"page": 2,
									"entries": [
										"denoted by the cards numbered from 0 to 21 represent the archetypal life lessons all human beings experience, such as love, loss, change, and consciousness. The Major Arcana are challenges we revisit throughout our lives, but in different places; our life experience is continually expanding with time, so our capacity for understanding gives us a deeper insight into these lessons."
									],
									"id": "003"
								},
								{
									"type": "entries",
									"name": "The Minor Arcana,",
									"page": 2,
									"entries": [
										"is made of 56 cards divided into four suits. These cards represent life's temporary highs and lows that pop up and fade away, unlike the enduring and evolving transformations of the Major Arcana.",
										"In this tarot deck, we have mapped the traditional suits of the Minor Arcana\u2014Wands, Swords, Cups, and Pentacles\u2014to abilities within the game of D&D.",
										{
											"type": "list",
											"style": "list-hang-notitle",
											"page": 2,
											"items": [
												{
													"type": "item",
													"name": "Strength",
													"nameDot": false,
													"entries": [
														"signifies your physical ability to move and change your environment. It is also your passion, creativity, inner resolve, and heart. These cards show seekers that they need to take action and focus on their inner strength to bring about change in the world."
													]
												},
												{
													"type": "item",
													"name": "Intelligence",
													"nameDot": false,
													"entries": [
														"represents how the power of the intellect can shape our world. These cards show seekers how they can use their thoughts to shape their attitude and their reality. Rarely do we see the world as it is without our mind creating a story around it."
													]
												},
												{
													"type": "item",
													"name": "Wisdom",
													"nameDot": false,
													"entries": [
														"represents not only your external perception but also your capacity to look into your internal world and see all the subtleties within yourself. These cards tell seekers to turn within and listen to the nonverbal language of the heart and the body in order to gain access to the wisdom of insight and intuition."
													]
												},
												{
													"type": "item",
													"name": "Charisma",
													"nameDot": false,
													"entries": [
														"denotes a person's confidence, eloquence, and their ability to influence the material world with their energy. These cards show seekers that a flowering of their inner beauty and power is taking place or that they have an opportunity to grow their self- esteem and expand their capacity for fun and joy."
													]
												}
											]
										}
									],
									"id": "004"
								}
							],
							"id": "002"
						},
						{
							"type": "hr"
						},
						{
							"type": "entries",
							"name": "Upright and Reversed Meanings",
							"page": 3,
							"entries": [
								"Many tarot readers give upside-down (reversed) cards an opposite meaning of the upright version. In this booklet, there is no reversed meaning, but as the reader of tarot, feel free to follow your intuition. If you feel that the seeker needs a bit of a wake-up call, then a reversed interpretation can often do the trick."
							],
							"id": "005"
						},
						{
							"type": "entries",
							"name": "Card Spreads",
							"page": 3,
							"entries": [
								"There are many popular spreads for reading tarot cards. Here are some basic ones. Feel free to make up your own!",
								{
									"type": "entries",
									"name": "One-Card Spread",
									"page": 3,
									"entries": [
										"A one-card reading is good for a quick check-in. It can be used to obtain clarity on a choice that you need to make or to keep a message in the forefront of your mind for the day."
									],
									"id": "007"
								},
								{
									"type": "entries",
									"name": "Three-Card Spread",
									"page": 4,
									"entries": [
										"Three-card readings are most usually used to explain the past, present, and future, but they can also mean \"Problem, Obstacle, Solution\" or \"Thoughts, Feelings, Action.\"",
										{
											"type": "image",
											"href": {
												"type": "internal",
												"path": "book/TD/Three Card Spread.webp"
											},
											"credit": "Fred Gissubel",
											"width": 960,
											"height": 587
										}
									],
									"id": "008"
								},
								{
									"type": "entries",
									"name": "Five-Card Spread",
									"page": 4,
									"entries": [
										"A five-card spread allows the reading to unfold fully and gives a deeper message with more complexity and nuance.",
										"This is an example of a five-card spread (see opposite page) with some D&D flavor:",
										{
											"type": "list",
											"style": "list-decimal",
											"page": 4,
											"items": [
												"This card represents the current situation, problem, and/or objective.",
												"This card shows what is working behind the scenes in the psyche. Rooted in the past, this influence must be brought to light to be utilized or released.",
												"This card represents things that you need to focus on as you resolve your quest.",
												"This card denotes something to develop or let go of so you can advance your quest.",
												"This card is the resolution of the answer or shows what is needed to resolve the problem fully."
											]
										},
										{
											"type": "image",
											"href": {
												"type": "internal",
												"path": "book/TD/Five Card Spread.webp"
											},
											"credit": "Fred Gissubel",
											"width": 960,
											"height": 1452
										}
									],
									"id": "009"
								}
							],
							"id": "006"
						},
						{
							"type": "entries",
							"name": "D&D Encounters",
							"page": 6,
							"entries": [
								"In this booklet you will see a section with the ampersand symbol {@note (in italic text)}. This section is a way for you to use the tarot deck in your D&D game. You can draw a card before an adventure to give you a plot device to work a story around or you can draw a card during an ongoing adventure to throw in a fun twist. Feel free to invent your own ways to use this deck for your game!"
							],
							"id": "00a"
						},
						{
							"type": "entries",
							"name": "An Adventure in a Spread",
							"page": 6,
							"entries": [
								"With the D&D encounter prompts, you can create fun adventure hooks or add some spice to a game already in progress. With multiple cards, you can get creative and mash UP the D&D encounters to invent a unique scenario for your players! Here's a three-card spread and their D&D encounters:",
								{
									"type": "gallery",
									"images": [
										{
											"type": "image",
											"href": {
												"type": "internal",
												"path": "decks/TD/STR-Q.webp"
											},
											"credit": "Fred Gissubel",
											"width": 720,
											"height": 1246
										},
										{
											"type": "image",
											"href": {
												"type": "internal",
												"path": "decks/TD/MA-Tower.webp"
											},
											"credit": "Fred Gissubel",
											"width": 720,
											"height": 1248
										},
										{
											"type": "image",
											"href": {
												"type": "internal",
												"path": "decks/TD/WIS-10.webp"
											},
											"credit": "Fred Gissubel",
											"width": 720,
											"height": 1247
										}
									]
								},
								{
									"type": "list",
									"style": "list-no-bullets",
									"columns": 3,
									"page": 6,
									"items": [
										{
											"type": "item",
											"name": "Queen of Strength",
											"entries": [
												"{@i The party is asked to escort a political figure across a hostile terrain.}"
											]
										},
										{
											"type": "item",
											"name": "The Tower",
											"entries": [
												"{@i The earth around you mysteriously begins to shake in a violent earthquake.}"
											]
										},
										{
											"type": "item",
											"name": "Ten of Wisdom",
											"entries": [
												"{@i The party comes across a magical portal within a ring of standing stones.}"
											]
										}
									]
								}
							],
							"id": "00b"
						},
						{
							"type": "entries",
							"name": "Creating the Story",
							"page": 7,
							"entries": [
								"Here are examples of how you can make adventures from any or all of the D&D encounter prompts on the opposing page:"
							],
							"id": "00c"
						},
						{
							"type": "hr"
						},
						{
							"type": "entries",
							"name": "Diplomatic Escort",
							"page": 7,
							"entries": [
								"The party is asked to escort an elf diplomat from the Seelie Court into the Forest of Dread. In the forest is a magic portal that will take her back to the Feywild. It is known that an evil archfey wants the diplomat captured. Deep within the forest, they finally find the circle of stones, but an ambush is triggered. The earth erupts around them in a violent earthquake as a fey wizard conjures several earth elementals to stop the elf diplomat from entering."
							],
							"id": "00d"
						},
						{
							"type": "entries",
							"name": "The Nether Portal",
							"page": 7,
							"entries": [
								"Caught in the middle of a devastating earthquake, the party finds themselves in a city on fire and in ruins. As they move for safety, they are approached by a priest. She is mortally wounded but with her dying act, she hands one of the party members a sealed scroll and begs them to keep it safe. If the party opens the scroll, they find an ancient map that highlights a mountain peak. If the party climbs the mountain, they find at its summit a ring of standing stones that encircle a glowing portal."
							],
							"id": "00e"
						},
						{
							"type": "entries",
							"name": "Stranded!",
							"page": 7,
							"entries": [
								"While adventuring, the party comes across a circle of standing stones with a magic portal in the middle. If they choose to go through the portal, they emerge in a strange world. As they explore, a violent earthquake demolishes the portal!"
							],
							"id": "00f"
						}
					],
					"id": "001"
				}
			],
			"id": "000"
		},
		{
			"type": "section",
			"name": "The Deck",
			"page": 8,
			"entries": [
				"{@note See the decks page; {@deck Tarot Deck|TD}.}",
				{
					"type": "entries",
					"name": "The Major Arcana",
					"page": 9,
					"entries": [
						{
							"type": "entries",
							"name": "The Fool",
							"page": 9,
							"entries": [
								{
									"type": "image",
									"href": {
										"type": "internal",
										"path": "decks/TD/MA-Fool.webp"
									},
									"credit": "Fred Gissubel",
									"maxWidth": 240,
									"width": 720,
									"height": 1248
								},
								"Following your heart with innocence and wonder.",
								"{@i You encounter a gnome who says that if you follow him, he'll lead you to a wondrous treasure.}"
							],
							"id": "012"
						},
						{
							"type": "entries",
							"name": "The Magician",
							"page": 9,
							"entries": [
								{
									"type": "image",
									"href": {
										"type": "internal",
										"path": "decks/TD/MA-Magician.webp"
									},
									"credit": "Fred Gissubel",
									"maxWidth": 240,
									"width": 720,
									"height": 1247
								},
								"Tapping into your genius to find new ways of looking at the world.",
								"{@i You meet a sage who gives you a key that opens a magical lock.}"
							],
							"id": "013"
						},
						{
							"type": "entries",
							"name": "The High Priestess",
							"page": 10,
							"entries": [
								{
									"type": "image",
									"href": {
										"type": "internal",
										"path": "decks/TD/MA-High Priestess.webp"
									},
									"credit": "Fred Gissubel",
									"maxWidth": 240,
									"width": 720,
									"height": 1247
								},
								"Accessing your intuition and tuning in to the source of feminine power.",
								"{@i You encounter a holy woman who offers you each a gift.}"
							],
							"id": "014"
						},
						{
							"type": "entries",
							"name": "The Empress",
							"page": 10,
							"entries": [
								{
									"type": "image",
									"href": {
										"type": "internal",
										"path": "decks/TD/MA-Empress.webp"
									},
									"credit": "Fred Gissubel",
									"maxWidth": 240,
									"width": 720,
									"height": 1245
								},
								"Realizing your capacity to express beauty and to nurture others from a place of power.",
								"{@i You encounter the queen of a nation with an important mission for you.}"
							],
							"id": "015"
						},
						{
							"type": "entries",
							"name": "The Emperor",
							"page": 11,
							"entries": [
								{
									"type": "image",
									"href": {
										"type": "internal",
										"path": "decks/TD/MA-Emperor.webp"
									},
									"credit": "Fred Gissubel",
									"maxWidth": 240,
									"width": 720,
									"height": 1247
								},
								"Finding the source of your inner authority.",
								"{@i You encounter a king of a far-off land who seeks your aid.}"
							],
							"id": "016"
						},
						{
							"type": "entries",
							"name": "The Hierophant",
							"page": 11,
							"entries": [
								{
									"type": "image",
									"href": {
										"type": "internal",
										"path": "decks/TD/MA-Hierophant.webp"
									},
									"credit": "Fred Gissubel",
									"maxWidth": 240,
									"width": 720,
									"height": 1250
								},
								"Using spiritual understanding and wisdom to perceive the world",
								"{@i You find a holy book written by a wise sage that contains a cryptic secret hidden within it.}"
							],
							"id": "017"
						},
						{
							"type": "entries",
							"name": "The Lovers",
							"page": 12,
							"entries": [
								{
									"type": "image",
									"href": {
										"type": "internal",
										"path": "decks/TD/MA-Lovers.webp"
									},
									"credit": "Fred Gissubel",
									"maxWidth": 240,
									"width": 720,
									"height": 1246
								},
								"Finding harmony in relating with yourself and others while honoring your values.",
								"{@i A mysterious person presents you with a tempting offer.}"
							],
							"id": "018"
						},
						{
							"type": "entries",
							"name": "The Chariot",
							"page": 12,
							"entries": [
								{
									"type": "image",
									"href": {
										"type": "internal",
										"path": "decks/TD/MA-Chariot.webp"
									},
									"credit": "Fred Gissubel",
									"maxWidth": 240,
									"width": 720,
									"height": 1245
								},
								"Following through on your intentions and manifesting your desires.",
								"{@i You find a trapped efreet who offers you his services for a year if you can find a way to free him.}"
							],
							"id": "019"
						},
						{
							"type": "entries",
							"name": "Strength",
							"page": 13,
							"entries": [
								{
									"type": "image",
									"href": {
										"type": "internal",
										"path": "decks/TD/MA-Strength.webp"
									},
									"credit": "Fred Gissubel",
									"maxWidth": 240,
									"width": 720,
									"height": 1244
								},
								"Your ability to move through fear to find the unshakable power within yourself.",
								"{@i A burly warrior bars the way and challenges anyone to hand-to-hand combat.}"
							],
							"id": "01a"
						},
						{
							"type": "entries",
							"name": "The Hermit",
							"page": 13,
							"entries": [
								{
									"type": "image",
									"href": {
										"type": "internal",
										"path": "decks/TD/MA-Hermit.webp"
									},
									"credit": "Fred Gissubel",
									"maxWidth": 240,
									"width": 720,
									"height": 1246
								},
								"Being a light unto yourself and finding your own way through the darkness.",
								"{@i You meet a monk who is looking for worthy adventurers to defeat a magical monster.}"
							],
							"id": "01b"
						},
						{
							"type": "entries",
							"name": "The Wheel of Fortune",
							"page": 14,
							"entries": [
								{
									"type": "image",
									"href": {
										"type": "internal",
										"path": "decks/TD/MA-Wheel of Fortune.webp"
									},
									"credit": "Fred Gissubel",
									"maxWidth": 240,
									"width": 720,
									"height": 1250
								},
								"A turning point in your destiny and your ability to adapt to change.",
								"{@i You meet a halfling wizard who\u2014If you treat him kindly\u2014gives you a \"wink of good luck.\" You gain advantage on your next role.}"
							],
							"id": "01c"
						},
						{
							"type": "entries",
							"name": "Justice",
							"page": 14,
							"entries": [
								{
									"type": "image",
									"href": {
										"type": "internal",
										"path": "decks/TD/MA-Justice.webp"
									},
									"credit": "Fred Gissubel",
									"maxWidth": 240,
									"width": 720,
									"height": 1249
								},
								"Your capacity to create a new reality through shattering old, limiting beliefs.",
								"{@i A poor villager comes to you seeking aid and offers you a rare magic item in compensation.}"
							],
							"id": "01d"
						},
						{
							"type": "entries",
							"name": "The Hanged Man",
							"page": 15,
							"entries": [
								{
									"type": "image",
									"href": {
										"type": "internal",
										"path": "decks/TD/MA-Hanged Man.webp"
									},
									"credit": "Fred Gissubel",
									"maxWidth": 240,
									"width": 720,
									"height": 1250
								},
								"The necessity to look at something from a different perspective.",
								"{@i You have a strange dream of talking about life with an otyugh. When you wake up, you gain one permanent point of Wisdom.}"
							],
							"id": "01e"
						},
						{
							"type": "entries",
							"name": "Death",
							"page": 15,
							"entries": [
								{
									"type": "image",
									"href": {
										"type": "internal",
										"path": "decks/TD/MA-Death.webp"
									},
									"credit": "Fred Gissubel",
									"maxWidth": 240,
									"width": 720,
									"height": 1247
								},
								"The transformation from one perceptual reality to another and the ending of habitual patterns",
								"{@i A vampire Lord offers you the gift of eternal undeath in exchange for a single favor.}"
							],
							"id": "01f"
						},
						{
							"type": "entries",
							"name": "Temperance",
							"page": 16,
							"entries": [
								{
									"type": "image",
									"href": {
										"type": "internal",
										"path": "decks/TD/MA-Temperance.webp"
									},
									"credit": "Fred Gissubel",
									"maxWidth": 240,
									"width": 720,
									"height": 1251
								},
								"Our capacity to deal with something in a measured and patient way.",
								"{@i You gain advantage on your next {@dice 1d6} Wisdom saving throws.}"
							],
							"id": "020"
						},
						{
							"type": "entries",
							"name": "The Devil",
							"page": 16,
							"entries": [
								{
									"type": "image",
									"href": {
										"type": "internal",
										"path": "decks/TD/MA-Devil.webp"
									},
									"credit": "Fred Gissubel",
									"maxWidth": 240,
									"width": 720,
									"height": 1248
								},
								"How we deal with our shadow self. This card calls us to cut through lies and see how honest we can be with ourselves.",
								"{@i You encounter a devil who offers you a rare magic item in exchange for a favor.}"
							],
							"id": "021"
						},
						{
							"type": "entries",
							"name": "The Tower",
							"page": 17,
							"entries": [
								{
									"type": "image",
									"href": {
										"type": "internal",
										"path": "decks/TD/MA-Tower.webp"
									},
									"credit": "Fred Gissubel",
									"maxWidth": 240,
									"width": 720,
									"height": 1248
								},
								"The collapse of beliefs or material structures that we hold dear. It is in the nonresistance where we can find peace and wisdom.",
								"{@i The Earth around you mysteriously begins to shake in a violent earthquake.}"
							],
							"id": "022"
						},
						{
							"type": "entries",
							"name": "The Star",
							"page": 17,
							"entries": [
								{
									"type": "image",
									"href": {
										"type": "internal",
										"path": "decks/TD/MA-Star.webp"
									},
									"credit": "Fred Gissubel",
									"maxWidth": 240,
									"width": 720,
									"height": 1251
								},
								"Finding something to focus on that can guide us through life. Our internal guidance system. Our North Star.",
								"{@i You find a mechanical toy puppet that always walks to the nearest tavern.}"
							],
							"id": "023"
						},
						{
							"type": "entries",
							"name": "The Moon",
							"page": 18,
							"entries": [
								{
									"type": "image",
									"href": {
										"type": "internal",
										"path": "decks/TD/MA-Moon.webp"
									},
									"credit": "Fred Gissubel",
									"maxWidth": 240,
									"width": 720,
									"height": 1247
								},
								"Facing and allowing deep-seated fears to dissolve in the light of your awareness. Remove words from the mind and breathe.",
								"{@i You encounter a sorcerer who wants you to look into her crystal ball.}"
							],
							"id": "024"
						},
						{
							"type": "entries",
							"name": "The Sun",
							"page": 18,
							"entries": [
								{
									"type": "image",
									"href": {
										"type": "internal",
										"path": "decks/TD/MA-Sun.webp"
									},
									"credit": "Fred Gissubel",
									"maxWidth": 240,
									"width": 720,
									"height": 1247
								},
								"Returning to the innocence and vitality of childhood.",
								"{@i Roll {@dice 1d6+6} that is now your age for the next seventy-two hours.}"
							],
							"id": "025"
						},
						{
							"type": "entries",
							"name": "Judgement",
							"page": 19,
							"entries": [
								{
									"type": "image",
									"href": {
										"type": "internal",
										"path": "decks/TD/MA-Judgement.webp"
									},
									"credit": "Fred Gissubel",
									"maxWidth": 240,
									"width": 720,
									"height": 1251
								},
								"Our capability to discern what is truly important and to use it to weed the garden of our life.",
								"{@i A hill giant is sleeping off a night of drinking. Inside a chain mail pouch on its belt, you can hear someone whispering for help.}"
							],
							"id": "026"
						},
						{
							"type": "entries",
							"name": "The World",
							"page": 19,
							"entries": [
								{
									"type": "image",
									"href": {
										"type": "internal",
										"path": "decks/TD/MA-World.webp"
									},
									"credit": "Fred Gissubel",
									"maxWidth": 240,
									"width": 720,
									"height": 1247
								},
								"Endings. Coming to a place of completion and power internally and externally.",
								"{@i You see someone weeping at the side of the road. They are being forced to marry someone they don't want to.}"
							],
							"id": "027"
						}
					],
					"id": "011"
				},
				{
					"type": "section",
					"name": "The Minor Arcana",
					"page": 20,
					"entries": [
						{
							"type": "entries",
							"name": "Strength",
							"page": 20,
							"entries": [
								{
									"type": "entries",
									"name": "Ace of Strength",
									"page": 20,
									"entries": [
										{
											"type": "image",
											"href": {
												"type": "internal",
												"path": "decks/TD/STR-A.webp"
											},
											"credit": "Fred Gissubel",
											"maxWidth": 240,
											"width": 720,
											"height": 1248
										},
										"The source of all creative energy is within you. You have the power to imagine, begin and complete any project you set your mind to.",
										"{@i A nobleman's children have run away to join the Lord Montague's Monstrous Circus. He begs that you find and return them.}"
									],
									"id": "02a"
								},
								{
									"type": "entries",
									"name": "Two of Strength",
									"page": 20,
									"entries": [
										{
											"type": "image",
											"href": {
												"type": "internal",
												"path": "decks/TD/STR-2.webp"
											},
											"credit": "Fred Gissubel",
											"maxWidth": 240,
											"width": 720,
											"height": 1248
										},
										"Growing and making progress toward a future goal. Enjoy discovering what you love to do.",
										"{@i A drunken beggar in an alley swears to you he saw the king's son turn into a werewolf. There have been grisly killings in the city.}"
									],
									"id": "02b"
								},
								{
									"type": "entries",
									"name": "Three of Strength",
									"page": 21,
									"entries": [
										{
											"type": "image",
											"href": {
												"type": "internal",
												"path": "decks/TD/STR-3.webp"
											},
											"credit": "Fred Gissubel",
											"maxWidth": 240,
											"width": 720,
											"height": 1250
										},
										"Expanding your circle of influence and communicating your ideas. Making progress",
										"{@i A young paladin-in-training says that his order has stolen an object sacred to hobgoblins. He feels guilty and wants to steal it and give it back to them.}"
									],
									"id": "02c"
								},
								{
									"type": "entries",
									"name": "Four of Strength",
									"page": 21,
									"entries": [
										{
											"type": "image",
											"href": {
												"type": "internal",
												"path": "decks/TD/STR-4.webp"
											},
											"credit": "Fred Gissubel",
											"maxWidth": 240,
											"width": 720,
											"height": 1248
										},
										"The whole is greater than the sum of its parts. Seek out others to collaborate with.",
										"{@i The mayor of a small town has declared tieflings a \"threat to moral decency\" and wants them rounded up and detained.}"
									],
									"id": "02d"
								},
								{
									"type": "entries",
									"name": "Five of Strength",
									"page": 22,
									"entries": [
										{
											"type": "image",
											"href": {
												"type": "internal",
												"path": "decks/TD/STR-5.webp"
											},
											"credit": "Fred Gissubel",
											"maxWidth": 240,
											"width": 720,
											"height": 1251
										},
										"Being focused totally on being in the moment to work together effectively. Letting go of competition.",
										"{@i A traveling circus's giant spider has died, leaving its owner distraught. Can you get some giant spider eggs for him to hatch?}"
									],
									"id": "02e"
								},
								{
									"type": "entries",
									"name": "Six of Strength",
									"page": 22,
									"entries": [
										{
											"type": "image",
											"href": {
												"type": "internal",
												"path": "decks/TD/STR-6.webp"
											},
											"credit": "Fred Gissubel",
											"maxWidth": 240,
											"width": 720,
											"height": 1250
										},
										"Enjoy the success, but don't get attached to it. What's your definition of success? Riding the highs and lows.",
										"{@i The party is asked to have a young person accompany the group on their next adventure as a coming-of-age ceremony.}"
									],
									"id": "02f"
								},
								{
									"type": "entries",
									"name": "Seven of Strength",
									"page": 23,
									"entries": [
										{
											"type": "image",
											"href": {
												"type": "internal",
												"path": "decks/TD/STR-7.webp"
											},
											"credit": "Fred Gissubel",
											"maxWidth": 240,
											"width": 720,
											"height": 1243
										},
										"Dealing with the overwhelming. Letting go of what causes stress\u2014perfectionism, desire, fear, future-tripping.",
										"{@i You find a magical sword. Roll a {@dice d6}. 1\u20133: It's a +1 sword. 4\u20136: It's a +1 sword that when unsheathed sings loudly.}"
									],
									"id": "030"
								},
								{
									"type": "entries",
									"name": "Eight of Strength",
									"page": 23,
									"entries": [
										{
											"type": "image",
											"href": {
												"type": "internal",
												"path": "decks/TD/STR-8.webp"
											},
											"credit": "Fred Gissubel",
											"maxWidth": 240,
											"width": 720,
											"height": 1248
										},
										"Going with the flow and adapting to change. Hold the goal loosely and enjoy the journey.",
										"{@i During a lightning storm, the adventurers see an entrance to a cavern. It is home to a coven of hags.}"
									],
									"id": "031"
								},
								{
									"type": "entries",
									"name": "Nine of Strength",
									"page": 24,
									"entries": [
										{
											"type": "image",
											"href": {
												"type": "internal",
												"path": "decks/TD/STR-9.webp"
											},
											"credit": "Fred Gissubel",
											"maxWidth": 240,
											"width": 720,
											"height": 1246
										},
										"Finding the wellspring of resolve to push through hardship. A test of faith.",
										"{@i Evil from a haunted house has begun to blight the village farms in the valley below. Farmers have taken a collection to pay you to clear out the evil.}"
									],
									"id": "032"
								},
								{
									"type": "entries",
									"name": "Ten of Strength",
									"page": 24,
									"entries": [
										{
											"type": "image",
											"href": {
												"type": "internal",
												"path": "decks/TD/STR-10.webp"
											},
											"credit": "Fred Gissubel",
											"maxWidth": 240,
											"width": 720,
											"height": 1250
										},
										"Making sure to speak up. Don't try to do it all. Delegate responsibility where you can. Express yourself.",
										"{@i A benevolent order of druids wants their sacred stone back. It's in the crown of a pompous but powerful king.}"
									],
									"id": "033"
								},
								{
									"type": "entries",
									"name": "Page of Strength",
									"page": 25,
									"entries": [
										{
											"type": "image",
											"href": {
												"type": "internal",
												"path": "decks/TD/STR-P.webp"
											},
											"credit": "Fred Gissubel",
											"maxWidth": 240,
											"width": 720,
											"height": 1248
										},
										"It takes energy to do something awesome. Go for it! Engage your free spirit and follow your passion.",
										"{@i A \"holy\" order of priests (actually evil) want you to retrieve a sacred object stolen from them. It's a unicorn's horn that was stolen by a real holy person.}"
									],
									"id": "034"
								},
								{
									"type": "entries",
									"name": "Knight of Strength",
									"page": 25,
									"entries": [
										{
											"type": "image",
											"href": {
												"type": "internal",
												"path": "decks/TD/STR-Kn.webp"
											},
											"credit": "Fred Gissubel",
											"maxWidth": 240,
											"width": 720,
											"height": 1241
										},
										"Going full out and not looking back. Following your gut. Doing what it takes to make it happen.",
										"{@i The adventurers find a sending stone. On the other end is someone who is in deep trouble and is pleading for help.}"
									],
									"id": "035"
								},
								{
									"type": "entries",
									"name": "Queen of Strength",
									"page": 26,
									"entries": [
										{
											"type": "image",
											"href": {
												"type": "internal",
												"path": "decks/TD/STR-Q.webp"
											},
											"credit": "Fred Gissubel",
											"maxWidth": 240,
											"width": 720,
											"height": 1246
										},
										"Spreading the love and letting your light shine. Having courage to take it to the next level.",
										"{@i The party is asked to escort a political figure across a hostile terrain.}"
									],
									"id": "036"
								},
								{
									"type": "entries",
									"name": "King of Strength",
									"page": 26,
									"entries": [
										{
											"type": "image",
											"href": {
												"type": "internal",
												"path": "decks/TD/STR-Ki.webp"
											},
											"credit": "Fred Gissubel",
											"maxWidth": 240,
											"width": 720,
											"height": 1248
										},
										"Fully expressing your powers of leadership and realising your vision. Teaching others.",
										"{@i While traveling, the party comes across a nest of yuan-ti that are planning on enslaving a nearby village.}"
									],
									"id": "037"
								}
							],
							"id": "029"
						},
						{
							"type": "entries",
							"name": "Intelligence",
							"page": 27,
							"entries": [
								{
									"type": "entries",
									"name": "Ace of Intelligence",
									"page": 27,
									"entries": [
										{
											"type": "image",
											"href": {
												"type": "internal",
												"path": "decks/TD/INT-A.webp"
											},
											"credit": "Fred Gissubel",
											"maxWidth": 240,
											"width": 720,
											"height": 1250
										},
										"Finding your inner wizard and using your genius to discover new ideas and have breakthroughs.",
										"{@i The party meets a powerful Wizard whom they may ask one question and get a truthful answer from.}"
									],
									"id": "039"
								},
								{
									"type": "entries",
									"name": "Two of Intelligence",
									"page": 27,
									"entries": [
										{
											"type": "image",
											"href": {
												"type": "internal",
												"path": "decks/TD/INT-2.webp"
											},
											"credit": "Fred Gissubel",
											"maxWidth": 240,
											"width": 720,
											"height": 1249
										},
										"How our inner monologue causes confusion, and how we must find a way to listen to our heart.",
										"{@i You see a lever that is inscribed with magical symbols. Do you pull it?}"
									],
									"id": "03a"
								},
								{
									"type": "entries",
									"name": "Three of Intelligence",
									"page": 28,
									"entries": [
										{
											"type": "image",
											"href": {
												"type": "internal",
												"path": "decks/TD/INT-3.webp"
											},
											"credit": "Fred Gissubel",
											"maxWidth": 240,
											"width": 720,
											"height": 1244
										},
										"Finding a way to heal and learn from anxiety and emotional pain.",
										"{@i A weeping dryad asks you to save her forest from destruction at the hands of orcs.}"
									],
									"id": "03b"
								},
								{
									"type": "entries",
									"name": "Four of Intelligence",
									"page": 28,
									"entries": [
										{
											"type": "image",
											"href": {
												"type": "internal",
												"path": "decks/TD/INT-4.webp"
											},
											"credit": "Fred Gissubel",
											"maxWidth": 240,
											"width": 720,
											"height": 1249
										},
										"Taking time to meditate before moving forward while making sure you are not avoiding action.",
										"{@i The next short rest you take acts as a long rest instead.}"
									],
									"id": "03c"
								},
								{
									"type": "entries",
									"name": "Five of Intelligence",
									"page": 29,
									"entries": [
										{
											"type": "image",
											"href": {
												"type": "internal",
												"path": "decks/TD/INT-5.webp"
											},
											"credit": "Fred Gissubel",
											"maxWidth": 240,
											"width": 720,
											"height": 1252
										},
										"The ways in which competition breeds conflict and divides us to create suffering.",
										"{@i The adventurers encounter two nobles fighting over a magical (but cursed) item.}"
									],
									"id": "03d"
								},
								{
									"type": "entries",
									"name": "Six of Intelligence",
									"page": 29,
									"entries": [
										{
											"type": "image",
											"href": {
												"type": "internal",
												"path": "decks/TD/INT-6.webp"
											},
											"credit": "Fred Gissubel",
											"maxWidth": 240,
											"width": 720,
											"height": 1252
										},
										"Freeing yourself from burdens and old ways of thinking.",
										"{@i A ghost approaches a member of the party claiming to be a long-dead relative. It seeks vengeance.}"
									],
									"id": "03e"
								},
								{
									"type": "entries",
									"name": "Seven of Intelligence",
									"page": 30,
									"entries": [
										{
											"type": "image",
											"href": {
												"type": "internal",
												"path": "decks/TD/INT-7.webp"
											},
											"credit": "Fred Gissubel",
											"maxWidth": 240,
											"width": 720,
											"height": 1253
										},
										"How we play games, hide our real selves, and mask our intentions out of fear or hurt.",
										"{@i A doppelgänger has infiltrated the king's court and the king seeks someone who can root him out.}"
									],
									"id": "03f"
								},
								{
									"type": "entries",
									"name": "Eight of Intelligence",
									"page": 30,
									"entries": [
										{
											"type": "image",
											"href": {
												"type": "internal",
												"path": "decks/TD/INT-8.webp"
											},
											"credit": "Fred Gissubel",
											"maxWidth": 240,
											"width": 720,
											"height": 1248
										},
										"Entangling ourselves from guilty thoughts and self-punishment.",
										"{@i A nearby village has been invaded by the drow and seeks aid.}"
									],
									"id": "040"
								},
								{
									"type": "entries",
									"name": "Nine of Intelligence",
									"page": 31,
									"entries": [
										{
											"type": "image",
											"href": {
												"type": "internal",
												"path": "decks/TD/INT-9.webp"
											},
											"credit": "Fred Gissubel",
											"maxWidth": 240,
											"width": 720,
											"height": 1247
										},
										"Looking at how thoughts can create turmoil and finding a way to observe them from a dispassionate space of stillness.",
										"{@i A mind flayer has used an intellect devourer to take over the prison warden. It uses him to prey on the prisoners.}"
									],
									"id": "041"
								},
								{
									"type": "entries",
									"name": "Ten of Intelligence",
									"page": 31,
									"entries": [
										{
											"type": "image",
											"href": {
												"type": "internal",
												"path": "decks/TD/INT-10.webp"
											},
											"credit": "Fred Gissubel",
											"maxWidth": 240,
											"width": 720,
											"height": 1246
										},
										"How we deal with what shows up in our lives. Do we avoid and deny? Do we react in anger? Do we remain conscious and aware?",
										"{@i The mayor of the town is missing. She has been charmed by a vampire.}"
									],
									"id": "042"
								},
								{
									"type": "entries",
									"name": "Page of Intelligence",
									"page": 32,
									"entries": [
										{
											"type": "image",
											"href": {
												"type": "internal",
												"path": "decks/TD/INT-P.webp"
											},
											"credit": "Fred Gissubel",
											"maxWidth": 240,
											"width": 720,
											"height": 1248
										},
										"Discovering new ways of communicating your ideas and putting them into action.",
										"{@i A wizard wants you to find her some rare spell components.}"
									],
									"id": "043"
								},
								{
									"type": "entries",
									"name": "Knight of Intelligence",
									"page": 32,
									"entries": [
										{
											"type": "image",
											"href": {
												"type": "internal",
												"path": "decks/TD/INT-Kn.webp"
											},
											"credit": "Fred Gissubel",
											"maxWidth": 240,
											"width": 720,
											"height": 1248
										},
										"Channelling raw ambition into a constructive thoughtful and focused plan.",
										"{@i A holy order needs your aid to sanctify a place defiled by demons.}"
									],
									"id": "044"
								},
								{
									"type": "entries",
									"name": "Queen of Intelligence",
									"page": 33,
									"entries": [
										{
											"type": "image",
											"href": {
												"type": "internal",
												"path": "decks/TD/INT-Q.webp"
											},
											"credit": "Fred Gissubel",
											"maxWidth": 240,
											"width": 720,
											"height": 1248
										},
										"The necessity to clearly communicate what you desire from a space of loving-kindness.",
										"{@i Someone comes to you with a murder mystery that they want you to solve.}"
									],
									"id": "045"
								},
								{
									"type": "entries",
									"name": "King of Intelligence",
									"page": 33,
									"entries": [
										{
											"type": "image",
											"href": {
												"type": "internal",
												"path": "decks/TD/INT-Ki.webp"
											},
											"credit": "Fred Gissubel",
											"maxWidth": 240,
											"width": 720,
											"height": 1249
										},
										"Using the panels of your intellect clearly without letting it override your heart.",
										"{@i A queen has fallen under a witch's curse. You have been asked to help break the spell.}"
									],
									"id": "046"
								}
							],
							"id": "038"
						},
						{
							"type": "entries",
							"name": "Wisdom",
							"page": 34,
							"entries": [
								{
									"type": "entries",
									"name": "Ace of Wisdom",
									"page": 34,
									"entries": [
										{
											"type": "image",
											"href": {
												"type": "internal",
												"path": "decks/TD/WIS-A.webp"
											},
											"credit": "Fred Gissubel",
											"maxWidth": 240,
											"width": 720,
											"height": 1247
										},
										"Our ability to access the power of insight to heal emotions and love ourselves.",
										"{@i A group of elves asks if the party would aid them in recovering a sacred artifact.}"
									],
									"id": "048"
								},
								{
									"type": "entries",
									"name": "Two of Wisdom",
									"page": 34,
									"entries": [
										{
											"type": "image",
											"href": {
												"type": "internal",
												"path": "decks/TD/WIS-2.webp"
											},
											"credit": "Fred Gissubel",
											"maxWidth": 240,
											"width": 720,
											"height": 1248
										},
										"Being able to be with someone\u2014whether a friend or lover\u2014and still retain your own sense of individuality.",
										"{@i You are approached by the captain of the city guard to see if you will track down and capture a dangerous criminal.}"
									],
									"id": "049"
								},
								{
									"type": "entries",
									"name": "Three of Wisdom",
									"page": 35,
									"entries": [
										{
											"type": "image",
											"href": {
												"type": "internal",
												"path": "decks/TD/WIS-3.webp"
											},
											"credit": "Fred Gissubel",
											"maxWidth": 240,
											"width": 720,
											"height": 1248
										},
										"Taking time to celebrate the simple joy of aliveness with your friends.",
										"{@i You were invited by the mayor of a nearby town to take part in their \"Festival of Monsters\".}"
									],
									"id": "04a"
								},
								{
									"type": "entries",
									"name": "Four of Wisdom",
									"page": 35,
									"entries": [
										{
											"type": "image",
											"href": {
												"type": "internal",
												"path": "decks/TD/WIS-4.webp"
											},
											"credit": "Fred Gissubel",
											"maxWidth": 240,
											"width": 720,
											"height": 1248
										},
										"Taking time to meditate and let go of all the noisy thoughts that are in your head.",
										"{@i You discover a treasure map within an ornate box in the hollow of an old tree.}"
									],
									"id": "04b"
								},
								{
									"type": "entries",
									"name": "Five of Wisdom",
									"page": 36,
									"entries": [
										{
											"type": "image",
											"href": {
												"type": "internal",
												"path": "decks/TD/WIS-5.webp"
											},
											"credit": "Fred Gissubel",
											"maxWidth": 240,
											"width": 720,
											"height": 1249
										},
										"Keeping a bright outlook and not letting past pain affect your interpretation of the present moment.",
										"{@i A revenant tells you its story and asks for aid in completing its act of vengeance.}"
									],
									"id": "04c"
								},
								{
									"type": "entries",
									"name": "Six of Wisdom",
									"page": 36,
									"entries": [
										{
											"type": "image",
											"href": {
												"type": "internal",
												"path": "decks/TD/WIS-6.webp"
											},
											"credit": "Fred Gissubel",
											"maxWidth": 240,
											"width": 720,
											"height": 1247
										},
										"Our ability to become a child and play in the world. A return to innocence.",
										"{@i You find a gem. When you turn toward a distant mountain, the gem pulsates and glows.}"
									],
									"id": "04d"
								},
								{
									"type": "entries",
									"name": "Seven of Wisdom",
									"page": 37,
									"entries": [
										{
											"type": "image",
											"href": {
												"type": "internal",
												"path": "decks/TD/WIS-7.webp"
											},
											"credit": "Fred Gissubel",
											"maxWidth": 240,
											"width": 720,
											"height": 1248
										},
										"Our capacity to be discerning in our decisions and to choose from a place of clarity and wisdom.",
										"{@i A librarian has discovered a hidden stone door covered with magical glyphs in the library's basement.}"
									],
									"id": "04e"
								},
								{
									"type": "entries",
									"name": "Eight of Wisdom",
									"page": 37,
									"entries": [
										{
											"type": "image",
											"href": {
												"type": "internal",
												"path": "decks/TD/WIS-8.webp"
											},
											"credit": "Fred Gissubel",
											"maxWidth": 240,
											"width": 720,
											"height": 1248
										},
										"Finding a way out of past pain by having faith that something better is waiting for you.",
										"{@i Graves of a cemetery appear to be robbed, but some say it was the dead that dug their way out.}"
									],
									"id": "04f"
								},
								{
									"type": "entries",
									"name": "Nine of Wisdom",
									"page": 38,
									"entries": [
										{
											"type": "image",
											"href": {
												"type": "internal",
												"path": "decks/TD/WIS-9.webp"
											},
											"credit": "Fred Gissubel",
											"maxWidth": 240,
											"width": 720,
											"height": 1246
										},
										"Finding the balance between enjoying our accomplishments and not slipping into complacency.",
										"{@i A horde of marauders is rumoured to be en route to a village. The townsfolk ask the party for help.}"
									],
									"id": "050"
								},
								{
									"type": "entries",
									"name": "Ten of Wisdom",
									"page": 38,
									"entries": [
										{
											"type": "image",
											"href": {
												"type": "internal",
												"path": "decks/TD/WIS-10.webp"
											},
											"credit": "Fred Gissubel",
											"maxWidth": 240,
											"width": 720,
											"height": 1247
										},
										"Uniting the head and the heart. Relating to others and your environment in emotional balance.",
										"{@i The party comes across a magical portal with a ring of standing stones.}"
									],
									"id": "051"
								},
								{
									"type": "entries",
									"name": "Page of Wisdom",
									"page": 39,
									"entries": [
										{
											"type": "image",
											"href": {
												"type": "internal",
												"path": "decks/TD/WIS-P.webp"
											},
											"credit": "Fred Gissubel",
											"maxWidth": 240,
											"width": 720,
											"height": 1248
										},
										"Embarking on a new path sparked by your curiosity and creativity.",
										"{@i A man staggers toward you and hands you a silver key. He gasps, \"find the fish,\" before falling over dead. He smells of brine.}"
									],
									"id": "052"
								},
								{
									"type": "entries",
									"name": "Knight of Wisdom",
									"page": 39,
									"entries": [
										{
											"type": "image",
											"href": {
												"type": "internal",
												"path": "decks/TD/WIS-Kn.webp"
											},
											"credit": "Fred Gissubel",
											"maxWidth": 240,
											"width": 720,
											"height": 1251
										},
										"Trusting your passion, allowing yourself to dream big, and imagining the best happening for you.",
										"{@i There were whispers that the mayor of the town was seen signing a pact with an imp.}"
									],
									"id": "053"
								},
								{
									"type": "entries",
									"name": "Queen of Wisdom",
									"page": 40,
									"entries": [
										{
											"type": "image",
											"href": {
												"type": "internal",
												"path": "decks/TD/WIS-Q.webp"
											},
											"credit": "Fred Gissubel",
											"maxWidth": 240,
											"width": 720,
											"height": 1253
										},
										"Going into the depth of compassion and quieting the critical mind to create emotional stability.",
										"{@i A duck waddles up and says that he has witnessed a murder and wants you to catch the culprit.}"
									],
									"id": "054"
								},
								{
									"type": "entries",
									"name": "King of Wisdom",
									"page": 40,
									"entries": [
										{
											"type": "image",
											"href": {
												"type": "internal",
												"path": "decks/TD/WIS-Ki.webp"
											},
											"credit": "Fred Gissubel",
											"maxWidth": 240,
											"width": 720,
											"height": 1243
										},
										"Fully accepting this moment. Allowing complaints to dissolve. Being kind to yourself.",
										"{@i A noble approaches you and says that an assassin has been sent to kill him and he needs your help.}"
									],
									"id": "055"
								}
							],
							"id": "047"
						},
						{
							"type": "entries",
							"name": "Charisma",
							"page": 41,
							"entries": [
								{
									"type": "entries",
									"name": "Ace of Charisma",
									"page": 41,
									"entries": [
										{
											"type": "image",
											"href": {
												"type": "internal",
												"path": "decks/TD/CHA-A.webp"
											},
											"credit": "Fred Gissubel",
											"maxWidth": 240,
											"width": 720,
											"height": 1245
										},
										"A new opportunity and a time of manifestation and abundance.",
										"{@i A mysterious order of assassins begins to hunt down a member of the party.}"
									],
									"id": "057"
								},
								{
									"type": "entries",
									"name": "Two of Charisma",
									"page": 41,
									"entries": [
										{
											"type": "image",
											"href": {
												"type": "internal",
												"path": "decks/TD/CHA-2.webp"
											},
											"credit": "Fred Gissubel",
											"maxWidth": 240,
											"width": 720,
											"height": 1246
										},
										"Our ability to manage our time with grace and ease by getting clear on our priorities.",
										"{@i A group of Viking Warriors are in a longboat. They claim to found a way to the river Styx, and they're going to fight devils.}"
									],
									"id": "058"
								},
								{
									"type": "entries",
									"name": "Three of Charisma",
									"page": 42,
									"entries": [
										{
											"type": "image",
											"href": {
												"type": "internal",
												"path": "decks/TD/CHA-3.webp"
											},
											"credit": "Fred Gissubel",
											"maxWidth": 240,
											"width": 720,
											"height": 1247
										},
										"Using the power of a team and learning how to collaborate.",
										"{@i A shy ogre asks the party to rescue his pet goat from an evil cyclops.}"
									],
									"id": "059"
								},
								{
									"type": "entries",
									"name": "Four of Charisma",
									"page": 42,
									"entries": [
										{
											"type": "image",
											"href": {
												"type": "internal",
												"path": "decks/TD/CHA-4.webp"
											},
											"credit": "Fred Gissubel",
											"maxWidth": 240,
											"width": 720,
											"height": 1248
										},
										"Being careful with finances while not falling into fear or greed.",
										"{@i A dwarf claims to have discovered a vein of mithral in his mine, but now monsters have moved in, and he needs help reclaiming it.}"
									],
									"id": "05a"
								},
								{
									"type": "entries",
									"name": "Five of Charisma",
									"page": 43,
									"entries": [
										{
											"type": "image",
											"href": {
												"type": "internal",
												"path": "decks/TD/CHA-5.webp"
											},
											"credit": "Fred Gissubel",
											"maxWidth": 240,
											"width": 720,
											"height": 1250
										},
										"Finding out how to move out of lack mentality and to enjoy the abundance, in whatever form, showing up in our lives.",
										"{@i A kobold asks if the party wishes to join him on an adventure to the Dragon's Teeth mountains to find the fabled Eye of Tiamat.}"
									],
									"id": "05b"
								},
								{
									"type": "entries",
									"name": "Six of Charisma",
									"page": 43,
									"entries": [
										{
											"type": "image",
											"href": {
												"type": "internal",
												"path": "decks/TD/CHA-6.webp"
											},
											"credit": "Fred Gissubel",
											"maxWidth": 240,
											"width": 720,
											"height": 1248
										},
										"Giving and receiving fully while not sacrificing your values or exhausting your energy.",
										"{@i An old Mariner tells you the precise location of a legendary shipwreck off the coast.}"
									],
									"id": "05c"
								},
								{
									"type": "entries",
									"name": "Seven of Charisma",
									"page": 44,
									"entries": [
										{
											"type": "image",
											"href": {
												"type": "internal",
												"path": "decks/TD/CHA-7.webp"
											},
											"credit": "Fred Gissubel",
											"maxWidth": 240,
											"width": 720,
											"height": 1246
										},
										"The power of allowing your plans to develop and unfold without urgency or restlessness.",
										"{@i The town mayor is rumoured to be possessed by an evil spirit. The mayor is secretly preparing to sacrifice the entire town.}"
									],
									"id": "05d"
								},
								{
									"type": "entries",
									"name": "Eight of Charisma",
									"page": 44,
									"entries": [
										{
											"type": "image",
											"href": {
												"type": "internal",
												"path": "decks/TD/CHA-8.webp"
											},
											"credit": "Fred Gissubel",
											"maxWidth": 240,
											"width": 720,
											"height": 1247
										},
										"Paying attention to doing the simple things well. Slow and steady wins the race.",
										"{@i A dwarven forgemaster has had her magical hammer stolen and is asking for your help. In return, she'll forge you a weapon.}"
									],
									"id": "05e"
								},
								{
									"type": "entries",
									"name": "Nine of Charisma",
									"page": 45,
									"entries": [
										{
											"type": "image",
											"href": {
												"type": "internal",
												"path": "decks/TD/CHA-9.webp"
											},
											"credit": "Fred Gissubel",
											"maxWidth": 240,
											"width": 720,
											"height": 1247
										},
										"The capability to come out of \"survival mode\" and enjoy the abundance and self-sufficiency that we do have. Appreciate the good.",
										"{@i Something is digging tunnels under the city and your party has been asked to investigate.}"
									],
									"id": "05f"
								},
								{
									"type": "entries",
									"name": "Ten of Charisma",
									"page": 45,
									"entries": [
										{
											"type": "image",
											"href": {
												"type": "internal",
												"path": "decks/TD/CHA-10.webp"
											},
											"credit": "Fred Gissubel",
											"maxWidth": 240,
											"width": 720,
											"height": 1246
										},
										"The security that comes with having a network of people who support you and your dreams. Long-term success.",
										"{@i A Paladin requests aid to recover the body of his fallen companion.}"
									],
									"id": "060"
								},
								{
									"type": "entries",
									"name": "Page of Charisma",
									"page": 46,
									"entries": [
										{
											"type": "image",
											"href": {
												"type": "internal",
												"path": "decks/TD/CHA-P.webp"
											},
											"credit": "Fred Gissubel",
											"maxWidth": 240,
											"width": 720,
											"height": 1250
										},
										"Getting into action and rekindling a sense of adventure with even the small things. Realize what isn't working.",
										"{@i Something has torn down the rope bridge that spans the chasm. The villagers need help rebuilding it.}"
									],
									"id": "061"
								},
								{
									"type": "entries",
									"name": "Knight of Charisma",
									"page": 46,
									"entries": [
										{
											"type": "image",
											"href": {
												"type": "internal",
												"path": "decks/TD/CHA-Kn.webp"
											},
											"credit": "Fred Gissubel",
											"maxWidth": 240,
											"width": 720,
											"height": 1248
										},
										"Finding a way to enjoy routine, take responsibility for our own success, and let go of expectations. Good work speaks for itself.",
										"{@i The local mad wizard wants basilisk or cockatrice eggs and is willing to pay handsomely.}"
									],
									"id": "062"
								},
								{
									"type": "entries",
									"name": "Queen of Charisma",
									"page": 47,
									"entries": [
										{
											"type": "image",
											"href": {
												"type": "internal",
												"path": "decks/TD/CHA-Q.webp"
											},
											"credit": "Fred Gissubel",
											"maxWidth": 240,
											"width": 720,
											"height": 1248
										},
										"Creating a nurturing space for yourself and others to achieve greatness. Maintaining work/life balance.",
										"{@i A farmer claims that his goose that lays golden eggs has been stolen by a cyclops and is asking for your help in getting it back.}"
									],
									"id": "063"
								},
								{
									"type": "entries",
									"name": "King of Charisma",
									"page": 47,
									"entries": [
										{
											"type": "image",
											"href": {
												"type": "internal",
												"path": "decks/TD/CHA-Ki.webp"
											},
											"credit": "Fred Gissubel",
											"maxWidth": 240,
											"width": 720,
											"height": 1248
										},
										"Reaping the fruits of your endeavours. Enjoying abundance while not getting lost in acquiring.",
										"{@i Is there a bard in the party? The king is having a ball and the entertainment has not shown up.}"
									],
									"id": "064"
								}
							],
							"id": "056"
						}
					],
					"id": "028"
				}
			],
			"id": "010"
		},
		{
			"type": "section",
			"name": "Credits",
			"page": 48,
			"entries": [
				"TM & Copyright © 2022 by Wizards of the Coast LLC",
				"All rights reserved.",
				"Published in the United States by Clarkson Potter/Publishers, an imprint of Random House, a division of Penguin Random House LLC, New York.",
				"{@link clarksonpotter.com}",
				"CLARKSON POTTER is a trademark and POTTER with colophon is a registered trademark of Penguin Random House LLC.",
				"Dungeons & Dragons, its logo, D&D, and the dragon ampersand are trademarks of Wizards of the Coast LLC. © 2022 Wizards",
				"ISBN 978-1-9848-2466-0",
				"Printed in China",
				{
					"type": "list",
					"style": "list-no-bullets",
					"items": [
						{
							"type": "item",
							"name": "Writer:",
							"entries": [
								"Adam Lee"
							]
						},
						{
							"type": "item",
							"name": "Illustrator:",
							"entries": [
								"Fred Gissubel"
							]
						},
						{
							"type": "item",
							"name": "Editor:",
							"entries": [
								"Angelin Borsics"
							]
						},
						{
							"type": "item",
							"name": "Designer:",
							"entries": [
								"Nicole Block"
							]
						},
						{
							"type": "item",
							"name": "Production Editor:",
							"entries": [
								"Abby Oladipo"
							]
						},
						{
							"type": "item",
							"name": "Production Manager:",
							"entries": [
								"Luisa Francavilla"
							]
						},
						{
							"type": "item",
							"name": "Compositor:",
							"entries": [
								"Zoe Tokushige"
							]
						},
						{
							"type": "item",
							"name": "Copyeditor:",
							"entries": [
								"Diana Drew"
							]
						}
					]
				},
				"10 9 8 7 6",
				"First Edition"
			],
			"id": "065"
		}
	]
}
