[
	{
		"name": "create spelljamming helm",
		"path": "https://www.dndbeyond.com/avatars/28079/971/637961801027285105.jpeg"
	},
	{
		"name": "air bubble",
		"path": "icons/magic/water/bubbles-air-water-blue.webp"
	},
	{
		"name": "abi-dalzim's horrid wilting",
		"path": "icons/magic/air/fog-gas-smoke-dense-brown.webp"
	},
	{
		"name": "absorb elements",
		"path": "icons/magic/lightning/orb-ball-purple.webp"
	},
	{
		"name": "acid arrow",
		"path": "icons/skills/ranged/arrow-flying-ornate-gold.webp"
	},
	{
		"name": "acid splash",
		"path": "icons/creatures/slimes/slime-movement-dripping-pseudopods-green.webp"
	},
	{
		"name": "aganazzar's scorcher",
		"path": "icons/magic/light/beam-rays-red-large.webp"
	},
	{
		"name": "aid",
		"path": "icons/magic/life/cross-embers-glow-yellow-purple.webp"
	},
	{
		"name": "alarm",
		"path": "icons/magic/sonic/bell-alarm-red-purple.webp"
	},
	{
		"name": "alter self",
		"path": "icons/magic/control/debuff-energy-hold-green.webp"
	},
	{
		"name": "animal friendship",
		"path": "icons/environment/creatures/frog-spotted-green.webp"
	},
	{
		"name": "animal messenger",
		"path": "icons/creatures/birds/corvid-flying-wings-purple.webp"
	},
	{
		"name": "animal shapes",
		"path": "icons/magic/nature/wolf-paw-glow-large-teal-blue.webp"
	},
	{
		"name": "animate dead",
		"path": "icons/magic/death/undead-skeleton-energy-green.webp"
	},
	{
		"name": "animate objects",
		"path": "icons/magic/water/bubbles-air-water-blue.webp"
	},
	{
		"name": "antilife shell",
		"path": "icons/magic/earth/orb-stone-smoke-teal.webp"
	},
	{
		"name": "antimagic field",
		"path": "icons/commodities/gems/pearl-purple-dark.webp"
	},
	{
		"name": "antipathy/sympathy",
		"path": "icons/magic/perception/eye-ringed-glow-angry-large-teal.webp"
	},
	{
		"name": "arcane eye",
		"path": "icons/magic/perception/eye-ringed-glow-angry-teal.webp"
	},
	{
		"name": "arcane gate",
		"path": "icons/magic/air/air-burst-spiral-large-yellow.webp"
	},
	{
		"name": "arcane hand",
		"path": "icons/magic/unholy/strike-hand-glow-pink.webp"
	},
	{
		"name": "arcane lock",
		"path": "icons/sundries/misc/key-steel-grey.webp"
	},
	{
		"name": "arcanist's magic aura",
		"path": "icons/magic/symbols/runes-star-magenta.webp"
	},
	{
		"name": "armor of agathys",
		"path": "icons/magic/defensive/shield-barrier-flaming-diamond-blue.webp"
	},
	{
		"name": "arms of hadar",
		"path": "icons/commodities/biological/tentacle-purple-white.webp"
	},
	{
		"name": "ashardalon's stride",
		"path": "icons/magic/fire/projectile-bolt-zigzag-orange.webp"
	},
	{
		"name": "astral projection",
		"path": "icons/magic/perception/third-eye-blue-red.webp"
	},
	{
		"name": "augury",
		"path": "icons/magic/perception/orb-crystal-ball-scrying.webp"
	},
	{
		"name": "aura of life",
		"path": "icons/magic/life/heart-area-circle-red-green.webp"
	},
	{
		"name": "aura of purity",
		"path": "icons/magic/life/heart-cross-strong-purple-orange.webp"
	},
	{
		"name": "aura of vitality",
		"path": "icons/magic/life/cross-area-circle-green-white.webp"
	},
	{
		"name": "awaken",
		"path": "icons/magic/nature/tree-animated-strike.webp"
	},
	{
		"name": "bane",
		"path": "icons/magic/unholy/hands-praying-fire-green.webp"
	},
	{
		"name": "banishing smite",
		"path": "icons/weapons/swords/sword-broad-crystal-paired.webp"
	},
	{
		"name": "banishment",
		"path": "icons/magic/unholy/orb-swirling-teal.webp"
	},
	{
		"name": "barkskin",
		"path": "icons/commodities/wood/bark-beige.webp"
	},
	{
		"name": "beacon of hope",
		"path": "icons/magic/light/explosion-star-large-blue-yellow.webp"
	},
	{
		"name": "beast bond",
		"path": "icons/magic/nature/wolf-paw-glow-green.webp"
	},
	{
		"name": "beast sense",
		"path": "icons/creatures/eyes/humanoid-single-red-brown.webp"
	},
	{
		"name": "bestow curse",
		"path": "icons/magic/symbols/triangle-glow-purple.webp"
	},
	{
		"name": "bigby's hand",
		"path": "icons/magic/unholy/strike-hand-glow-pink.webp"
	},
	{
		"name": "black tentacles",
		"path": "icons/creatures/tentacles/tentacles-octopus-black-pink.webp"
	},
	{
		"name": "blade barrier",
		"path": "icons/skills/melee/spear-tips-triple-orange.webp"
	},
	{
		"name": "blade of disaster",
		"path": "icons/skills/melee/strike-sword-blood-red.webp"
	},
	{
		"name": "blade ward",
		"path": "icons/equipment/shield/buckler-wooden-boss-glowing-blue.webp"
	},
	{
		"name": "bless",
		"path": "icons/magic/holy/prayer-hands-glowing-yellow-green.webp"
	},
	{
		"name": "blight",
		"path": "icons/magic/nature/tree-spirit-green.webp"
	},
	{
		"name": "blinding smite",
		"path": "icons/magic/fire/dagger-rune-enchant-flame-strong-blue-yellow.webp"
	},
	{
		"name": "blindness/deafness",
		"path": "icons/creatures/eyes/humanoid-single-blind.webp"
	},
	{
		"name": "blink",
		"path": "icons/magic/control/debuff-energy-hold-pink.webp"
	},
	{
		"name": "blur",
		"path": "icons/magic/time/hourglass-yellow-green.webp"
	},
	{
		"name": "bones of the earth",
		"path": "icons/commodities/stone/masonry-block-cube-grey-teal.webp"
	},
	{
		"name": "booming blade",
		"path": "icons/skills/melee/sword-stuck-glowing-pink.webp"
	},
	{
		"name": "borrowed knowledge",
		"path": "icons/magic/perception/third-eye-blue-red.webp"
	},
	{
		"name": "branding smite",
		"path": "icons/magic/fire/dagger-rune-enchant-flame-strong-purple.webp"
	},
	{
		"name": "burning hands",
		"path": "icons/magic/earth/volcano-explosion-lava-yellow.webp"
	},
	{
		"name": "call lightning",
		"path": "icons/magic/lightning/bolt-forked-large-blue-yellow.webp"
	},
	{
		"name": "calm emotions",
		"path": "icons/magic/control/buff-luck-fortune-rainbow.webp"
	},
	{
		"name": "catapult",
		"path": "icons/magic/earth/projectile-stone-boulder-blue.webp"
	},
	{
		"name": "catnap",
		"path": "icons/magic/perception/third-eye-blue-red.webp"
	},
	{
		"name": "cause fear",
		"path": "icons/magic/control/fear-fright-monster-green.webp"
	},
	{
		"name": "ceremony",
		"path": "icons/sundries/books/book-purple-cross.webp"
	},
	{
		"name": "chain lightning",
		"path": "icons/magic/lightning/bolts-forked-large-blue.webp"
	},
	{
		"name": "chaos bolt",
		"path": "icons/magic/lightning/bolt-strike-beam-purple.webp"
	},
	{
		"name": "charm monster",
		"path": "icons/creatures/unholy/demon-winged-cyclops-drooling.webp"
	},
	{
		"name": "charm person",
		"path": "icons/magic/life/heart-shadow-red.webp"
	},
	{
		"name": "chill touch",
		"path": "icons/magic/fire/flame-burning-hand-purple.webp"
	},
	{
		"name": "chromatic orb",
		"path": "icons/magic/unholy/orb-beam-pink.webp"
	},
	{
		"name": "circle of death",
		"path": "icons/magic/lightning/barrier-shield-crackling-orb-pink.webp"
	},
	{
		"name": "circle of power",
		"path": "icons/magic/light/explosion-star-glow-blue-purple.webp"
	},
	{
		"name": "clairvoyance",
		"path": "icons/magic/perception/eye-winged-pink.webp"
	},
	{
		"name": "clone",
		"path": "icons/magic/defensive/illusion-evasion-echo-purple.webp"
	},
	{
		"name": "cloud of daggers",
		"path": "icons/skills/ranged/daggers-thrown-salvo-green.webp"
	},
	{
		"name": "cloudkill",
		"path": "icons/magic/air/fog-gas-smoke-swirling-green.webp"
	},
	{
		"name": "color spray",
		"path": "icons/magic/light/projectile-bolts-salvo-yellow.webp"
	},
	{
		"name": "command",
		"path": "icons/skills/social/wave-halt-stop.webp"
	},
	{
		"name": "commune",
		"path": "icons/magic/symbols/runes-star-pentagon-blue.webp"
	},
	{
		"name": "commune with nature",
		"path": "icons/magic/nature/tree-spirit-blue.webp"
	},
	{
		"name": "compelled duel",
		"path": "icons/skills/melee/weapons-crossed-swords-white-blue.webp"
	},
	{
		"name": "comprehend languages",
		"path": "icons/sundries/documents/document-letter-formal-tan.webp"
	},
	{
		"name": "compulsion",
		"path": "icons/creatures/eyes/humanoid-single-blue.webp"
	},
	{
		"name": "cone of cold",
		"path": "icons/magic/air/wind-tornado-wall-blue.webp"
	},
	{
		"name": "confusion",
		"path": "icons/magic/air/air-burst-spiral-teal-green.webp"
	},
	{
		"name": "conjure animals",
		"path": "icons/creatures/abilities/paw-print-pair-purple.webp"
	},
	{
		"name": "conjure barrage",
		"path": "icons/skills/ranged/arrows-flying-salvo-blue-light.webp"
	},
	{
		"name": "conjure celestial",
		"path": "icons/commodities/biological/wing-bird-white.webp"
	},
	{
		"name": "conjure elemental",
		"path": "icons/creatures/fish/fish-fangtooth-skeletal-pink.webp"
	},
	{
		"name": "conjure fey",
		"path": "icons/creatures/birds/corvid-flying-wings-purple.webp"
	},
	{
		"name": "conjure minor elementals",
		"path": "icons/creatures/slimes/slime-movement-pseudopod-green.webp"
	},
	{
		"name": "conjure volley",
		"path": "icons/weapons/ammunition/arrows-war-red.webp"
	},
	{
		"name": "conjure woodland beings",
		"path": "icons/commodities/bones/horn-antler-brown-red.webp"
	},
	{
		"name": "contact other plane",
		"path": "icons/magic/light/beam-rays-magenta.webp"
	},
	{
		"name": "contagion",
		"path": "icons/magic/acid/pouring-gas-smoke-liquid.webp"
	},
	{
		"name": "contingency",
		"path": "icons/tools/navigation/hourglass-grey.webp"
	},
	{
		"name": "continual flame",
		"path": "icons/magic/light/torch-fire-orange.webp"
	},
	{
		"name": "control flames",
		"path": "icons/magic/light/hand-sparks-glow-yellow.webp"
	},
	{
		"name": "control water",
		"path": "icons/creatures/slimes/slime-movement-swirling-blue.webp"
	},
	{
		"name": "control weather",
		"path": "icons/magic/water/snowflake-ice-snow-white.webp"
	},
	{
		"name": "control winds",
		"path": "icons/magic/air/air-wave-gust-blue.webp"
	},
	{
		"name": "cordon of arrows",
		"path": "icons/skills/ranged/arrows-flying-salvo-yellow.webp"
	},
	{
		"name": "counterspell",
		"path": "icons/magic/unholy/hands-cloud-light-pink.webp"
	},
	{
		"name": "create bonfire",
		"path": "icons/magic/fire/flame-burning-campfire-rocks.webp"
	},
	{
		"name": "create food and water",
		"path": "icons/consumables/fruit/apple-red-tree-green.webp"
	},
	{
		"name": "create homunculus",
		"path": "icons/creatures/abilities/wing-batlike-white-blue.webp"
	},
	{
		"name": "create magen",
		"path": "icons/commodities/treasure/doll-voodoo.webp"
	},
	{
		"name": "create or destroy water",
		"path": "icons/magic/water/pseudopod-swirl-blue.webp"
	},
	{
		"name": "create undead",
		"path": "icons/magic/death/skull-trio-badge-purple.webp"
	},
	{
		"name": "creation",
		"path": "icons/magic/nature/leaf-glow-triple-green.webp"
	},
	{
		"name": "crown of madness",
		"path": "icons/commodities/metal/fragments-steel-barbed.webp"
	},
	{
		"name": "crown of stars",
		"path": "icons/magic/symbols/runes-star-pentagon-orange.webp"
	},
	{
		"name": "crusader's mantle",
		"path": "icons/skills/melee/strike-hammer-destructive-blue.webp"
	},
	{
		"name": "cure wounds",
		"path": "icons/magic/life/heart-cross-strong-green.webp"
	},
	{
		"name": "dancing lights",
		"path": "icons/magic/light/explosion-star-glow-yellow.webp"
	},
	{
		"name": "danse macabre",
		"path": "icons/magic/acid/dissolve-bone-ribs-skull.webp"
	},
	{
		"name": "dark star",
		"path": "icons/magic/unholy/barrier-shield-glowing-pink.webp"
	},
	{
		"name": "darkness",
		"path": "icons/magic/unholy/orb-glowing-purple.webp"
	},
	{
		"name": "darkvision",
		"path": "icons/magic/perception/hand-eye-pink.webp"
	},
	{
		"name": "dawn",
		"path": "icons/magic/light/projectile-beam-yellow.webp"
	},
	{
		"name": "daylight",
		"path": "icons/magic/light/beam-rays-yellow.webp"
	},
	{
		"name": "death ward",
		"path": "icons/magic/holy/angel-wings-gray.webp"
	},
	{
		"name": "delayed blast fireball",
		"path": "icons/magic/fire/explosion-fireball-large-red-orange.webp"
	},
	{
		"name": "demiplane",
		"path": "icons/commodities/gems/pearl-water.webp"
	},
	{
		"name": "destructive wave",
		"path": "icons/commodities/materials/liquid-blue.webp"
	},
	{
		"name": "detect evil and good",
		"path": "icons/magic/light/explosion-star-blue.webp"
	},
	{
		"name": "detect magic",
		"path": "icons/magic/symbols/rune-sigil-black-pink.webp"
	},
	{
		"name": "detect poison and disease",
		"path": "icons/magic/acid/dissolve-drip-droplet-smoke.webp"
	},
	{
		"name": "detect thoughts",
		"path": "icons/commodities/biological/organ-brain-pink.webp"
	},
	{
		"name": "dimension door",
		"path": "icons/magic/movement/portal-vortex-orange.webp"
	},
	{
		"name": "disguise self",
		"path": "icons/creatures/magical/spirit-undead-masked-blue.webp"
	},
	{
		"name": "disintegrate",
		"path": "icons/magic/unholy/strike-body-explode-disintegrate.webp"
	},
	{
		"name": "dispel evil and good",
		"path": "icons/magic/holy/yin-yang-balance-symbol.webp"
	},
	{
		"name": "dispel magic",
		"path": "icons/magic/light/orbs-hand-gray.webp"
	},
	{
		"name": "dissonant whispers",
		"path": "icons/magic/control/fear-fright-shadow-monster-green.webp"
	},
	{
		"name": "distort value",
		"path": "icons/commodities/currency/coin-engraved-sun-smile-copper.webp"
	},
	{
		"name": "divination",
		"path": "icons/sundries/scrolls/scroll-symbol-eye-brown.webp"
	},
	{
		"name": "divine favor",
		"path": "icons/magic/life/heart-cross-strong-purple-orange.webp"
	},
	{
		"name": "divine word",
		"path": "icons/magic/light/explosion-star-large-orange-purple.webp"
	},
	{
		"name": "dominate beast",
		"path": "icons/magic/nature/wolf-paw-glow-large-orange.webp"
	},
	{
		"name": "dominate monster",
		"path": "icons/creatures/unholy/demon-horned-black-yellow.webp"
	},
	{
		"name": "dominate person",
		"path": "icons/creatures/eyes/humanoid-single-blue.webp"
	},
	{
		"name": "draconic transformation",
		"path": "icons/creatures/abilities/dragon-fire-breath-orange.webp"
	},
	{
		"name": "dragon's breath",
		"path": "icons/magic/acid/projectile-smoke-glowing.webp"
	},
	{
		"name": "drawmij's instant summons",
		"path": "icons/magic/control/buff-flight-wings-purple.webp"
	},
	{
		"name": "dream",
		"path": "icons/environment/people/cleric-orange.webp"
	},
	{
		"name": "dream of the blue veil",
		"path": "icons/magic/air/wind-tornado-funnel-damage-blue.webp"
	},
	{
		"name": "druid grove",
		"path": "icons/commodities/flowers/lotus-white.webp"
	},
	{
		"name": "druidcraft",
		"path": "icons/creatures/tentacles/tentacles-thing-green.webp"
	},
	{
		"name": "dust devil",
		"path": "icons/magic/air/wind-tornado-cyclone-red-orange.webp"
	},
	{
		"name": "earth tremor",
		"path": "icons/commodities/stone/paver-gravel-grey.webp"
	},
	{
		"name": "earthbind",
		"path": "icons/magic/symbols/runes-carved-stone-yellow.webp"
	},
	{
		"name": "earthquake",
		"path": "icons/magic/earth/explosion-lava-stone-yellow.webp"
	},
	{
		"name": "eldritch blast",
		"path": "icons/magic/fire/projectile-fireball-smoke-teal.webp"
	},
	{
		"name": "elemental bane",
		"path": "icons/magic/light/projectiles-pink-purple.webp"
	},
	{
		"name": "elemental weapon",
		"path": "icons/magic/fire/dagger-rune-enchant-purple-orange.webp"
	},
	{
		"name": "encode thoughts",
		"path": "icons/magic/air/air-wave-gust-blue.webp"
	},
	{
		"name": "enemies abound",
		"path": "icons/magic/control/fear-fright-monster-red.webp"
	},
	{
		"name": "enervation",
		"path": "icons/commodities/biological/eye-tentacle-grey-orange.webp"
	},
	{
		"name": "enhance ability",
		"path": "icons/magic/control/buff-strength-muscle-damage-orange.webp"
	},
	{
		"name": "enlarge/reduce",
		"path": "icons/skills/social/intimidation-impressing.webp"
	},
	{
		"name": "ensnaring strike",
		"path": "icons/magic/fire/projectile-arrow-fire-red-yellow.webp"
	},
	{
		"name": "entangle",
		"path": "icons/magic/nature/root-vine-entangle-foot-green.webp"
	},
	{
		"name": "enthrall",
		"path": "icons/magic/air/air-burst-spiral-pink.webp"
	},
	{
		"name": "erupting earth",
		"path": "icons/magic/earth/explosion-lava-stone-green.webp"
	},
	{
		"name": "etherealness",
		"path": "icons/magic/air/fog-gas-smoke-blue-gray.webp"
	},
	{
		"name": "evard's black tentacles",
		"path": "icons/creatures/tentacles/tentacles-octopus-black-pink.webp"
	},
	{
		"name": "expeditious retreat",
		"path": "icons/skills/movement/feet-winged-boots-glowing-yellow.webp"
	},
	{
		"name": "eyebite",
		"path": "icons/magic/perception/eye-ringed-glow-angry-large-red.webp"
	},
	{
		"name": "fabricate",
		"path": "icons/commodities/wood/framing-brace-reinforced.webp"
	},
	{
		"name": "faerie fire",
		"path": "icons/magic/fire/projectile-meteor-salvo-strong-teal.webp"
	},
	{
		"name": "faithful hound",
		"path": "icons/commodities/treasure/figurine-dog.webp"
	},
	{
		"name": "false life",
		"path": "icons/magic/control/debuff-chains-purple.webp"
	},
	{
		"name": "far step",
		"path": "icons/magic/air/air-pressure-shield-blue.webp"
	},
	{
		"name": "fast friends",
		"path": "icons/commodities/currency/coin-engraved-sun-smile-copper.webp"
	},
	{
		"name": "fear",
		"path": "icons/magic/control/fear-fright-monster-purple-blue.webp"
	},
	{
		"name": "feather fall",
		"path": "icons/commodities/biological/wing-bird-white.webp"
	},
	{
		"name": "feeblemind",
		"path": "icons/commodities/biological/organ-brain-pink-purple.webp"
	},
	{
		"name": "feign death",
		"path": "icons/environment/settlement/graveyard-tombstone-night.webp"
	},
	{
		"name": "find familiar",
		"path": "icons/commodities/materials/feathers-brown.webp"
	},
	{
		"name": "find greater steed",
		"path": "icons/environment/creatures/horse-white.webp"
	},
	{
		"name": "find steed",
		"path": "icons/environment/creatures/horse-tan.webp"
	},
	{
		"name": "find the path",
		"path": "icons/magic/air/air-wave-gust-smoke-yellow.webp"
	},
	{
		"name": "find traps",
		"path": "icons/environment/traps/trap-jaw-steel.webp"
	},
	{
		"name": "finger of death",
		"path": "icons/magic/nature/beam-hand-leaves-green.webp"
	},
	{
		"name": "fire bolt",
		"path": "icons/magic/light/beam-rays-orange.webp"
	},
	{
		"name": "fire shield",
		"path": "icons/magic/defensive/shield-barrier-flaming-pentagon-red.webp"
	},
	{
		"name": "fire storm",
		"path": "icons/magic/fire/projectile-meteor-salvo-heavy-red.webp"
	},
	{
		"name": "fireball",
		"path": "icons/magic/fire/projectile-fireball-smoke-large-orange.webp"
	},
	{
		"name": "fizban's platinum shield",
		"path": "icons/magic/defensive/shield-barrier-flaming-pentagon-blue-yellow.webp"
	},
	{
		"name": "flame arrows",
		"path": "icons/magic/fire/projectile-arrow-fire-orange-yellow.webp"
	},
	{
		"name": "flame blade",
		"path": "icons/magic/fire/projectile-bolt-zigzag-orange.webp"
	},
	{
		"name": "flame strike",
		"path": "icons/magic/fire/projectile-wave-arrow.webp"
	},
	{
		"name": "flaming sphere",
		"path": "icons/magic/light/explosion-star-orange.webp"
	},
	{
		"name": "flesh to stone",
		"path": "icons/commodities/treasure/statue-bust-stone-grey.webp"
	},
	{
		"name": "floating disk",
		"path": "icons/commodities/materials/glass-orb-blue.webp"
	},
	{
		"name": "flock of familiars",
		"path": "icons/creatures/mammals/bats-movement-flying-black.webp"
	},
	{
		"name": "fly",
		"path": "icons/commodities/treasure/trinket-wing-white.webp"
	},
	{
		"name": "fog cloud",
		"path": "icons/magic/air/fog-gas-smoke-dense-gray.webp"
	},
	{
		"name": "forbiddance",
		"path": "icons/commodities/gems/pearl-fire-swirl.webp"
	},
	{
		"name": "forcecage",
		"path": "icons/magic/control/debuff-chains-ropes-net-purple-blue.webp"
	},
	{
		"name": "foresight",
		"path": "icons/magic/perception/hand-eye-fire-blue.webp"
	},
	{
		"name": "fortune's favor",
		"path": "icons/commodities/flowers/clover.webp"
	},
	{
		"name": "freedom of movement",
		"path": "icons/skills/melee/strike-blade-hooked-white-red.webp"
	},
	{
		"name": "freezing sphere",
		"path": "icons/magic/sonic/explosion-shock-wave-teal.webp"
	},
	{
		"name": "friends",
		"path": "icons/magic/air/wind-vortex-swirl-purple.webp"
	},
	{
		"name": "frost fingers",
		"path": "icons/magic/water/projectiles-ice-faceted-salvo-gray.webp"
	},
	{
		"name": "frostbite",
		"path": "icons/magic/water/barrier-ice-crystal-wall-jagged.webp"
	},
	{
		"name": "galder's speedy courier",
		"path": "icons/magic/control/debuff-energy-hold-yellow.webp"
	},
	{
		"name": "galder's tower",
		"path": "icons/environment/settlement/tower-stone-blue.webp"
	},
	{
		"name": "gaseous form",
		"path": "icons/magic/air/fog-gas-smoke-dense-green.webp"
	},
	{
		"name": "gate",
		"path": "icons/magic/fire/barrier-wall-explosion-orange.webp"
	},
	{
		"name": "geas",
		"path": "icons/magic/control/control-influence-puppet.webp"
	},
	{
		"name": "gentle repose",
		"path": "icons/magic/air/air-smoke-casting.webp"
	},
	{
		"name": "giant insect",
		"path": "icons/creatures/invertebrates/spider-beetle-runed-green.webp"
	},
	{
		"name": "gift of alacrity",
		"path": "icons/magic/fire/dagger-rune-enchant-flame-blue-yellow.webp"
	},
	{
		"name": "gift of gab",
		"path": "icons/commodities/biological/tongue-red.webp"
	},
	{
		"name": "glibness",
		"path": "icons/commodities/currency/coin-engraved-sun-smile-copper.webp"
	},
	{
		"name": "globe of invulnerability",
		"path": "icons/magic/water/orb-water-transparent.webp"
	},
	{
		"name": "glyph of warding",
		"path": "icons/magic/symbols/runes-star-orange-purple.webp"
	},
	{
		"name": "goodberry",
		"path": "icons/consumables/plants/leaf-veins-glowing-green.webp"
	},
	{
		"name": "grasping vine",
		"path": "icons/magic/nature/vines-thorned-curled-glow-green.webp"
	},
	{
		"name": "gravity fissure",
		"path": "icons/magic/air/wind-vortex-swirl-blue-purple.webp"
	},
	{
		"name": "gravity sinkhole",
		"path": "icons/magic/unholy/barrier-shield-glowing-pink.webp"
	},
	{
		"name": "grease",
		"path": "icons/magic/unholy/projectile-helix-blood-red.webp"
	},
	{
		"name": "greater invisibility",
		"path": "icons/magic/air/fog-gas-smoke-gray.webp"
	},
	{
		"name": "greater restoration",
		"path": "icons/magic/life/heart-cross-strong-flame-blue.webp"
	},
	{
		"name": "green-flame blade",
		"path": "icons/skills/melee/blade-tip-energy-green.webp"
	},
	{
		"name": "guardian of faith",
		"path": "icons/magic/control/buff-flight-wings-runes-blue-white.webp"
	},
	{
		"name": "guardian of nature",
		"path": "icons/magic/nature/lotus-glow-pink.webp"
	},
	{
		"name": "guards and wards",
		"path": "icons/magic/symbols/runes-star-pentagon-magenta.webp"
	},
	{
		"name": "guidance",
		"path": "icons/magic/control/buff-flight-wings-blue.webp"
	},
	{
		"name": "guiding bolt",
		"path": "icons/magic/fire/flame-burning-hand-purple.webp"
	},
	{
		"name": "gust",
		"path": "icons/magic/air/wind-swirl-purple-blue.webp"
	},
	{
		"name": "gust of wind",
		"path": "icons/magic/air/wind-swirl-gray-blue.webp"
	},
	{
		"name": "hail of thorns",
		"path": "icons/magic/acid/projectile-needles-salvo-green.webp"
	},
	{
		"name": "hallow",
		"path": "icons/magic/light/explosion-star-glow-yellow.webp"
	},
	{
		"name": "hallucinatory terrain",
		"path": "icons/environment/wilderness/cave-entrance-vulcano.webp"
	},
	{
		"name": "harm",
		"path": "icons/skills/melee/strike-slashes-orange.webp"
	},
	{
		"name": "haste",
		"path": "icons/magic/control/buff-flight-wings-runes-red-yellow.webp"
	},
	{
		"name": "heal",
		"path": "icons/magic/life/heart-glowing-red.webp"
	},
	{
		"name": "healing spirit",
		"path": "icons/magic/light/beam-rays-yellow-blue-small.webp"
	},
	{
		"name": "healing word",
		"path": "icons/magic/life/heart-cross-green.webp"
	},
	{
		"name": "heat metal",
		"path": "icons/magic/fire/flame-burning-chain.webp"
	},
	{
		"name": "hellish rebuke",
		"path": "icons/magic/control/fear-fright-shadow-monster-red.webp"
	},
	{
		"name": "heroes' feast",
		"path": "icons/containers/kitchenware/goblet-jeweled-red.webp"
	},
	{
		"name": "heroism",
		"path": "icons/magic/control/control-influence-crown-gold.webp"
	},
	{
		"name": "hex",
		"path": "icons/magic/perception/silhouette-stealth-shadow.webp"
	},
	{
		"name": "hideous laughter",
		"path": "icons/sundries/misc/teeth-dentures.webp"
	},
	{
		"name": "hold monster",
		"path": "icons/magic/control/encase-creature-monster-hold.webp"
	},
	{
		"name": "hold person",
		"path": "icons/magic/control/debuff-energy-hold-blue-yellow.webp"
	},
	{
		"name": "holy aura",
		"path": "icons/magic/fire/explosion-fireball-large-blue.webp"
	},
	{
		"name": "holy weapon",
		"path": "icons/skills/melee/weapons-crossed-swords-yellow-teal.webp"
	},
	{
		"name": "hunger of hadar",
		"path": "icons/magic/water/barrier-ice-shield.webp"
	},
	{
		"name": "hunter's mark",
		"path": "icons/weapons/bows/shortbow-recurve-yellow.webp"
	},
	{
		"name": "hypnotic pattern",
		"path": "icons/magic/control/hypnosis-mesmerism-swirl.webp"
	},
	{
		"name": "ice knife",
		"path": "icons/magic/water/projectile-ice-faceted-gray.webp"
	},
	{
		"name": "ice storm",
		"path": "icons/magic/water/projectiles-ice-faceted-shard-salvo-blue.webp"
	},
	{
		"name": "identify",
		"path": "icons/tools/scribal/magnifying-glass.webp"
	},
	{
		"name": "illusory dragon",
		"path": "icons/creatures/reptiles/serpent-horned-green.webp"
	},
	{
		"name": "illusory script",
		"path": "icons/sundries/documents/document-torn-diagram-tan.webp"
	},
	{
		"name": "immolation",
		"path": "icons/magic/fire/explosion-mushroom-nuke-orange.webp"
	},
	{
		"name": "immovable object",
		"path": "icons/environment/wilderness/cave-entrance-mountain-blue.webp"
	},
	{
		"name": "imprisonment",
		"path": "icons/magic/control/debuff-chains-ropes-net-red-orange.webp"
	},
	{
		"name": "incendiary cloud",
		"path": "icons/magic/air/fog-gas-smoke-swirling-orange.webp"
	},
	{
		"name": "incite greed",
		"path": "icons/commodities/stone/ore-pile-gold.webp"
	},
	{
		"name": "infernal calling",
		"path": "icons/magic/control/fear-fright-monster-grin-red-orange.webp"
	},
	{
		"name": "infestation",
		"path": "icons/creatures/invertebrates/fly-wasp-mosquito-green.webp"
	},
	{
		"name": "inflict wounds",
		"path": "icons/magic/unholy/strike-beam-blood-red-teal.webp"
	},
	{
		"name": "insect plague",
		"path": "icons/creatures/invertebrates/wasp-swarm-attack.webp"
	},
	{
		"name": "instant summons",
		"path": "icons/magic/control/buff-flight-wings-purple.webp"
	},
	{
		"name": "intellect fortress",
		"path": "icons/magic/control/control-influence-rally-purple.webp"
	},
	{
		"name": "investiture of flame",
		"path": "icons/magic/lightning/bolt-strike-smoke-yellow.webp"
	},
	{
		"name": "investiture of ice",
		"path": "icons/magic/water/strike-ice-blade-axe.webp"
	},
	{
		"name": "investiture of stone",
		"path": "icons/commodities/stone/stone-pile-grey.webp"
	},
	{
		"name": "investiture of wind",
		"path": "icons/magic/air/wind-swirl-gray-blue.webp"
	},
	{
		"name": "invisibility",
		"path": "icons/magic/air/fog-gas-smoke-blue-gray.webp"
	},
	{
		"name": "invulnerability",
		"path": "icons/magic/defensive/shield-barrier-flaming-pentagon-blue-yellow.webp"
	},
	{
		"name": "jim's glowing coin",
		"path": "icons/commodities/currency/coin-inset-crown-gold.webp"
	},
	{
		"name": "jim's magic missile",
		"path": "icons/magic/fire/projectile-meteor-salvo-strong-blue.webp"
	},
	{
		"name": "jump",
		"path": "icons/magic/control/debuff-energy-hold-levitate-teal-blue.webp"
	},
	{
		"name": "kinetic jaunt",
		"path": "icons/skills/movement/feet-bladed-boots-fire.webp"
	},
	{
		"name": "knock",
		"path": "icons/magic/fire/flame-burning-fist-strike.webp"
	},
	{
		"name": "legend lore",
		"path": "icons/sundries/scrolls/scroll-bound-skull-blue.webp"
	},
	{
		"name": "leomund's secret chest",
		"path": "icons/containers/chest/chest-simple-box-gold-brown.webp"
	},
	{
		"name": "leomund's tiny hut",
		"path": "icons/environment/settlement/wagon-black.webp"
	},
	{
		"name": "lesser restoration",
		"path": "icons/magic/life/heart-cross-blue.webp"
	},
	{
		"name": "levitate",
		"path": "icons/magic/control/debuff-energy-hold-teal-blue.webp"
	},
	{
		"name": "life transference",
		"path": "icons/magic/life/heart-glowing-red.webp"
	},
	{
		"name": "light",
		"path": "icons/magic/light/explosion-star-small-blue-yellow.webp"
	},
	{
		"name": "lightning arrow",
		"path": "icons/weapons/polearms/spear-ice-crystal-blue.webp"
	},
	{
		"name": "lightning bolt",
		"path": "icons/magic/lightning/bolt-forked-large-blue.webp"
	},
	{
		"name": "lightning lure",
		"path": "icons/magic/water/tendrils-ice-thorns.webp"
	},
	{
		"name": "locate animals or plants",
		"path": "icons/magic/nature/leaf-glow-triple-orange-purple.webp"
	},
	{
		"name": "locate creature",
		"path": "icons/magic/nature/wolf-paw-glow-small-purple-teal.webp"
	},
	{
		"name": "locate object",
		"path": "icons/sundries/books/book-red-exclamation.webp"
	},
	{
		"name": "longstrider",
		"path": "icons/skills/movement/feet-winged-boots-brown.webp"
	},
	{
		"name": "maddening darkness",
		"path": "icons/magic/unholy/strike-beam-blood-red-gray.webp"
	},
	{
		"name": "maelstrom",
		"path": "icons/magic/water/vortex-water-whirlpool.webp"
	},
	{
		"name": "mage armor",
		"path": "icons/magic/defensive/shield-barrier-glowing-triangle-blue.webp"
	},
	{
		"name": "mage hand",
		"path": "icons/magic/unholy/strike-hand-glow-pink.webp"
	},
	{
		"name": "magic circle",
		"path": "icons/skills/targeting/target-glowing-yellow.webp"
	},
	{
		"name": "magic jar",
		"path": "icons/containers/kitchenware/vase-clay-cracked-white.webp"
	},
	{
		"name": "magic missile",
		"path": "icons/magic/fire/projectile-meteor-salvo-light-blue.webp"
	},
	{
		"name": "magic mouth",
		"path": "icons/creatures/abilities/mouth-teeth-tongue-purple.webp"
	},
	{
		"name": "magic stone",
		"path": "icons/magic/earth/projectile-stone-ball-purple.webp"
	},
	{
		"name": "magic weapon",
		"path": "icons/skills/melee/strike-blade-hooked-green-purple.webp"
	},
	{
		"name": "magnificent mansion",
		"path": "icons/environment/settlement/house-manor.webp"
	},
	{
		"name": "magnify gravity",
		"path": "icons/magic/air/wind-tornado-spiral-teal-green.webp"
	},
	{
		"name": "major image",
		"path": "icons/magic/control/debuff-energy-hold-levitate-pink.webp"
	},
	{
		"name": "mass cure wounds",
		"path": "icons/magic/life/heart-cross-strong-flame-purple-orange.webp"
	},
	{
		"name": "mass heal",
		"path": "icons/magic/life/heart-glowing-red.webp"
	},
	{
		"name": "mass healing word",
		"path": "icons/magic/life/heart-cross-strong-flame-purple-orange.webp"
	},
	{
		"name": "mass polymorph",
		"path": "icons/creatures/abilities/dragon-breath-purple.webp"
	},
	{
		"name": "mass suggestion",
		"path": "icons/magic/air/air-burst-spiral-large-pink.webp"
	},
	{
		"name": "maximilian's earthen grasp",
		"path": "icons/magic/unholy/hand-claw-glow-orange.webp"
	},
	{
		"name": "maze",
		"path": "icons/commodities/treasure/puzzle-pyramid.webp"
	},
	{
		"name": "meld into stone",
		"path": "icons/commodities/treasure/statue-bust-stone-grey.webp"
	},
	{
		"name": "melf's acid arrow",
		"path": "icons/skills/ranged/arrow-flying-ornate-gold.webp"
	},
	{
		"name": "melf's minute meteors",
		"path": "icons/magic/fire/explosion-embers-orange.webp"
	},
	{
		"name": "mending",
		"path": "icons/skills/melee/hand-grip-staff-yellow-brown.webp"
	},
	{
		"name": "mental prison",
		"path": "icons/magic/control/debuff-chains-ropes-purple.webp"
	},
	{
		"name": "message",
		"path": "icons/magic/control/energy-stream-link-blue.webp"
	},
	{
		"name": "meteor swarm",
		"path": "icons/magic/fire/projectile-meteor-salvo-heavy-red.webp"
	},
	{
		"name": "mighty fortress",
		"path": "icons/environment/settlement/palast.webp"
	},
	{
		"name": "mind blank",
		"path": "icons/equipment/head/mask-craved-beige.webp"
	},
	{
		"name": "mind sliver",
		"path": "icons/magic/light/beam-rays-magenta.webp"
	},
	{
		"name": "mind spike",
		"path": "icons/weapons/ammunition/arrowhead-glowing-blue.webp"
	},
	{
		"name": "minor illusion",
		"path": "icons/magic/control/hypnosis-mesmerism-eye.webp"
	},
	{
		"name": "mirage arcane",
		"path": "icons/environment/wilderness/cave-entrance-mountain-blue.webp"
	},
	{
		"name": "mirror image",
		"path": "icons/magic/defensive/illusion-evasion-echo-purple.webp"
	},
	{
		"name": "mislead",
		"path": "icons/magic/control/debuff-energy-hold-levitate-yellow.webp"
	},
	{
		"name": "misty step",
		"path": "icons/magic/control/debuff-energy-snare-brown.webp"
	},
	{
		"name": "modify memory",
		"path": "icons/magic/air/air-burst-spiral-teal-green.webp"
	},
	{
		"name": "mold earth",
		"path": "icons/magic/light/beam-strike-village-yellow.webp"
	},
	{
		"name": "moonbeam",
		"path": "icons/magic/light/beam-rays-blue-large.webp"
	},
	{
		"name": "mordenkainen's faithful hound",
		"path": "icons/commodities/treasure/figurine-dog.webp"
	},
	{
		"name": "mordenkainen's magnificent mansion",
		"path": "icons/environment/settlement/house-manor.webp"
	},
	{
		"name": "mordenkainen's private sanctum",
		"path": "icons/environment/settlement/watchtower-silhouette-yellow.webp"
	},
	{
		"name": "mordenkainen's sword",
		"path": "icons/skills/melee/sword-stuck-glowing-pink.webp"
	},
	{
		"name": "motivational speech",
		"path": "icons/creatures/abilities/mouth-teeth-human.webp"
	},
	{
		"name": "move earth",
		"path": "icons/magic/earth/projectile-spiked-stone-boulder-orange.webp"
	},
	{
		"name": "nathair's mischief",
		"path": "icons/magic/light/orb-hands-humanoid-yellow.webp"
	},
	{
		"name": "negative energy flood",
		"path": "icons/magic/unholy/strike-beam-blood-large-red-green.webp"
	},
	{
		"name": "nondetection",
		"path": "icons/magic/air/air-burst-spiral-large-pink.webp"
	},
	{
		"name": "nystul's magic aura",
		"path": "icons/magic/unholy/orb-smoking-green.webp"
	},
	{
		"name": "otiluke's freezing sphere",
		"path": "icons/magic/sonic/explosion-shock-wave-teal.webp"
	},
	{
		"name": "otiluke's resilient sphere",
		"path": "icons/magic/water/orb-ice-opaque.webp"
	},
	{
		"name": "otto's irresistible dance",
		"path": "icons/magic/control/energy-stream-link-spiral-orange.webp"
	},
	{
		"name": "pass without trace",
		"path": "icons/magic/air/fog-gas-smoke-brown.webp"
	},
	{
		"name": "passwall",
		"path": "icons/environment/wilderness/wall-ruins.webp"
	},
	{
		"name": "phantasmal force",
		"path": "icons/magic/air/wind-vortex-swirl-blue.webp"
	},
	{
		"name": "phantasmal killer",
		"path": "icons/magic/control/fear-fright-monster-grin-purple-blue.webp"
	},
	{
		"name": "phantom steed",
		"path": "icons/environment/people/charge.webp"
	},
	{
		"name": "planar ally",
		"path": "icons/creatures/magical/construct-iron-stomping-yellow.webp"
	},
	{
		"name": "planar binding",
		"path": "icons/magic/control/debuff-chains-shackle-movement-red.webp"
	},
	{
		"name": "plane shift",
		"path": "icons/skills/targeting/target-glowing-yellow.webp"
	},
	{
		"name": "plant growth",
		"path": "icons/creatures/tentacles/tentacles-thing-green.webp"
	},
	{
		"name": "poison spray",
		"path": "icons/magic/acid/projectile-needles-salvo-green.webp"
	},
	{
		"name": "polymorph",
		"path": "icons/creatures/abilities/dragon-breath-purple.webp"
	},
	{
		"name": "power word heal",
		"path": "icons/magic/water/heart-ice-freeze.webp"
	},
	{
		"name": "power word kill",
		"path": "icons/commodities/bones/skull-hollow-grey.webp"
	},
	{
		"name": "power word pain",
		"path": "icons/magic/sonic/scream-wail-shout-teal.webp"
	},
	{
		"name": "power word stun",
		"path": "icons/magic/sonic/scream-wail-shout-teal.webp"
	},
	{
		"name": "prayer of healing",
		"path": "icons/magic/holy/prayer-hands-glowing-yellow.webp"
	},
	{
		"name": "prestidigitation",
		"path": "icons/magic/symbols/runes-triangle-magenta.webp"
	},
	{
		"name": "primal savagery",
		"path": "icons/skills/melee/strike-slashes-red.webp"
	},
	{
		"name": "primordial ward",
		"path": "icons/magic/control/debuff-chains-ropes-green.webp"
	},
	{
		"name": "prismatic spray",
		"path": "icons/magic/light/projectile-beams-salvo-yellow.webp"
	},
	{
		"name": "prismatic wall",
		"path": "icons/magic/control/debuff-chains-ropes-net-purple-blue.webp"
	},
	{
		"name": "private sanctum",
		"path": "icons/environment/settlement/watchtower-silhouette-yellow.webp"
	},
	{
		"name": "produce flame",
		"path": "icons/magic/light/hand-sparks-glow-yellow.webp"
	},
	{
		"name": "programmed illusion",
		"path": "icons/magic/death/projectile-skull-flaming-green.webp"
	},
	{
		"name": "project image",
		"path": "icons/magic/control/energy-stream-link-orange.webp"
	},
	{
		"name": "protection from energy",
		"path": "icons/magic/defensive/shield-barrier-flaming-diamond-blue.webp"
	},
	{
		"name": "protection from evil and good",
		"path": "icons/magic/defensive/shield-barrier-flaming-diamond-blue-yellow.webp"
	},
	{
		"name": "protection from poison",
		"path": "icons/magic/defensive/shield-barrier-flaming-diamond-teal-purple.webp"
	},
	{
		"name": "psychic scream",
		"path": "icons/magic/control/debuff-chains-shackles-movement-blue.webp"
	},
	{
		"name": "pulse wave",
		"path": "icons/magic/air/air-burst-spiral-large-blue.webp"
	},
	{
		"name": "purify food and drink",
		"path": "icons/consumables/food/plate-chicken-grilled-mushroom-brown.webp"
	},
	{
		"name": "pyrotechnics",
		"path": "icons/magic/fire/explosion-fireball-medium-purple-orange.webp"
	},
	{
		"name": "raise dead",
		"path": "icons/magic/death/hand-undead-skeleton-fire-pink.webp"
	},
	{
		"name": "rary's telepathic bond",
		"path": "icons/magic/control/energy-stream-link-blue.webp"
	},
	{
		"name": "raulothim's psychic lance",
		"path": "icons/magic/lightning/bolt-strike-beam-yellow.webp"
	},
	{
		"name": "ravenous void",
		"path": "icons/magic/unholy/barrier-shield-glowing-pink.webp"
	},
	{
		"name": "ray of enfeeblement",
		"path": "icons/magic/light/beam-rays-teal.webp"
	},
	{
		"name": "ray of frost",
		"path": "icons/magic/light/beam-rays-blue-small.webp"
	},
	{
		"name": "ray of sickness",
		"path": "icons/magic/light/beam-rays-green-small.webp"
	},
	{
		"name": "reality break",
		"path": "icons/magic/unholy/strike-beam-blood-large-red-purple.webp"
	},
	{
		"name": "regenerate",
		"path": "icons/commodities/biological/hand-clawed-tan.webp"
	},
	{
		"name": "reincarnate",
		"path": "icons/magic/death/undead-zombie-grave-green.webp"
	},
	{
		"name": "remove curse",
		"path": "icons/magic/symbols/triangle-glowing-green.webp"
	},
	{
		"name": "resilient sphere",
		"path": "icons/magic/water/orb-ice-opaque.webp"
	},
	{
		"name": "resistance",
		"path": "icons/magic/life/heart-cross-purple-orange.webp"
	},
	{
		"name": "resurrection",
		"path": "icons/magic/life/ankh-gold-blue.webp"
	},
	{
		"name": "reverse gravity",
		"path": "icons/magic/air/wind-tornado-funnel-damage-blue.webp"
	},
	{
		"name": "revivify",
		"path": "icons/magic/light/orbs-hand-gray.webp"
	},
	{
		"name": "rime's binding ice",
		"path": "icons/magic/water/barrier-ice-wall-explosion.webp"
	},
	{
		"name": "rope trick",
		"path": "icons/sundries/survival/rope-coiled-thick-yellow.webp"
	},
	{
		"name": "sacred flame",
		"path": "icons/magic/fire/beam-jet-stream-yellow.webp"
	},
	{
		"name": "sanctuary",
		"path": "icons/magic/defensive/shield-barrier-glowing-blue.webp"
	},
	{
		"name": "sapping sting",
		"path": "icons/commodities/biological/stinger-insect-grey.webp"
	},
	{
		"name": "scatter",
		"path": "icons/magic/fire/projectile-bolts-salvo-red.webp"
	},
	{
		"name": "scorching ray",
		"path": "icons/magic/light/beam-rays-red.webp"
	},
	{
		"name": "scrying",
		"path": "icons/commodities/biological/eye-blue-gold.webp"
	},
	{
		"name": "searing smite",
		"path": "icons/magic/fire/dagger-rune-enchant-flame-orange.webp"
	},
	{
		"name": "secret chest",
		"path": "icons/containers/chest/chest-simple-box-gold-brown.webp"
	},
	{
		"name": "see invisibility",
		"path": "icons/magic/perception/eye-ringed-glow-angry-small-teal.webp"
	},
	{
		"name": "seeming",
		"path": "icons/commodities/stone/stone-meterorite-glowing-yellow.webp"
	},
	{
		"name": "sending",
		"path": "icons/sundries/documents/envelope-sealed-red-brown.webp"
	},
	{
		"name": "sequester",
		"path": "icons/magic/lightning/bolt-strike-beam-purple.webp"
	},
	{
		"name": "shadow blade",
		"path": "icons/weapons/swords/sword-flanged-lightning.webp"
	},
	{
		"name": "shadow of moil",
		"path": "icons/commodities/gems/pearl-swirl-teal.webp"
	},
	{
		"name": "shape water",
		"path": "icons/commodities/materials/liquid-droplet-blue.webp"
	},
	{
		"name": "shapechange",
		"path": "icons/creatures/reptiles/serpent-horned-green.webp"
	},
	{
		"name": "shatter",
		"path": "icons/magic/sonic/explosion-shock-wave-teal.webp"
	},
	{
		"name": "shield",
		"path": "icons/equipment/shield/kite-wooden-oak-glow.webp"
	},
	{
		"name": "shield of faith",
		"path": "icons/magic/defensive/shield-barrier-flaming-diamond-blue-yellow.webp"
	},
	{
		"name": "shillelagh",
		"path": "icons/skills/melee/hand-grip-staff-yellow-brown.webp"
	},
	{
		"name": "shocking grasp",
		"path": "icons/magic/lightning/bolt-strike-blue.webp"
	},
	{
		"name": "sickening radiance",
		"path": "icons/magic/light/orb-beams-green.webp"
	},
	{
		"name": "silence",
		"path": "icons/magic/perception/silhouette-stealth-shadow.webp"
	},
	{
		"name": "silent image",
		"path": "icons/magic/control/silhouette-hold-change-blue.webp"
	},
	{
		"name": "silvery barbs",
		"path": "icons/magic/control/energy-stream-link-white.webp"
	},
	{
		"name": "simulacrum",
		"path": "icons/creatures/magical/spirit-undead-masked-blue.webp"
	},
	{
		"name": "skill empowerment",
		"path": "icons/magic/symbols/runes-star-orange.webp"
	},
	{
		"name": "skywrite",
		"path": "icons/magic/air/wind-stream-red.webp"
	},
	{
		"name": "sleep",
		"path": "icons/magic/control/sleep-bubble-purple.webp"
	},
	{
		"name": "sleet storm",
		"path": "icons/magic/water/projectile-ice-teardrops-salvo.webp"
	},
	{
		"name": "slow",
		"path": "icons/creatures/webs/webthin-blue.webp"
	},
	{
		"name": "snare",
		"path": "icons/sundries/survival/rope-wrapped-purple.webp"
	},
	{
		"name": "snilloc's snowball swarm",
		"path": "icons/magic/fire/projectile-meteor-salvo-heavy-blue.webp"
	},
	{
		"name": "soul cage",
		"path": "icons/magic/control/debuff-chains-ropes-net-white.webp"
	},
	{
		"name": "spare the dying",
		"path": "icons/magic/life/heart-cross-strong-blue.webp"
	},
	{
		"name": "speak with animals",
		"path": "icons/creatures/abilities/wolf-howl-moon-purple.webp"
	},
	{
		"name": "speak with dead",
		"path": "icons/magic/death/undead-ghost-scream-teal.webp"
	},
	{
		"name": "speak with plants",
		"path": "icons/magic/nature/tree-bare-glow-yellow.webp"
	},
	{
		"name": "spider climb",
		"path": "icons/commodities/biological/legs-insect-brown.webp"
	},
	{
		"name": "spike growth",
		"path": "icons/magic/nature/trap-spikes-thorns-green.webp"
	},
	{
		"name": "spirit guardians",
		"path": "icons/magic/defensive/shield-barrier-blades-teal.webp"
	},
	{
		"name": "spirit shroud",
		"path": "icons/magic/death/projectile-skull-fire-purple.webp"
	},
	{
		"name": "spiritual weapon",
		"path": "icons/magic/fire/dagger-rune-enchant-flame-purple-orange.webp"
	},
	{
		"name": "staggering smite",
		"path": "icons/weapons/hammers/hammer-double-glowing-yellow.webp"
	},
	{
		"name": "steel wind strike",
		"path": "icons/skills/melee/maneuver-daggers-paired-orange.webp"
	},
	{
		"name": "stinking cloud",
		"path": "icons/magic/air/fog-gas-smoke-dense-green.webp"
	},
	{
		"name": "stone shape",
		"path": "icons/commodities/stone/rock-pile-grey.webp"
	},
	{
		"name": "stoneskin",
		"path": "icons/magic/defensive/armor-stone-skin.webp"
	},
	{
		"name": "storm of vengeance",
		"path": "icons/magic/lightning/bolts-forked-large-green.webp"
	},
	{
		"name": "storm sphere",
		"path": "icons/commodities/gems/pearl-storm.webp"
	},
	{
		"name": "suggestion",
		"path": "icons/magic/control/silhouette-hold-change-blue.webp"
	},
	{
		"name": "summon aberration",
		"path": "icons/creatures/unholy/demon-fanged-horned-yellow.webp"
	},
	{
		"name": "summon beast",
		"path": "icons/commodities/claws/claw-bear-brown-grey.webp"
	},
	{
		"name": "summon celestial",
		"path": "icons/commodities/treasure/trinket-wing-white.webp"
	},
	{
		"name": "summon construct",
		"path": "icons/environment/creatures/golem-stone-purple.webp"
	},
	{
		"name": "summon draconic spirit",
		"path": "icons/creatures/reptiles/dragon-horned-blue.webp"
	},
	{
		"name": "summon elemental",
		"path": "icons/magic/water/strike-ice-blade-fang.webp"
	},
	{
		"name": "summon fey",
		"path": "icons/creatures/mammals/elk-moose-marked-green.webp"
	},
	{
		"name": "summon fiend",
		"path": "icons/magic/fire/explosion-embers-evade-silhouette.webp"
	},
	{
		"name": "summon greater demon",
		"path": "icons/magic/control/fear-fright-monster-grin-green.webp"
	},
	{
		"name": "summon lesser demons",
		"path": "icons/environment/creatures/gargoyle-grey-stone.webp"
	},
	{
		"name": "summon shadowspawn",
		"path": "icons/creatures/unholy/demons-horned-glowing-pink.webp"
	},
	{
		"name": "summon undead",
		"path": "icons/magic/death/undead-skeleton-deformed-red.webp"
	},
	{
		"name": "sunbeam",
		"path": "icons/magic/light/beam-rays-orange-large.webp"
	},
	{
		"name": "sunburst",
		"path": "icons/magic/light/explosion-star-large-orange.webp"
	},
	{
		"name": "swift quiver",
		"path": "icons/skills/ranged/target-bullseye-arrow-white.webp"
	},
	{
		"name": "sword burst",
		"path": "icons/skills/melee/maneuver-daggers-paired-orange.webp"
	},
	{
		"name": "symbol",
		"path": "icons/commodities/treasure/token-engraved-eye-red.webp"
	},
	{
		"name": "synaptic static",
		"path": "icons/magic/sonic/projectile-sound-rings-wave.webp"
	},
	{
		"name": "tasha's caustic brew",
		"path": "icons/magic/acid/projectile-glowing-bubbles.webp"
	},
	{
		"name": "tasha's hideous laughter",
		"path": "icons/sundries/misc/teeth-dentures.webp"
	},
	{
		"name": "tasha's mind whip",
		"path": "icons/magic/lightning/bolt-strike-pink.webp"
	},
	{
		"name": "tasha's otherworldly guise",
		"path": "icons/magic/control/buff-flight-wings-runes-blue.webp"
	},
	{
		"name": "telekinesis",
		"path": "icons/magic/earth/projectile-spiked-stone-boulder-brown.webp"
	},
	{
		"name": "telepathic bond",
		"path": "icons/magic/control/energy-stream-link-blue.webp"
	},
	{
		"name": "telepathy",
		"path": "icons/magic/nature/leaf-rune-glow-green.webp"
	},
	{
		"name": "teleport",
		"path": "icons/magic/symbols/runes-star-blue.webp"
	},
	{
		"name": "teleportation circle",
		"path": "icons/magic/symbols/ring-circle-smoke-blue.webp"
	},
	{
		"name": "temple of the gods",
		"path": "icons/environment/settlement/temple-night.webp"
	},
	{
		"name": "temporal shunt",
		"path": "icons/tools/navigation/hourglass-yellow.webp"
	},
	{
		"name": "tenser's floating disk",
		"path": "icons/commodities/materials/glass-orb-blue.webp"
	},
	{
		"name": "tenser's transformation",
		"path": "icons/magic/fire/dagger-rune-enchant-flame-strong-red.webp"
	},
	{
		"name": "tether essence",
		"path": "icons/magic/control/energy-stream-link-teal.webp"
	},
	{
		"name": "thaumaturgy",
		"path": "icons/magic/perception/eye-ringed-glow-angry-teal.webp"
	},
	{
		"name": "thorn whip",
		"path": "icons/magic/nature/root-vine-thorned-coil-green.webp"
	},
	{
		"name": "thunder step",
		"path": "icons/magic/sonic/explosion-impact-shock-wave.webp"
	},
	{
		"name": "thunderclap",
		"path": "icons/magic/air/air-burst-spiral-blue-gray.webp"
	},
	{
		"name": "thunderous smite",
		"path": "icons/magic/fire/dagger-rune-enchant-flame-purple.webp"
	},
	{
		"name": "thunderwave",
		"path": "icons/magic/air/wind-tornado-spiral-brown.webp"
	},
	{
		"name": "tidal wave",
		"path": "icons/magic/water/pseudopod-teal.webp"
	},
	{
		"name": "time ravage",
		"path": "icons/magic/time/hourglass-yellow-green.webp"
	},
	{
		"name": "time stop",
		"path": "icons/magic/time/clock-stopwatch-white-blue.webp"
	},
	{
		"name": "tiny hut",
		"path": "icons/environment/settlement/wagon-black.webp"
	},
	{
		"name": "tiny servant",
		"path": "icons/environment/creatures/golem-stone-purple.webp"
	},
	{
		"name": "toll the dead",
		"path": "icons/magic/death/skull-humanoid-worn-teal.webp"
	},
	{
		"name": "tongues",
		"path": "icons/commodities/biological/tongue-blue.webp"
	},
	{
		"name": "transmute rock",
		"path": "icons/commodities/stone/ore-chunk-red.webp"
	},
	{
		"name": "transport via plants",
		"path": "icons/magic/nature/vines-throned-entwined-glow-green.webp"
	},
	{
		"name": "tree stride",
		"path": "icons/environment/wilderness/tree-oak.webp"
	},
	{
		"name": "true polymorph",
		"path": "icons/creatures/mammals/bat-giant-tattered-purple.webp"
	},
	{
		"name": "true resurrection",
		"path": "icons/magic/life/ankh-gold-blue.webp"
	},
	{
		"name": "true seeing",
		"path": "icons/commodities/biological/eye-red-pink.webp"
	},
	{
		"name": "true strike",
		"path": "icons/magic/fire/dagger-rune-enchant-flame-teal-purple.webp"
	},
	{
		"name": "tsunami",
		"path": "icons/magic/water/pseudopod-teal.webp"
	},
	{
		"name": "unseen servant",
		"path": "icons/magic/unholy/silhouette-robe-evil-power.webp"
	},
	{
		"name": "vampiric touch",
		"path": "icons/magic/unholy/hand-claw-fog-green.webp"
	},
	{
		"name": "vicious mockery",
		"path": "icons/magic/control/fear-fright-white.webp"
	},
	{
		"name": "vitriolic sphere",
		"path": "icons/magic/acid/orb-bubble-smoke-drip.webp"
	},
	{
		"name": "vortex warp",
		"path": "icons/magic/water/vortex-water-whirlpool-blue.webp"
	},
	{
		"name": "wall of fire",
		"path": "icons/magic/control/debuff-chains-ropes-net-red-orange.webp"
	},
	{
		"name": "wall of force",
		"path": "icons/magic/air/air-burst-spiral-large-blue.webp"
	},
	{
		"name": "wall of ice",
		"path": "icons/magic/water/barrier-ice-crystal-wall-jagged-blue.webp"
	},
	{
		"name": "wall of light",
		"path": "icons/magic/air/air-burst-spiral-large-yellow.webp"
	},
	{
		"name": "wall of sand",
		"path": "icons/environment/wilderness/cave-entrance-rocky.webp"
	},
	{
		"name": "wall of stone",
		"path": "icons/commodities/stone/paver-brick-brown.webp"
	},
	{
		"name": "wall of thorns",
		"path": "icons/magic/nature/root-vine-barrier-wall-brown.webp"
	},
	{
		"name": "wall of water",
		"path": "icons/magic/water/wave-water-explosion.webp"
	},
	{
		"name": "warding bond",
		"path": "icons/skills/targeting/target-strike-triple-blue.webp"
	},
	{
		"name": "warding wind",
		"path": "icons/magic/air/wind-swirl-purple-blue.webp"
	},
	{
		"name": "water breathing",
		"path": "icons/equipment/finger/ring-fish-silver.webp"
	},
	{
		"name": "water walk",
		"path": "icons/commodities/materials/slime-thick-blue.webp"
	},
	{
		"name": "watery sphere",
		"path": "icons/commodities/gems/pearl-water.webp"
	},
	{
		"name": "web",
		"path": "icons/commodities/materials/material-webbing.webp"
	},
	{
		"name": "weird",
		"path": "icons/magic/control/fear-fright-monster-grin-green.webp"
	},
	{
		"name": "whirlwind",
		"path": "icons/magic/air/wind-tornado-cyclone-purple-blue.webp"
	},
	{
		"name": "wind walk",
		"path": "icons/magic/control/debuff-energy-hold-teal-blue.webp"
	},
	{
		"name": "wind wall",
		"path": "icons/magic/air/fog-gas-smoke-swirling-white.webp"
	},
	{
		"name": "wish",
		"path": "icons/magic/light/projectiles-star-purple.webp"
	},
	{
		"name": "witch bolt",
		"path": "icons/magic/lightning/bolt-forked-large-orange-purple.webp"
	},
	{
		"name": "wither and bloom",
		"path": "icons/magic/nature/plant-vines-skull-green.webp"
	},
	{
		"name": "word of radiance",
		"path": "icons/magic/air/air-burst-spiral-yellow.webp"
	},
	{
		"name": "word of recall",
		"path": "icons/creatures/webs/webthin-blue.webp"
	},
	{
		"name": "wrath of nature",
		"path": "icons/magic/nature/vines-thorned-entwined-green.webp"
	},
	{
		"name": "wrathful smite",
		"path": "icons/magic/fire/dagger-rune-enchant-flame-purple-orange.webp"
	},
	{
		"name": "wristpocket",
		"path": "icons/magic/movement/trail-streak-impact-blue.webp"
	},
	{
		"name": "zephyr strike",
		"path": "icons/skills/melee/maneuver-greatsword-yellow.webp"
	},
	{
		"name": "zone of truth",
		"path": "icons/magic/symbols/ring-circle-smoke-blue.webp"
	}
]
