{
	"spell": [
		{
			"name": "Blade of Disaster",
			"source": "TCE",
			"page": 106,
			"otherSources": [
				{
					"source": "IDRotF",
					"page": 318
				}
			],
			"level": 9,
			"school": "C",
			"time": [
				{
					"number": 1,
					"unit": "bonus"
				}
			],
			"range": {
				"type": "point",
				"distance": {
					"type": "feet",
					"amount": 60
				}
			},
			"components": {
				"v": true,
				"s": true
			},
			"duration": [
				{
					"type": "timed",
					"duration": {
						"type": "minute",
						"amount": 1
					},
					"concentration": true
				}
			],
			"entries": [
				"You create a blade-shaped planar rift about 3 feet long in an unoccupied space you can see within range. The blade lasts for the duration. When you cast this spell, you can make up to two melee spell attacks with the blade, each one against a creature, loose object, or structure within 5 feet of the blade. On a hit, the target takes {@damage 4d12} force damage. This attack scores a critical hit if the number on the {@dice d20} is 18 or higher. On a critical hit, the blade deals an extra {@damage 8d12} force damage (for a total of {@damage 12d12} force damage).",
				"As a bonus action on your turn, you can move the blade up to 30 feet to an unoccupied space you can see and then make up to two melee spell attacks with it again.",
				"The blade can harmlessly pass through any barrier, including a {@spell wall of force}."
			],
			"damageInflict": [
				"force"
			],
			"spellAttack": [
				"M"
			],
			"miscTags": [
				"SGT",
				"UBA"
			],
			"areaTags": [
				"MT"
			]
		},
		{
			"name": "Booming Blade",
			"source": "TCE",
			"page": 106,
			"otherSources": [
				{
					"source": "SCAG",
					"page": 142
				}
			],
			"level": 0,
			"school": "V",
			"time": [
				{
					"number": 1,
					"unit": "action"
				}
			],
			"range": {
				"type": "radius",
				"distance": {
					"type": "feet",
					"amount": 5
				}
			},
			"components": {
				"s": true,
				"m": {
					"text": "a melee weapon worth at least 1 sp",
					"cost": 10
				}
			},
			"duration": [
				{
					"type": "timed",
					"duration": {
						"type": "round",
						"amount": 1
					}
				}
			],
			"entries": [
				"You brandish the weapon used in the spell's casting and make a melee attack with it against one creature within 5 feet of you. On a hit, the target suffers the weapon attack's normal effects and then becomes sheathed in booming energy until the start of your next turn. If the target willingly moves 5 feet or more before then, the target takes {@damage 1d8} thunder damage, and the spell ends.",
				"This spell's damage increases when you reach certain levels. At 5th level, the melee attack deals an extra {@damage 1d8} thunder damage to the target on a hit, and the damage the target takes for moving increases to {@damage 2d8}. Both damage rolls increase by 1d8 at 11th level ({@damage 2d8} and {@damage 3d8}) and again at 17th level ({@damage 3d8} and {@damage 4d8})."
			],
			"scalingLevelDice": [
				{
					"label": "thunder damage on moving",
					"scaling": {
						"1": "1d8",
						"5": "2d8",
						"11": "3d8",
						"17": "4d8"
					}
				},
				{
					"label": "thunder damage on hit",
					"scaling": {
						"5": "1d8",
						"11": "2d8",
						"17": "3d8"
					}
				}
			],
			"damageInflict": [
				"thunder"
			],
			"miscTags": [
				"AAD",
				"SCL"
			],
			"areaTags": [
				"ST"
			]
		},
		{
			"name": "Dream of the Blue Veil",
			"source": "TCE",
			"page": 106,
			"level": 7,
			"school": "C",
			"time": [
				{
					"number": 10,
					"unit": "minute"
				}
			],
			"range": {
				"type": "point",
				"distance": {
					"type": "feet",
					"amount": 20
				}
			},
			"components": {
				"v": true,
				"s": true,
				"m": "a magic item or a willing creature from the destination world"
			},
			"duration": [
				{
					"type": "timed",
					"duration": {
						"type": "hour",
						"amount": 6
					}
				}
			],
			"entries": [
				"You and up to eight willing creatures within range fall {@condition unconscious} for the spell's duration and experience visions of another world on the Material Plane, such as Oerth, Toril, Krynn, or Eberron. If the spell reaches its full duration, the visions conclude with each of you encountering and pulling back a mysterious blue curtain. The spell then ends with you mentally and physically transported to the world that was in the visions.",
				"To cast this spell, you must have a magic item that originated on the world you wish to reach, and you must be aware of the world's existence, even if you don't know the world's name. Your destination in the other world is a safe location within 1 mile of where the magic item was created. Alternatively, you can cast the spell if one of the affected creatures was born on the other world, which causes your destination to be a safe location within 1 mile of where that creature was born.",
				"The spell ends early on a creature if that creature takes any damage, and the creature isn't transported. If you take any damage, the spell ends for you and all the other creatures, with none of you being transported."
			],
			"conditionInflict": [
				"unconscious"
			],
			"miscTags": [
				"PS",
				"TP"
			],
			"hasFluff": true
		},
		{
			"name": "Green-Flame Blade",
			"source": "TCE",
			"page": 107,
			"otherSources": [
				{
					"source": "SCAG",
					"page": 143
				}
			],
			"level": 0,
			"school": "V",
			"time": [
				{
					"number": 1,
					"unit": "action"
				}
			],
			"range": {
				"type": "radius",
				"distance": {
					"type": "feet",
					"amount": 5
				}
			},
			"components": {
				"s": true,
				"m": {
					"text": "a melee weapon worth at least 1 sp",
					"cost": 10
				}
			},
			"duration": [
				{
					"type": "instant"
				}
			],
			"entries": [
				"You brandish the weapon used in the spell's casting and make a melee attack with it against one creature within 5 feet of you. On a hit, the target suffers the weapon attack's normal effects, and you can cause green fire to leap from the target to a different creature of your choice that you can see within 5 feet of it. The second creature takes fire damage equal to your spellcasting ability modifier.",
				"This spell's damage increases when you reach certain levels. At 5th level, the melee attack deals an extra {@damage 1d8} fire damage to the target on a hit, and the fire damage to the second creature increases to {@damage 1d8} + your spellcasting ability modifier. Both damage rolls increase by {@damage 1d8} at 11th level ({@damage 2d8} and {@damage 2d8}) and 17th level ({@damage 3d8} and {@damage 3d8})."
			],
			"scalingLevelDice": [
				{
					"label": "fire damage to secondary creature",
					"scaling": {
						"1": "{{spellcasting_mod}}",
						"5": "1d8 + {{spellcasting_mod}}",
						"11": "2d8 + {{spellcasting_mod}}",
						"17": "3d8 + {{spellcasting_mod}}"
					}
				},
				{
					"label": "fire damage on hit",
					"scaling": {
						"5": "1d8",
						"11": "2d8",
						"17": "3d8"
					}
				}
			],
			"damageInflict": [
				"fire"
			],
			"miscTags": [
				"AAD",
				"SCL",
				"SGT"
			],
			"areaTags": [
				"ST",
				"MT"
			]
		},
		{
			"name": "Intellect Fortress",
			"source": "TCE",
			"page": 107,
			"level": 3,
			"school": "A",
			"time": [
				{
					"number": 1,
					"unit": "action"
				}
			],
			"range": {
				"type": "point",
				"distance": {
					"type": "feet",
					"amount": 30
				}
			},
			"components": {
				"v": true
			},
			"duration": [
				{
					"type": "timed",
					"duration": {
						"type": "hour",
						"amount": 1
					},
					"concentration": true
				}
			],
			"entries": [
				"For the duration, you or one willing creature you can see within range has resistance to psychic damage, as well as advantage on Intelligence, Wisdom, and Charisma saving throws."
			],
			"entriesHigherLevel": [
				{
					"type": "entries",
					"name": "At Higher Levels",
					"entries": [
						"When you cast this spell using a spell slot of 4th level or higher, you can target one additional creature for each slot level above 3rd. The creatures must be within 30 feet of each other when you target them."
					]
				}
			],
			"damageResist": [
				"psychic"
			],
			"miscTags": [
				"SGT"
			],
			"hasFluffImages": true
		},
		{
			"name": "Lightning Lure",
			"source": "TCE",
			"page": 107,
			"otherSources": [
				{
					"source": "SCAG",
					"page": 143
				}
			],
			"level": 0,
			"school": "V",
			"time": [
				{
					"number": 1,
					"unit": "action"
				}
			],
			"range": {
				"type": "radius",
				"distance": {
					"type": "feet",
					"amount": 15
				}
			},
			"components": {
				"v": true
			},
			"duration": [
				{
					"type": "instant"
				}
			],
			"entries": [
				"You create a lash of lightning energy that strikes at one creature of your choice that you can see within 15 feet of you. The target must succeed on a Strength saving throw or be pulled up to 10 feet in a straight line toward you and then take {@damage 1d8} lightning damage if it is within 5 feet of you.",
				"This spell's damage increases by {@dice 1d8} when you reach 5th level ({@damage 2d8}), 11th level ({@damage 3d8}), and 17th level ({@damage 4d8})."
			],
			"scalingLevelDice": {
				"label": "lightning damage",
				"scaling": {
					"1": "1d8",
					"5": "2d8",
					"11": "3d8",
					"17": "4d8"
				}
			},
			"damageInflict": [
				"lightning"
			],
			"savingThrow": [
				"strength"
			],
			"miscTags": [
				"FMV",
				"SCL",
				"SGT"
			],
			"areaTags": [
				"ST"
			]
		},
		{
			"name": "Mind Sliver",
			"source": "TCE",
			"page": 108,
			"level": 0,
			"school": "E",
			"time": [
				{
					"number": 1,
					"unit": "action"
				}
			],
			"range": {
				"type": "point",
				"distance": {
					"type": "feet",
					"amount": 60
				}
			},
			"components": {
				"v": true
			},
			"duration": [
				{
					"type": "timed",
					"duration": {
						"type": "round",
						"amount": 1
					}
				}
			],
			"entries": [
				"You drive a disorienting spike of psychic energy into the mind of one creature you can see within range. The target must succeed on an Intelligence saving throw or take {@damage 1d6} psychic damage and subtract {@dice 1d4} from the next saving throw it makes before the end of your next turn.",
				"This spell's damage increases by {@dice 1d6} when you reach certain levels: 5th level ({@dice 2d6}), 11th level ({@dice 3d6}), and 17th level ({@dice 4d6})."
			],
			"scalingLevelDice": {
				"label": "psychic damage",
				"scaling": {
					"1": "1d6",
					"5": "2d6",
					"11": "3d6",
					"17": "4d6"
				}
			},
			"damageInflict": [
				"psychic"
			],
			"savingThrow": [
				"intelligence"
			],
			"miscTags": [
				"SCL",
				"SGT"
			],
			"areaTags": [
				"ST"
			],
			"hasFluffImages": true
		},
		{
			"name": "Spirit Shroud",
			"source": "TCE",
			"page": 108,
			"level": 3,
			"school": "N",
			"time": [
				{
					"number": 1,
					"unit": "bonus"
				}
			],
			"range": {
				"type": "point",
				"distance": {
					"type": "self"
				}
			},
			"components": {
				"v": true,
				"s": true
			},
			"duration": [
				{
					"type": "timed",
					"duration": {
						"type": "minute",
						"amount": 1
					},
					"concentration": true
				}
			],
			"entries": [
				"You call forth spirits of the dead, which flit around you for the spell's duration. The spirits are intangible and invulnerable.",
				"Until the spell ends, any attack you make deals {@damage 1d8} extra damage when you hit a creature within 10 feet of you. This damage is radiant, necrotic, or cold (your choice when you cast the spell). Any creature that takes this damage can't regain hit points until the start of your next turn.",
				"In addition, any creature of your choice that you can see that starts its turn within 10 feet of you has its speed reduced by 10 feet until the start of your next turn."
			],
			"entriesHigherLevel": [
				{
					"type": "entries",
					"name": "At Higher Levels",
					"entries": [
						"When you cast this spell using a spell slot of 4th level or higher, the damage increases by {@scaledamage 1d8|3,5,7,9|1d8} for every two slot levels above 3rd."
					]
				}
			],
			"damageInflict": [
				"radiant",
				"necrotic",
				"cold"
			],
			"miscTags": [
				"SGT"
			]
		},
		{
			"name": "Summon Aberration",
			"source": "TCE",
			"page": 109,
			"level": 4,
			"school": "C",
			"time": [
				{
					"number": 1,
					"unit": "action"
				}
			],
			"range": {
				"type": "point",
				"distance": {
					"type": "feet",
					"amount": 90
				}
			},
			"components": {
				"v": true,
				"s": true,
				"m": {
					"text": "a pickled tentacle and an eyeball in a platinum-inlaid vial worth at least 400 gp",
					"cost": 40000
				}
			},
			"duration": [
				{
					"type": "timed",
					"duration": {
						"type": "hour",
						"amount": 1
					},
					"concentration": true
				}
			],
			"entries": [
				"You call forth an aberrant spirit. It manifests in an unoccupied space that you can see within range. This corporeal form uses the {@creature Aberrant Spirit|TCE} stat block. When you cast the spell, choose Beholderkin, Slaad, or Star Spawn. The creature resembles an aberration of that kind, which determines certain traits in its stat block. The creature disappears when it drops to 0 hit points or when the spell ends.",
				"The creature is an ally to you and your companions. In combat, the creature shares your initiative count, but it takes its turn immediately after yours. It obeys your verbal commands (no action required by you). If you don't issue any, it takes the {@action Dodge} action and uses its move to avoid danger."
			],
			"entriesHigherLevel": [
				{
					"type": "entries",
					"name": "At Higher Levels",
					"entries": [
						"When you cast this spell using a spell slot of 5th level or higher, use the higher level wherever the spell's level appears in the stat block."
					]
				}
			],
			"miscTags": [
				"SGT",
				"SMN"
			]
		},
		{
			"name": "Summon Beast",
			"source": "TCE",
			"page": 109,
			"level": 2,
			"school": "C",
			"time": [
				{
					"number": 1,
					"unit": "action"
				}
			],
			"range": {
				"type": "point",
				"distance": {
					"type": "feet",
					"amount": 90
				}
			},
			"components": {
				"v": true,
				"s": true,
				"m": {
					"text": "a feather, tuft of fur, and fish tail inside a gilded acorn worth at least 200 gp",
					"cost": 20000
				}
			},
			"duration": [
				{
					"type": "timed",
					"duration": {
						"type": "hour",
						"amount": 1
					},
					"concentration": true
				}
			],
			"entries": [
				"You call forth a bestial spirit. It manifests in an unoccupied space that you can see within range. This corporeal form uses the {@creature Bestial Spirit|TCE} stat block. When you cast the spell, choose an environment: Air, Land, or Water. The creature resembles an animal of your choice that is native to the chosen environment, which determines certain traits in its stat block. The creature disappears when it drops to 0 hit points or when the spell ends.",
				"The creature is an ally to you and your companions. In combat, the creature shares your initiative count, but it takes its turn immediately after yours. It obeys your verbal commands (no action required by you). If you don't issue any, it takes the {@action Dodge} action and uses its move to avoid danger."
			],
			"entriesHigherLevel": [
				{
					"type": "entries",
					"name": "At Higher Levels",
					"entries": [
						"When you cast this spell using a spell slot of 3rd level or higher, use the higher level wherever the spell's level appears in the stat block."
					]
				}
			],
			"miscTags": [
				"SGT",
				"SMN"
			]
		},
		{
			"name": "Summon Celestial",
			"source": "TCE",
			"page": 110,
			"level": 5,
			"school": "C",
			"time": [
				{
					"number": 1,
					"unit": "action"
				}
			],
			"range": {
				"type": "point",
				"distance": {
					"type": "feet",
					"amount": 90
				}
			},
			"components": {
				"v": true,
				"s": true,
				"m": {
					"text": "a golden reliquary worth at least 500 gp",
					"cost": 50000
				}
			},
			"duration": [
				{
					"type": "timed",
					"duration": {
						"type": "hour",
						"amount": 1
					},
					"concentration": true
				}
			],
			"entries": [
				"You call forth a celestial spirit. It manifests in an angelic form in an unoccupied space that you can see within range. This corporeal form uses the {@creature Celestial Spirit|TCE} stat block. When you cast the spell, choose Avenger or Defender. Your choice determines the creature's attack in its stat block. The creature disappears when it drops to 0 hit points or when the spell ends.",
				"The creature is an ally to you and your companions. In combat, the creature shares your initiative count, but it takes its turn immediately after yours. It obeys your verbal commands (no action required by you). If you don't issue any, it takes the {@action Dodge} action and uses its move to avoid danger."
			],
			"entriesHigherLevel": [
				{
					"type": "entries",
					"name": "At Higher Levels",
					"entries": [
						"When you cast this spell using a spell slot of 6th level or higher, use the higher level wherever the spell's level appears in the stat block."
					]
				}
			],
			"miscTags": [
				"SGT",
				"SMN"
			],
			"hasFluffImages": true
		},
		{
			"name": "Summon Construct",
			"source": "TCE",
			"page": 111,
			"level": 4,
			"school": "C",
			"time": [
				{
					"number": 1,
					"unit": "action"
				}
			],
			"range": {
				"type": "point",
				"distance": {
					"type": "feet",
					"amount": 90
				}
			},
			"components": {
				"v": true,
				"s": true,
				"m": {
					"text": "an ornate stone and metal lockbox worth at least 400 gp",
					"cost": 40000
				}
			},
			"duration": [
				{
					"type": "timed",
					"duration": {
						"type": "hour",
						"amount": 1
					},
					"concentration": true
				}
			],
			"entries": [
				"You call forth the spirit of a construct. It manifests in an unoccupied space that you can see within range. This corporeal form uses the {@creature Construct Spirit|TCE} stat block. When you cast the spell, choose a material: Clay, Metal, or Stone. The creature resembles a golem or a modron (your choice) made of the chosen material, which determines certain traits in its stat block. The creature disappears when it drops to 0 hit points or when the spell ends.",
				"The creature is an ally to you and your companions. In combat, the creature shares your initiative count, but it takes its turn immediately after yours. It obeys your verbal commands (no action required by you). If you don't issue any, it takes the {@action Dodge} action and uses its move to avoid danger."
			],
			"entriesHigherLevel": [
				{
					"type": "entries",
					"name": "At Higher Levels",
					"entries": [
						"When you cast this spell using a spell slot of 4th level or higher, use the higher level wherever the spell's level appears in the stat block."
					]
				}
			],
			"miscTags": [
				"SGT",
				"SMN"
			]
		},
		{
			"name": "Summon Elemental",
			"source": "TCE",
			"page": 111,
			"level": 4,
			"school": "C",
			"time": [
				{
					"number": 1,
					"unit": "action"
				}
			],
			"range": {
				"type": "point",
				"distance": {
					"type": "feet",
					"amount": 90
				}
			},
			"components": {
				"v": true,
				"s": true,
				"m": {
					"text": "air, a pebble, ash, and water inside a gold-inlaid vial worth at least 400 gp",
					"cost": 40000
				}
			},
			"duration": [
				{
					"type": "timed",
					"duration": {
						"type": "hour",
						"amount": 1
					},
					"concentration": true
				}
			],
			"entries": [
				"You call forth an elemental spirit. It manifests in an unoccupied space that you can see within range. This corporeal form uses the {@creature Elemental Spirit|TCE} stat block. When you cast the spell, choose an element: Air, Earth, Fire, or Water. The creature resembles a bipedal form wreathed in the chosen element, which determines certain traits in its stat block. The creature disappears when it drops to 0 hit points or when the spell ends.",
				"The creature is an ally to you and your companions. In combat, the creature shares your initiative count, but it takes its turn immediately after yours. It obeys your verbal commands (no action required by you). If you don't issue any, it takes the {@action Dodge} action and uses its move to avoid danger."
			],
			"entriesHigherLevel": [
				{
					"type": "entries",
					"name": "At Higher Levels",
					"entries": [
						"When you cast this spell using a spell slot of 5th level or higher, use the higher level wherever the spell's level appears in the stat block."
					]
				}
			],
			"miscTags": [
				"SGT",
				"SMN"
			]
		},
		{
			"name": "Summon Fey",
			"source": "TCE",
			"page": 112,
			"level": 3,
			"school": "C",
			"time": [
				{
					"number": 1,
					"unit": "action"
				}
			],
			"range": {
				"type": "point",
				"distance": {
					"type": "feet",
					"amount": 90
				}
			},
			"components": {
				"v": true,
				"s": true,
				"m": {
					"text": "a gilded flower worth at least 300 gp",
					"cost": 30000
				}
			},
			"duration": [
				{
					"type": "timed",
					"duration": {
						"type": "hour",
						"amount": 1
					},
					"concentration": true
				}
			],
			"entries": [
				"You call forth a fey spirit. It manifests in an unoccupied space that you can see within range. This corporeal form uses the {@creature Fey Spirit|TCE} stat block. When you cast the spell, choose a mood: Fuming, Mirthful, or Tricksy. The creature resembles a fey creature of your choice marked by the chosen mood, which determines one of the traits in its stat block. The creature disappears when it drops to 0 hit points or when the spell ends.",
				"The creature is an ally to you and your companions. In combat, the creature shares your initiative count, but it takes its turn immediately after yours. It obeys your verbal commands (no action required by you). If you don't issue any, it takes the {@action Dodge} action and uses its move to avoid danger."
			],
			"entriesHigherLevel": [
				{
					"type": "entries",
					"name": "At Higher Levels",
					"entries": [
						"When you cast this spell using a spell slot of 4th level or higher, use the higher level wherever the spell's level appears in the stat block."
					]
				}
			],
			"miscTags": [
				"SGT",
				"SMN"
			]
		},
		{
			"name": "Summon Fiend",
			"source": "TCE",
			"page": 112,
			"level": 6,
			"school": "C",
			"time": [
				{
					"number": 1,
					"unit": "action"
				}
			],
			"range": {
				"type": "point",
				"distance": {
					"type": "feet",
					"amount": 90
				}
			},
			"components": {
				"v": true,
				"s": true,
				"m": {
					"text": "humanoid blood inside a ruby vial worth at least 600 gp",
					"cost": 60000
				}
			},
			"duration": [
				{
					"type": "timed",
					"duration": {
						"type": "hour",
						"amount": 1
					},
					"concentration": true
				}
			],
			"entries": [
				"You call forth a fiendish spirit. It manifests in an unoccupied space that you can see within range. This corporeal form uses the {@creature Fiendish Spirit|TCE} stat block. When you cast the spell, choose Demon, Devil, or Yugoloth. The creature resembles a fiend of the chosen type, which determines certain traits in its stat block. The creature disappears when it drops to 0 hit points or when the spell ends.",
				"The creature is an ally to you and your companions. In combat, the creature shares your initiative count, but it takes its turn immediately after yours. It obeys your verbal commands (no action required by you). If you don't issue any, it takes the {@action Dodge} action and uses its move to avoid danger."
			],
			"entriesHigherLevel": [
				{
					"type": "entries",
					"name": "At Higher Levels",
					"entries": [
						"When you cast this spell using a spell slot of 7th level or higher, use the higher level wherever the spell's level appears in the stat block."
					]
				}
			],
			"miscTags": [
				"SGT",
				"SMN"
			]
		},
		{
			"name": "Summon Shadowspawn",
			"source": "TCE",
			"page": 113,
			"level": 3,
			"school": "C",
			"time": [
				{
					"number": 1,
					"unit": "action"
				}
			],
			"range": {
				"type": "point",
				"distance": {
					"type": "feet",
					"amount": 90
				}
			},
			"components": {
				"v": true,
				"s": true,
				"m": {
					"text": "tears inside a gem worth at least 300 gp",
					"cost": 30000
				}
			},
			"duration": [
				{
					"type": "timed",
					"duration": {
						"type": "hour",
						"amount": 1
					},
					"concentration": true
				}
			],
			"entries": [
				"You call forth a shadowy spirit. It manifests in an unoccupied space that you can see within range. This corporeal form uses the {@creature Shadow Spirit|TCE} stat block. When you cast the spell, choose an emotion: Fury, Despair, or Fear. The creature resembles a misshapen biped marked by the chosen emotion, which determines certain traits in its stat block. The creature disappears when it drops to 0 hit points or when the spell ends.",
				"The creature is an ally to you and your companions. In combat, the creature shares your initiative count, but it takes its turn immediately after yours. It obeys your verbal commands (no action required by you). If you don't issue any, it takes the {@action Dodge} action and uses its move to avoid danger."
			],
			"entriesHigherLevel": [
				{
					"type": "entries",
					"name": "At Higher Levels",
					"entries": [
						"When you cast this spell using a spell slot of 4th level or higher, use the higher level wherever the spell's level appears in the stat block."
					]
				}
			],
			"miscTags": [
				"SGT",
				"SMN"
			],
			"hasFluffImages": true
		},
		{
			"name": "Summon Undead",
			"source": "TCE",
			"page": 114,
			"level": 3,
			"school": "N",
			"time": [
				{
					"number": 1,
					"unit": "action"
				}
			],
			"range": {
				"type": "point",
				"distance": {
					"type": "feet",
					"amount": 90
				}
			},
			"components": {
				"v": true,
				"s": true,
				"m": {
					"text": "a gilded skull worth at least 300 gp",
					"cost": 30000
				}
			},
			"duration": [
				{
					"type": "timed",
					"duration": {
						"type": "hour",
						"amount": 1
					},
					"concentration": true
				}
			],
			"entries": [
				"You call forth an undead spirit. It manifests in an unoccupied space that you can see within range. This corporeal form uses the {@creature Undead Spirit|TCE} stat block. When you cast the spell, choose the creature's form: Ghostly, Putrid, or Skeletal. The spirit resembles an undead creature with the chosen form, which determines certain traits in its stat block. The creature disappears when it drops to 0 hit points or when the spell ends.",
				"The creature is an ally to you and your companions. In combat, the creature shares your initiative count, but it takes its turn immediately after yours. It obeys your verbal commands (no action required by you). If you don't issue any, it takes the {@action Dodge} action and uses its move to avoid danger."
			],
			"entriesHigherLevel": [
				{
					"type": "entries",
					"name": "At Higher Levels",
					"entries": [
						"When you cast this spell using a spell slot of 4th level or higher, use the higher level wherever the spell's level appears in the stat block."
					]
				}
			],
			"miscTags": [
				"SGT",
				"SMN"
			]
		},
		{
			"name": "Sword Burst",
			"source": "TCE",
			"page": 115,
			"otherSources": [
				{
					"source": "SCAG",
					"page": 143
				}
			],
			"level": 0,
			"school": "C",
			"time": [
				{
					"number": 1,
					"unit": "action"
				}
			],
			"range": {
				"type": "radius",
				"distance": {
					"type": "feet",
					"amount": 5
				}
			},
			"components": {
				"v": true
			},
			"duration": [
				{
					"type": "instant"
				}
			],
			"entries": [
				"You create a momentary circle of spectral blades that sweep around you. All other creatures within 5 feet of you must succeed on a Dexterity saving throw or take {@damage 1d6} force damage.",
				"This spell's damage increases by {@dice 1d6} when you reach 5th level ({@damage 2d6}), 11th level ({@damage 3d6}), and 17th level ({@damage 4d6})."
			],
			"scalingLevelDice": {
				"label": "force damage",
				"scaling": {
					"1": "1d6",
					"5": "2d6",
					"11": "3d6",
					"17": "4d6"
				}
			},
			"damageInflict": [
				"force"
			],
			"savingThrow": [
				"dexterity"
			],
			"miscTags": [
				"SCL"
			],
			"areaTags": [
				"S"
			]
		},
		{
			"name": "Tasha's Caustic Brew",
			"source": "TCE",
			"page": 115,
			"level": 1,
			"school": "V",
			"time": [
				{
					"number": 1,
					"unit": "action"
				}
			],
			"range": {
				"type": "line",
				"distance": {
					"type": "feet",
					"amount": 30
				}
			},
			"components": {
				"v": true,
				"s": true,
				"m": "a bit of rotten food"
			},
			"duration": [
				{
					"type": "timed",
					"duration": {
						"type": "minute",
						"amount": 1
					},
					"concentration": true
				}
			],
			"entries": [
				"A stream of acid emanates from you in a line 30 feet long and 5 feet wide in a direction you choose. Each creature in the line must succeed on a Dexterity saving throw or be covered in acid for the spell's duration or until a creature uses its action to scrape or wash the acid off itself or another creature. A creature covered in the acid takes {@damage 2d4} acid damage at start of each of its turns."
			],
			"entriesHigherLevel": [
				{
					"type": "entries",
					"name": "At Higher Levels",
					"entries": [
						"When you cast this spell using a spell slot of 2nd level or higher, the damage increases by {@scaledamage 2d4|1-9|2d4} for each slot level above 1st."
					]
				}
			],
			"damageInflict": [
				"acid"
			],
			"savingThrow": [
				"dexterity"
			]
		},
		{
			"name": "Tasha's Mind Whip",
			"source": "TCE",
			"page": 115,
			"level": 2,
			"school": "E",
			"time": [
				{
					"number": 1,
					"unit": "action"
				}
			],
			"range": {
				"type": "point",
				"distance": {
					"type": "feet",
					"amount": 90
				}
			},
			"components": {
				"v": true
			},
			"duration": [
				{
					"type": "timed",
					"duration": {
						"type": "round",
						"amount": 1
					}
				}
			],
			"entries": [
				"You psychically lash out at one creature you can see within range. The target must make an Intelligence saving throw. On a failed save, the target takes {@damage 3d6} psychic damage, and it can't take a reaction until the end of its next turn. Moreover, on its next turn, it must choose whether it gets a move, an action, or a bonus action; it gets only one of the three. On a successful save, the target takes half as much damage and suffers none of the spell's other effects."
			],
			"entriesHigherLevel": [
				{
					"type": "entries",
					"name": "At Higher Levels",
					"entries": [
						"When you cast this spell using a spell slot of 3rd level or higher, you can target one additional creature for each slot level above 2nd. The creatures must be within 30 feet of each other when you target them."
					]
				}
			],
			"damageInflict": [
				"psychic"
			],
			"savingThrow": [
				"intelligence"
			],
			"miscTags": [
				"SGT"
			],
			"areaTags": [
				"ST"
			],
			"hasFluffImages": true
		},
		{
			"name": "Tasha's Otherworldly Guise",
			"source": "TCE",
			"page": 116,
			"level": 6,
			"school": "T",
			"time": [
				{
					"number": 1,
					"unit": "bonus"
				}
			],
			"range": {
				"type": "point",
				"distance": {
					"type": "self"
				}
			},
			"components": {
				"v": true,
				"s": true,
				"m": {
					"text": "an object engraved with a symbol of the Outer Planes, worth at least 500 gp",
					"cost": 50000
				}
			},
			"duration": [
				{
					"type": "timed",
					"duration": {
						"type": "minute",
						"amount": 1
					},
					"concentration": true
				}
			],
			"entries": [
				"Uttering an incantation, you draw on the magic of the Lower Planes or Upper Planes (your choice) to transform yourself. You gain the following benefits until the spell ends:",
				{
					"type": "list",
					"items": [
						"You are immune to fire and poison damage (Lower Planes) or radiant and necrotic damage (Upper Planes).",
						"You are immune to the {@condition poisoned} condition (Lower Planes) or the {@condition charmed} condition (Upper Planes).",
						"Spectral wings appear on your back, giving you a flying speed of 40 feet.",
						"You have a +2 bonus to AC.",
						"All your weapon attacks are magical, and when you make a weapon attack, you can use your spellcasting ability modifier, instead of Strength or Dexterity, for the attack and damage rolls.",
						"You can attack twice, instead of once, when you take the {@action Attack} action on your turn. You ignore this benefit if you already have a feature, like Extra Attack, that lets you attack more than once when you take the Attack action on your turn."
					]
				}
			],
			"damageImmune": [
				"fire",
				"poison",
				"radiant",
				"necrotic"
			],
			"conditionImmune": [
				"charmed",
				"poisoned"
			],
			"miscTags": [
				"MAC"
			]
		}
	]
}
