{
	"name": "plutonium",
	"title": "Plutonium",
	"description": "A 5etools integration for Foundry VTT",
	"version": "1.39.5",
	"author": "Giddy",
	"keywords": [
		"import",
		"SRD",
		"backgrounds",
		"classes",
		"subclasses",
		"creatures",
		"feats",
		"items",
		"optional rules",
		"variant rules",
		"other options",
		"other features",
		"psionics",
		"races",
		"subraces",
		"spells",
		"tables",
		"rivet",
		"art"
	],
	"readme": "README.md",
	"license": "MIT",
	"bugs": "https://discord.gg/nGvRCDs",
	"changelog": "https://discord.gg/nGvRCDs",
	"url": "https://www.patreon.com/Giddy5e",
	"manifest": "https://raw.githubusercontent.com/TheGiddyLimit/plutonium-next/master/module.json",
	"download": "https://github.com/TheGiddyLimit/plutonium-next/raw/master/plutonium-foundry08.zip",
	"minimumCoreVersion": "0.8.4",
	"compatibleCoreVersion": "0.8.9",
	"socket": true,
	"scripts": [
		"./ve-lib/localforage.js",
		"./ve-js/pre.js",
		"./ve-js/parser.js",
		"./ve-js/utils.js",
		"./ve-js/utils-ui.js",
		"./ve-js/utils-changelog.js",
		"./ve-js/render.js",
		"./ve-js/render-dice.js",
		"./ve-js/hist.js",
		"./ve-js/filter.js",
		"./ve-js/filter-classes.js",
		"./ve-js/filter-classes-raw.js",
		"./ve-js/filter-actions.js",
		"./ve-js/filter-backgrounds.js",
		"./ve-js/filter-bestiary.js",
		"./ve-js/filter-charcreationoptions.js",
		"./ve-js/filter-conditionsdiseases.js",
		"./ve-js/filter-cultsboons.js",
		"./ve-js/filter-deities.js",
		"./ve-js/filter-feats.js",
		"./ve-js/filter-items.js",
		"./ve-js/filter-languages.js",
		"./ve-js/filter-objects.js",
		"./ve-js/filter-optionalfeatures.js",
		"./ve-js/filter-psionics.js",
		"./ve-js/filter-races.js",
		"./ve-js/filter-recipes.js",
		"./ve-js/filter-rewards.js",
		"./ve-js/filter-spells.js",
		"./ve-js/filter-tables.js",
		"./ve-js/filter-trapshazards.js",
		"./ve-js/filter-variantrules.js",
		"./ve-js/filter-vehicles.js",
		"./ve-js/list2.js",
		"./ve-js/scalecreature.js",
		"./ve-js/statgen-ui.js",
		"./ve-js/util-generate-tables-data.js"
	],
	"esmodules": [
		"./art-js/ArtBrowser.js",
		"./art-js/Const.js",
		"./art-js/DownloadHelper.js",
		"./art-js/Util.js",
		"./js/ActorItemCleaner.js",
		"./js/ActorMultiattack.js",
		"./js/ActorPolymorpher.js",
		"./js/ActorSpellPreparedToggler.js",
		"./js/Api.js",
		"./js/AppSourceSelectorMulti.js",
		"./js/ArtBrowserApp.js",
		"./js/BaseCollectionTool.js",
		"./js/BaseCompendiumListTool.js",
		"./js/Bootstrap.js",
		"./js/Changelog.js",
		"./js/ChooseImporter.js",
		"./js/CollectionCleaner.js",
		"./js/CollectionDeduplicator.js",
		"./js/CollectionFolderizer.js",
		"./js/CollectionPermissionUpdater.js",
		"./js/CollectionTokenUpdater.js",
		"./js/CompendiumListVisibilityToggler.js",
		"./js/Config.js",
		"./js/ConfigConsts.js",
		"./js/Consts.js",
		"./js/DataConverter.js",
		"./js/DataConverterAction.js",
		"./js/DataConverterActor.js",
		"./js/DataConverterAdventureBook.js",
		"./js/DataConverterBackground.js",
		"./js/DataConverterCharCreationOption.js",
		"./js/DataConverterClass.js",
		"./js/DataConverterClassSubclassFeature.js",
		"./js/DataConverterConditionDisease.js",
		"./js/DataConverterCreature.js",
		"./js/DataConverterCultBoon.js",
		"./js/DataConverterDeity.js",
		"./js/DataConverterFeat.js",
		"./js/DataConverterFeature.js",
		"./js/DataConverterHazard.js",
		"./js/DataConverterItem.js",
		"./js/DataConverterLanguage.js",
		"./js/DataConverterObject.js",
		"./js/DataConverterOptionalfeature.js",
		"./js/DataConverterPsionic.js",
		"./js/DataConverterRace.js",
		"./js/DataConverterRecipe.js",
		"./js/DataConverterReward.js",
		"./js/DataConverterSpell.js",
		"./js/DataConverterTable.js",
		"./js/DataConverterVariantRule.js",
		"./js/DataConverterVehicle.js",
		"./js/DataConverterVehicleUpgrade.js",
		"./js/FilterApplications.js",
		"./js/FolderPathBuilder.js",
		"./js/GameStorage.js",
		"./js/ImportList.js",
		"./js/ImportListAction.js",
		"./js/ImportListActor.js",
		"./js/ImportListAdventure.js",
		"./js/ImportListAdventureBook.js",
		"./js/ImportListBackground.js",
		"./js/ImportListBook.js",
		"./js/ImportListCharacter.js",
		"./js/ImportListCharCreationOption.js",
		"./js/ImportListClass.js",
		"./js/ImportListClassFeature.js",
		"./js/ImportListConditionDisease.js",
		"./js/ImportListCreature.js",
		"./js/ImportListCultBoon.js",
		"./js/ImportListDeity.js",
		"./js/ImportListFeat.js",
		"./js/ImportListFeature.js",
		"./js/ImportListHazard.js",
		"./js/ImportListItem.js",
		"./js/ImportListJournal.js",
		"./js/ImportListLanguage.js",
		"./js/ImportListObject.js",
		"./js/ImportListOptionalFeature.js",
		"./js/ImportListPsionic.js",
		"./js/ImportListRace.js",
		"./js/ImportListRecipe.js",
		"./js/ImportListReward.js",
		"./js/ImportListRollableTable.js",
		"./js/ImportListSpell.js",
		"./js/ImportListTrap.js",
		"./js/ImportListVariantRule.js",
		"./js/ImportListVehicle.js",
		"./js/ImportListVehicleUpgrade.js",
		"./js/ImportSpecialPackages.js",
		"./js/JqueryExtension.js",
		"./js/Menu.js",
		"./js/MenuCollectionTools.js",
		"./js/MenuTitle.js",
		"./js/MenuTitleActor.js",
		"./js/MenuTitleActorDirectory.js",
		"./js/MenuTitleArtBrowserApp.js",
		"./js/MenuTitleCombatTracker.js",
		"./js/MenuTitleCompendium.js",
		"./js/MenuTitleCompendiumDirectory.js",
		"./js/MenuTitleItem.js",
		"./js/MenuTitleItemDirectory.js",
		"./js/MenuTitleJournalDirectory.js",
		"./js/MenuTitleJournalSheet.js",
		"./js/MenuTitleMacroDirectory.js",
		"./js/MenuTitlePlaylistDirectory.js",
		"./js/MenuTitleRollTableConfig.js",
		"./js/MenuTitleRollTableDirectory.js",
		"./js/MenuTitleSceneConfig.js",
		"./js/MenuTitleSceneDirectory.js",
		"./js/MenuTitleSettings.js",
		"./js/NamedTokenCreator.js",
		"./js/PageFilterClassFeatures.js",
		"./js/Patcher.js",
		"./js/PatcherActiveEffectConfig.js",
		"./js/PatcherActor.js",
		"./js/PatcherCanvasAnimation.js",
		"./js/PatcherChatMessage.js",
		"./js/PatcherDrawing.js",
		"./js/PatcherGameKeyboard.js",
		"./js/PatcherItem.js",
		"./js/PatcherJournalSheet.js",
		"./js/PatcherJquery.js",
		"./js/PatcherLibWrapper.js",
		"./js/PatcherModuleManagement.js",
		"./js/PatcherRollData.js",
		"./js/PatcherSettingsConfig.js",
		"./js/PatcherTextEditor.js",
		"./js/PatcherToken.js",
		"./js/PopoutSheet.js",
		"./js/RivetBridge.js",
		"./js/ShowSheet.js",
		"./js/Styler.js",
		"./js/TokenHpRoller.js",
		"./js/Util.js",
		"./js/UtilActiveEffects.js",
		"./js/UtilActors.js",
		"./js/UtilApplications.js",
		"./js/UtilCanvas.js",
		"./js/UtilCharactermancer.js",
		"./js/UtilCharactermancerAdditionalSpells.js",
		"./js/UtilCharactermancerBackground.js",
		"./js/UtilCharactermancerClass.js",
		"./js/UtilCharactermancerEquipment.js",
		"./js/UtilCharactermancerRace.js",
		"./js/UtilCharactermancerSpell.js",
		"./js/UtilCharactermancerSpellSlotLevelSelect.js",
		"./js/UtilCompat.js",
		"./js/UtilCompendium.js",
		"./js/UtilDataConverter.js",
		"./js/UtilDataSource.js",
		"./js/UtilEvents.js",
		"./js/UtilGameSettings.js",
		"./js/UtilHandlebars.js",
		"./js/UtilList2.js",
		"./js/UtilMigrate.js",
		"./js/UtilModalFilter.js",
		"./js/UtilNotifications.js",
		"./js/UtilPatch.js",
		"./js/UtilRenderer.js",
		"./js/UtilSocket.js",
		"./js/UtilUi.js",
		"./js/Vetools.js",
		"./js/WeDontTalk.js"
	],
	"styles": [
		"./art-css/ArtBrowser.css",
		"./css/main.css"
	],
	"packs": [
		{
			"name": "macros.db",
			"label": "Macros",
			"system": "dnd5e",
			"path": "./packs/macros.db",
			"entity": "Macro"
		}
	],
	"languages": [
		{
			"lang": "en",
			"name": "English",
			"path": "lang/en.json"
		}
	]
}