{
	"spellFluff": [
		{
			"name": "Barkskin",
			"source": "PHB",
			"images": [
				{
					"type": "image",
					"href": {
						"type": "internal",
						"path": "spells/PHB/Barkskin.webp"
					}
				}
			]
		},
		{
			"name": "Burning Hands",
			"source": "PHB",
			"images": [
				{
					"type": "image",
					"href": {
						"type": "internal",
						"path": "spells/PHB/Burning Hands.webp"
					}
				}
			]
		},
		{
			"name": "Cloudkill",
			"source": "PHB",
			"images": [
				{
					"type": "image",
					"href": {
						"type": "internal",
						"path": "spells/PHB/Cloudkill.webp"
					}
				}
			]
		},
		{
			"name": "Dimension Door",
			"source": "PHB",
			"images": [
				{
					"type": "image",
					"href": {
						"type": "internal",
						"path": "spells/PHB/Dimension Door.webp"
					}
				}
			]
		},
		{
			"name": "Fireball",
			"source": "PHB",
			"images": [
				{
					"type": "image",
					"href": {
						"type": "internal",
						"path": "spells/PHB/Fireball.webp"
					}
				}
			]
		},
		{
			"name": "Guardian of Faith",
			"source": "PHB",
			"images": [
				{
					"type": "image",
					"href": {
						"type": "internal",
						"path": "spells/PHB/Guardian of Faith.webp"
					}
				}
			]
		},
		{
			"name": "Insect Plague",
			"source": "PHB",
			"images": [
				{
					"type": "image",
					"href": {
						"type": "internal",
						"path": "spells/PHB/Insect Plague.webp"
					}
				}
			]
		},
		{
			"name": "Magic Missile",
			"source": "PHB",
			"images": [
				{
					"type": "image",
					"href": {
						"type": "internal",
						"path": "spells/PHB/Magic Missile.webp"
					}
				}
			]
		},
		{
			"name": "Mordenkainen's Sword",
			"source": "PHB",
			"images": [
				{
					"type": "image",
					"href": {
						"type": "internal",
						"path": "spells/PHB/Mordenkainen's Sword.webp"
					}
				}
			]
		},
		{
			"name": "Prismatic Spray",
			"source": "PHB",
			"images": [
				{
					"type": "image",
					"href": {
						"type": "internal",
						"path": "spells/PHB/Prismatic Spray.webp"
					}
				}
			]
		},
		{
			"name": "Sacred Flame",
			"source": "PHB",
			"images": [
				{
					"type": "image",
					"href": {
						"type": "internal",
						"path": "spells/PHB/Sacred Flame.webp"
					}
				}
			]
		},
		{
			"name": "Web",
			"source": "PHB",
			"images": [
				{
					"type": "image",
					"href": {
						"type": "internal",
						"path": "spells/PHB/Web.webp"
					}
				}
			]
		}
	]
}
