{
	"spell": [
		{
			"name": "Antagonize",
			"source": "BMT",
			"page": 50,
			"level": 3,
			"school": "E",
			"time": [
				{
					"number": 1,
					"unit": "action"
				}
			],
			"range": {
				"type": "point",
				"distance": {
					"type": "feet",
					"amount": 30
				}
			},
			"components": {
				"v": true,
				"s": true,
				"m": "a playing card depicting a rogue"
			},
			"duration": [
				{
					"type": "instant"
				}
			],
			"entries": [
				"You whisper magical words that antagonize one creature of your choice within range. The target must make a Wisdom saving throw. On a failed save, the target takes {@damage 4d4} psychic damage and must immediately use its reaction to make a melee attack against another creature of your choice that you can see. If the target can't make this attack (for example, because there is no one within its reach or because its reaction is unavailable), the target instead has disadvantage on the next attack roll it makes before the start of your next turn. On a successful save, the target takes half as much damage only."
			],
			"entriesHigherLevel": [
				{
					"type": "entries",
					"name": "At Higher Levels",
					"entries": [
						"When you cast this spell using a spell slot of 4th level or higher, the damage increases by {@dice 1d4} for each slot level above 3rd."
					]
				}
			],
			"damageInflict": [
				"psychic"
			],
			"savingThrow": [
				"wisdom"
			],
			"miscTags": [
				"SGT"
			]
		},
		{
			"name": "Spirit of Death",
			"source": "BMT",
			"page": 50,
			"level": 4,
			"school": "N",
			"time": [
				{
					"number": 1,
					"unit": "action"
				}
			],
			"range": {
				"type": "point",
				"distance": {
					"type": "feet",
					"amount": 60
				}
			},
			"components": {
				"v": true,
				"s": true,
				"m": {
					"text": "a gilded playing card worth at least 400 gp and depicting an avatar of death",
					"cost": 40000
				}
			},
			"duration": [
				{
					"type": "timed",
					"duration": {
						"type": "hour",
						"amount": 1
					},
					"concentration": true
				}
			],
			"entries": [
				"You call forth a spirit that embodies death. The spirit manifests in an unoccupied space you can see within range and uses the {@creature reaper spirit|BMT} stat block. The spirit disappears when it is reduced to 0 hit points or when the spell ends.",
				"The spirit is an ally to you and your companions. In combat, the spirit shares your initiative count and takes its turn immediately after yours. It obeys your verbal commands (no action required by you). If you don't issue the spirit any commands, it takes the {@action Dodge} action and uses its movement to avoid danger."
			],
			"entriesHigherLevel": [
				{
					"type": "entries",
					"name": "At Higher Levels",
					"entries": [
						"When you cast this spell using a spell slot of 5th level or higher, use the higher level wherever the spell's level appears in the reaper spirit stat block."
					]
				}
			],
			"miscTags": [
				"SGT"
			]
		},
		{
			"name": "Spray of Cards",
			"source": "BMT",
			"page": 50,
			"level": 2,
			"school": "C",
			"time": [
				{
					"number": 1,
					"unit": "action"
				}
			],
			"range": {
				"type": "cone",
				"distance": {
					"type": "feet",
					"amount": 15
				}
			},
			"components": {
				"v": true,
				"s": true,
				"m": "a deck of cards"
			},
			"duration": [
				{
					"type": "instant"
				}
			],
			"entries": [
				"You spray a 15-foot cone of spectral cards. Each creature in that area must make a Dexterity saving throw. On a failed save, a creature takes {@damage 2d10} force damage and has the {@condition blinded} condition until the end of its next turn. On a successful save, a creature takes half as much damage only."
			],
			"entriesHigherLevel": [
				{
					"type": "entries",
					"name": "At Higher Levels",
					"entries": [
						"When you cast this spell using a spell slot of 3rd level or higher, the damage increases by {@dice 1d10} for each slot level above 2nd."
					]
				}
			],
			"damageInflict": [
				"force"
			],
			"conditionInflict": [
				"blinded"
			],
			"savingThrow": [
				"dexterity"
			]
		}
	]
}
