{
	"individual": [
		{
			"name": "Challenge 0-4",
			"source": "DMG",
			"page": 136,
			"crMin": 0,
			"crMax": 4,
			"table": [
				{
					"min": 1,
					"max": 30,
					"coins": {
						"cp": "5d6"
					}
				},
				{
					"min": 31,
					"max": 60,
					"coins": {
						"sp": "4d6"
					}
				},
				{
					"min": 61,
					"max": 70,
					"coins": {
						"ep": "3d6"
					}
				},
				{
					"min": 71,
					"max": 95,
					"coins": {
						"gp": "3d6"
					}
				},
				{
					"min": 96,
					"max": 100,
					"coins": {
						"pp": "1d6"
					}
				}
			]
		},
		{
			"name": "Challenge 5-10",
			"source": "DMG",
			"page": 136,
			"crMin": 5,
			"crMax": 10,
			"table": [
				{
					"min": 1,
					"max": 30,
					"coins": {
						"cp": "4d6*100",
						"ep": "1d6*10"
					}
				},
				{
					"min": 31,
					"max": 60,
					"coins": {
						"sp": "6d6*10",
						"gp": "2d6*10"
					}
				},
				{
					"min": 61,
					"max": 70,
					"coins": {
						"ep": "3d6*10",
						"gp": "2d6*10"
					}
				},
				{
					"min": 71,
					"max": 95,
					"coins": {
						"gp": "4d6*10"
					}
				},
				{
					"min": 96,
					"max": 100,
					"coins": {
						"gp": "2d6*10",
						"pp": "3d6"
					}
				}
			]
		},
		{
			"name": "Challenge 11-16",
			"source": "DMG",
			"page": 136,
			"crMin": 11,
			"crMax": 16,
			"table": [
				{
					"min": 1,
					"max": 20,
					"coins": {
						"sp": "4d6*100",
						"gp": "1d6*100"
					}
				},
				{
					"min": 21,
					"max": 35,
					"coins": {
						"ep": "1d6*100",
						"gp": "1d6*100"
					}
				},
				{
					"min": 36,
					"max": 75,
					"coins": {
						"gp": "2d6*100",
						"pp": "1d6*10"
					}
				},
				{
					"min": 76,
					"max": 100,
					"coins": {
						"gp": "2d6*100",
						"pp": "2d6*10"
					}
				}
			]
		},
		{
			"name": "Challenge 17+",
			"source": "DMG",
			"page": 136,
			"crMin": 17,
			"crMax": 30,
			"table": [
				{
					"min": 1,
					"max": 15,
					"coins": {
						"ep": "2d6*1000",
						"gp": "8d6*100"
					}
				},
				{
					"min": 16,
					"max": 55,
					"coins": {
						"gp": "1d6*1000",
						"pp": "1d6*100"
					}
				},
				{
					"min": 56,
					"max": 100,
					"coins": {
						"gp": "1d6*1000",
						"pp": "2d6*100"
					}
				}
			]
		}
	],
	"hoard": [
		{
			"name": "Challenge 0-4",
			"source": "DMG",
			"page": 137,
			"crMin": 0,
			"crMax": 4,
			"coins": {
				"cp": "6d6*100",
				"sp": "3d6*100",
				"gp": "2d6*10"
			},
			"table": [
				{
					"min": 1,
					"max": 6
				},
				{
					"min": 7,
					"max": 16,
					"gems": {
						"type": 10,
						"amount": "2d6"
					}
				},
				{
					"min": 17,
					"max": 26,
					"artObjects": {
						"type": 25,
						"amount": "2d4"
					}
				},
				{
					"min": 27,
					"max": 36,
					"gems": {
						"type": 50,
						"amount": "2d6"
					}
				},
				{
					"min": 37,
					"max": 44,
					"gems": {
						"type": 10,
						"amount": "2d6"
					},
					"magicItems": [
						{
							"type": "A",
							"amount": "1d6"
						}
					]
				},
				{
					"min": 45,
					"max": 52,
					"artObjects": {
						"type": 25,
						"amount": "2d4"
					},
					"magicItems": [
						{
							"type": "A",
							"amount": "1d6"
						}
					]
				},
				{
					"min": 53,
					"max": 60,
					"gems": {
						"type": 50,
						"amount": "2d6"
					},
					"magicItems": [
						{
							"type": "A",
							"amount": "1d6"
						}
					]
				},
				{
					"min": 61,
					"max": 65,
					"gems": {
						"type": 10,
						"amount": "2d6"
					},
					"magicItems": [
						{
							"type": "B",
							"amount": "1d4"
						}
					]
				},
				{
					"min": 66,
					"max": 70,
					"artObjects": {
						"type": 25,
						"amount": "2d4"
					},
					"magicItems": [
						{
							"type": "B",
							"amount": "1d4"
						}
					]
				},
				{
					"min": 71,
					"max": 75,
					"gems": {
						"type": 50,
						"amount": "2d6"
					},
					"magicItems": [
						{
							"type": "B",
							"amount": "1d4"
						}
					]
				},
				{
					"min": 76,
					"max": 78,
					"gems": {
						"type": 10,
						"amount": "2d6"
					},
					"magicItems": [
						{
							"type": "C",
							"amount": "1d4"
						}
					]
				},
				{
					"min": 79,
					"max": 80,
					"artObjects": {
						"type": 25,
						"amount": "2d4"
					},
					"magicItems": [
						{
							"type": "C",
							"amount": "1d4"
						}
					]
				},
				{
					"min": 81,
					"max": 85,
					"gems": {
						"type": 50,
						"amount": "2d6"
					},
					"magicItems": [
						{
							"type": "C",
							"amount": "1d4"
						}
					]
				},
				{
					"min": 86,
					"max": 92,
					"artObjects": {
						"type": 25,
						"amount": "2d4"
					},
					"magicItems": [
						{
							"type": "F",
							"amount": "1d4"
						}
					]
				},
				{
					"min": 93,
					"max": 97,
					"gems": {
						"type": 50,
						"amount": "2d6"
					},
					"magicItems": [
						{
							"type": "F",
							"amount": "1d4"
						}
					]
				},
				{
					"min": 98,
					"max": 99,
					"artObjects": {
						"type": 25,
						"amount": "2d4"
					},
					"magicItems": [
						{
							"type": "G",
							"amount": "1"
						}
					]
				},
				{
					"min": 100,
					"max": 100,
					"gems": {
						"type": 50,
						"amount": "2d6"
					},
					"magicItems": [
						{
							"type": "G",
							"amount": "1"
						}
					]
				}
			]
		},
		{
			"name": "Challenge 5-10",
			"source": "DMG",
			"page": 137,
			"crMin": 5,
			"crMax": 10,
			"coins": {
				"cp": "2d6*100",
				"sp": "2d6*1000",
				"gp": "6d6*100",
				"pp": "3d6*10"
			},
			"table": [
				{
					"min": 1,
					"max": 4
				},
				{
					"min": 5,
					"max": 10,
					"artObjects": {
						"type": 25,
						"amount": "2d4"
					}
				},
				{
					"min": 11,
					"max": 16,
					"gems": {
						"type": 50,
						"amount": "3d6"
					}
				},
				{
					"min": 17,
					"max": 22,
					"gems": {
						"type": 100,
						"amount": "3d6"
					}
				},
				{
					"min": 23,
					"max": 28,
					"artObjects": {
						"type": 250,
						"amount": "2d4"
					}
				},
				{
					"min": 29,
					"max": 32,
					"artObjects": {
						"type": 25,
						"amount": "2d4"
					},
					"magicItems": [
						{
							"type": "A",
							"amount": "1d6"
						}
					]
				},
				{
					"min": 33,
					"max": 36,
					"gems": {
						"type": 50,
						"amount": "3d6"
					},
					"magicItems": [
						{
							"type": "A",
							"amount": "1d6"
						}
					]
				},
				{
					"min": 37,
					"max": 40,
					"gems": {
						"type": 100,
						"amount": "3d6"
					},
					"magicItems": [
						{
							"type": "A",
							"amount": "1d6"
						}
					]
				},
				{
					"min": 41,
					"max": 44,
					"artObjects": {
						"type": 250,
						"amount": "2d4"
					},
					"magicItems": [
						{
							"type": "A",
							"amount": "1d6"
						}
					]
				},
				{
					"min": 45,
					"max": 49,
					"artObjects": {
						"type": 25,
						"amount": "2d4"
					},
					"magicItems": [
						{
							"type": "B",
							"amount": "1d4"
						}
					]
				},
				{
					"min": 50,
					"max": 54,
					"gems": {
						"type": 50,
						"amount": "3d6"
					},
					"magicItems": [
						{
							"type": "B",
							"amount": "1d4"
						}
					]
				},
				{
					"min": 55,
					"max": 59,
					"gems": {
						"type": 100,
						"amount": "3d6"
					},
					"magicItems": [
						{
							"type": "B",
							"amount": "1d4"
						}
					]
				},
				{
					"min": 60,
					"max": 63,
					"artObjects": {
						"type": 250,
						"amount": "2d4"
					},
					"magicItems": [
						{
							"type": "B",
							"amount": "1d4"
						}
					]
				},
				{
					"min": 64,
					"max": 66,
					"artObjects": {
						"type": 25,
						"amount": "2d4"
					},
					"magicItems": [
						{
							"type": "C",
							"amount": "1d4"
						}
					]
				},
				{
					"min": 67,
					"max": 69,
					"gems": {
						"type": 50,
						"amount": "3d6"
					},
					"magicItems": [
						{
							"type": "C",
							"amount": "1d4"
						}
					]
				},
				{
					"min": 70,
					"max": 72,
					"gems": {
						"type": 100,
						"amount": "3d6"
					},
					"magicItems": [
						{
							"type": "C",
							"amount": "1d4"
						}
					]
				},
				{
					"min": 73,
					"max": 74,
					"artObjects": {
						"type": 250,
						"amount": "2d4"
					},
					"magicItems": [
						{
							"type": "C",
							"amount": "1d4"
						}
					]
				},
				{
					"min": 75,
					"max": 76,
					"artObjects": {
						"type": 25,
						"amount": "2d4"
					},
					"magicItems": [
						{
							"type": "D",
							"amount": "1"
						}
					]
				},
				{
					"min": 77,
					"max": 78,
					"gems": {
						"type": 50,
						"amount": "3d6"
					},
					"magicItems": [
						{
							"type": "D",
							"amount": "1"
						}
					]
				},
				{
					"min": 79,
					"max": 79,
					"gems": {
						"type": 100,
						"amount": "3d6"
					},
					"magicItems": [
						{
							"type": "D",
							"amount": "1"
						}
					]
				},
				{
					"min": 80,
					"max": 80,
					"artObjects": {
						"type": 250,
						"amount": "2d4"
					},
					"magicItems": [
						{
							"type": "D",
							"amount": "1"
						}
					]
				},
				{
					"min": 81,
					"max": 84,
					"artObjects": {
						"type": 25,
						"amount": "2d4"
					},
					"magicItems": [
						{
							"type": "F",
							"amount": "1d4"
						}
					]
				},
				{
					"min": 85,
					"max": 88,
					"gems": {
						"type": 50,
						"amount": "3d6"
					},
					"magicItems": [
						{
							"type": "F",
							"amount": "1d4"
						}
					]
				},
				{
					"min": 89,
					"max": 91,
					"gems": {
						"type": 100,
						"amount": "3d6"
					},
					"magicItems": [
						{
							"type": "F",
							"amount": "1d4"
						}
					]
				},
				{
					"min": 92,
					"max": 94,
					"artObjects": {
						"type": 250,
						"amount": "2d4"
					},
					"magicItems": [
						{
							"type": "F",
							"amount": "1d4"
						}
					]
				},
				{
					"min": 95,
					"max": 96,
					"gems": {
						"type": 100,
						"amount": "3d6"
					},
					"magicItems": [
						{
							"type": "G",
							"amount": "1d4"
						}
					]
				},
				{
					"min": 97,
					"max": 98,
					"artObjects": {
						"type": 250,
						"amount": "2d4"
					},
					"magicItems": [
						{
							"type": "G",
							"amount": "1d4"
						}
					]
				},
				{
					"min": 99,
					"max": 99,
					"gems": {
						"type": 100,
						"amount": "3d6"
					},
					"magicItems": [
						{
							"type": "H",
							"amount": "1"
						}
					]
				},
				{
					"min": 100,
					"max": 100,
					"artObjects": {
						"type": 250,
						"amount": "2d4"
					},
					"magicItems": [
						{
							"type": "H",
							"amount": "1"
						}
					]
				}
			]
		},
		{
			"name": "Challenge 11-16",
			"source": "DMG",
			"page": 138,
			"crMin": 11,
			"crMax": 16,
			"coins": {
				"gp": "4d6*1000",
				"pp": "5d6*100"
			},
			"table": [
				{
					"min": 1,
					"max": 3
				},
				{
					"min": 4,
					"max": 6,
					"artObjects": {
						"type": 250,
						"amount": "2d4"
					}
				},
				{
					"min": 7,
					"max": 9,
					"artObjects": {
						"type": 750,
						"amount": "2d4"
					}
				},
				{
					"min": 10,
					"max": 12,
					"gems": {
						"type": 500,
						"amount": "3d6"
					}
				},
				{
					"min": 13,
					"max": 15,
					"gems": {
						"type": 1000,
						"amount": "3d6"
					}
				},
				{
					"min": 16,
					"max": 19,
					"artObjects": {
						"type": 250,
						"amount": "2d4"
					},
					"magicItems": [
						{
							"type": "A",
							"amount": "1d4"
						},
						{
							"type": "B",
							"amount": "1d6"
						}
					]
				},
				{
					"min": 20,
					"max": 23,
					"artObjects": {
						"type": 750,
						"amount": "2d4"
					},
					"magicItems": [
						{
							"type": "A",
							"amount": "1d4"
						},
						{
							"type": "B",
							"amount": "1d6"
						}
					]
				},
				{
					"min": 24,
					"max": 26,
					"gems": {
						"type": 500,
						"amount": "3d6"
					},
					"magicItems": [
						{
							"type": "A",
							"amount": "1d4"
						},
						{
							"type": "B",
							"amount": "1d6"
						}
					]
				},
				{
					"min": 27,
					"max": 29,
					"gems": {
						"type": 1000,
						"amount": "3d6"
					},
					"magicItems": [
						{
							"type": "A",
							"amount": "1d4"
						},
						{
							"type": "B",
							"amount": "1d6"
						}
					]
				},
				{
					"min": 30,
					"max": 35,
					"artObjects": {
						"type": 250,
						"amount": "2d4"
					},
					"magicItems": [
						{
							"type": "C",
							"amount": "1d6"
						}
					]
				},
				{
					"min": 36,
					"max": 40,
					"artObjects": {
						"type": 750,
						"amount": "2d4"
					},
					"magicItems": [
						{
							"type": "C",
							"amount": "1d6"
						}
					]
				},
				{
					"min": 41,
					"max": 45,
					"gems": {
						"type": 500,
						"amount": "3d6"
					},
					"magicItems": [
						{
							"type": "C",
							"amount": "1d6"
						}
					]
				},
				{
					"min": 46,
					"max": 50,
					"gems": {
						"type": 1000,
						"amount": "3d6"
					},
					"magicItems": [
						{
							"type": "C",
							"amount": "1d6"
						}
					]
				},
				{
					"min": 51,
					"max": 54,
					"artObjects": {
						"type": 250,
						"amount": "2d4"
					},
					"magicItems": [
						{
							"type": "D",
							"amount": "1d4"
						}
					]
				},
				{
					"min": 55,
					"max": 58,
					"artObjects": {
						"type": 750,
						"amount": "2d4"
					},
					"magicItems": [
						{
							"type": "D",
							"amount": "1d4"
						}
					]
				},
				{
					"min": 59,
					"max": 62,
					"gems": {
						"type": 500,
						"amount": "3d6"
					},
					"magicItems": [
						{
							"type": "D",
							"amount": "1d4"
						}
					]
				},
				{
					"min": 63,
					"max": 66,
					"gems": {
						"type": 1000,
						"amount": "3d6"
					},
					"magicItems": [
						{
							"type": "D",
							"amount": "1d4"
						}
					]
				},
				{
					"min": 67,
					"max": 68,
					"artObjects": {
						"type": 250,
						"amount": "2d4"
					},
					"magicItems": [
						{
							"type": "E",
							"amount": "1"
						}
					]
				},
				{
					"min": 69,
					"max": 70,
					"artObjects": {
						"type": 750,
						"amount": "2d4"
					},
					"magicItems": [
						{
							"type": "E",
							"amount": "1"
						}
					]
				},
				{
					"min": 71,
					"max": 72,
					"gems": {
						"type": 500,
						"amount": "3d6"
					},
					"magicItems": [
						{
							"type": "E",
							"amount": "1"
						}
					]
				},
				{
					"min": 73,
					"max": 74,
					"gems": {
						"type": 1000,
						"amount": "3d6"
					},
					"magicItems": [
						{
							"type": "E",
							"amount": "1"
						}
					]
				},
				{
					"min": 75,
					"max": 76,
					"artObjects": {
						"type": 250,
						"amount": "2d4"
					},
					"magicItems": [
						{
							"type": "F",
							"amount": "1"
						},
						{
							"type": "G",
							"amount": "1d4"
						}
					]
				},
				{
					"min": 77,
					"max": 78,
					"artObjects": {
						"type": 750,
						"amount": "2d4"
					},
					"magicItems": [
						{
							"type": "F",
							"amount": "1"
						},
						{
							"type": "G",
							"amount": "1d4"
						}
					]
				},
				{
					"min": 79,
					"max": 80,
					"gems": {
						"type": 500,
						"amount": "3d6"
					},
					"magicItems": [
						{
							"type": "F",
							"amount": "1"
						},
						{
							"type": "G",
							"amount": "1d4"
						}
					]
				},
				{
					"min": 81,
					"max": 82,
					"gems": {
						"type": 1000,
						"amount": "3d6"
					},
					"magicItems": [
						{
							"type": "F",
							"amount": "1"
						},
						{
							"type": "G",
							"amount": "1d4"
						}
					]
				},
				{
					"min": 83,
					"max": 85,
					"artObjects": {
						"type": 250,
						"amount": "2d4"
					},
					"magicItems": [
						{
							"type": "H",
							"amount": "1d4"
						}
					]
				},
				{
					"min": 86,
					"max": 88,
					"artObjects": {
						"type": 750,
						"amount": "2d4"
					},
					"magicItems": [
						{
							"type": "H",
							"amount": "1d4"
						}
					]
				},
				{
					"min": 89,
					"max": 90,
					"gems": {
						"type": 500,
						"amount": "3d6"
					},
					"magicItems": [
						{
							"type": "H",
							"amount": "1d4"
						}
					]
				},
				{
					"min": 91,
					"max": 92,
					"gems": {
						"type": 1000,
						"amount": "3d6"
					},
					"magicItems": [
						{
							"type": "H",
							"amount": "1d4"
						}
					]
				},
				{
					"min": 93,
					"max": 94,
					"artObjects": {
						"type": 250,
						"amount": "2d4"
					},
					"magicItems": [
						{
							"type": "I",
							"amount": "1"
						}
					]
				},
				{
					"min": 95,
					"max": 96,
					"artObjects": {
						"type": 750,
						"amount": "2d4"
					},
					"magicItems": [
						{
							"type": "I",
							"amount": "1"
						}
					]
				},
				{
					"min": 97,
					"max": 98,
					"gems": {
						"type": 500,
						"amount": "3d6"
					},
					"magicItems": [
						{
							"type": "I",
							"amount": "1"
						}
					]
				},
				{
					"min": 99,
					"max": 100,
					"gems": {
						"type": 1000,
						"amount": "3d6"
					},
					"magicItems": [
						{
							"type": "I",
							"amount": "1"
						}
					]
				}
			]
		},
		{
			"name": "Challenge 17+",
			"source": "DMG",
			"page": 137,
			"crMin": 17,
			"crMax": 30,
			"coins": {
				"gp": "12d6*1000",
				"pp": "8d6*1000"
			},
			"table": [
				{
					"min": 1,
					"max": 2
				},
				{
					"min": 3,
					"max": 5,
					"gems": {
						"type": 1000,
						"amount": "3d6"
					},
					"magicItems": [
						{
							"type": "C",
							"amount": "1d8"
						}
					]
				},
				{
					"min": 6,
					"max": 8,
					"artObjects": {
						"type": 2500,
						"amount": "1d10"
					},
					"magicItems": [
						{
							"type": "C",
							"amount": "1d8"
						}
					]
				},
				{
					"min": 9,
					"max": 11,
					"artObjects": {
						"type": 7500,
						"amount": "1d4"
					},
					"magicItems": [
						{
							"type": "C",
							"amount": "1d8"
						}
					]
				},
				{
					"min": 12,
					"max": 14,
					"gems": {
						"type": 5000,
						"amount": "1d8"
					},
					"magicItems": [
						{
							"type": "C",
							"amount": "1d8"
						}
					]
				},
				{
					"min": 15,
					"max": 22,
					"gems": {
						"type": 1000,
						"amount": "3d6"
					},
					"magicItems": [
						{
							"type": "D",
							"amount": "1d6"
						}
					]
				},
				{
					"min": 23,
					"max": 30,
					"artObjects": {
						"type": 2500,
						"amount": "1d10"
					},
					"magicItems": [
						{
							"type": "D",
							"amount": "1d6"
						}
					]
				},
				{
					"min": 31,
					"max": 38,
					"artObjects": {
						"type": 7500,
						"amount": "1d4"
					},
					"magicItems": [
						{
							"type": "D",
							"amount": "1d6"
						}
					]
				},
				{
					"min": 39,
					"max": 46,
					"gems": {
						"type": 5000,
						"amount": "1d8"
					},
					"magicItems": [
						{
							"type": "D",
							"amount": "1d6"
						}
					]
				},
				{
					"min": 47,
					"max": 52,
					"gems": {
						"type": 1000,
						"amount": "3d6"
					},
					"magicItems": [
						{
							"type": "E",
							"amount": "1d6"
						}
					]
				},
				{
					"min": 53,
					"max": 58,
					"artObjects": {
						"type": 2500,
						"amount": "1d10"
					},
					"magicItems": [
						{
							"type": "E",
							"amount": "1d6"
						}
					]
				},
				{
					"min": 59,
					"max": 63,
					"artObjects": {
						"type": 7500,
						"amount": "1d4"
					},
					"magicItems": [
						{
							"type": "E",
							"amount": "1d6"
						}
					]
				},
				{
					"min": 64,
					"max": 68,
					"gems": {
						"type": 5000,
						"amount": "1d8"
					},
					"magicItems": [
						{
							"type": "E",
							"amount": "1d6"
						}
					]
				},
				{
					"min": 69,
					"max": 69,
					"gems": {
						"type": 1000,
						"amount": "3d6"
					},
					"magicItems": [
						{
							"type": "G",
							"amount": "1d4"
						}
					]
				},
				{
					"min": 70,
					"max": 70,
					"artObjects": {
						"type": 7500,
						"amount": "1d10"
					},
					"magicItems": [
						{
							"type": "G",
							"amount": "1d4"
						}
					]
				},
				{
					"min": 71,
					"max": 71,
					"artObjects": {
						"type": 7500,
						"amount": "1d4"
					},
					"magicItems": [
						{
							"type": "G",
							"amount": "1d4"
						}
					]
				},
				{
					"min": 72,
					"max": 72,
					"gems": {
						"type": 5000,
						"amount": "1d8"
					},
					"magicItems": [
						{
							"type": "G",
							"amount": "1d4"
						}
					]
				},
				{
					"min": 73,
					"max": 74,
					"gems": {
						"type": 1000,
						"amount": "3d6"
					},
					"magicItems": [
						{
							"type": "H",
							"amount": "1d4"
						}
					]
				},
				{
					"min": 75,
					"max": 76,
					"artObjects": {
						"type": 2500,
						"amount": "1d10"
					},
					"magicItems": [
						{
							"type": "H",
							"amount": "1d4"
						}
					]
				},
				{
					"min": 77,
					"max": 78,
					"artObjects": {
						"type": 7500,
						"amount": "1d4"
					},
					"magicItems": [
						{
							"type": "H",
							"amount": "1d4"
						}
					]
				},
				{
					"min": 79,
					"max": 80,
					"gems": {
						"type": 5000,
						"amount": "1d8"
					},
					"magicItems": [
						{
							"type": "H",
							"amount": "1d4"
						}
					]
				},
				{
					"min": 81,
					"max": 85,
					"gems": {
						"type": 1000,
						"amount": "3d6"
					},
					"magicItems": [
						{
							"type": "I",
							"amount": "1d4"
						}
					]
				},
				{
					"min": 86,
					"max": 90,
					"artObjects": {
						"type": 2500,
						"amount": "1d10"
					},
					"magicItems": [
						{
							"type": "I",
							"amount": "1d4"
						}
					]
				},
				{
					"min": 91,
					"max": 95,
					"artObjects": {
						"type": 7500,
						"amount": "1d4"
					},
					"magicItems": [
						{
							"type": "I",
							"amount": "1d4"
						}
					]
				},
				{
					"min": 96,
					"max": 100,
					"gems": {
						"type": 1000,
						"amount": "3d6"
					},
					"magicItems": [
						{
							"type": "I",
							"amount": "1d4"
						}
					]
				}
			]
		}
	],
	"dragon": [
		{
			"name": "Wyrmling",
			"source": "FTD",
			"page": 72,
			"coins": {
				"cp": "12d6*100",
				"sp": "6d6*100",
				"gp": "4d6*10"
			},
			"dragonMundaneItems": {
				"amount": "1d6"
			},
			"gems": {
				"typeTable": [
					{
						"min": 1,
						"max": 43,
						"type": 10
					},
					{
						"min": 44,
						"max": 99,
						"type": 50
					},
					{
						"min": 100,
						"max": 100,
						"type": 100
					}
				],
				"amount": "2d8"
			},
			"artObjects": {
				"typeTable": [
					{
						"min": 1,
						"max": 95,
						"type": 25
					},
					{
						"min": 96,
						"max": 100,
						"type": 250
					}
				],
				"amount": "1d4"
			},
			"magicItems": [
				{
					"typeTable": [
						{
							"min": 1,
							"max": 34,
							"type": "A",
							"typeAltChoose": {
								"rarity": "common",
								"tier": "minor"
							}
						},
						{
							"min": 35,
							"max": 61,
							"type": "B",
							"typeAltChoose": {
								"rarity": "uncommon",
								"tier": "minor"
							}
						},
						{
							"min": 62,
							"max": 77,
							"type": "C",
							"typeAltChoose": {
								"rarity": "rare",
								"tier": "minor"
							}
						},
						{
							"min": 78,
							"max": 96,
							"type": "F",
							"typeAltChoose": {
								"rarity": "uncommon",
								"tier": "major"
							}
						},
						{
							"min": 97,
							"max": 100,
							"type": "G",
							"typeAltChoose": {
								"rarity": "rare",
								"tier": "major"
							}
						}
					],
					"amount": "1d8"
				}
			]
		},
		{
			"name": "Adult",
			"source": "FTD",
			"page": 72,
			"coins": {
				"cp": "12d6*100",
				"sp": "4d6*1000",
				"gp": "8d6*1000",
				"pp": "10d6*100"
			},
			"dragonMundaneItems": {
				"amount": "2d6"
			},
			"gems": {
				"typeTable": [
					{
						"min": 1,
						"max": 18,
						"type": 10
					},
					{
						"min": 19,
						"max": 36,
						"type": 50
					},
					{
						"min": 37,
						"max": 54,
						"type": 100
					},
					{
						"min": 55,
						"max": 77,
						"type": 500
					},
					{
						"min": 78,
						"max": 99,
						"type": 1000
					},
					{
						"min": 100,
						"max": 100,
						"type": 5000
					}
				],
				"amount": "6d6"
			},
			"artObjects": {
				"typeTable": [
					{
						"min": 1,
						"max": 49,
						"type": 25
					},
					{
						"min": 50,
						"max": 75,
						"type": 250
					},
					{
						"min": 76,
						"max": 99,
						"type": 750
					},
					{
						"min": 100,
						"max": 100,
						"type": 2500
					}
				],
				"amount": "3d6"
			},
			"magicItems": [
				{
					"typeTable": [
						{
							"min": 1,
							"max": 6,
							"type": "A",
							"typeAltChoose": {
								"rarity": "common",
								"tier": "minor"
							}
						},
						{
							"min": 7,
							"max": 18,
							"type": "B",
							"typeAltChoose": {
								"rarity": "uncommon",
								"tier": "minor"
							}
						},
						{
							"min": 19,
							"max": 41,
							"type": "C",
							"typeAltChoose": {
								"rarity": "rare",
								"tier": "minor"
							}
						},
						{
							"min": 42,
							"max": 64,
							"type": "D",
							"typeAltChoose": {
								"rarity": "very",
								"tier": "rare"
							}
						},
						{
							"min": 65,
							"max": 69,
							"type": "E",
							"typeAltChoose": {
								"rarity": "legendary",
								"tier": "minor"
							}
						},
						{
							"min": 70,
							"max": 72,
							"type": "F",
							"typeAltChoose": {
								"rarity": "uncommon",
								"tier": "major"
							}
						},
						{
							"min": 73,
							"max": 80,
							"type": "G",
							"typeAltChoose": {
								"rarity": "rare",
								"tier": "major"
							}
						},
						{
							"min": 81,
							"max": 91,
							"type": "H",
							"typeAltChoose": {
								"rarity": "very",
								"tier": "rare"
							}
						},
						{
							"min": 92,
							"max": 100,
							"type": "I",
							"typeAltChoose": {
								"rarity": "legendary",
								"tier": "major"
							}
						}
					],
					"amount": "1d8"
				}
			]
		},
		{
			"name": "Young",
			"source": "FTD",
			"page": 72,
			"coins": {
				"cp": "12d6*100",
				"sp": "4d6*1000",
				"gp": "12d6*100",
				"pp": "6d6*10"
			},
			"dragonMundaneItems": {
				"amount": "1d8"
			},
			"gems": {
				"typeTable": [
					{
						"min": 1,
						"max": 51,
						"type": 10
					},
					{
						"min": 52,
						"max": 75,
						"type": 50
					},
					{
						"min": 76,
						"max": 99,
						"type": 100
					},
					{
						"min": 100,
						"max": 100,
						"type": 500
					}
				],
				"amount": "6d6"
			},
			"artObjects": {
				"typeTable": [
					{
						"min": 1,
						"max": 53,
						"type": 25
					},
					{
						"min": 54,
						"max": 99,
						"type": 250
					},
					{
						"min": 100,
						"max": 100,
						"type": 750
					}
				],
				"amount": "2d4"
			},
			"magicItems": [
				{
					"typeTable": [
						{
							"min": 1,
							"max": 21,
							"type": "A",
							"typeAltChoose": {
								"rarity": "common",
								"tier": "minor"
							}
						},
						{
							"min": 22,
							"max": 49,
							"type": "B",
							"typeAltChoose": {
								"rarity": "uncommon",
								"tier": "minor"
							}
						},
						{
							"min": 50,
							"max": 64,
							"type": "C",
							"typeAltChoose": {
								"rarity": "rare",
								"tier": "minor"
							}
						},
						{
							"min": 65,
							"max": 72,
							"type": "D",
							"typeAltChoose": {
								"rarity": "very",
								"tier": "rare"
							}
						},
						{
							"min": 73,
							"max": 91,
							"type": "F",
							"typeAltChoose": {
								"rarity": "uncommon",
								"tier": "major"
							}
						},
						{
							"min": 92,
							"max": 97,
							"type": "G",
							"typeAltChoose": {
								"rarity": "rare",
								"tier": "major"
							}
						},
						{
							"min": 98,
							"max": 100,
							"type": "H",
							"typeAltChoose": {
								"rarity": "very",
								"tier": "rare"
							}
						}
					],
					"amount": "1d8"
				}
			]
		},
		{
			"name": "Ancient",
			"source": "FTD",
			"page": 72,
			"coins": {
				"cp": "12d6*100",
				"sp": "4d6*1000",
				"gp": "6d6*10000",
				"pp": "12d6*1000"
			},
			"dragonMundaneItems": {
				"amount": "2d8"
			},
			"gems": {
				"typeTable": [
					{
						"min": 1,
						"max": 14,
						"type": 10
					},
					{
						"min": 15,
						"max": 28,
						"type": 50
					},
					{
						"min": 29,
						"max": 42,
						"type": 100
					},
					{
						"min": 43,
						"max": 58,
						"type": 500
					},
					{
						"min": 59,
						"max": 93,
						"type": 1000
					},
					{
						"min": 94,
						"max": 100,
						"type": 5000
					}
				],
				"amount": "6d6"
			},
			"artObjects": {
				"typeTable": [
					{
						"min": 1,
						"max": 22,
						"type": 25
					},
					{
						"min": 23,
						"max": 42,
						"type": 250
					},
					{
						"min": 43,
						"max": 58,
						"type": 750
					},
					{
						"min": 59,
						"max": 93,
						"type": 2500
					},
					{
						"min": 94,
						"max": 100,
						"type": 7500
					}
				],
				"amount": "2d10"
			},
			"magicItems": [
				{
					"typeTable": [
						{
							"min": 1,
							"max": 12,
							"type": "C",
							"typeAltChoose": {
								"rarity": "rare",
								"tier": "minor"
							}
						},
						{
							"min": 13,
							"max": 56,
							"type": "D",
							"typeAltChoose": {
								"rarity": "very",
								"tier": "rare"
							}
						},
						{
							"min": 57,
							"max": 67,
							"type": "E",
							"typeAltChoose": {
								"rarity": "legendary",
								"tier": "minor"
							}
						},
						{
							"min": 68,
							"max": 73,
							"type": "G",
							"typeAltChoose": {
								"rarity": "rare",
								"tier": "major"
							}
						},
						{
							"min": 74,
							"max": 82,
							"type": "H",
							"typeAltChoose": {
								"rarity": "very",
								"tier": "rare"
							}
						},
						{
							"min": 83,
							"max": 100,
							"type": "I",
							"typeAltChoose": {
								"rarity": "legendary",
								"tier": "major"
							}
						}
					],
					"amount": "2d6"
				}
			]
		}
	],
	"gems": [
		{
			"name": "10 gp Gemstones",
			"source": "DMG",
			"page": 134,
			"type": 10,
			"table": [
				"{@item Azurite} (opaque mottled deep blue)",
				"{@item Banded agate} (translucent striped brown, blue, white, or red)",
				"{@item Blue quartz} (transparent pale blue)",
				"{@item Eye agate} (translucent circles of gray, white brown, blue, or green)",
				"{@item Hematite} (opaque gray-black)",
				"{@item Lapis lazuli} (opaque light and dark blue with yellow flecks)",
				"{@item Malachite} (opaque striated light and dark green)",
				"{@item Moss agate} (translucent pink or yellow-white with mossy gray or green markings)",
				"{@item Obsidian} (opaque black)",
				"{@item Rhodochrosite} (opaque light pink)",
				"{@item Tiger eye} (translucent brown with golden center)",
				"{@item Turquoise} (opaque light blue-green)"
			]
		},
		{
			"name": "50 gp Gemstones",
			"source": "DMG",
			"page": 134,
			"type": 50,
			"table": [
				"{@item Bloodstone} (opaque dark gray with red flecks)",
				"{@item Carnelian} (opaque orange to red-brown)",
				"{@item Chalcedony} (opaque white)",
				"{@item Chrysoprase} (translucent green)",
				"{@item Citrine} (transparent pale yellow-brown)",
				"{@item Jasper} (opaque blue, black, or brown)",
				"{@item Moonstone} (translucent white with pale blue glow)",
				"{@item Onyx} (opaque bands of black and white, or pure black or white)",
				"{@item Quartz} (transparent white, smoky gray, or yellow)",
				"{@item Sardonyx} (opaque bands of red and white)",
				"{@item Star rose quartz} (translucent rosy stone with white star-shaped center)",
				"{@item Zircon} (transparent pale blue-green)"
			]
		},
		{
			"name": "100 gp Gemstones",
			"source": "DMG",
			"page": 134,
			"type": 100,
			"table": [
				"{@item Amber} (transparent watery gold to rich gold)",
				"{@item Amethyst} (transparent deep purple)",
				"{@item Chrysoberyl} (transparent yellow-green to pale green)",
				"{@item Coral} (opaque crimson)",
				"{@item Garnet} (transparent red, brown-green, or violet)",
				"{@item Jade} (translucent light green, deep green, or white)",
				"{@item Jet} (opaque deep black)",
				"{@item Pearl} (opaque lustrous white, yellow, or pink)",
				"{@item Spinel} (transparent red, red-brown, or deep green)",
				"{@item Tourmaline} (transparent pale green, blue, brown , or red)"
			]
		},
		{
			"name": "500 gp Gemstones",
			"source": "DMG",
			"page": 134,
			"type": 500,
			"table": [
				"{@item Alexandrite} (transparent dark green)",
				"{@item Aquamarine} (transparent pale blue-green)",
				"{@item Black pearl} (opaque pure black)",
				"{@item Blue spinel} (transparent deep blue)",
				"{@item Peridot} (transparent rich olive green)",
				"{@item Topaz} (transparent golden yellow)"
			]
		},
		{
			"name": "1,000 gp Gemstones",
			"source": "DMG",
			"page": 134,
			"type": 1000,
			"table": [
				"{@item Black opal} (translucent dark green with black mottling and golden flecks)",
				"{@item Blue sapphire} (transparent blue-white to medium blue)",
				"{@item Emerald} (transparent deep bright green)",
				"{@item Fire opal} (translucent fiery red)",
				"{@item Opal} (translucent pale blue with green and golden mottling)",
				"{@item Star ruby} (translucent ruby with white star-shaped center)",
				"{@item Star sapphire} (translucent blue sapphire with white star-shaped center)",
				"{@item Yellow sapphire} (transparent fiery yellow or yellow-green)"
			]
		},
		{
			"name": "5,000 gp Gemstones",
			"source": "DMG",
			"page": 134,
			"type": 5000,
			"table": [
				"{@item Black sapphire} (translucent lustrous black with glowing highlights)",
				"{@item Diamond} (transparent blue-white, canary, pink, brown, or blue)",
				"{@item Jacinth} (transparent fiery orange)",
				"{@item Ruby} (transparent clear red to deep crimson)"
			]
		}
	],
	"artObjects": [
		{
			"name": "25 gp Art Objects",
			"source": "DMG",
			"page": 134,
			"type": 25,
			"table": [
				"{@item Silver ewer}",
				"{@item Carved bone statuette}",
				"{@item Small gold bracelet}",
				"{@item Cloth-of-gold vestments}",
				"{@item Black velvet mask stitched with silver thread}",
				"{@item Copper chalice with silver filigree}",
				"{@item Pair of engraved bone dice}",
				"{@item Small mirror set in a painted wooden frame}",
				"{@item Embroidered silk handkerchief}",
				"{@item Gold locket with a painted portrait inside}"
			]
		},
		{
			"name": "250 gp Art Objects",
			"source": "DMG",
			"page": 135,
			"type": 250,
			"table": [
				"{@item Gold ring set with bloodstones}",
				"{@item Carved ivory statuette}",
				"{@item Large gold bracelet}",
				"{@item Silver necklace with a gemstone pendant}",
				"{@item Bronze crown}",
				"{@item Silk robe with gold embroidery}",
				"{@item Large well-made tapestry}",
				"{@item Brass mug with jade inlay}",
				"{@item Box of turquoise animal figurines}",
				"{@item Gold bird cage with electrum filigree}"
			]
		},
		{
			"name": "750 gp Art Objects",
			"source": "DMG",
			"page": 135,
			"type": 750,
			"table": [
				"{@item Silver chalice set with moonstones}",
				"{@item Silver-plated steel longsword with jet set in hilt}",
				"{@item Carved harp of exotic wood with ivory inlay and zircon gems}",
				"{@item Small gold idol}",
				"{@item Gold dragon comb set with red garnets as eyes}",
				"{@item Bottle stopper cork embossed with gold leaf and set with amethysts}",
				"{@item Ceremonial electrum dagger with a black pearl in the pommel}",
				"{@item Silver and gold brooch}",
				"{@item Obsidian statuette with gold fittings and inlay}",
				"{@item Painted gold war mask}"
			]
		},
		{
			"name": "2,500 gp Art Objects",
			"source": "DMG",
			"page": 135,
			"type": 2500,
			"table": [
				"{@item Fine gold chain set with a fire opal}",
				"{@item Old masterpiece painting}",
				"{@item Embroidered silk and velvet mantle set with numerous moonstones}",
				"{@item Platinum bracelet set with a sapphire}",
				"{@item Embroidered glove set with jewel chips}",
				"{@item Jeweled anklet}",
				"{@item Gold music box}",
				"{@item Gold circlet set with four aquamarines}",
				"{@item Eye patch with a mock eye set in blue sapphire and moonstone}",
				"A {@item necklace string of small pink pearls}"
			]
		},
		{
			"name": "7,500 gp Art Objects",
			"source": "DMG",
			"page": 135,
			"type": 7500,
			"table": [
				"{@item Jeweled gold crown}",
				"{@item Jeweled platinum ring}",
				"{@item Small gold statuette set with rubies}",
				"{@item Gold cup set with emeralds}",
				"{@item Gold jewelry box with platinum filigree}",
				"{@item Painted gold child's sarcophagus}",
				"{@item Jade game board with solid gold playing pieces}",
				"{@item Bejeweled ivory drinking horn with gold filigree}"
			]
		}
	],
	"magicItems": [
		{
			"name": "Magic Item Table A",
			"source": "DMG",
			"page": 144,
			"type": "A",
			"table": [
				{
					"min": 1,
					"max": 50,
					"item": "{@item Potion of Healing}"
				},
				{
					"min": 51,
					"max": 60,
					"item": "{@item Spell Scroll (Cantrip)}",
					"spellLevel": 0
				},
				{
					"min": 61,
					"max": 70,
					"item": "{@item Potion of Climbing}"
				},
				{
					"min": 71,
					"max": 90,
					"item": "{@item Spell Scroll (1st Level)}",
					"spellLevel": 1
				},
				{
					"min": 91,
					"max": 94,
					"item": "{@item Spell Scroll (2nd Level)}",
					"spellLevel": 2
				},
				{
					"min": 95,
					"max": 98,
					"item": "{@item Potion of Greater Healing}"
				},
				{
					"min": 99,
					"max": 99,
					"item": "{@item Bag of Holding}"
				},
				{
					"min": 100,
					"max": 100,
					"item": "{@item Driftglobe}"
				}
			]
		},
		{
			"name": "Magic Item Table B",
			"source": "DMG",
			"page": 144,
			"type": "B",
			"table": [
				{
					"min": 1,
					"max": 15,
					"item": "{@item Potion of Greater Healing}"
				},
				{
					"min": 16,
					"max": 22,
					"item": "{@item Potion of Fire Breath}"
				},
				{
					"min": 23,
					"max": 29,
					"choose": {
						"fromGroup": [
							"Potion of Resistance"
						]
					}
				},
				{
					"min": 30,
					"max": 34,
					"choose": {
						"fromGeneric": [
							"+1 Ammunition"
						]
					}
				},
				{
					"min": 35,
					"max": 39,
					"item": "{@item Potion of Animal Friendship}"
				},
				{
					"min": 40,
					"max": 44,
					"item": "{@item Potion of Hill Giant Strength}"
				},
				{
					"min": 45,
					"max": 49,
					"item": "{@item Potion of Growth}"
				},
				{
					"min": 50,
					"max": 54,
					"item": "{@item Potion of Water Breathing}"
				},
				{
					"min": 55,
					"max": 59,
					"item": "{@item Spell Scroll (2nd Level)}",
					"spellLevel": 2
				},
				{
					"min": 60,
					"max": 64,
					"item": "{@item Spell Scroll (3rd Level)}",
					"spellLevel": 3
				},
				{
					"min": 65,
					"max": 67,
					"item": "{@item Bag of Holding}"
				},
				{
					"min": 68,
					"max": 70,
					"item": "{@item Keoghtom's Ointment}"
				},
				{
					"min": 71,
					"max": 73,
					"item": "{@item Oil of Slipperiness}"
				},
				{
					"min": 74,
					"max": 75,
					"item": "{@item Dust of Disappearance}"
				},
				{
					"min": 76,
					"max": 77,
					"item": "{@item Dust of Dryness}"
				},
				{
					"min": 78,
					"max": 79,
					"item": "{@item Dust of Sneezing and Choking}"
				},
				{
					"min": 80,
					"max": 81,
					"item": "{@item Elemental Gem}"
				},
				{
					"min": 82,
					"max": 83,
					"item": "{@item Philter of Love}"
				},
				{
					"min": 84,
					"max": 84,
					"item": "{@item Alchemy Jug}"
				},
				{
					"min": 85,
					"max": 85,
					"item": "{@item Cap of Water Breathing}"
				},
				{
					"min": 86,
					"max": 86,
					"item": "{@item Cloak of the Manta Ray}"
				},
				{
					"min": 87,
					"max": 87,
					"item": "{@item Driftglobe}"
				},
				{
					"min": 88,
					"max": 88,
					"item": "{@item Goggles of Night}"
				},
				{
					"min": 89,
					"max": 89,
					"item": "{@item Helm of Comprehending Languages}"
				},
				{
					"min": 90,
					"max": 90,
					"item": "{@item Immovable Rod}"
				},
				{
					"min": 91,
					"max": 91,
					"item": "{@item Lantern of Revealing}"
				},
				{
					"min": 92,
					"max": 92,
					"choose": {
						"fromGeneric": [
							"Mariner's Armor"
						]
					}
				},
				{
					"min": 93,
					"max": 93,
					"choose": {
						"fromGeneric": [
							"Mithral Armor"
						]
					}
				},
				{
					"min": 94,
					"max": 94,
					"item": "{@item Potion of Poison}"
				},
				{
					"min": 95,
					"max": 95,
					"item": "{@item Ring of Swimming}"
				},
				{
					"min": 96,
					"max": 96,
					"item": "{@item Robe of Useful Items}"
				},
				{
					"min": 97,
					"max": 97,
					"item": "{@item Rope of Climbing}"
				},
				{
					"min": 98,
					"max": 98,
					"item": "{@item Saddle of the Cavalier}"
				},
				{
					"min": 99,
					"max": 99,
					"item": "{@item Wand of Magic Detection}"
				},
				{
					"min": 100,
					"max": 100,
					"item": "{@item Wand of Secrets}"
				}
			]
		},
		{
			"name": "Magic Item Table C",
			"source": "DMG",
			"page": 145,
			"type": "C",
			"table": [
				{
					"min": 1,
					"max": 15,
					"item": "{@item Potion of Superior Healing}"
				},
				{
					"min": 16,
					"max": 22,
					"item": "{@item Spell Scroll (4th Level)}",
					"spellLevel": 4
				},
				{
					"min": 23,
					"max": 27,
					"choose": {
						"fromGeneric": [
							"+2 Ammunition"
						]
					}
				},
				{
					"min": 28,
					"max": 32,
					"item": "{@item Potion of Clairvoyance}"
				},
				{
					"min": 33,
					"max": 37,
					"item": "{@item Potion of Diminution}"
				},
				{
					"min": 38,
					"max": 42,
					"item": "{@item Potion of Gaseous Form}"
				},
				{
					"min": 43,
					"max": 47,
					"item": "{@item Potion of Frost Giant Strength}"
				},
				{
					"min": 48,
					"max": 52,
					"item": "{@item Potion of Stone Giant Strength}"
				},
				{
					"min": 53,
					"max": 57,
					"item": "{@item Potion of Heroism}"
				},
				{
					"min": 58,
					"max": 62,
					"item": "{@item Potion of Invulnerability}"
				},
				{
					"min": 63,
					"max": 67,
					"item": "{@item Potion of Mind Reading}"
				},
				{
					"min": 68,
					"max": 72,
					"item": "{@item Spell Scroll (5th Level)}",
					"spellLevel": 5
				},
				{
					"min": 73,
					"max": 75,
					"item": "{@item Elixir of Health}"
				},
				{
					"min": 76,
					"max": 78,
					"item": "{@item Oil of Etherealness}"
				},
				{
					"min": 79,
					"max": 81,
					"item": "{@item Potion of Fire Giant Strength}"
				},
				{
					"min": 82,
					"max": 84,
					"item": "{@item Quaal's Feather Token}"
				},
				{
					"min": 85,
					"max": 87,
					"item": "{@item Scroll of Protection}"
				},
				{
					"min": 88,
					"max": 89,
					"item": "{@item Bag of Beans}"
				},
				{
					"min": 90,
					"max": 91,
					"item": "{@item Bead of Force}"
				},
				{
					"min": 92,
					"max": 92,
					"item": "{@item Chime of Opening}"
				},
				{
					"min": 93,
					"max": 93,
					"item": "{@item Decanter of Endless Water}"
				},
				{
					"min": 94,
					"max": 94,
					"item": "{@item Eyes of Minute Seeing}"
				},
				{
					"min": 95,
					"max": 95,
					"item": "{@item Folding Boat}"
				},
				{
					"min": 96,
					"max": 96,
					"item": "{@item Heward's Handy Haversack}"
				},
				{
					"min": 97,
					"max": 97,
					"item": "{@item Horseshoes of Speed}"
				},
				{
					"min": 98,
					"max": 98,
					"item": "{@item Necklace of Fireballs}"
				},
				{
					"min": 99,
					"max": 99,
					"item": "{@item Periapt of Health}"
				},
				{
					"min": 100,
					"max": 100,
					"item": "{@item Sending Stones}"
				}
			]
		},
		{
			"name": "Magic Item Table D",
			"source": "DMG",
			"page": 145,
			"type": "D",
			"table": [
				{
					"min": 1,
					"max": 20,
					"item": "{@item Potion of Supreme Healing}"
				},
				{
					"min": 21,
					"max": 30,
					"item": "{@item Potion of Invisibility}"
				},
				{
					"min": 31,
					"max": 40,
					"item": "{@item Potion of Speed}"
				},
				{
					"min": 41,
					"max": 50,
					"item": "{@item Spell Scroll (6th level)}",
					"spellLevel": 6
				},
				{
					"min": 51,
					"max": 57,
					"item": "{@item Spell Scroll (7th level)}",
					"spellLevel": 7
				},
				{
					"min": 58,
					"max": 62,
					"choose": {
						"fromGeneric": [
							"+3 Ammunition"
						]
					}
				},
				{
					"min": 63,
					"max": 67,
					"item": "{@item Oil of Sharpness}"
				},
				{
					"min": 68,
					"max": 72,
					"item": "{@item Potion of Flying}"
				},
				{
					"min": 73,
					"max": 77,
					"item": "{@item Potion of Cloud Giant Strength}"
				},
				{
					"min": 78,
					"max": 82,
					"item": "{@item Potion of Longevity}"
				},
				{
					"min": 83,
					"max": 87,
					"item": "{@item Potion of Vitality}"
				},
				{
					"min": 88,
					"max": 92,
					"item": "{@item Spell Scroll (8th level)}",
					"spellLevel": 8
				},
				{
					"min": 93,
					"max": 95,
					"item": "{@item Horseshoes of a Zephyr}"
				},
				{
					"min": 96,
					"max": 98,
					"item": "{@item Nolzur's Marvelous Pigments}"
				},
				{
					"min": 99,
					"max": 99,
					"item": "{@item Bag of Devouring}"
				},
				{
					"min": 100,
					"max": 100,
					"item": "{@item Portable Hole}"
				}
			]
		},
		{
			"name": "Magic Item Table E",
			"source": "DMG",
			"page": 145,
			"type": "E",
			"table": [
				{
					"min": 1,
					"max": 30,
					"item": "{@item Spell Scroll (8th level)}",
					"spellLevel": 8
				},
				{
					"min": 31,
					"max": 55,
					"item": "{@item Potion of Storm Giant Strength}"
				},
				{
					"min": 56,
					"max": 70,
					"item": "{@item Potion of Supreme Healing}"
				},
				{
					"min": 71,
					"max": 85,
					"item": "{@item Spell Scroll (9th level)}",
					"spellLevel": 9
				},
				{
					"min": 86,
					"max": 93,
					"item": "{@item Universal Solvent}"
				},
				{
					"min": 94,
					"max": 98,
					"item": "{@item Arrow of Slaying}"
				},
				{
					"min": 99,
					"max": 100,
					"item": "{@item Sovereign Glue}"
				}
			]
		},
		{
			"name": "Magic Item Table F",
			"source": "DMG",
			"page": 146,
			"type": "F",
			"table": [
				{
					"min": 1,
					"max": 15,
					"choose": {
						"fromGeneric": [
							"+1 Weapon"
						]
					}
				},
				{
					"min": 16,
					"max": 18,
					"item": "{@item +1 shield}"
				},
				{
					"min": 19,
					"max": 21,
					"item": "{@item Sentinel Shield}"
				},
				{
					"min": 22,
					"max": 23,
					"item": "{@item Amulet of Proof Against Detection and Location}"
				},
				{
					"min": 24,
					"max": 25,
					"item": "{@item Boots of Elvenkind}"
				},
				{
					"min": 26,
					"max": 27,
					"item": "{@item Boots of Striding and Springing}"
				},
				{
					"min": 28,
					"max": 29,
					"item": "{@item Bracers of Archery}"
				},
				{
					"min": 30,
					"max": 31,
					"item": "{@item Brooch of Shielding}"
				},
				{
					"min": 32,
					"max": 33,
					"item": "{@item Broom of Flying}"
				},
				{
					"min": 34,
					"max": 35,
					"item": "{@item Cloak of Elvenkind}"
				},
				{
					"min": 36,
					"max": 37,
					"item": "{@item Cloak of Protection}"
				},
				{
					"min": 38,
					"max": 39,
					"item": "{@item Gauntlets of Ogre Power}"
				},
				{
					"min": 40,
					"max": 41,
					"item": "{@item Hat of Disguise}"
				},
				{
					"min": 42,
					"max": 43,
					"item": "{@item Javelin of Lightning}"
				},
				{
					"min": 44,
					"max": 45,
					"item": "{@item Pearl of Power}"
				},
				{
					"min": 46,
					"max": 47,
					"item": "{@item +1 rod of the pact keeper}"
				},
				{
					"min": 48,
					"max": 49,
					"item": "{@item Slippers of Spider Climbing}"
				},
				{
					"min": 50,
					"max": 51,
					"item": "{@item Staff of the Adder}"
				},
				{
					"min": 52,
					"max": 53,
					"item": "{@item Staff of the Python}"
				},
				{
					"min": 54,
					"max": 55,
					"choose": {
						"fromGeneric": [
							"Sword of Vengeance"
						]
					}
				},
				{
					"min": 56,
					"max": 57,
					"item": "{@item Trident of Fish Command}"
				},
				{
					"min": 58,
					"max": 59,
					"item": "{@item Wand of Magic Missiles}"
				},
				{
					"min": 60,
					"max": 61,
					"item": "{@item +1 wand of the war mage}"
				},
				{
					"min": 62,
					"max": 63,
					"item": "{@item Wand of Web}"
				},
				{
					"min": 64,
					"max": 65,
					"choose": {
						"fromGeneric": [
							"Weapon of Warning"
						]
					}
				},
				{
					"min": 66,
					"max": 66,
					"item": "{@item Adamantine Chain Mail}"
				},
				{
					"min": 67,
					"max": 67,
					"item": "{@item Adamantine Chain Shirt}"
				},
				{
					"min": 68,
					"max": 68,
					"item": "{@item Adamantine Scale Mail}"
				},
				{
					"min": 69,
					"max": 69,
					"item": "{@item Bag of Tricks, Gray}"
				},
				{
					"min": 70,
					"max": 70,
					"item": "{@item Bag of Tricks, Rust}"
				},
				{
					"min": 71,
					"max": 71,
					"item": "{@item Bag of Tricks, Tan}"
				},
				{
					"min": 72,
					"max": 72,
					"item": "{@item Boots of the Winterlands}"
				},
				{
					"min": 73,
					"max": 73,
					"item": "{@item Circlet of Blasting}"
				},
				{
					"min": 74,
					"max": 74,
					"item": "{@item Deck of Illusions}"
				},
				{
					"min": 75,
					"max": 75,
					"item": "{@item Eversmoking Bottle}"
				},
				{
					"min": 76,
					"max": 76,
					"item": "{@item Eyes of Charming}"
				},
				{
					"min": 77,
					"max": 77,
					"item": "{@item Eyes of the Eagle}"
				},
				{
					"min": 78,
					"max": 78,
					"item": "{@item Figurine of Wondrous Power, Silver Raven}"
				},
				{
					"min": 79,
					"max": 79,
					"item": "{@item Gem of Brightness}"
				},
				{
					"min": 80,
					"max": 80,
					"item": "{@item Gloves of Missile Snaring}"
				},
				{
					"min": 81,
					"max": 81,
					"item": "{@item Gloves of Swimming and Climbing}"
				},
				{
					"min": 82,
					"max": 82,
					"item": "{@item Gloves of Thievery}"
				},
				{
					"min": 83,
					"max": 83,
					"item": "{@item Headband of Intellect}"
				},
				{
					"min": 84,
					"max": 84,
					"item": "{@item Helm of Telepathy}"
				},
				{
					"min": 85,
					"max": 85,
					"item": "{@item Instrument of the Bards, Doss Lute}"
				},
				{
					"min": 86,
					"max": 86,
					"item": "{@item Instrument of the Bards, Fochlucan Bandore}"
				},
				{
					"min": 87,
					"max": 87,
					"item": "{@item Instrument of the Bards, Mac-Fuirmidh Cittern}"
				},
				{
					"min": 88,
					"max": 88,
					"item": "{@item Medallion of Thoughts}"
				},
				{
					"min": 89,
					"max": 89,
					"item": "{@item Necklace of Adaptation}"
				},
				{
					"min": 90,
					"max": 90,
					"item": "{@item Periapt of Wound Closure}"
				},
				{
					"min": 91,
					"max": 91,
					"item": "{@item Pipes of Haunting}"
				},
				{
					"min": 92,
					"max": 92,
					"item": "{@item Pipes of the Sewers}"
				},
				{
					"min": 93,
					"max": 93,
					"item": "{@item Ring of Jumping}"
				},
				{
					"min": 94,
					"max": 94,
					"item": "{@item Ring of Mind Shielding}"
				},
				{
					"min": 95,
					"max": 95,
					"item": "{@item Ring of Warmth}"
				},
				{
					"min": 96,
					"max": 96,
					"item": "{@item Ring of Water Walking}"
				},
				{
					"min": 97,
					"max": 97,
					"item": "{@item Quiver of Ehlonna}"
				},
				{
					"min": 98,
					"max": 98,
					"item": "{@item Stone of Good Luck}"
				},
				{
					"min": 99,
					"max": 99,
					"item": "{@item Wind Fan}"
				},
				{
					"min": 100,
					"max": 100,
					"item": "{@item Winged Boots}"
				}
			]
		},
		{
			"name": "Magic Item Table G",
			"source": "DMG",
			"page": 147,
			"type": "G",
			"table": [
				{
					"min": 1,
					"max": 11,
					"choose": {
						"fromGeneric": [
							"+2 Weapon"
						]
					}
				},
				{
					"min": 12,
					"max": 14,
					"item": "Figurine of Wondrous Power",
					"table": [
						{
							"min": 1,
							"item": "{@item Figurine of Wondrous Power, Bronze Griffon}"
						},
						{
							"min": 2,
							"item": "{@item Figurine of Wondrous Power, Ebony Fly}"
						},
						{
							"min": 3,
							"item": "{@item Figurine of Wondrous Power, Golden Lions}"
						},
						{
							"min": 4,
							"item": "{@item Figurine of Wondrous Power, Ivory Goats}"
						},
						{
							"min": 5,
							"item": "{@item Figurine of Wondrous Power, Marble Elephant}"
						},
						{
							"min": 6,
							"max": 7,
							"item": "{@item Figurine of Wondrous Power, Onyx Dog}"
						},
						{
							"min": 8,
							"item": "{@item Figurine of Wondrous Power, Serpentine Owl}"
						}
					]
				},
				{
					"min": 15,
					"max": 15,
					"item": "{@item Adamantine Breastplate}"
				},
				{
					"min": 16,
					"max": 16,
					"item": "{@item Adamantine Splint Armor}"
				},
				{
					"min": 17,
					"max": 17,
					"item": "{@item Amulet of Health}"
				},
				{
					"min": 18,
					"max": 18,
					"choose": {
						"fromGroup": [
							"Armor of Vulnerability"
						]
					}
				},
				{
					"min": 19,
					"max": 19,
					"item": "{@item Arrow-catching Shield}"
				},
				{
					"min": 20,
					"max": 20,
					"item": "{@item Belt of Dwarvenkind}"
				},
				{
					"min": 21,
					"max": 21,
					"item": "{@item Belt of Hill Giant Strength}"
				},
				{
					"min": 22,
					"max": 22,
					"choose": {
						"fromGeneric": [
							"Berserker Axe"
						]
					}
				},
				{
					"min": 23,
					"max": 23,
					"item": "{@item Boots of Levitation}"
				},
				{
					"min": 24,
					"max": 24,
					"item": "{@item Boots of Speed}"
				},
				{
					"min": 25,
					"max": 25,
					"item": "{@item Bowl of Commanding Water Elementals}"
				},
				{
					"min": 26,
					"max": 26,
					"item": "{@item Bracers of Defense}"
				},
				{
					"min": 27,
					"max": 27,
					"item": "{@item Brazier of Commanding Fire Elementals}"
				},
				{
					"min": 28,
					"max": 28,
					"item": "{@item Cape of the Mountebank}"
				},
				{
					"min": 29,
					"max": 29,
					"item": "{@item Censer of Controlling Air Elementals}"
				},
				{
					"min": 30,
					"max": 30,
					"item": "{@item +1 chain mail}"
				},
				{
					"min": 31,
					"max": 31,
					"item": "Chain Mail of Resistance",
					"choose": {
						"fromItems": [
							"Chain Mail of Acid Resistance",
							"Chain Mail of Cold Resistance",
							"Chain Mail of Fire Resistance",
							"Chain Mail of Force Resistance",
							"Chain Mail of Lightning Resistance",
							"Chain Mail of Necrotic Resistance",
							"Chain Mail of Poison Resistance",
							"Chain Mail of Psychic Resistance",
							"Chain Mail of Radiant Resistance",
							"Chain Mail of Thunder Resistance"
						]
					}
				},
				{
					"min": 32,
					"max": 32,
					"item": "{@item +1 chain shirt}"
				},
				{
					"min": 33,
					"max": 33,
					"item": "Chain Shirt of Resistance",
					"choose": {
						"fromItems": [
							"Chain Shirt of Acid Resistance",
							"Chain Shirt of Cold Resistance",
							"Chain Shirt of Fire Resistance",
							"Chain Shirt of Force Resistance",
							"Chain Shirt of Lightning Resistance",
							"Chain Shirt of Necrotic Resistance",
							"Chain Shirt of Poison Resistance",
							"Chain Shirt of Psychic Resistance",
							"Chain Shirt of Radiant Resistance",
							"Chain Shirt of Thunder Resistance"
						]
					}
				},
				{
					"min": 34,
					"max": 34,
					"item": "{@item Cloak of Displacement}"
				},
				{
					"min": 35,
					"max": 35,
					"item": "{@item Cloak of the Bat}"
				},
				{
					"min": 36,
					"max": 36,
					"item": "{@item Cube of Force}"
				},
				{
					"min": 37,
					"max": 37,
					"item": "{@item Daern's Instant Fortress}"
				},
				{
					"min": 38,
					"max": 38,
					"item": "{@item Dagger of Venom}"
				},
				{
					"min": 39,
					"max": 39,
					"item": "{@item Dimensional Shackles}"
				},
				{
					"min": 40,
					"max": 40,
					"choose": {
						"fromGeneric": [
							"Dragon Slayer"
						]
					}
				},
				{
					"min": 41,
					"max": 41,
					"item": "{@item Elven Chain}"
				},
				{
					"min": 42,
					"max": 42,
					"choose": {
						"fromGeneric": [
							"Flame Tongue"
						]
					}
				},
				{
					"min": 43,
					"max": 43,
					"item": "{@item Gem of Seeing}"
				},
				{
					"min": 44,
					"max": 44,
					"choose": {
						"fromGeneric": [
							"Giant Slayer"
						]
					}
				},
				{
					"min": 45,
					"max": 45,
					"item": "{@item Glamoured Studded Leather}"
				},
				{
					"min": 46,
					"max": 46,
					"item": "{@item Helm of Teleportation}"
				},
				{
					"min": 47,
					"max": 47,
					"item": "{@item Horn of Blasting}"
				},
				{
					"min": 48,
					"max": 48,
					"item": "Horn of Valhalla ({@item Horn of Valhalla, Silver||silver} or {@item Horn of Valhalla, Brass||brass})"
				},
				{
					"min": 49,
					"max": 49,
					"item": "{@item Instrument of the Bards, Canaith Mandolin}"
				},
				{
					"min": 50,
					"max": 50,
					"item": "{@item Instrument of the Bards, Cli Lyre}"
				},
				{
					"min": 51,
					"max": 51,
					"item": "{@item Ioun Stone, Awareness}"
				},
				{
					"min": 52,
					"max": 52,
					"item": "{@item Ioun Stone, Protection}"
				},
				{
					"min": 53,
					"max": 53,
					"item": "{@item Ioun Stone, Reserve}"
				},
				{
					"min": 54,
					"max": 54,
					"item": "{@item Ioun Stone, Sustenance}"
				},
				{
					"min": 55,
					"max": 55,
					"item": "{@item Iron Bands of Bilarro}"
				},
				{
					"min": 56,
					"max": 56,
					"item": "{@item +1 leather armor}"
				},
				{
					"min": 57,
					"max": 57,
					"item": "Leather Armor of Resistance",
					"choose": {
						"fromItems": [
							"Leather Armor of Acid Resistance",
							"Leather Armor of Cold Resistance",
							"Leather Armor of Fire Resistance",
							"Leather Armor of Force Resistance",
							"Leather Armor of Lightning Resistance",
							"Leather Armor of Necrotic Resistance",
							"Leather Armor of Poison Resistance",
							"Leather Armor of Psychic Resistance",
							"Leather Armor of Radiant Resistance",
							"Leather Armor of Thunder Resistance"
						]
					}
				},
				{
					"min": 58,
					"max": 58,
					"item": "{@item Mace of Disruption}"
				},
				{
					"min": 59,
					"max": 59,
					"item": "{@item Mace of Smiting}"
				},
				{
					"min": 60,
					"max": 60,
					"item": "{@item Mace of Terror}"
				},
				{
					"min": 61,
					"max": 61,
					"item": "{@item Mantle of Spell Resistance}"
				},
				{
					"min": 62,
					"max": 62,
					"item": "{@item Necklace of Prayer Beads}"
				},
				{
					"min": 63,
					"max": 63,
					"item": "{@item Periapt of Proof against Poison}"
				},
				{
					"min": 64,
					"max": 64,
					"item": "{@item Ring of Animal Influence}"
				},
				{
					"min": 65,
					"max": 65,
					"item": "{@item Ring of Evasion}"
				},
				{
					"min": 66,
					"max": 66,
					"item": "{@item Ring of Feather Falling}"
				},
				{
					"min": 67,
					"max": 67,
					"item": "{@item Ring of Free Action}"
				},
				{
					"min": 68,
					"max": 68,
					"item": "{@item Ring of Protection}"
				},
				{
					"min": 69,
					"max": 69,
					"choose": {
						"fromGeneric": [
							"Ring of Resistance"
						]
					}
				},
				{
					"min": 70,
					"max": 70,
					"item": "{@item Ring of Spell Storing}"
				},
				{
					"min": 71,
					"max": 71,
					"item": "{@item Ring of the Ram}"
				},
				{
					"min": 72,
					"max": 72,
					"item": "{@item Ring of X-ray Vision}"
				},
				{
					"min": 73,
					"max": 73,
					"item": "{@item Robe of Eyes}"
				},
				{
					"min": 74,
					"max": 74,
					"item": "{@item Rod of Rulership}"
				},
				{
					"min": 75,
					"max": 75,
					"item": "{@item +2 rod of the pact keeper}"
				},
				{
					"min": 76,
					"max": 76,
					"item": "{@item Rope of Entanglement}"
				},
				{
					"min": 77,
					"max": 77,
					"item": "{@item +1 scale mail}"
				},
				{
					"min": 78,
					"max": 78,
					"item": "Scale Mail of Resistance",
					"choose": {
						"fromItems": [
							"Scale Mail of Acid Resistance",
							"Scale Mail of Cold Resistance",
							"Scale Mail of Fire Resistance",
							"Scale Mail of Force Resistance",
							"Scale Mail of Lightning Resistance",
							"Scale Mail of Necrotic Resistance",
							"Scale Mail of Poison Resistance",
							"Scale Mail of Psychic Resistance",
							"Scale Mail of Radiant Resistance",
							"Scale Mail of Thunder Resistance"
						]
					}
				},
				{
					"min": 79,
					"max": 79,
					"item": "{@item +2 shield}"
				},
				{
					"min": 80,
					"max": 80,
					"item": "{@item Shield of Missile Attraction}"
				},
				{
					"min": 81,
					"max": 81,
					"item": "{@item Staff of Charming}"
				},
				{
					"min": 82,
					"max": 82,
					"item": "{@item Staff of Healing}"
				},
				{
					"min": 83,
					"max": 83,
					"item": "{@item Staff of Swarming Insects}"
				},
				{
					"min": 84,
					"max": 84,
					"item": "{@item Staff of the Woodlands}"
				},
				{
					"min": 85,
					"max": 85,
					"item": "{@item Staff of Withering}"
				},
				{
					"min": 86,
					"max": 86,
					"item": "{@item Stone of Controlling Earth Elementals}"
				},
				{
					"min": 87,
					"max": 87,
					"item": "{@item Sun Blade}"
				},
				{
					"min": 88,
					"max": 88,
					"choose": {
						"fromGeneric": [
							"Sword of Life Stealing"
						]
					}
				},
				{
					"min": 89,
					"max": 89,
					"choose": {
						"fromGeneric": [
							"Sword of Wounding"
						]
					}
				},
				{
					"min": 90,
					"max": 90,
					"item": "{@item Tentacle Rod}"
				},
				{
					"min": 91,
					"max": 91,
					"choose": {
						"fromGeneric": [
							"Vicious Weapon"
						]
					}
				},
				{
					"min": 92,
					"max": 92,
					"item": "{@item Wand of Binding}"
				},
				{
					"min": 93,
					"max": 93,
					"item": "{@item Wand of Enemy Detection}"
				},
				{
					"min": 94,
					"max": 94,
					"item": "{@item Wand of Fear}"
				},
				{
					"min": 95,
					"max": 95,
					"item": "{@item Wand of Fireballs}"
				},
				{
					"min": 96,
					"max": 96,
					"item": "{@item Wand of Lightning Bolts}"
				},
				{
					"min": 97,
					"max": 97,
					"item": "{@item Wand of Paralysis}"
				},
				{
					"min": 98,
					"max": 98,
					"item": "{@item +2 wand of the war mage}"
				},
				{
					"min": 99,
					"max": 99,
					"item": "{@item Wand of Wonder}"
				},
				{
					"min": 100,
					"max": 100,
					"item": "{@item Wings of Flying}"
				}
			]
		},
		{
			"name": "Magic Item Table H",
			"source": "DMG",
			"page": 148,
			"type": "H",
			"table": [
				{
					"min": 1,
					"max": 10,
					"choose": {
						"fromGeneric": [
							"+3 Weapon"
						]
					}
				},
				{
					"min": 11,
					"max": 12,
					"item": "{@item Amulet of the Planes}"
				},
				{
					"min": 13,
					"max": 14,
					"choose": {
						"fromGroup": [
							"Carpet of Flying"
						]
					}
				},
				{
					"min": 15,
					"max": 16,
					"item": "{@item Crystal Ball}"
				},
				{
					"min": 17,
					"max": 18,
					"item": "{@item Ring of Regeneration}"
				},
				{
					"min": 19,
					"max": 20,
					"item": "{@item Ring of Shooting Stars}"
				},
				{
					"min": 21,
					"max": 22,
					"item": "{@item Ring of Telekinesis}"
				},
				{
					"min": 23,
					"max": 24,
					"item": "{@item Robe of Scintillating Colors}"
				},
				{
					"min": 25,
					"max": 26,
					"item": "{@item Robe of Stars}"
				},
				{
					"min": 27,
					"max": 28,
					"item": "{@item Rod of Absorption}"
				},
				{
					"min": 29,
					"max": 30,
					"item": "{@item Rod of Alertness}"
				},
				{
					"min": 31,
					"max": 32,
					"item": "{@item Rod of Security}"
				},
				{
					"min": 33,
					"max": 34,
					"item": "{@item +3 rod of the pact keeper}"
				},
				{
					"min": 35,
					"max": 36,
					"item": "{@item Scimitar of Speed}"
				},
				{
					"min": 37,
					"max": 38,
					"item": "{@item +3 shield}"
				},
				{
					"min": 39,
					"max": 40,
					"item": "{@item Staff of Fire}"
				},
				{
					"min": 41,
					"max": 42,
					"item": "{@item Staff of Frost}"
				},
				{
					"min": 43,
					"max": 44,
					"item": "{@item Staff of Power}"
				},
				{
					"min": 45,
					"max": 46,
					"item": "{@item Staff of Striking}"
				},
				{
					"min": 47,
					"max": 48,
					"item": "{@item Staff of Thunder and Lightning}"
				},
				{
					"min": 49,
					"max": 50,
					"choose": {
						"fromGeneric": [
							"Sword of Sharpness"
						]
					}
				},
				{
					"min": 51,
					"max": 52,
					"item": "{@item Wand of Polymorph}"
				},
				{
					"min": 53,
					"max": 54,
					"item": "{@item +3 wand of the war mage}"
				},
				{
					"min": 55,
					"max": 55,
					"item": "{@item Adamantine Half Plate Armor}"
				},
				{
					"min": 56,
					"max": 56,
					"item": "{@item Adamantine Plate Armor}"
				},
				{
					"min": 57,
					"max": 57,
					"item": "{@item Animated Shield}"
				},
				{
					"min": 58,
					"max": 58,
					"item": "{@item Belt of Fire Giant Strength}"
				},
				{
					"min": 59,
					"max": 59,
					"item": "Belt of {@item Belt of Frost Giant Strength||frost} or {@item Belt of Stone Giant Strength||stone} giant strength",
					"choose": {
						"fromItems": [
							"Belt of Frost Giant Strength",
							"Belt of Stone Giant Strength"
						]
					}
				},
				{
					"min": 60,
					"max": 60,
					"item": "{@item +1 breastplate}"
				},
				{
					"min": 61,
					"max": 61,
					"item": "Breastplate of Resistance",
					"choose": {
						"fromItems": [
							"Breastplate of Acid Resistance",
							"Breastplate of Cold Resistance",
							"Breastplate of Fire Resistance",
							"Breastplate of Force Resistance",
							"Breastplate of Lightning Resistance",
							"Breastplate of Necrotic Resistance",
							"Breastplate of Poison Resistance",
							"Breastplate of Psychic Resistance",
							"Breastplate of Radiant Resistance",
							"Breastplate of Thunder Resistance"
						]
					}
				},
				{
					"min": 62,
					"max": 62,
					"item": "{@item Candle of Invocation}"
				},
				{
					"min": 63,
					"max": 63,
					"item": "{@item +2 chain mail}"
				},
				{
					"min": 64,
					"max": 64,
					"item": "{@item +2 chain shirt}"
				},
				{
					"min": 65,
					"max": 65,
					"item": "{@item Cloak of Arachnida}"
				},
				{
					"min": 66,
					"max": 66,
					"choose": {
						"fromGeneric": [
							"Dancing Sword"
						]
					}
				},
				{
					"min": 67,
					"max": 67,
					"item": "{@item Demon Armor}"
				},
				{
					"min": 68,
					"max": 68,
					"choose": {
						"fromGroup": [
							"Dragon Scale Mail"
						]
					}
				},
				{
					"min": 69,
					"max": 69,
					"item": "{@item Dwarven Plate}"
				},
				{
					"min": 70,
					"max": 70,
					"item": "{@item Dwarven Thrower}"
				},
				{
					"min": 71,
					"max": 71,
					"item": "{@item Efreeti Bottle}"
				},
				{
					"min": 72,
					"max": 72,
					"item": "{@item Figurine of Wondrous Power, Obsidian Steed}"
				},
				{
					"min": 73,
					"max": 73,
					"item": "{@item Frost Brand}",
					"choose": {
						"fromGeneric": [
							"Frost Brand"
						]
					}
				},
				{
					"min": 74,
					"max": 74,
					"item": "{@item Helm of Brilliance}"
				},
				{
					"min": 75,
					"max": 75,
					"item": "{@item Horn of Valhalla, Bronze}"
				},
				{
					"min": 76,
					"max": 76,
					"item": "{@item Instrument of the Bards, Anstruth Harp}"
				},
				{
					"min": 77,
					"max": 77,
					"item": "{@item Ioun Stone, Absorption},"
				},
				{
					"min": 78,
					"max": 78,
					"item": "{@item Ioun Stone, Agility},"
				},
				{
					"min": 79,
					"max": 79,
					"item": "{@item Ioun Stone, Fortitude},"
				},
				{
					"min": 80,
					"max": 80,
					"item": "{@item Ioun Stone, Insight}"
				},
				{
					"min": 81,
					"max": 81,
					"item": "{@item Ioun Stone, Intellect}"
				},
				{
					"min": 82,
					"max": 82,
					"item": "{@item Ioun Stone, Leadership}"
				},
				{
					"min": 83,
					"max": 83,
					"item": "{@item Ioun Stone, Strength}"
				},
				{
					"min": 84,
					"max": 84,
					"item": "{@item +2 leather armor}"
				},
				{
					"min": 85,
					"max": 85,
					"item": "{@item Manual of Bodily Health}"
				},
				{
					"min": 86,
					"max": 86,
					"item": "{@item Manual of Gainful Exercise}"
				},
				{
					"min": 87,
					"max": 87,
					"choose": {
						"fromGroup": [
							"Manual of Golems"
						]
					}
				},
				{
					"min": 88,
					"max": 88,
					"item": "{@item Manual of Quickness of Action}"
				},
				{
					"min": 89,
					"max": 89,
					"item": "{@item Mirror of Life Trapping}"
				},
				{
					"min": 90,
					"max": 90,
					"item": "{@item Nine Lives Stealer}"
				},
				{
					"min": 91,
					"max": 91,
					"item": "{@item Oathbow}"
				},
				{
					"min": 92,
					"max": 92,
					"item": "{@item +2 scale mail}"
				},
				{
					"min": 93,
					"max": 93,
					"item": "{@item Spellguard Shield}"
				},
				{
					"min": 94,
					"max": 94,
					"item": "{@item +1 splint armor}"
				},
				{
					"min": 95,
					"max": 95,
					"item": "Splint Armor of Resistance",
					"choose": {
						"fromItems": [
							"Splint Armor of Acid Resistance",
							"Splint Armor of Cold Resistance",
							"Splint Armor of Fire Resistance",
							"Splint Armor of Force Resistance",
							"Splint Armor of Lightning Resistance",
							"Splint Armor of Necrotic Resistance",
							"Splint Armor of Poison Resistance",
							"Splint Armor of Psychic Resistance",
							"Splint Armor of Radiant Resistance",
							"Splint Armor of Thunder Resistance"
						]
					}
				},
				{
					"min": 96,
					"max": 96,
					"item": "{@item +1 studded leather armor}"
				},
				{
					"min": 97,
					"max": 97,
					"item": "Studded Leather Armor of Resistance",
					"choose": {
						"fromItems": [
							"Studded Leather Armor of Acid Resistance",
							"Studded Leather Armor of Cold Resistance",
							"Studded Leather Armor of Fire Resistance",
							"Studded Leather Armor of Force Resistance",
							"Studded Leather Armor of Lightning Resistance",
							"Studded Leather Armor of Necrotic Resistance",
							"Studded Leather Armor of Poison Resistance",
							"Studded Leather Armor of Psychic Resistance",
							"Studded Leather Armor of Radiant Resistance",
							"Studded Leather Armor of Thunder Resistance"
						]
					}
				},
				{
					"min": 98,
					"max": 98,
					"item": "{@item Tome of Clear Thought}"
				},
				{
					"min": 99,
					"max": 99,
					"item": "{@item Tome of Leadership and Influence}"
				},
				{
					"min": 100,
					"max": 100,
					"item": "{@item Tome of Understanding}"
				}
			]
		},
		{
			"name": "Magic Item Table I",
			"source": "DMG",
			"page": 149,
			"type": "I",
			"table": [
				{
					"min": 1,
					"max": 5,
					"choose": {
						"fromGeneric": [
							"Defender"
						]
					}
				},
				{
					"min": 6,
					"max": 10,
					"item": "{@item Hammer of Thunderbolts}"
				},
				{
					"min": 11,
					"max": 15,
					"choose": {
						"fromGeneric": [
							"Luck Blade"
						]
					}
				},
				{
					"min": 16,
					"max": 20,
					"choose": {
						"fromGroup": [
							"Sword of Answering"
						]
					}
				},
				{
					"min": 21,
					"max": 23,
					"choose": {
						"fromGeneric": [
							"Holy Avenger"
						]
					}
				},
				{
					"min": 24,
					"max": 26,
					"item": "{@item Ring of Djinni Summoning}"
				},
				{
					"min": 27,
					"max": 29,
					"item": "{@item Ring of Invisibility}"
				},
				{
					"min": 30,
					"max": 32,
					"item": "{@item Ring of Spell Turning}"
				},
				{
					"min": 33,
					"max": 35,
					"item": "{@item Rod of Lordly Might}"
				},
				{
					"min": 36,
					"max": 38,
					"item": "{@item Staff of the Magi}"
				},
				{
					"min": 39,
					"max": 41,
					"item": "{@item Vorpal sword}"
				},
				{
					"min": 42,
					"max": 43,
					"item": "{@item Belt of Cloud Giant Strength}"
				},
				{
					"min": 44,
					"max": 45,
					"item": "{@item +2 breastplate}"
				},
				{
					"min": 46,
					"max": 47,
					"item": "{@item +3 chain mail}"
				},
				{
					"min": 48,
					"max": 49,
					"item": "{@item +3 chain shirt}"
				},
				{
					"min": 50,
					"max": 51,
					"item": "{@item Cloak of Invisibility}"
				},
				{
					"min": 52,
					"max": 53,
					"item": "Crystal Ball (legendary version)",
					"choose": {
						"fromItems": [
							"Crystal Ball of Mind Reading",
							"Crystal Ball of Telepathy",
							"Crystal Ball of True Seeing"
						]
					}
				},
				{
					"min": 54,
					"max": 55,
					"item": "{@item +1 half plate armor}"
				},
				{
					"min": 56,
					"max": 57,
					"item": "{@item Iron Flask}"
				},
				{
					"min": 58,
					"max": 59,
					"item": "{@item +3 leather armor}"
				},
				{
					"min": 60,
					"max": 61,
					"item": "{@item +1 plate armor}"
				},
				{
					"min": 62,
					"max": 63,
					"item": "{@item Robe of the Archmagi}"
				},
				{
					"min": 64,
					"max": 65,
					"item": "{@item Rod of Resurrection}"
				},
				{
					"min": 66,
					"max": 67,
					"item": "{@item +1 scale mail}"
				},
				{
					"min": 68,
					"max": 69,
					"item": "{@item Scarab of Protection}"
				},
				{
					"min": 70,
					"max": 71,
					"item": "{@item +2 splint armor}"
				},
				{
					"min": 72,
					"max": 73,
					"item": "{@item +2 studded leather armor}"
				},
				{
					"min": 74,
					"max": 75,
					"item": "{@item Well of Many Worlds}"
				},
				{
					"min": 76,
					"max": 76,
					"item": "Magic armor",
					"table": [
						{
							"min": 1,
							"max": 2,
							"item": "{@item +2 half plate armor}"
						},
						{
							"min": 3,
							"max": 4,
							"item": "{@item +2 plate armor}"
						},
						{
							"min": 5,
							"max": 6,
							"item": "{@item +3 studded leather armor}"
						},
						{
							"min": 7,
							"max": 8,
							"item": "{@item +3 breastplate}"
						},
						{
							"min": 9,
							"max": 10,
							"item": "{@item +3 splint armor}"
						},
						{
							"min": 11,
							"max": 11,
							"item": "{@item +3 half plate armor}"
						},
						{
							"min": 12,
							"max": 12,
							"item": "{@item +3 plate armor}"
						}
					]
				},
				{
					"min": 77,
					"max": 77,
					"item": "{@item Apparatus of Kwalish}"
				},
				{
					"min": 78,
					"max": 78,
					"item": "{@item Armor of Invulnerability}"
				},
				{
					"min": 79,
					"max": 79,
					"item": "{@item Belt of Storm Giant Strength}"
				},
				{
					"min": 80,
					"max": 80,
					"item": "{@item Cubic Gate}"
				},
				{
					"min": 81,
					"max": 81,
					"item": "{@item Deck of Many Things}"
				},
				{
					"min": 82,
					"max": 82,
					"item": "{@item Efreeti Chain}"
				},
				{
					"min": 83,
					"max": 83,
					"item": "Half Plate Armor of Resistance",
					"choose": {
						"fromItems": [
							"Half Plate Armor of Acid Resistance",
							"Half Plate Armor of Cold Resistance",
							"Half Plate Armor of Fire Resistance",
							"Half Plate Armor of Force Resistance",
							"Half Plate Armor of Lightning Resistance",
							"Half Plate Armor of Necrotic Resistance",
							"Half Plate Armor of Poison Resistance",
							"Half Plate Armor of Psychic Resistance",
							"Half Plate Armor of Radiant Resistance",
							"Half Plate Armor of Thunder Resistance"
						]
					}
				},
				{
					"min": 84,
					"max": 84,
					"item": "{@item Horn of Valhalla, Iron}"
				},
				{
					"min": 85,
					"max": 85,
					"item": "{@item Instrument of the Bards, Ollamh Harp}"
				},
				{
					"min": 86,
					"max": 86,
					"item": "{@item Ioun Stone, Greater Absorption}"
				},
				{
					"min": 87,
					"max": 87,
					"item": "{@item Ioun Stone, Mastery}"
				},
				{
					"min": 88,
					"max": 88,
					"item": "{@item Ioun Stone, Regeneration}"
				},
				{
					"min": 89,
					"max": 89,
					"item": "{@item Plate armor of etherealness}"
				},
				{
					"min": 90,
					"max": 90,
					"item": "Plate Armor of Resistance",
					"choose": {
						"fromItems": [
							"Plate Armor of Acid Resistance",
							"Plate Armor of Cold Resistance",
							"Plate Armor of Fire Resistance",
							"Plate Armor of Force Resistance",
							"Plate Armor of Lightning Resistance",
							"Plate Armor of Necrotic Resistance",
							"Plate Armor of Poison Resistance",
							"Plate Armor of Psychic Resistance",
							"Plate Armor of Radiant Resistance",
							"Plate Armor of Thunder Resistance"
						]
					}
				},
				{
					"min": 91,
					"max": 91,
					"item": "{@item Ring of Air Elemental Command}"
				},
				{
					"min": 92,
					"max": 92,
					"item": "{@item Ring of Earth Elemental Command}"
				},
				{
					"min": 93,
					"max": 93,
					"item": "{@item Ring of Fire Elemental Command}"
				},
				{
					"min": 94,
					"max": 94,
					"item": "{@item Ring of Three Wishes}"
				},
				{
					"min": 95,
					"max": 95,
					"item": "{@item Ring of Water Elemental Command}"
				},
				{
					"min": 96,
					"max": 96,
					"item": "{@item Sphere of Annihilation}"
				},
				{
					"min": 97,
					"max": 97,
					"item": "{@item Talisman of Pure Good}"
				},
				{
					"min": 98,
					"max": 98,
					"item": "{@item Talisman of the Sphere}"
				},
				{
					"min": 99,
					"max": 99,
					"item": "{@item Talisman of Ultimate Evil}"
				},
				{
					"min": 100,
					"max": 100,
					"item": "{@item Tome of the Stilled Tongue}"
				}
			]
		}
	],
	"dragonMundaneItems": [
		{
			"min": 1,
			"max": 4,
			"item": "A painting by an artist long forgotten by everyone except the dragon"
		},
		{
			"min": 5,
			"max": 8,
			"item": "A hogshead (large cask) containing 65 gallons of clean drinking water"
		},
		{
			"min": 9,
			"max": 12,
			"item": "Several embroidered throw pillows depicting wyrmling dragons"
		},
		{
			"min": 13,
			"max": 16,
			"item": "A funerary urn containing remains the dragon can't identify"
		},
		{
			"min": 17,
			"max": 20,
			"item": "A set of seven candlesticks bearing a god's holy symbol"
		},
		{
			"min": 21,
			"max": 24,
			"item": "A tarnished brazier with pleasant-smelling ash"
		},
		{
			"min": 25,
			"max": 28,
			"item": "A drum for use in religious rites, with a foreboding echo to its beat"
		},
		{
			"min": 29,
			"max": 32,
			"item": "A stuffed Monstrosity appropriate to the local terrain"
		},
		{
			"min": 33,
			"max": 36,
			"item": "The skull of a Fiend or Celestial"
		},
		{
			"min": 37,
			"max": 40,
			"item": "A spinning wheel"
		},
		{
			"min": 41,
			"max": 44,
			"item": "An hourglass filled with sparkling sand"
		},
		{
			"min": 45,
			"max": 48,
			"item": "A crude flute with a pleasing sound"
		},
		{
			"min": 49,
			"max": 52,
			"item": "Hundreds or thousands of fake coins interspersed with the real treasure"
		},
		{
			"min": 53,
			"max": 56,
			"item": "A treatise on alchemy etched on steel cylinders"
		},
		{
			"min": 57,
			"max": 60,
			"item": "The battle standard of one of the dragon's ancient foes"
		},
		{
			"min": 61,
			"max": 64,
			"item": "A sketchbook from another world of the Material Plane, depicting unfamiliar creatures and one very familiar dragon"
		},
		{
			"min": 65,
			"max": 68,
			"item": "A set of irregular polyhedral dice (with 9, 13, 25, and 34 sides)"
		},
		{
			"min": 69,
			"max": 72,
			"item": "A map showing the dragon's lair in relation to villages and other long-gone landmarks"
		},
		{
			"min": 73,
			"max": 76,
			"item": "A kneeling bench, which anyone addressing the dragon is required to use"
		},
		{
			"min": 77,
			"max": 80,
			"item": "A scroll containing a long epic poem in praise of the dragon"
		},
		{
			"min": 81,
			"max": 84,
			"item": "A star chart showing Bahamut and a one-headed Tiamat as constellations, with \"Elegy for the First World\" written between the stars"
		},
		{
			"min": 85,
			"max": 88,
			"item": "A large, noisy wind chime"
		},
		{
			"min": 89,
			"max": 92,
			"item": "A small shrine with a statuette, a brazier, and an altar dedicated to a god worshiped by many of the dragon's minions"
		},
		{
			"min": 93,
			"max": 96,
			"item": "A jar with a dead illithid tadpole floating in preserving chemicals"
		},
		{
			"min": 97,
			"max": 100,
			"item": "An extensive historical record in the form of carefully knotted strings"
		}
	]
}
