{
	"reward": [
		{
			"name": "Azorius Charm",
			"source": "GGR",
			"page": 173,
			"type": "Charm",
			"entries": [
				"When you activate this charm, you can cast the {@spell hold person} (3rd-level version), {@spell command}, or {@spell counterspell} spell. The charm vanishes after you activate it."
			]
		},
		{
			"name": "Blessing of Health",
			"source": "DMG",
			"page": 228,
			"type": "Blessing",
			"entries": [
				"Your Constitution score increases by 2, up to a maximum of 22."
			]
		},
		{
			"name": "Blessing of Magic Resistance",
			"source": "DMG",
			"page": 228,
			"type": "Blessing",
			"entries": [
				"You have advantage on saving throws against spells and other magical effects."
			]
		},
		{
			"name": "Blessing of Protection",
			"source": "DMG",
			"page": 228,
			"type": "Blessing",
			"entries": [
				"You gain a +1 bonus to AC and saving throws."
			]
		},
		{
			"name": "Blessing of Understanding",
			"source": "DMG",
			"page": 228,
			"type": "Blessing",
			"entries": [
				"Your Wisdom score increases by 2, up to a maximum of 22."
			]
		},
		{
			"name": "Blessing of Valhalla",
			"source": "DMG",
			"page": 228,
			"type": "Blessing",
			"entries": [
				"This blessing grants you the power to summon spirit warriors, as if you had blown a {@item horn of valhalla, silver||silver horn of Valhalla}. Once you use this blessing, you can't use it again until 7 days have passed."
			]
		},
		{
			"name": "Blessing of Weapon Enhancement",
			"source": "DMG",
			"page": 228,
			"type": "Blessing",
			"entries": [
				"One nonmagical weapon in your possession becomes a +1 weapon whenever you wield it."
			]
		},
		{
			"name": "Blessing of Wound Closure",
			"source": "DMG",
			"page": 228,
			"type": "Blessing",
			"entries": [
				"This blessing grants you the benefits of a {@item periapt of wound closure}."
			]
		},
		{
			"name": "Boon of Combat Prowess",
			"source": "DMG",
			"page": 232,
			"type": "Boon",
			"entries": [
				"When you miss with a melee weapon attack, you can choose to hit instead. Once you use this boon, you can't use it again until you finish a short rest."
			]
		},
		{
			"name": "Boon of Dimensional Travel",
			"source": "DMG",
			"page": 232,
			"type": "Boon",
			"entries": [
				"As an action, you can cast the {@spell misty step} spell, without using a spell slot or any components. Once you do so, you can't use this boon again until you finish a short rest."
			]
		},
		{
			"name": "Boon of Fate",
			"source": "DMG",
			"page": 232,
			"type": "Boon",
			"entries": [
				"When another creature that you can see within 60 feet of you makes an ability check, an attack roll, or a saving throw, you can roll a {@dice d10} and apply the result as a bonus or penalty to the roll. Once you use this boon, you can't use it again until you finish a short rest."
			]
		},
		{
			"name": "Boon of Fortitude",
			"source": "DMG",
			"page": 232,
			"type": "Boon",
			"entries": [
				"Your hit point maximum increases by 40."
			]
		},
		{
			"name": "Boon of High Magic",
			"source": "DMG",
			"page": 232,
			"type": "Boon",
			"entries": [
				"You gain one 9th-level spell slot, provided that you already have one."
			]
		},
		{
			"name": "Boon of Immortality",
			"source": "DMG",
			"page": 232,
			"type": "Boon",
			"entries": [
				"You stop aging. You are immune to any effect that would age you, and you can't die from old age."
			]
		},
		{
			"name": "Boon of Invincibility",
			"source": "DMG",
			"page": 232,
			"type": "Boon",
			"entries": [
				"When you take damage from any source, you can reduce that damage to 0. Once you use this boon, you can't use it again until you finish a short rest."
			]
		},
		{
			"name": "Boon of Irresistible Offense",
			"source": "DMG",
			"page": 232,
			"type": "Boon",
			"entries": [
				"You can bypass the damage resistances of any creature."
			]
		},
		{
			"name": "Boon of Luck",
			"source": "DMG",
			"page": 232,
			"type": "Boon",
			"entries": [
				"You can add a {@dice d10} roll to any ability check, attack roll, or saving throw you make. Once you use this boon, you can't use it again until you finish a short rest. "
			]
		},
		{
			"name": "Boon of Magic Resistance",
			"source": "DMG",
			"page": 232,
			"type": "Boon",
			"entries": [
				"You have advantage on saving throws against spells and other magical effects."
			]
		},
		{
			"name": "Boon of Peerless Aim",
			"source": "DMG",
			"page": 232,
			"type": "Boon",
			"entries": [
				"You can give yourself a +20 bonus to a ranged attack roll you make. Once you use this boon, you can't use it again until you finish a short rest."
			]
		},
		{
			"name": "Boon of Perfect Health",
			"source": "DMG",
			"page": 232,
			"type": "Boon",
			"entries": [
				"You are immune to all diseases and poisons, and you have advantage on Constitution saving throws."
			]
		},
		{
			"name": "Boon of Planar Travel",
			"source": "DMG",
			"page": 232,
			"type": "Boon",
			"entries": [
				"When you gain this boon, choose a plane of existence other than the Material Plane. You can now use an action to cast the {@spell plane shift} spell (no spell slot or components required), targeting yourself only, and travel to the chosen plane, or from that plane back to the Material Plane. Once you use this boon, you can't use it again until you finish a short rest."
			]
		},
		{
			"name": "Boon of Quick Casting",
			"source": "DMG",
			"page": 232,
			"type": "Boon",
			"entries": [
				"Choose one of your spells of 1st through 3rd level that has a casting time of 1 action. That spell's casting time is now 1 bonus action for you."
			]
		},
		{
			"name": "Boon of Recovery",
			"source": "DMG",
			"page": 232,
			"type": "Boon",
			"entries": [
				"You can use a bonus action to regain a number of hit points equal to half your hit point maximum. Once you use this boon, you can't use it again until you finish a long rest."
			]
		},
		{
			"name": "Boon of Resilience",
			"source": "DMG",
			"page": 232,
			"type": "Boon",
			"entries": [
				"You have resistance to bludgeoning, piercing, and slashing damage from nonmagical weapons."
			]
		},
		{
			"name": "Boon of Skill Proficiency",
			"source": "DMG",
			"page": 232,
			"type": "Boon",
			"entries": [
				"You gain proficiency in all skills."
			]
		},
		{
			"name": "Boon of Speed",
			"source": "DMG",
			"page": 232,
			"type": "Boon",
			"entries": [
				"Your walking speed increases by 30 feet. In addition, you can use a bonus action to take the {@action Dash} or {@action Disengage} action. Once you do so, you can't do so again until you finish a short rest."
			]
		},
		{
			"name": "Boon of Spell Mastery",
			"source": "DMG",
			"page": 232,
			"type": "Boon",
			"entries": [
				"Choose one 1st-level sorcerer, warlock, or wizard spell that you can cast. You can now cast that spell at its lowest level without expending a spell slot."
			]
		},
		{
			"name": "Boon of Spell Recall",
			"source": "DMG",
			"page": 232,
			"type": "Boon",
			"entries": [
				"You can cast any spell you know or have prepared without expending a spell slot. Once you do so, you can't use this boon again until you finish a long rest."
			]
		},
		{
			"name": "Boon of the Fire Soul",
			"source": "DMG",
			"page": 232,
			"type": "Boon",
			"entries": [
				"You have immunity to fire damage. You can also cast {@spell burning hands} (save DC 15) at will, without using a spell slot or any components. "
			]
		},
		{
			"name": "Boon of the Night Spirit",
			"source": "DMG",
			"page": 232,
			"type": "Boon",
			"entries": [
				"While completely in an area of dim light or darkness, you can become {@condition invisible} as an action. You remain {@condition invisible} until you take an action or a reaction. "
			]
		},
		{
			"name": "Boon of the Stormborn",
			"source": "DMG",
			"page": 232,
			"type": "Boon",
			"entries": [
				"You have immunity to lightning and thunder damage. You can also cast {@spell thunderwave} (save DC 15) at will, without using a spell slot or any components."
			]
		},
		{
			"name": "Boon of the Unfettered",
			"source": "DMG",
			"page": 232,
			"type": "Boon",
			"entries": [
				"You have advantage on ability checks made to resist being {@condition grappled}. In addition, you can use an action to automatically escape a grapple or free yourself of restraints of any kind. "
			]
		},
		{
			"name": "Boon of Truesight",
			"source": "DMG",
			"page": 232,
			"type": "Boon",
			"entries": [
				"You have {@sense truesight} out to a range of 60 feet."
			]
		},
		{
			"name": "Boon of Undetectability",
			"source": "DMG",
			"page": 232,
			"type": "Boon",
			"entries": [
				"You gain a +10 bonus to Dexterity ({@skill Stealth}) checks, and you can't be detected or targeted by {@filter divination|spells|school=D} magic, including scrying sensors."
			]
		},
		{
			"name": "Boros Charm",
			"source": "GGR",
			"page": 173,
			"type": "Charm",
			"entries": [
				"When you activate this charm, you can cast the {@spell crusader's mantle} or {@spell haste} spell. Alternatively, you can cast the {@spell guiding bolt} spell, and if it hits, you regain a number of hit points equal to the damage it deals. The charm vanishes after you activate it."
			]
		},
		{
			"name": "Charm of Animal Conjuring",
			"source": "DMG",
			"page": 228,
			"type": "Charm",
			"entries": [
				"This charm allows you to cast the {@spell conjure animals} spell (3rd-level version) as an action. Once used three times, the charm vanishes from you."
			]
		},
		{
			"name": "Charm of Biting Cold",
			"source": "IDRotF",
			"page": 283,
			"type": "Charm",
			"entries": [
				"{@note This charm can be bestowed by a {@creature chwinga|ToA} living in Icewind Dale or other cold regions by using their Magical Gift action.}",
				"This charm has 3 charges. As a bonus action, you can expend 1 of the charm's charges to wreathe your weapon attacks with biting cold for 1 minute. Until this effect ends, you deal an extra {@damage 1d6} cold damage when you hit with a melee or ranged weapon attack. Once all its charges have been expended, this charm vanishes from you."
			]
		},
		{
			"name": "Charm of Bounty",
			"source": "IDRotF",
			"page": 283,
			"type": "Charm",
			"entries": [
				"{@note This charm can be bestowed by a {@creature chwinga|ToA} living in Icewind Dale or other cold regions by using their Magical Gift action.}",
				"This charm has 3 charges. As an action, you can expend 1 of the charm's charges to cast the {@spell create food and water} spell, requiring no components. Once all its charges have been expended, this charm vanishes from you."
			]
		},
		{
			"name": "Charm of Cold Resistance",
			"source": "IDRotF",
			"page": 283,
			"type": "Charm",
			"entries": [
				"{@note This charm can be bestowed by a {@creature chwinga|ToA} living in Icewind Dale or other cold regions by using their Magical Gift action.}",
				"This charm allows you to give yourself resistance to cold damage as an action. This benefit lasts for 24 hours, after which the charm vanishes from you."
			]
		},
		{
			"name": "Charm of Darkvision",
			"source": "DMG",
			"page": 228,
			"type": "Charm",
			"entries": [
				"This charm allows you to cast the {@spell darkvision} spell as an action, no components required. Once used three times, the charm goes away."
			]
		},
		{
			"name": "Charm of Feather Falling",
			"source": "DMG",
			"page": 228,
			"type": "Charm",
			"entries": [
				"This charm grants you the benefits of a {@item ring of feather falling}. These benefits last for 10 days, after which the charm vanishes from you."
			]
		},
		{
			"name": "Charm of Heroism",
			"source": "DMG",
			"page": 228,
			"type": "Charm",
			"entries": [
				"This charm allows you to give yourself the benefit of a {@item potion of heroism} as an action. Once you do so, the charm vanishes from you."
			]
		},
		{
			"name": "Charm of Nine Lives",
			"source": "ToA",
			"page": 167,
			"type": "Charm",
			"entries": [
				"When you drop to 0 hit points as a result of taking damage, you can choose to drop to 1 hit point instead. Once used nine times, the charm goes away."
			]
		},
		{
			"name": "Charm of Restoration",
			"source": "DMG",
			"page": 228,
			"type": "Charm",
			"entries": [
				"This charm has 6 charges. You can use an action to expend some of its charges to cast one of the following spells: {@spell greater restoration} (4 charges) or {@spell lesser restoration} (2 charges). Once all its charges have been expended, the charm vanishes from you."
			]
		},
		{
			"name": "Charm of Snowball Strike",
			"source": "IDRotF",
			"page": 283,
			"type": "Charm",
			"entries": [
				"{@note This charm can be bestowed by a {@creature chwinga|ToA} living in Icewind Dale or other cold regions by using their Magical Gift action.}",
				"This charm has 5 charges. As a bonus action, you can expend 1 of the charm's charges to create a magical snowball in your hand and throw it. You must have a hand free to hold the snowball, or the charge is wasted. The snowball is a magic ranged weapon with which you are proficient. It has a normal range of 20 feet and a long range of 60 feet, it deals {@damage 1d4} cold damage on a hit, and it scores a critical hit on a roll of 19 or 20. If you score a critical hit with the snowball, the target is {@condition blinded} until the end of its next turn. The snowball vanishes immediately after you hit or miss with it, or at the end of your turn if you don't throw it. Once all its charges have been expended, this charm vanishes from you."
			]
		},
		{
			"name": "Charm of the Crystal Heart",
			"source": "ToA",
			"page": 167,
			"type": "Charm",
			"entries": [
				"This charm grants you immunity to piercing and slashing damage from nonmagical attacks, but you gain vulnerability to bludgeoning damage. These effects last for 10 days, after which the charm vanishes from you."
			]
		},
		{
			"name": "Charm of the Ghoul",
			"source": "ToA",
			"page": 167,
			"type": "Charm",
			"entries": [
				"This charm allows you to use an action to eat a mouthful of flesh from a humanoid that has been dead no longer than 1 day. When you do, you regain {@dice 3d8 + 3} hit points. Once used three times, the charm goes away."
			]
		},
		{
			"name": "Charm of the Ice Troll",
			"source": "IDRotF",
			"page": 283,
			"type": "Charm",
			"entries": [
				"{@note This charm can be bestowed by a {@creature chwinga|ToA} living in Icewind Dale or other cold regions by using their Magical Gift action.}",
				"This charm allows you to use your reaction when you take cold damage to reduce the damage to 0. You regain a number of hit points equal to half the cold damage you would have taken. Once you do so, the charm vanishes from you."
			]
		},
		{
			"name": "Charm of the Maimed",
			"source": "ToA",
			"page": 167,
			"type": "Charm",
			"entries": [
				"This charm allows you to regrow a lost appendage or organ, such as an arm, a foot, or an eye. After it is used once, the charm goes away."
			]
		},
		{
			"name": "Charm of the Mirage",
			"source": "CM",
			"page": 212,
			"type": "Charm",
			"entries": [
				"{@note This charm can be bestowed by a {@creature chwinga|CM} living a desert by using their Magical Gift action.}",
				"This charm allows you to cast the {@spell hallucinatory terrain} spell (save DC 15) as an action. Once used, this charm vanishes from you."
			]
		},
		{
			"name": "Charm of the Slayer",
			"source": "DMG",
			"page": 228,
			"type": "Charm",
			"entries": [
				"One sword in your possession becomes a {@item dragon slayer} or {@item giant slayer} (DM's choice) for the next 9 days. The charm then vanishes from you and the weapon returns to normal."
			]
		},
		{
			"name": "Charm of the Snow Walker",
			"source": "IDRotF",
			"page": 283,
			"type": "Charm",
			"entries": [
				"{@note This charm can be bestowed by a {@creature chwinga|ToA} living in Icewind Dale or other cold regions by using their Magical Gift action.}",
				"This charm has 3 charges. As an action, you can expend 1 of the charm's charges to gain the following benefits for 24 hours:",
				{
					"type": "list",
					"items": [
						"You and your allies within 15 feet of you ignore difficult terrain caused by snow or ice.",
						"You can see through areas heavily obscured by snow to a distance of 60 feet.",
						"You are immune to the effects of extreme cold, as described in the {@book Dungeon Master's Guide|DMG} (though you gain no protection from cold damage)."
					]
				},
				"Once all its charges have been expended, this charm vanishes from you."
			]
		},
		{
			"name": "Charm of the Storm",
			"source": "DIP",
			"page": 41,
			"type": "Charm",
			"entries": [
				"You become charged with the power of the storm, to the extent that tiny sparks crackle in your eyes. You can cast the {@spell lightning bolt} spell (3rd-level version) as an action. Once used three times, the charm vanishes from you."
			]
		},
		{
			"name": "Charm of the Swollen Hag",
			"source": "ToA",
			"page": 167,
			"type": "Charm",
			"entries": [
				"This charm allows you to spit up a frog as an action. The frog understands you and obeys your commands. Once used three times, the charm goes away."
			]
		},
		{
			"name": "Charm of the Traveler's Haven",
			"source": "IDRotF",
			"page": 283,
			"type": "Charm",
			"entries": [
				"{@note This charm can be bestowed by a {@creature chwinga|ToA} living in Icewind Dale or other cold regions by using their Magical Gift action.}",
				"This charm has 3 charges. As an action, you can expend 1 of the charm's charges to cast the {@spell Leomund's tiny hut} spell, no components required. Once all its charges have been expended, this charm vanishes from you."
			]
		},
		{
			"name": "Charm of the Water Bearer",
			"source": "CM",
			"page": 212,
			"type": "Charm",
			"entries": [
				"{@note This charm can be bestowed by a {@creature chwinga|CM} living a desert by using their Magical Gift action.}",
				"This charm allows you to create up to 1 gallon of fresh water, which fills one or more empty containers in your possession. You can do this up to thrice per day for 10 days, after which this charm vanishes from you."
			]
		},
		{
			"name": "Charm of Treasure Sense",
			"source": "ToA",
			"page": 167,
			"type": "Charm",
			"entries": [
				"While this charm lasts, you can use an action to pinpoint, by scent, the location of precious metals and stones, such as coins and gems, within 30 feet of you. The effect lasts for 3 days, after which the charm vanishes from you."
			]
		},
		{
			"name": "Charm of Vitality",
			"source": "DMG",
			"page": 228,
			"type": "Charm",
			"entries": [
				"This charm allows you to give yourself the benefit of a {@item potion of vitality} as an action. Once you do so, the charm vanishes from you."
			]
		},
		{
			"name": "Clay No-Face's Charm",
			"source": "ToA",
			"page": 179,
			"type": "Charm",
			"entries": [
				"While you have Clay No-Face in your possession, you don't need to eat, drink, or breathe. These benefits last for 30 days while the doll is in your possession, after which the charm vanishes from you.",
				"The doll is a Tiny construct. Destroying the doll causes the child's soul within it to become trapped in {@adventure the Soulmonger|ToA|5|The Soulmonger}.",
				{
					"type": "dataObject",
					"dataObject": {
						"name": "Clay No-Face",
						"isNpc": true,
						"source": "ToA",
						"page": 179,
						"size": "T",
						"objectType": "U",
						"creatureType": "construct",
						"hp": 1,
						"speed": {
							"walk": 10
						},
						"immune": [
							"poison"
						],
						"conditionImmune": [
							"poisoned"
						]
					}
				}
			]
		},
		{
			"name": "Dark Gift of Dahlver-Nar, He of the Many Teeth",
			"source": "CoS",
			"page": 192,
			"type": "Charm",
			"entries": [
				"Dahlver-Nar's gift is the power to live many lives. Upon receiving this dark gift, the beneficiary instantly reincarnates when it dies, as though it was the target of a {@spell reincarnate} spell. The new body appears within 10 feet of the old one. After it has been used three times, the dark gift vanishes.",
				"The beneficiary of this dark gift loses all of its teeth until it reincarnates for the third and final time."
			]
		},
		{
			"name": "Dark Gift of Delban, the Star of Ice and Hate",
			"source": "CoS",
			"page": 193,
			"type": "Charm",
			"entries": [
				"Delban's gift is the power to unleash deadly cold. This dark gift allows its beneficiary to cast the {@spell cone of cold} spell as an action. After it has been used seven times, the dark gift vanishes. Until it vanishes, the beneficiary also gains the benefits of a {@item ring of warmth}.",
				"The beneficiary of this dark gift gains the following flaw: \"Fire terrifies me.\""
			]
		},
		{
			"name": "Dark Gift of Drizlash, the Nine-Eyed Spider",
			"source": "CoS",
			"page": 192,
			"type": "Charm",
			"entries": [
				"Drizlash's gift is the power to walk on walls and ceilings. This dark gift allows its beneficiary to climb difficult surfaces, including upside down on ceilings, without needing to make an ability check.",
				"The beneficiary of this dark gift grows an extra eye somewhere on its body. The eye is blind and ever open."
			]
		},
		{
			"name": "Dark Gift of Fekre, Queen of Poxes",
			"source": "CoS",
			"page": 191,
			"type": "Charm",
			"entries": [
				"Fekre's gift is the power of spreading disease. This dark gift allows its beneficiary to cast the {@spell contagion} spell as an action. After it has been used three times, the dark gift vanishes.",
				"The beneficiary of this dark gift reeks of filth."
			]
		},
		{
			"name": "Dark Gift of Great Taar Haak, the Five-Headed Destroyer",
			"source": "CoS",
			"page": 193,
			"type": "Charm",
			"entries": [
				"Taar Haak's gift is great strength. This dark gift grants its beneficiary the benefit of a {@item belt of fire giant strength}. This benefit lasts for 10 days, after which the dark gift vanishes.",
				"The beneficiary of this dark gift the following flaw: \"I like to bully others and make them feel weak and inferior.\""
			]
		},
		{
			"name": "Dark Gift of Khirad, the Star of Secrets",
			"source": "CoS",
			"page": 193,
			"type": "Charm",
			"entries": [
				"Khirad's gift is the power of divination. This gift allows its beneficiary to cast the {@spell scrying} spell as an action. After it has been used three times, the dark gift vanishes.",
				"The beneficiary's voice becomes a low whisper, and its smile becomes cruel and evil."
			]
		},
		{
			"name": "Dark Gift of Norganas, the Finger of Oblivion",
			"source": "CoS",
			"page": 193,
			"type": "Charm",
			"entries": [
				"Norganas's gift is the power to turn life into undeath. This dark gift allows its beneficiary to cast the {@spell finger of death} spell as an action. After it has been used three times, the dark gift vanishes. When it vanishes, the beneficiary must succeed on a DC 15 Constitution saving throw or drop to 0 hit points.",
				"This dark gift turns the beneficiary's blood pitch black and viscid, like tar."
			]
		},
		{
			"name": "Dark Gift of Savnok the Inscrutible",
			"source": "CoS",
			"page": 192,
			"type": "Charm",
			"entries": [
				"Savnok's gift is the power to shield the mind. This dark gift takes the form of a {@spell mind blank} spell cast on the beneficiary. The spell has an extended duration of 1 year, after which the dark gift vanishes.",
				"The beneficiary's eyes melt away upon receiving this dark gift, leaving empty sockets that can still see."
			]
		},
		{
			"name": "Dark Gift of Seriach, the Hell Hound Whisperer",
			"source": "CoS",
			"page": 193,
			"type": "Charm",
			"entries": [
				"Seriach's gift is the power to summon and control hell hounds. As an action, the beneficiary of this dark gift can summon and control two {@creature hell hound||hell hounds}. Both hounds appear at the same time. The beneficiary can summon hounds only once, and the dark gift vanishes when they die.",
				"The beneficiary gains the ability to speak and understand Infernal, if he or she doesn't already know the language. (The hell hounds understand no other language.) Sulfurous smoke issues from the beneficiary's pores whenever he or she speaks Infernal."
			]
		},
		{
			"name": "Dark Gift of Shami-Amourae, the Lady of Delights",
			"source": "CoS",
			"page": 192,
			"type": "Charm",
			"entries": [
				"Shami-Amourae's gift is the power of persuasion. This dark gift allows its beneficiary to cast the {@spell suggestion} spell as an action, and saving throws against the spell have disadvantage. After it has been used three times, the dark gift vanishes.",
				"The beneficiary of this dark gift gains an extra finger on each hand, as well as the following flaw: \"I can't get enough pleasure. I desire others to create beauty for me at all times.\""
			]
		},
		{
			"name": "Dark Gift of Sykane, the Soul Hungerer",
			"source": "CoS",
			"page": 192,
			"type": "Charm",
			"entries": [
				"Sykane's gift is the power to raise the recently deceased. This dark gift allows its beneficiary to cast the {@spell raise dead} spell as an action. After it has been used three times, the dark gift vanishes.",
				"As soon as this dark gift is received, the beneficiary's eyes glow a sickly yellow until the dark gift vanishes. The beneficiary also gains the following flaw: \"If I help someone, I expect payment in return.\""
			]
		},
		{
			"name": "Dark Gift of Tarakamedes, the Grave Wyrm",
			"source": "CoS",
			"page": 192,
			"type": "Charm",
			"entries": [
				"Tarakamedes's gift is the power of flight. The beneficiary of this dark gift grows skeletal wings and gains a flying speed of 50 feet.",
				"The beneficiary of this dark gift must eat bones or grave dirt to survive. At dawn, if the creature has not eaten at least 1 pound of bones or grave dirt in the past 24 hours, it dies."
			]
		},
		{
			"name": "Dark Gift of Vaund the Evasive",
			"source": "CoS",
			"page": 193,
			"type": "Charm",
			"entries": [
				"Vaund's gift is the power of evasion. This dark gift grants its beneficiary the benefits of an {@item amulet of proof against detection and location} and a {@item ring of evasion}. These benefits last for 10 days, after which the dark gift vanishes.",
				"The beneficiary of this dark gift becomes twitchy and nervous, and also gains the following flaw: \"I can't give a straight answer to any question put to me.\""
			]
		},
		{
			"name": "Dark Gift of Yog the Invincible",
			"source": "CoS",
			"page": 193,
			"type": "Charm",
			"entries": [
				"Yog's gift is one of physical resilience. This dark gift increases the beneficiary's hit point maximum by 30. This benefit lasts for 10 days, after which the dark gift vanishes.",
				"Oily black fur covers the beneficiary's face and body."
			]
		},
		{
			"name": "Dark Gift of Yrrga, the Eye of Shadows",
			"source": "CoS",
			"page": 193,
			"type": "Charm",
			"entries": [
				"Yrrga's gift is the power of true seeing. This dark gift grants its beneficiary the benefits of {@sense truesight} out to a range of 60 feet. These benefits last for 30 days, after which the dark gift vanishes.",
				"The eyes of the beneficiary become starry voids until the dark gift vanishes. The beneficiary of this dark gift also gains the following flaw: \"I believe that all life is pointless and look forward to death when it finally comes.\""
			]
		},
		{
			"name": "Dark Gift of Zantras, the Kingmaker",
			"source": "CoS",
			"page": 192,
			"type": "Charm",
			"entries": [
				"Zantras's gift is power that comes from great presence and force of personality. This dark gift increases the beneficiary's Charisma by 4, up to a maximum of 22.",
				"The beneficiary of this dark gift gains the following flaw: \"I won't take no for an answer.\""
			]
		},
		{
			"name": "Dark Gift of Zrin-Hala, the Howling Storm",
			"source": "CoS",
			"page": 192,
			"type": "Charm",
			"entries": [
				"Zrin-Hala's gift is the power to create lightning. This dark gift allows its beneficiary to cast the {@spell lightning bolt} spell as an action. After it has been used three times, the dark gift vanishes.",
				"As soon as this dark gift is received, one side of the beneficiary's face sags and loses all feeling."
			]
		},
		{
			"name": "Dimir Charm",
			"source": "GGR",
			"page": 173,
			"type": "Charm",
			"entries": [
				"When you activate this charm, you can cast the {@spell blink} or {@spell sleep} (3rd-level version) spell. Alternatively, when you take damage, you can use your reaction to turn {@condition invisible} and teleport up to 30 feet to an unoccupied space you can see. You remain {@condition invisible} until the start of your next turn or until you attack or cast a spell. The charm vanishes after you activate it."
			]
		},
		{
			"name": "Draconic Familiar",
			"source": "FTD",
			"type": "Draconic Gift",
			"rarity": "uncommon",
			"entries": [
				"You gain the aid of a draconic familiar, which might be a splinter of the consciousness of a dragon that invested you with power.",
				"You can cast the {@spell find familiar} spell as a ritual without using any material components. When you cast the spell in this way, your familiar always takes the form of a {@creature pseudodragon}.",
				"Additionally, when you take the {@action Attack} action on your turn, you can forgo one of your own attacks to allow your pseudodragon familiar to make one attack of its own with its reaction."
			]
		},
		{
			"name": "Draconic Rebirth",
			"source": "FTD",
			"type": "Draconic Gift",
			"rarity": "uncommon",
			"entries": [
				"You become a dragonborn. You replace the racial traits of your original race with the traits of a chromatic, gem, or metallic dragonborn (detailed in this {@book book|FTD|1|Draconic Races}). The kind of dragonborn you become matches the family of the dragon that is the source of this gift. You can keep any skill proficiencies you gained from your previous race, or you gain proficiency in two skills of your choice."
			]
		},
		{
			"name": "Draconic Senses",
			"source": "FTD",
			"type": "Draconic Gift",
			"rarity": "rare",
			"entries": [
				"You gain keen senses like a dragon's.",
				{
					"type": "entries",
					"name": "Blindsight",
					"entries": [
						"You have {@sense blindsight} to a range of 10 feet. Within that range, you can effectively see anything that isn't behind {@book total cover|PHB|9|Cover}, even if you're {@condition blinded} or in darkness. Moreover, you can see {@condition invisible} creatures within that range, unless the creatures successfully hide from you."
					]
				},
				{
					"type": "entries",
					"name": "Keen Senses",
					"entries": [
						"You have advantage on Wisdom ({@skill Perception}) checks."
					]
				}
			]
		},
		{
			"name": "Echo of Dragonsight",
			"source": "FTD",
			"type": "Draconic Gift",
			"rarity": "very rare",
			"entries": [
				"You have begun to extend your awareness beyond the single world of the Material Plane that is your home.",
				"You can cast {@spell contact other plane} as a ritual. The entity you contact is a dragon on another world in the Material Plane, so its knowledge of your world might be limited. Also, this dragon is an echo of the dragon who is the source of the gift, which might affect its attitude and behavior toward you."
			]
		},
		{
			"name": "Frightful Presence",
			"source": "FTD",
			"type": "Draconic Gift",
			"rarity": "very rare",
			"entries": [
				"Echoes of a dragon's might linger around you, and you can call on them to inspire fear in those who stand against you.",
				"As a bonus action, you can manifest your frightful presence. Each creature of your choice that is within 120 feet of you and aware of you must make a Wisdom saving throw against a DC equal to 8 + your proficiency bonus + your Charisma modifier. A creature that fails becomes {@condition frightened} of you for 1 minute. The creature can repeat the saving throw at the end of each of its turns, ending the effect on itself on a success.",
				"Once you use this ability a number of times equal to your proficiency bonus, you can't use it again until you finish a long rest."
			]
		},
		{
			"name": "Golgari Charm",
			"source": "GGR",
			"page": 173,
			"type": "Charm",
			"entries": [
				"When you activate this charm, you can cast the {@spell dispel magic}, {@spell false life} (3rd-level version), or {@spell stinking cloud} spell. The charm vanishes after you activate it."
			]
		},
		{
			"name": "Gruul Charm",
			"source": "GGR",
			"page": 173,
			"type": "Charm",
			"entries": [
				"When you activate this charm, you can cast the {@spell heroism} or {@spell thunderwave} spell (3rd-level versions). Alternatively, as a reaction when you miss with a weapon attack, you can make another attack against the target you missed. The charm vanishes after you activate it."
			]
		},
		{
			"name": "I'jin",
			"source": "ToA",
			"page": 129,
			"type": "Inhabitation",
			"entries": [
				{
					"type": "list",
					"style": "list-hang-notitle",
					"items": [
						{
							"type": "item",
							"name": "Gender:",
							"entry": "Female"
						},
						{
							"type": "item",
							"name": "Alignment:",
							"entry": "CN"
						},
						{
							"type": "item",
							"name": "Personality:",
							"entry": "Fickle and unpredictable"
						},
						{
							"type": "item",
							"name": "Inherited flaw:",
							"entry": "\"I never stick to a plan.\""
						},
						{
							"type": "item",
							"name": "Enemy:",
							"entry": "Obo'laka"
						},
						{
							"type": "item",
							"name": "Power:",
							"entry": "The host's Dexterity score becomes 23, unless it is already higher."
						}
					]
				}
			]
		},
		{
			"name": "Izzet Charm",
			"source": "GGR",
			"page": 174,
			"type": "Charm",
			"entries": [
				"When you activate this charm, you can cast the {@spell dispel magic} or {@spell lightning bolt} spell. Alternatively, as an action, you can regain one expended spell slot of 3rd level or lower. The charm vanishes after you activate it."
			]
		},
		{
			"name": "Joho's Charm",
			"source": "ToA",
			"page": 179,
			"type": "Charm",
			"entries": [
				"While you have Joho in your possession, it grants you the benefit of a {@item helm of comprehending languages}. This benefit lasts for 7 days while the doll is in your possession, after which the charm vanishes from you.",
				"The doll is a Tiny construct. Destroying the doll causes the child's soul within it to become trapped in {@adventure the Soulmonger|ToA|5|The Soulmonger}.",
				{
					"type": "dataObject",
					"dataObject": {
						"name": "Joho",
						"isNpc": true,
						"source": "ToA",
						"page": 179,
						"size": "T",
						"objectType": "U",
						"creatureType": "construct",
						"hp": 1,
						"speed": {
							"walk": 10
						},
						"immune": [
							"poison"
						],
						"conditionImmune": [
							"poisoned"
						]
					}
				}
			]
		},
		{
			"name": "Kubazan",
			"source": "ToA",
			"page": 129,
			"type": "Inhabitation",
			"entries": [
				{
					"type": "list",
					"style": "list-hang-notitle",
					"items": [
						{
							"type": "item",
							"name": "Gender:",
							"entry": "Male"
						},
						{
							"type": "item",
							"name": "Alignment:",
							"entry": "CG"
						},
						{
							"type": "item",
							"name": "Personality:",
							"entry": "Wild and spirited"
						},
						{
							"type": "item",
							"name": "Inherited flaw:",
							"entry": "\"I am fearless and not afraid to take great risks.\""
						},
						{
							"type": "item",
							"name": "Enemy:",
							"entry": "Papazotl"
						},
						{
							"type": "item",
							"name": "Power:",
							"entry": "The host's Strength score becomes 23, unless it is already higher."
						}
					]
				}
			]
		},
		{
			"name": "Moa",
			"source": "ToA",
			"page": 129,
			"type": "Inhabitation",
			"entries": [
				{
					"type": "list",
					"style": "list-hang-notitle",
					"items": [
						{
							"type": "item",
							"name": "Gender:",
							"entry": "Male"
						},
						{
							"type": "item",
							"name": "Alignment:",
							"entry": "LG"
						},
						{
							"type": "item",
							"name": "Personality:",
							"entry": "Truthful and kind"
						},
						{
							"type": "item",
							"name": "Inherited flaw:",
							"entry": "\"I must always speak the truth.\""
						},
						{
							"type": "item",
							"name": "Enemy:",
							"entry": "Wongo"
						},
						{
							"type": "item",
							"name": "Power:",
							"entry": "The host can use an action to turn {@condition invisible}. Anything the host is wearing or carrying is {@condition invisible} as long as it is on the host's person. The effect ends if the host attacks, casts a spell, forces a saving throw, or deals damage."
						}
					]
				}
			]
		},
		{
			"name": "Nangnang",
			"source": "ToA",
			"page": 129,
			"type": "Inhabitation",
			"entries": [
				{
					"type": "list",
					"style": "list-hang-notitle",
					"items": [
						{
							"type": "item",
							"name": "Gender:",
							"entry": "Female"
						},
						{
							"type": "item",
							"name": "Alignment:",
							"entry": "NE"
						},
						{
							"type": "item",
							"name": "Personality:",
							"entry": "Selfish and cruel"
						},
						{
							"type": "item",
							"name": "Inherited flaw:",
							"entry": "\"I won't share with others.\""
						},
						{
							"type": "item",
							"name": "Enemy:",
							"entry": "Shagambi"
						},
						{
							"type": "item",
							"name": "Power:",
							"entry": "The host can move up, down, and across vertical surfaces and upside down along ceilings, while leaving its hands free. It gains a climbing speed equal to its walking speed."
						}
					]
				}
			]
		},
		{
			"name": "Obo'laka",
			"source": "ToA",
			"page": 129,
			"type": "Inhabitation",
			"entries": [
				{
					"type": "list",
					"style": "list-hang-notitle",
					"items": [
						{
							"type": "item",
							"name": "Gender:",
							"entry": "Female"
						},
						{
							"type": "item",
							"name": "Alignment:",
							"entry": "LN"
						},
						{
							"type": "item",
							"name": "Personality:",
							"entry": "Nervous and obsessive"
						},
						{
							"type": "item",
							"name": "Inherited flaw:",
							"entry": "\"I am risk-averse and a slave to routine.\""
						},
						{
							"type": "item",
							"name": "Enemy:",
							"entry": "I'jin"
						},
						{
							"type": "item",
							"name": "Power:",
							"entry": "The host can attune to one additional magic item. When Obo'laka leaves the host, all magic items to which the host is attuned are no longer attuned to it."
						}
					]
				}
			]
		},
		{
			"name": "Orzhov Charm",
			"source": "GGR",
			"page": 174,
			"type": "Charm",
			"entries": [
				"When you activate this charm, you can cast the {@spell bestow curse} or {@spell fear} spell. Alternatively, when a creature you can see within 30 feet of you is reduced to 0 hit points, you can use your reaction to have it drop to 1 hit point instead. The charm vanishes after you activate it."
			]
		},
		{
			"name": "Papazotl",
			"source": "ToA",
			"page": 129,
			"type": "Inhabitation",
			"entries": [
				{
					"type": "list",
					"style": "list-hang-notitle",
					"items": [
						{
							"type": "item",
							"name": "Gender:",
							"entry": "Male"
						},
						{
							"type": "item",
							"name": "Alignment:",
							"entry": "LE"
						},
						{
							"type": "item",
							"name": "Personality:",
							"entry": "Shrewd and conniving"
						},
						{
							"type": "item",
							"name": "Inherited flaw:",
							"entry": "\"I bow before no one and expect others to do as I command.\""
						},
						{
							"type": "item",
							"name": "Enemy:",
							"entry": "Kubazan"
						},
						{
							"type": "item",
							"name": "Power:",
							"entry": "The host can't be surprised, gains advantage on all Wisdom checks, and never takes damage from falling."
						}
					]
				}
			]
		},
		{
			"name": "Psionic Reach",
			"source": "FTD",
			"type": "Draconic Gift",
			"rarity": "very rare",
			"entries": [
				"The psionic energy of a gem dragon empowers your mind. You gain resistance to psychic damage.",
				"In addition, you learn the {@spell telekinesis} spell. You can cast this spell without expending a spell slot. Once you cast this spell in this way, you can't do so again until you finish a long rest. You can also cast this spell using spell slots you have of the appropriate level. The spellcasting ability is Intelligence, Wisdom, or Charisma when you cast the spell with this gift (choose when you gain the gift)."
			]
		},
		{
			"name": "Rakdos Charm",
			"source": "GGR",
			"page": 174,
			"type": "Charm",
			"entries": [
				"When you activate this charm, you can cast the {@spell crown of madness}, {@spell hellish rebuke}, or {@spell shatter} spell. The charm vanishes after you activate it."
			]
		},
		{
			"name": "Scaled Toughness",
			"source": "FTD",
			"type": "Draconic Gift",
			"rarity": "legendary",
			"entries": [
				"Your skin toughens, making you resistant to certain types of physical harm. You gain resistance to piercing and slashing damage."
			]
		},
		{
			"name": "Selesnya Charm",
			"source": "GGR",
			"page": 174,
			"type": "Charm",
			"entries": [
				"When you activate this charm, you can cast the {@spell aura of vitality} or {@spell conjure animals} spell. Alternatively, as an action, you can give up to three creatures of your choice within 30 feet of you resistance to bludgeoning, piercing, and slashing damage until the end of your next turn. The charm vanishes after you activate it."
			]
		},
		{
			"name": "Shagambi",
			"source": "ToA",
			"page": 129,
			"type": "Inhabitation",
			"entries": [
				{
					"type": "list",
					"style": "list-hang-notitle",
					"items": [
						{
							"type": "item",
							"name": "Gender:",
							"entry": "Female"
						},
						{
							"type": "item",
							"name": "Alignment:",
							"entry": "NG"
						},
						{
							"type": "item",
							"name": "Personality:",
							"entry": "Wise and virtuous"
						},
						{
							"type": "item",
							"name": "Inherited flaw:",
							"entry": "\"I never show mercy to evildoers.\""
						},
						{
							"type": "item",
							"name": "Enemy:",
							"entry": "Nangnang"
						},
						{
							"type": "item",
							"name": "Power:",
							"entry": "The host can make one extra attack when taking the {@action Attack} action on its turn."
						}
					]
				}
			]
		},
		{
			"name": "Simic Charm",
			"source": "GGR",
			"page": 174,
			"type": "Charm",
			"entries": [
				"When you activate this charm, you can cast the {@spell enhance ability} (3rd-level version), {@spell enlarge/reduce}, or {@spell gaseous form} spell. The charm vanishes after you activate it."
			]
		},
		{
			"name": "Strawbundle's Charm",
			"source": "ToA",
			"page": 179,
			"type": "Charm",
			"entries": [
				"While you have Strawbundle in your possession, this charm allows you to cast the {@spell etherealness} spell as an action, no components required. After it is used three times, the charm vanishes.",
				"The doll is a Tiny construct. Destroying the doll causes the child's soul within it to become trapped in {@adventure the Soulmonger|ToA|5|The Soulmonger}.",
				{
					"type": "dataObject",
					"dataObject": {
						"name": "Strawbundle",
						"isNpc": true,
						"source": "ToA",
						"page": 179,
						"size": "T",
						"objectType": "U",
						"creatureType": "construct",
						"hp": 1,
						"speed": {
							"walk": 10
						},
						"immune": [
							"poison"
						],
						"conditionImmune": [
							"poisoned"
						]
					}
				}
			]
		},
		{
			"name": "The Blessed of Corellon",
			"source": "MTF",
			"page": 45,
			"type": "Other",
			"entries": [
				"Ever changing, mirthful, and beautiful, the primal elves could assume whatever sex they liked. When they bowed to Lolth's influence and chose to fix their physical forms, elves lost the ability to transform in this way. Yet occasionally elves are born who are so androgynous that they are proclaimed to be among the blessed of Corellon\u2014living symbols of the god's love and of the primal elves' original fluid state of being. Many of Corellon's chief priests bear this blessing.",
				"The rarest of these blessed elves can change their sex whenever they finish a long rest-a miracle celebrated by elves of all sorts except drow. (The DM decides whether an elf can manifest this miracle.) Dark elves find this ability to be terrifying and characterize it as a curse, for it could destabilize their entire society. If Corellon's blessing manifests in a drow, that elf usually flees to the surface world to seek shelter among those dedicated to Corellon."
			]
		},
		{
			"name": "Tongue of the Dragon",
			"source": "FTD",
			"type": "Draconic Gift",
			"rarity": "uncommon",
			"entries": [
				"You gain some of the majestic presence of a dragon.",
				{
					"type": "entries",
					"name": "Dragon's Speech",
					"entries": [
						"You can speak, read, and write Draconic."
					]
				},
				{
					"type": "entries",
					"name": "Dragon's Voice",
					"entries": [
						"As a bonus action, you can make your voice audible up to 300 feet away for 1 minute."
					]
				},
				{
					"type": "entries",
					"name": "Dragon's Wiles",
					"entries": [
						"You have advantage on Charisma ({@skill Persuasion}) checks."
					]
				}
			]
		},
		{
			"name": "Unkh",
			"source": "ToA",
			"page": 129,
			"type": "Inhabitation",
			"entries": [
				{
					"type": "list",
					"style": "list-hang-notitle",
					"items": [
						{
							"type": "item",
							"name": "Gender:",
							"entry": "Female"
						},
						{
							"type": "item",
							"name": "Alignment:",
							"entry": "N"
						},
						{
							"type": "item",
							"name": "Personality:",
							"entry": "Self-absorbed and indecisive"
						},
						{
							"type": "item",
							"name": "Inherited flaw:",
							"entry": "\"I am incapable of making decisions.\""
						},
						{
							"type": "item",
							"name": "Enemy:",
							"entry": "None"
						},
						{
							"type": "item",
							"name": "Power:",
							"entry": "The host's Constitution score becomes 23, unless it is already higher."
						}
					]
				}
			]
		},
		{
			"name": "Vlagomir's Spark",
			"source": "IDRotF",
			"page": 228,
			"type": "Charm",
			"entries": [
				"You gain 1 foot of height every hour and become proportionately heavier until you stand 21 feet tall and weigh 7,700 pounds. When you are 9 feet tall, your Strength becomes 19 unless it is already higher. For every 3 additional feet of height you gain, your Strength increases by 1, to a maximum of 23. Armor and clothing you are wearing and weapons you are carrying magically increase in size to match your growth. If you are the recipient of a {@spell greater restoration} spell or similar magic, this charm vanishes from you, and you immediately shrink back to normal size, along with any armor, clothing, and weapons in your possession."
			]
		},
		{
			"name": "Wongo",
			"source": "ToA",
			"page": 129,
			"type": "Inhabitation",
			"entries": [
				{
					"type": "list",
					"style": "list-hang-notitle",
					"items": [
						{
							"type": "item",
							"name": "Gender:",
							"entry": "Male"
						},
						{
							"type": "item",
							"name": "Alignment:",
							"entry": "CE"
						},
						{
							"type": "item",
							"name": "Personality:",
							"entry": "Violent and deranged"
						},
						{
							"type": "item",
							"name": "Inherited flaw:",
							"entry": "\"I act without concern for the well-being of others.\""
						},
						{
							"type": "item",
							"name": "Enemy:",
							"entry": "Moa"
						},
						{
							"type": "item",
							"name": "Power:",
							"entry": "The host can use an action to unleash a psionic assault on a creature it can see within 60 feet of it. The target must succeed on a DC 16 Wisdom saving throw or be {@condition stunned} until the end of the target's next turn."
						}
					]
				}
			]
		},
		{
			"name": "Yuan-Ti Pureblood Transformation",
			"source": "ToA",
			"page": 119,
			"type": "Other",
			"entries": [
				"A human can be transformed into a yuan-ti pureblood. The transformation can be undone only by a {@spell wish} spell or divine intervention. A character who survives it gains a random form of {@table indefinite madness} (see \"{@book Madness|DMG|8|Madness}\" in chapter 8 of the {@i Dungeon Master's Guide}). A human that undergoes and survives the ritual retains its traits and gains the following yuan-ti racial traits.",
				{
					"type": "entries",
					"name": "Darkvision",
					"entries": [
						"You can see in dim light within 60 feet of you as if it were bright light, and in darkness as if it were dim light. You can't discern color in darkness, only shades of gray."
					]
				},
				{
					"type": "entries",
					"name": "Innate Spellcasting",
					"entries": [
						"You know the {@spell poison spray} cantrip. You can cast {@spell animal friendship} an unlimited number of times with this trait, but you can target only snakes with it. Starting at 3rd level, you can also cast {@spell suggestion} with this trait. Once you cast it, you can't do so again until you finish a long rest. Charisma is your spellcasting ability for these spells."
					]
				},
				{
					"type": "entries",
					"name": "Magic Resistance",
					"entries": [
						"You have advantage on saving throws against spells and other magical effects."
					]
				},
				{
					"type": "entries",
					"name": "Poison Immunity",
					"entries": [
						"You are immune to poison damage and the {@condition poisoned} condition."
					]
				}
			]
		}
	]
}
