{
	"data": [
		{
			"type": "section",
			"name": "Feywild Overview",
			"page": 3,
			"entries": [
				{
					"type": "image",
					"href": {
						"type": "internal",
						"path": "book/DoD/001.webp"
					}
				},
				"Domains of Delight are to the Feywild what Domains of Dread are to the Shadowfell: sequestered realms governed by powerful beings. Whereas a Domain of Dread is ruled by a Darklord, a Domain of Delight is ruled by an archfey\u2014the most powerful of Fey creatures. An archfey gives form to their Domain of Delight, shaping it in ways unique to their personality. Some Domains of Delight are bright and cheery, while others are gloomy, but each one reflects the emotional state of its ruler. A Domain of Delight can be as small as a few acres or as big as a country.",
				"This accessory helps you create Domains of Delight and the archfey who rule them, building on the information about the Feywild that appears in the Dungeon Master's Guide. The ideas, tips, and tables in this chapter are meant to spark your imagination. Use what excites and intrigues you, discard what doesn't, and make up the rest!",
				{
					"type": "section",
					"name": "Feywild Features",
					"entries": [
						"The Feywild responds to unfettered emotion. It's not uncommon for flowers to turn and tremble if there's a heated argument nearby. If someone is filled with malice, their footprints might wither the grass under their feet or cause underground insects and worms to burrow to the surface. Birds chirp merrily in the presence of those who are joyous and squawk angrily at those who are perpetually dour. Nosy trees lean in to overhear whispers of conspiracy, eager for delicious tidbits they can gossip about later, and a rock might reshape itself to look like the creature that's happily sunning itself on the rock's surface.",
						"Time and distance in the Feywild are mutable, as is the plane's geography. Roads are uncommon, and those that exist are as likely to change as the land around them. Because the distance between locations is not fixed and dilations in time are commonplace, a journey that took one hour yesterday might take three days tomorrow. Feywild natives are accustomed to the plane's mutability. For them, it's no more peculiar than the sun rising and setting on a Material Plane world.",
						"Other features of the Feywild are described in the sections that follow. Think of them as a sampling of what the Feywild has to offer, for like the Material Plane, the Feywild is vast and diverse.",
						{
							"type": "entries",
							"name": "Seelie and Unseelie Fey",
							"entries": [
								"Seelie Fey and Unseelie Fey are two groups that often find themselves at odds. Seelie Fey cling to the trappings of civilization, value protocol, and uphold traditions. Unseelie Fey indulge their primal instincts, abhor adherence to protocol, and shun conformity. The two groups are not opposites morally or ethically; good and evil Fey can be found in both.",
								"Seelie and Unseelie Fey gather in courts. The Seelie court is called the Summer Court, and the Unseelie court is called the Gloaming Court. Both courts stretch to the far corners of the Feywild, so their representatives can be encountered almost anywhere on this plane of existence. The Summer Court and the Gloaming Court are by no means the only great Fey courts, but they're the most wellknown to creatures on the Material Plane and the most widespread.",
								"How the Summer Court and the Gloaming Court came to be is a mystery. Perhaps some Fey felt a deeper affinity with the natural world and chose to emulate it, while other Fey began to control nature, using magic to invent new ways of living. Whatever the case, innumerable Fey pursued these two paths, which became the two courts, and there have been squabbles between them ever since.",
								"Each court tries to destabilize and demoralize the other. Both Fey courts have spies who dig up dirt, sow seeds of dissent, and cause mischief. Captured spies are either ransomed or made examples of in various humiliating, nonlethal ways.",
								"Much of the gossip and chatter within the Feywild is fueled by the intrigue and drama between the two queens that rule the courts. Titania, the Summer Queen, is the regal and charismatic ruler of the Summer Court. Her court enjoys a tenuous peace with the unearthly ruler of the Gloaming Court, the Queen of Air and Darkness, who allows her kin to dabble in magic forbidden by the Seelie Court.",
								"Conflicts between the Fey courts are often ritualized. Representatives of both courts gather in an amphitheater or field to have heated debates or energetic dance competitions that simulate combat, and these events are often laced with bawdy insults and lewd gestures. Only on rare occasions do things get physical, and even then, the Fey do little more than bite, scratch, and hurl mud at each other.",
								"Every now and then, the two queens lock horns, causing tensions to rise throughout the Feywild. If only one of them can get her way, what would normally be a squabble can turn to bloodshed. But only the Fey queens can declare all-out war against each other, and it would take something extreme to have them abandon their relative peace and hurl their courts into violence and chaos.",
								"The Summer Court and the Gloaming Court have nothing akin to a mutual defense pact, and the very thought of one is greeted by jeers on both sides. If a rising army of fomorians or some other threat endangers one court, it's widely understood that the other court will not intervene unless it, too, is threatened by the same enemy.",
								"If you choose to align your domain and its archfey with one of the two courts, guidelines for how they're differentiated are given below.",
								{
									"type": "image",
									"href": {
										"type": "internal",
										"path": "book/DoD/002.webp"
									},
									"title": "The Queen of Air and Darkness floats above her throne, attended by her quickling spies and satyr spymaster."
								},
								{
									"type": "entries",
									"name": "Summer Court (Seelie Fey)",
									"entries": [
										{
											"type": "list",
											"items": [
												"Favors sunshine, butterflies, flowers, music, and singing birds",
												"Values ceremony and refinement (for example, proper ways of speaking, formal etiquette, and extravagant dinner parties)",
												"Favors elaborate, manufactured costuming with immaculate tailoring",
												"Harshly judges those who don't exhibit the proper etiquette (adventurers who commit social blunders make fools of themselves, might be labeled buffoons, and might be laughed out of court)"
											]
										}
									],
									"page": 4,
									"id": "003"
								},
								{
									"type": "entries",
									"name": "Gloaming Court (Unseelie Fey)",
									"entries": [
										{
											"type": "list",
											"items": [
												"Favors gloom, twilight, cobwebs, fireflies, hooting owls, and croaking frogs",
												"Values the intuitive and instinctual (for example, mystical rituals, visionaries, and firelit parties)",
												"Shuns the constraints of civilization (instead wearing only unfinished natural materials and sleeping under the stars)",
												"Dabbles in mysterious magic and rituals (adventurers can run afoul of curses if they don't follow the Unseelie ways)"
											]
										}
									],
									"page": 4,
									"id": "004"
								}
							],
							"page": 3,
							"id": "002"
						},
						{
							"type": "entries",
							"name": "Spells in the Feywild",
							"entries": [
								"Spells that manifest one way in the Material Plane might do so differently in the Feywild. A {@spell magic missile} spell might take the form of a giggling sprite that materializes next to the caster, fires off a barrage of tiny, glowing arrows, and disappears in a puff of sparkling fairy dust. Here are some other examples of how spells can be cosmetically reinterpreted in the Feywild:",
								{
									"type": "entries",
									"entries": [
										{
											"type": "entries",
											"name": "Crown of Madness",
											"entries": [
												"The crown is made from gingerbread with icing filigree and candy gems."
											],
											"page": 5,
											"id": "007"
										},
										{
											"type": "entries",
											"name": "Find the Path",
											"entries": [
												"A pixie-like spirit appears and guides the caster to the desired location. The spirit can't be harmed."
											],
											"page": 5,
											"id": "008"
										},
										{
											"type": "entries",
											"name": "Gust of Wind",
											"entries": [
												"The wind carries the scent of flowers."
											],
											"page": 5,
											"id": "009"
										},
										{
											"type": "entries",
											"name": "Maze",
											"entries": [
												"The demiplanar labyrinth created by the spell resembles a thorny hedge maze."
											],
											"page": 5,
											"id": "00a"
										},
										{
											"type": "entries",
											"name": "Phantom Steed",
											"entries": [
												"The steed looks like a giant, fuzzy caterpillar."
											],
											"page": 5,
											"id": "00b"
										},
										{
											"type": "entries",
											"name": "Revivify",
											"entries": [
												"A creature restored to life by this spell wakes up wondering if their entire life was all just a dream."
											],
											"page": 5,
											"id": "00c"
										}
									],
									"id": "006"
								}
							],
							"page": 4,
							"id": "005"
						},
						{
							"type": "entries",
							"name": "Weather",
							"entries": [
								"Strolling across a meadow or walking across a desert in the Feywild is often no different than doing the same on the Material Plane, but sometimes the Feywild needs to feel otherworldly. Playing with something as simple as the weather is an easy way to remind your players that their characters are not on the Material Plane.",
								"The Feywild Weather table helps you determine fun weather effects. A weather effect such as this usually lasts no more than an hour or three.",
								{
									"type": "table",
									"caption": "Feywild Weather",
									"colLabels": [
										"d8",
										"Weather Effect"
									],
									"colStyles": [
										"col-2 text-center",
										"col-10"
									],
									"rows": [
										[
											"1",
											"Flower blossoms rain from a sky filled with sparkling, pastel-colored clouds."
										],
										[
											"2",
											"A grand fairy drama plays in the sky as a stylistically rendered illusion or a swirling aurora."
										],
										[
											"3",
											"It rains tiny fruit tarts. They fall slowly and disappear just before they hit the ground. If caught from the air and eaten, they're delicious."
										],
										[
											"4",
											"Fog rolls in and plays harmless tricks on the characters, giving them fog mustaches, fog eyebrows, and fog wigs of many styles\u2014perhaps even fog cloaks or fog companions."
										],
										[
											"5",
											"Snow begins to fall, and the flakes grow bigger over time. Flakes as big as dinner plates, wagon wheels, and even a waterwheel fall, but they're light as a feather."
										],
										[
											"6",
											"The sky fills with iridescent bubbles that lazily fall to the ground. Giggling pixie children chase and pop the bubbles but turn {@condition invisible} and flee if spoken to or approached."
										],
										[
											"7",
											"A silvery rain lifts the spirits and brings a song to each heart that it touches."
										],
										[
											"8",
											"A howling wind blows through the party, and each party member must roll a {@dice d8}. Anyone who rolls an 8 has a trinket or some other tiny, nonmagical item (such as a coin) stolen from them by weather spirits."
										]
									]
								}
							],
							"page": 5,
							"id": "00d"
						},
						{
							"type": "entries",
							"name": "Domain Borders",
							"entries": [
								"As an archfey's power waxes or wanes, their Domain of Delight can grow or shrink. If their domain grows big enough to abut or overlap another archfey's domain, a territorial dispute can arise. Until this dispute is resolved, other Fey denizens of the overlapping domains must defer to both rulers. Such disputes rarely last long; in the end, one archfey is given sufficient incentive to move elsewhere, or the two archfey learn to live with each other (and other denizens of the region must answer to both).",
								"An archfey whose Domain of Delight doesn't overlap with another archfey's domain can surround their domain's border with walls of shimmering mist or some other magical effect that hides the domain from view and, if the archfey wishes, prevents creatures from entering or leaving the domain without a key, a guide, a password, the answer to a riddle, the archfey's consent, or magic."
							],
							"page": 5,
							"id": "00e"
						},
						{
							"type": "section",
							"name": "Feywild Guides",
							"entries": [
								"The Feywild has its own illogical logic that visitors from other planes can never fully grasp. A guide who is well-versed in the ways of the Feywild can save travelers time and frustration, possibly even their freedom and their lives\u2014by helping them avoid or get around the illogical logic. While visitors are easily vexed by roads that lead nowhere and forest trails that double back on themselves, a capable guide can see the road through the road and the trail beneath the trail. In doing so, the guide sidesteps the confusion and leads charges safely to their intended destination. Conversely, a bad guide can easily get an adventuring party into trouble.",
								"Use the Feywild Guide Names, Feywild Guide Identities, and Feywild Guide Quirks tables to create Fey guides on the fly.",
								{
									"type": "image",
									"href": {
										"type": "internal",
										"path": "book/DoD/003.webp"
									},
									"title": "The borders of Baba Yaga's domain are patrolled by her dancing hut, which doesn't dance so much as stomp trespassers into the ground."
								},
								{
									"type": "table",
									"caption": "Feywild Guide Names",
									"colLabels": [
										"d8",
										"Name"
									],
									"colStyles": [
										"col-2 text-center",
										"col-10"
									],
									"rows": [
										[
											"1",
											"Fetter"
										],
										[
											"2",
											"Fiddlebones"
										],
										[
											"3",
											"Moonray"
										],
										[
											"4",
											"Pip"
										],
										[
											"5",
											"Starlight"
										],
										[
											"6",
											"Stumpwick"
										],
										[
											"7",
											"Thistledown"
										],
										[
											"8",
											"Whisperwind"
										]
									]
								},
								{
									"type": "table",
									"caption": "Feywild Guide Identities",
									"colLabels": [
										"d8",
										"Identity"
									],
									"colStyles": [
										"col-2 text-center",
										"col-10"
									],
									"rows": [
										[
											"1",
											"Friendly forest gnome (use the {@creature scout} stat block, but change its size to Small)"
										],
										[
											"2",
											"Gloomy wood elf druid (use the {@creature druid} stat block)"
										],
										[
											"3",
											"Flamboyant {@creature pixie}"
										],
										[
											"4",
											"Happy-go-lucky {@creature satyr}"
										],
										[
											"5",
											"Ultra-competitive {@creature sprite}"
										],
										[
											"6",
											"Overly cautious {@creature treant sapling|wbtw} (see chapter 1 of The Wild Beyond the Witchlight for its stat block)"
										],
										[
											"7",
											"Giggly goblin warlock (use the {@creature cult fanatic} stat block, but change its size to Small)"
										],
										[
											"8",
											"Humorless {@creature centaur}"
										]
									]
								},
								{
									"type": "table",
									"caption": "Feywild Guide Quirks",
									"colLabels": [
										"d8",
										"Quirk"
									],
									"colStyles": [
										"col-2 text-center",
										"col-10"
									],
									"rows": [
										[
											"1",
											"Always hearkens back and compares things to \"the good old days\""
										],
										[
											"2",
											"Can't tell a lie without wiggling their nose first"
										],
										[
											"3",
											"Never takes off their hat"
										],
										[
											"4",
											"Loves food and isn't picky about what they eat"
										],
										[
											"5",
											"On a secret quest that they can't talk about, except to remind others that they're \"on a secret quest\""
										],
										[
											"6",
											"Afraid of something commonplace, such as heights, enclosed spaces, or bare hands and feet"
										],
										[
											"7",
											"Carries around a suitcase full of wigs, forks, ashes, glass orbs, left shoes, or something else strange"
										],
										[
											"8",
											"Full of folksy wisdom that usually starts with, \"Papa always said...\" or \"Mama always said...\""
										]
									]
								}
							],
							"page": 5,
							"id": "00f"
						},
						{
							"type": "section",
							"name": "Fey Outlook",
							"entries": [
								"A Fey creature's outlook can be whatever you want it to be, but rarely do Fey ignore the importance of reciprocity, hospitality, and gifts. These concepts are discussed in the sections that follow.",
								{
									"type": "entries",
									"name": "Reciprocity",
									"entries": [
										"By and large, Fey feel strongly about quid pro quo and balance. If something is taken, then something of equal value must be given, and what a Fey considers to be of equal value is the big question. A Fey might steal a human's beloved pet and leave in its place a brightly painted wooden effigy, or the Fey might take some gold and leave a bundle of bright, yellow buttercups. These exchanges satisfy the agreement of reciprocity, and a Fey who makes them sleeps soundly at night, content that the exchanges were fair."
									],
									"page": 6,
									"id": "011"
								},
								{
									"type": "entries",
									"name": "Hospitality",
									"entries": [
										"Hospitality is a pillar of Fey society. Treating a visitor to one's home with with courtesy and generosity is important to most Fey, but the visitor must show their Fey host the same courtesy and not act boorishly or demonstrate blatant impropriety. Rudeness breaks the bond of reciprocity and frees a Fey host from the obligation to be hospitable. But each Fey has different ideas about what constitutes rudeness; even an ill-conceived gift to a Fey host might be regarded as an insult and cause a hubbub, if not a revocation of the Fey host's hospitality. A trusty Fey guide can provide invaluable assistance in navigating such delicate situations."
									],
									"page": 7,
									"id": "012"
								},
								{
									"type": "entries",
									"name": "Gifts",
									"entries": [
										"Connected to both hospitality and reciprocity is the giving of gifts. Fey are avid gift-givers (partially because they like receiving gifts), and their gifts are usually very thoughtful. Good gifts have sentimental value to the giver. For example, a beloved heirloom makes a fine gift to a Fey creature. A throwaway gift is an insult that flies in the face of reciprocity and hospitality.",
										"Gifts provide a kind of balance that many Fey obsess over. If there is a perceived imbalance, a carefully chosen gift can set things right; this is why refusing a gift from a Fey creature can cause them consternation, as they're trying to right a perceived imbalance by giving the gift. But accepting a gift from a Fey can cause problems for the uninitiated traveler, as it can indebt them to the Fey creature: \"I gave you a gift, so now you must give me one in return.\" It can also lead to the formation of an accidental fey contract, as discussed in the next section.",
										{
											"type": "list",
											"style": "list-hang",
											"name": "Good Gifts to Give Fey",
											"items": [
												"Family ring",
												"Talisman sacred to your druid circle",
												"Favorite hat",
												"Piece of art that you made",
												"Trinket from the Material Plane",
												"Favorite dessert recipe",
												"Sensational, applause-worthy performance",
												"Haircut or bath"
											]
										},
										{
											"type": "list",
											"style": "list-hang",
											"name": "Bad Gifts to Give Fey",
											"items": [
												"Item that has outlived its usefulness",
												"Item you intended to get rid of",
												"Half-hearted performance",
												"Cursed, evil, or broken item"
											]
										}
									],
									"page": 7,
									"id": "013"
								}
							],
							"page": 6,
							"id": "010"
						},
						{
							"type": "section",
							"name": "Fey Contracts",
							"entries": [
								"A fey contract is formed when a creature receives a gift (or the promise of a gift) from a Fey and is expected to give the Fey something in return. The gift can be almost anything, and the contract forms as soon as the gift is received.",
								{
									"type": "entries",
									"name": "Accidental Fey Contracts",
									"entries": [
										"A creature can accidentally stumble into a fey contract in a number of ways. The one bit of good news for the novice Feywild explorer is that most fey contracts can be broken with a {@spell remove curse} spell or similar magic. Only the most powerful fey contracts are hard to break\u2014ones woven by ancient hags, the queens of the Seelie and Unseelie Courts, and other powerful archfey. Such contracts usually require a {@spell wish} spell or an elaborate ritual to negate.",
										"Here are a few ways one might become unwittingly bound to a fey contract:",
										{
											"type": "list",
											"items": [
												"Accepting a gift from a Fey (prompting the Fey to expect something of perceived equal value in return)",
												"Stealing something from a Fey (creating a metaphysical imbalance that must be rectified)",
												"Taking the life of a creature that made a contract with a Fey (thereby inheriting the creature's debt to that Fey)"
											]
										},
										{
											"type": "entries",
											"name": "Accepting Gifts",
											"entries": [
												"Some Feywild guides recommend never accepting gifts from a Fey and, more importantly, never expressing thanks.",
												"To accept a gift from a Fey is to enter into a contract with it, especially if the gift is received with gratitude. Effusive thanks increase the gift's perceived value, and the Fey will expect something more in return."
											],
											"page": 7,
											"id": "016"
										},
										{
											"type": "entries",
											"name": "Stealing from a Fey",
											"entries": [
												"Even if a Fey creature is unaware something has been stolen from them, they sense that they have been deprived of something. This nagging sense doesn't go away until the Fey figures out what they lost and who has the stolen item. Moreover, the Fey might not want the stolen thing back, but rather something of equal or greater perceived value."
											],
											"page": 7,
											"id": "017"
										},
										{
											"type": "image",
											"href": {
												"type": "internal",
												"path": "book/DoD/004.webp"
											},
											"title": "A satyr hopes to find the perfect gift at a faerie bazaar."
										},
										{
											"type": "entries",
											"name": "Taking a Life in Debt",
											"entries": [
												"Before taking the life of a creature in the Feywild, a wise individual makes sure that creature has no outstanding debts to Fey. Any Fey the creature was indebted to look to the killer to make good on the creature's unfulfilled debts.",
												"Fey are understandably cautious when collecting debts from a person who is prone to violence. They usually make their demands at times when it's safest for them to do so, such as when the killer is bathing or in a crowded place."
											],
											"page": 8,
											"id": "018"
										}
									],
									"page": 7,
									"id": "015"
								},
								{
									"type": "entries",
									"name": "Making a Contract",
									"entries": [
										"Fey contracts can be divided into two categories: greater contracts and lesser contracts. Greater contracts are made with archfey, ancient hags, and other powerful Fey spellcasters. Lesser contracts are made with Fey of all other sorts. Here are some examples of gifts Fey can bestow as part of a greater or lesser contract:",
										{
											"type": "list",
											"style": "list-hang",
											"name": "Greater Contract Gifts",
											"items": [
												{
													"type": "item",
													"name": "Audience.",
													"entry": "You and your companions gain a private audience with the Summer Queen, the Queen of Air and Darkness, or both."
												},
												{
													"type": "item",
													"name": "Major.",
													"entry": "You gain a very rare magic item that is yours to keep, or a legendary magic item for {@dice 5d12} days."
												},
												{
													"type": "item",
													"name": "Safety.",
													"entry": "One creature that previously regarded you as an enemy no longer remembers you at all."
												},
												{
													"type": "item",
													"name": "Time.",
													"entry": "You and your companions can return to the Material Plane up to fifty years from now without having aged a day."
												},
												{
													"type": "item",
													"name": "Title.",
													"entry": "You gain an important title and all the rewards that come with it (see \"Marks of Prestige\" in the Dungeon Master's Guide)."
												},
												{
													"type": "item",
													"name": "Wealth.",
													"entry": "You receive up to 50,000 gp worth of coins, jewelry, or property."
												}
											]
										},
										{
											"type": "list",
											"style": "list-hang",
											"name": "Lesser Contract Gifts",
											"items": [
												{
													"type": "item",
													"name": "Charm",
													"entry": "You gain a charm of your choice, subject to the DM's approval (see \"Supernatural Gifts\" in the Dungeon Master's Guide)."
												},
												{
													"type": "item",
													"name": "Fey Kinship",
													"entry": "For {@dice 5d6} days, you gain either the Fey Ancestry trait common among elves or the Speak with Small Beasts trait common among forest gnomes."
												},
												{
													"type": "item",
													"name": "Guide",
													"entry": "You and your companions receive help from a guide who can guarantee safe passage through a particular region of the Feywild (such as a Domain of Delight)."
												},
												{
													"type": "item",
													"name": "Inspiration",
													"entry": "You gain inspiration each day at dawn for {@dice 2d4} days."
												},
												{
													"type": "item",
													"name": "Invitation",
													"entry": "You receive an invitation to the Summer Court or the Gloaming Court (though this invitation does not guarantee an audience with the Summer Queen or the Queen of Air and Darkness)."
												},
												{
													"type": "item",
													"name": "Minor Magic Item",
													"entry": "You gain a common magic item that is yours to keep, or an uncommon magic item for {@dice 5d6} days."
												},
												{
													"type": "item",
													"name": "Proficiency",
													"entry": "You gain proficiency in a skill of your choice for {@dice 2d4} days."
												},
												{
													"type": "item",
													"name": "Spellcasting",
													"entry": "You gain the ability to cast a spell of 4th level or lower once, without material components. You choose the spell, and your spellcasting ability for it is Charisma."
												}
											]
										}
									],
									"page": 8,
									"id": "019"
								},
								{
									"type": "entries",
									"name": "Price of a Contract",
									"entries": [
										"If you're not sure what a Fey expects to receive for a gift they bestow, roll on the appropriate Fey Desires table.",
										"To collect something intangible, such as a creature's singing voice or the color in its eyes, a Fey must tap into the magic of the Feywild. In other words, it's the magic of the Feywild, not the Fey creature, that allows a character to claim what would otherwise be impossible to obtain. For this reason, a Fey can't claim such a thing unless they and the creature with which they made the contract are both in the Feywild.",
										{
											"type": "table",
											"caption": "Fey Desires for Greater Contracts",
											"colLabels": [
												"d8",
												"What the Fey Wants"
											],
											"colStyles": [
												"col-2 text-center",
												"col-10"
											],
											"rows": [
												[
													"1",
													"One of your fingers"
												],
												[
													"2",
													"To take the next child born in your family and raise the child in the Feywild"
												],
												[
													"3",
													"The completion of three quests, each of which you must agree to before the contract is formed"
												],
												[
													"4",
													"Your everlasting fealty"
												],
												[
													"5",
													"The ruin or demise of the Fey's sworn enemy"
												],
												[
													"6",
													"A precious object (such as a rare, very rare, or legendary magic item) that was stolen by or belongs to the Fey's sworn enemy"
												],
												[
													"7",
													"An art object that is deemed priceless, such as a famous painting that hangs in a museum"
												],
												[
													"8",
													"Your youth (which the Fey can harvest and bestow on another creature)"
												]
											]
										},
										{
											"type": "table",
											"caption": "Fey Desires for Lesser Contracts",
											"colLabels": [
												"d8",
												"What the Fey Wants"
											],
											"colStyles": [
												"col-2 text-center",
												"col-10"
											],
											"rows": [
												[
													"1",
													"Your singing voice"
												],
												[
													"2",
													"A trinket that carries great sentimental value"
												],
												[
													"3",
													"Companionship (you remain in the Fey's company for an agreed-upon period of time)"
												],
												[
													"4",
													"The color in your eyes"
												],
												[
													"5",
													"The memory of your first kiss"
												],
												[
													"6",
													"The spring in your step or the sparkle in your eyes"
												],
												[
													"7",
													"A lock of your hair"
												],
												[
													"8",
													"Your name (requiring you to choose a new one for yourself)"
												]
											]
										}
									],
									"page": 9,
									"id": "01a"
								},
								{
									"type": "entries",
									"name": "Breaking a Contract",
									"entries": [
										"The Feywild can punish a creature for breaking a fey contract, but the creature must be on the plane to be affected. The penalty imposed on a creature who breaks a lesser contract can be removed by any magic that ends a curse; a {@spell wish} spell is needed to remove the penalty for breaking a greater contract.",
										"The Breaking a Greater Contract and Breaking a Lesser Contract tables can be used to determine the magical penalty of breaking a fey contract.",
										{
											"type": "table",
											"caption": "Breaking a Greater Contract",
											"colLabels": [
												"d8",
												"Penalty"
											],
											"colStyles": [
												"col-2 text-center",
												"col-10"
											],
											"rows": [
												[
													"1",
													"You can't speak or cast spells with verbal components. Whenever you try to speak, you bray like a donkey instead."
												],
												[
													"2\u20133",
													"You magically transform into an owl. You retain your languages, your ability to speak, and your mental ability scores (Intelligence, Wisdom, and Charisma). You otherwise have the statistics of an owl."
												],
												[
													"4\u20135",
													"You can't attune to magic items. If you are currently attuned to one or more magic items, your attunement to those items ends immediately."
												],
												[
													"6\u20137",
													"You are {@condition petrified}."
												],
												[
													"8",
													"An iron thorn is magically lodged in your chest. Every day, you can feel it move closer to your heart. If this effect is not ended within 3 days, you die and can't be revived for {@dice 5d12} days."
												]
											]
										},
										{
											"type": "table",
											"caption": "Breaking a Lesser Contract",
											"colLabels": [
												"d8",
												"Penalty"
											],
											"colStyles": [
												"col-2 text-center",
												"col-10"
											],
											"rows": [
												[
													"1\u20132",
													"Your appearance becomes more toad-like (warty skin, bulbous eyes, large mouth, and webbed digits). This transformation has no game effects."
												],
												[
													"3",
													"You smell like swamp gas. No amount of bathing can rid you of this stench."
												],
												[
													"4",
													"Your shadow does not match your movements, which other creatures find unsettling."
												],
												[
													"5\u20136",
													"Your appearance becomes more rat-like (beady eyes, whiskers, small ears, pointy nose, little hands and feet, and a rat's tail). This transformation has no game effects."
												],
												[
													"7",
													"You cast no reflection. Superstitious folk who notice think you're a vampire."
												],
												[
													"8",
													"You are constantly surrounded by a small cloud of annoying but harmless flies."
												]
											]
										}
									],
									"page": 9,
									"id": "01b"
								}
							],
							"page": 7,
							"id": "014"
						},
						{
							"type": "section",
							"name": "Fey Curses",
							"entries": [
								"Curses are common punishments among archfey and other powerful Fey creatures. An adventurer might be cursed for any number of reasons, a few of which are listed below:",
								{
									"type": "list",
									"items": [
										"Offending a powerful Feywild denizen",
										"Entering a forbidden place",
										"Appearing in a fey court without an invitation"
									]
								},
								"You can determine the curse's effect by rolling on the Fey Curses table.",
								{
									"type": "table",
									"caption": "Fey Curses",
									"colLabels": [
										"d8",
										"Curse"
									],
									"colStyles": [
										"col-2 text-center",
										"col-10"
									],
									"rows": [
										[
											"1",
											"Your ears are magically replaced by a pair of soft, fuzzy donkey ears. Moreover, when you try to speak, you instead bray."
										],
										[
											"2",
											"You gain {@dice 1d3} levels of {@condition exhaustion}. Until the curse ends, these levels of {@condition exhaustion} can't be removed."
										],
										[
											"3",
											"Spells can't restore hit points to you."
										],
										[
											"4",
											"The sound of pixie laughter fills your head while you are awake, drowning out all other sounds."
										],
										[
											"5",
											"Anything you try to pick up or hold in your hands slips through your fingers."
										],
										[
											"6",
											"Moonlight burns your flesh. You take {@damage 1d10} radiant damage when you start your turn in moonlight."
										],
										[
											"7",
											"You are magically transformed into an animated wooden doll that looks like you. Your statistics are the same, but you are a Construct with vulnerability to fire damage, and you don't require air, food, or drink. Items worn or carried by you are unaffected."
										],
										[
											"8",
											"Whenever you tell a lie, you lose the ability to speak for {@dice 1d8} hours."
										]
									]
								},
								"A {@spell remove curse} spell or similar magic is usually enough to end a Fey curse on a creature, but some Fey curses are tenacious and resistant to all magic except a {@spell wish} spell. A creature can also remove such a curse on itself by learning and performing a specific task or ritual, determined by rolling on the Ending the Curse table.",
								{
									"type": "table",
									"caption": "Ending the Curse",
									"colLabels": [
										"d12",
										"Ending the Curse"
									],
									"colStyles": [
										"col-2 text-center",
										"col-10"
									],
									"rows": [
										[
											"1",
											"You must carve your name into a tree, whereupon the tree inherits the curse's magic and dies."
										],
										[
											"2",
											"You must drink the blood of a pixie or sprite while basking in moonlight."
										],
										[
											"3",
											"You must speak the true name of the creature that cursed you three times in a row."
										],
										[
											"4",
											"While standing in sunlight on an arched bridge over running water, you must beg the Summer Queen for her \"fair blessing.\""
										],
										[
											"5",
											"After filling your pockets with fool's gold, you must flap your arms and quack like a duck."
										],
										[
											"6",
											"You must bury an executioner's hood (a blackcapped mushroom found in the Feywild) in the earth and pour goat's milk over it while whistling."
										],
										[
											"7",
											"You must be bitten by a faerie dragon. (It's possible any faerie dragon might do, or the faerie dragon might have to be of a particular color.)"
										],
										[
											"8",
											"You must leave a bouquet of eight black roses at the place where you were cursed, or you must give the bouquet to the creature that cursed you."
										],
										[
											"9",
											"You must persuade a centaur to carry you on its back for eight miles. Before the centaur will do this willingly, it might demand a gift or service in exchange, or the completion of a quest."
										],
										[
											"10",
											"You must obtain leaves or pinecones from three different species of treants and burn them in a campfire under a full moon while singing a particular campfire song."
										],
										[
											"11",
											"You must bake a small cake and leave it on the doorstep of a forest gnome's abode. Only when the gnome eats the whole cake does your curse end."
										],
										[
											"12",
											"You must persuade another creature to willingly take your name. If it does so, it inherits your curse, whereupon you are nameless and must choose a new name for yourself."
										]
									]
								}
							],
							"page": 10,
							"id": "01c"
						},
						{
							"type": "image",
							"href": {
								"type": "internal",
								"path": "book/DoD/005.webp"
							},
							"title": "One way to end a curse on yourself is to get bitten by a faerie dragon of a particular color."
						},
						{
							"type": "section",
							"name": "Fey Abodes",
							"entries": [
								"Fey creatures live in abodes they fashion for themselves or repurpose for their needs. Characters might stumble upon these abodes in their Feywild wanderings. Use the Fey Abodes table to randomly determine a Fey creature's lair, or choose an option that works well for the creature in question.",
								{
									"type": "table",
									"caption": "Fey Abodes",
									"colLabels": [
										"d20",
										"Abode"
									],
									"colStyles": [
										"col-2 text-center",
										"col-10"
									],
									"rows": [
										[
											"1",
											"A pagoda overgrown with flowering vines that beckon visitors with pleasing scents"
										],
										[
											"2",
											"A crooked stone tower that has a moon-like orb of light circling its rooftop, which causes the tower's shadow to move like a clock hand"
										],
										[
											"3",
											"A decrepit mansion that is partially sunk in the middle of a bog"
										],
										[
											"4",
											"A rocky hill shaped like a sleeping satyr, with its open mouth forming a cave entrance"
										],
										[
											"5",
											"A windmill that walks around on giant crow's feet"
										],
										[
											"6",
											"A crumbling keep on a small island in the middle of a mist-shrouded loch"
										],
										[
											"7",
											"An old farm overgrown with giant pumpkins"
										],
										[
											"8",
											"A treehouse built in the boughs of a treant"
										],
										[
											"9",
											"A tower that used to be the trunk of a giant {@condition petrified} tree, with rope bridges connecting it to the giant living trees that surround it"
										],
										[
											"10",
											"One or more houses in hollowed-out mushrooms"
										],
										[
											"11",
											"A gingerbread cottage with a frosting-covered roof, frosting icicles, chocolate doors, and gumdrop gardens"
										],
										[
											"12",
											"A musty, web-shrouded stone cottage surrounded by an orchard of awakened apple trees"
										],
										[
											"13",
											"A walking stone colossus with a tower for a head"
										],
										[
											"14",
											"A cave-riddled hill that walks around on giant stone feet"
										],
										[
											"15",
											"A walled garden filled with friendly critters, talking flowers, and grasping vines"
										],
										[
											"16",
											"A well-preserved elven tomb overgrown with moss, decorated with statues, and festooned with bird nests"
										],
										[
											"17",
											"A giant beaver's lodge"
										],
										[
											"18",
											"An inn or hostel carved into the foot of a hill"
										],
										[
											"19",
											"A dragon skull lying in the sand"
										],
										[
											"20",
											"One or more giant rusty helmets that serve as houses, surrounded by an ancient battlefield"
										]
									]
								}
							],
							"page": 11,
							"id": "01d"
						}
					],
					"page": 3,
					"id": "001"
				}
			],
			"id": "000"
		},
		{
			"type": "section",
			"name": "Creating an Archfey",
			"entries": [
				"Archfey are among the most powerful beings in the Feywild. Consciously or unconsciously, they transform their Feywild homes into reflections of their desires and complex personalities. Powerful archfey such as the Summer Queen and the Queen of Air and Darkness rule vast domains, and their influence is so great that their courts stretch beyond the borders of their Domains of Delight to the far ends of the Feywild. Other, lesser known archfey rule domains that are minuscule by comparison, but no less wondrous.",
				{
					"type": "section",
					"name": "Where to Start?",
					"entries": [
						"Most archfey are ancient creatures, and no two are alike. When creating an archfey, here are some good questions to ask yourself:",
						{
							"type": "list",
							"items": [
								"Under what circumstances might adventurers encounter the archfey?",
								"Does the archfey have any allegiance to the Summer Court or the Gloaming Court?",
								"What traits does the archfey have? Specifically, what do they look like, what is their personality, and what magical powers do they possess?"
							]
						},
						"These questions are tackled in the sections that follow. The answers will help you flesh out the archfey's Domain of Delight.",
						{
							"type": "entries",
							"name": "Encountering the Archfey",
							"entries": [
								"Think about how and when you expect the adventurers to encounter your archfey. The archfey might infiltrate the party using illusion magic or spy on the characters from afar to discern their intentions before confronting them. The archfey might test the characters' mettle with a series of challenging encounters or puzzles before deeming them fit to bask in the archfey's presence. Conversely, the archfey might be blissfully unaware of the party's intrusion or show no interest in the characters. A shy or reclusive archfey might not want to be disturbed at all.",
								"How and when the archfey crosses paths with the adventurers can be determined by answering the following questions:",
								{
									"type": "list",
									"items": [
										"Does the archfey engage with visitors or shun them?",
										"Does the archfey wander their domain, or do they prefer to remain in their lair?",
										"Does the archfey visit other domains? Are they involved in the politics of the Fey courts?"
									]
								}
							],
							"page": 12,
							"id": "020"
						},
						{
							"type": "entries",
							"name": "Fey Court Allegiances",
							"entries": [
								"The Summer Queen and the Queen of Air of Darkness are so powerful that other archfey might feel it's in their best interest to ally with one or both of them. By swearing allegiance to either queen, an archfey gains the privilege of audiences with the queen and faint assurances that the queen's court will not meddle in the affairs of the archfey or their domain.",
								"Archfey that do not pledge allegiance to one court or the other can find their domains overrun with Seelie or Unseelie spies or overlapped by the domains of archfey in league with one or both queens."
							],
							"page": 12,
							"id": "021"
						},
						{
							"type": "entries",
							"name": "Presentation",
							"entries": [
								"Archfey have one thing in common: they're all Fey. Beyond that, their features vary widely. To randomly determine what your archfey looks like, roll on the Archfey's Presentation table.",
								{
									"type": "table",
									"caption": "Archfey's Presentation",
									"colLabels": [
										"d8",
										"Presentation"
									],
									"colStyles": [
										"col-2 text-center",
										"col-10"
									],
									"rows": [
										[
											"1",
											"{@b Adorable.} The archfey has taken on the form of something adorable, such as an otter, a fawn, a sugar glider, a wombat, or a beautiful butterfly."
										],
										[
											"2",
											"{@b Ancient.} This archfey appears to be eons old. They might have gnarled skin like teakwood and long, gray hair that looks like elaborate lacework."
										],
										[
											"3",
											"{@b Bizarre.} This archfey looks like something from the realm of dreams. They could take on the appearance of a scintillating ball of light, a floating mask, or a whispering shadow."
										],
										[
											"4",
											"{@b Floral.} Flowers bloom from the archfey's fingertips, and their skin is covered in petals. Their body might have thorns, or they could have vine-like hair covered in sweet-smelling blossoms."
										],
										[
											"5",
											"{@b Fluid.} The archfey can change body type or transform from one creature into another."
										],
										[
											"6",
											"{@b Iridescent.} The archfey floats off the ground and gazes about with glowing eyes, their body surrounded by a nimbus of light and their skin sparkling like sunlight on water."
										],
										[
											"7",
											"{@b Metallic.} The archfey appears to be made of metal. Their face is an exquisitely crafted mask of mithral, silver, or gold, and their body is made of finely tooled metal etched with organic designs or cryptic symbols."
										],
										[
											"8",
											"{@b Monstrous.} This archfey has a monstrous form. For example, they might resemble an enormous spider, a hydra whose heads look like oversized elf heads with fangs, or any other horrific form you can imagine."
										]
									]
								}
							],
							"page": 12,
							"id": "022"
						},
						{
							"type": "entries",
							"name": "Personality",
							"entries": [
								"If you haven't already settled on a personality for your archfey, you can determine it randomly by rolling on the Archfey's Personality table.",
								{
									"type": "table",
									"caption": "Archfey's Personality",
									"colLabels": [
										"d8",
										"Personality"
									],
									"colStyles": [
										"col-2 text-center",
										"col-10"
									],
									"rows": [
										[
											"1",
											"{@b Benevolent.} The archfey welcomes all into their domain and does everything in their power to assist those who come to them in true friendship or grave need."
										],
										[
											"2",
											"{@b Covetous.} The archfey hoards things they consider valuable and uses spies to find more of what they covet. The archfey never leaves their lair for fear that their hoard might be plundered."
										],
										[
											"3",
											"{@b Imperious.} The archfey surrounds themself with a court of sycophants and expects visitors to grovel before them. Their mercy is rare, and their superiority complex is legendary."
										],
										[
											"4",
											"{@b Madcap.} The archfey loves to sing, dance, drink, wear silly masks, do cartwheels, and throw parties where everyone is free to cavort and revel how they wish."
										],
										[
											"5",
											"{@b Mercurial.} The archfey has two personalities (choose two other personalities from this table). They shift back and forth between these personalities at certain times or when certain conditions are met."
										],
										[
											"6",
											"{@b Mischievous.} The archfey is a trickster who likes to confound and frustrate visitors to their domain and who surrounds themself with sly creatures such as boggles, pixies, foxes, magpies, and crows."
										],
										[
											"7",
											"{@b Reclusive.} The archfey prefers to be left alone and seldom, if ever, leaves their domain. They might adopt disguises or turn {@condition invisible} when they travel, and they might use magic to conceal their lair."
										],
										[
											"8",
											"{@b Wild.} The archfey has the demeanor of a wild animal and shuns the trappings of society."
										]
									]
								}
							],
							"page": 13,
							"id": "023"
						},
						{
							"type": "entries",
							"name": "Obsessions",
							"entries": [
								"Obsessions are common among archfey. An archfey might be obsessed with a painting of themself and spend days, months, or years staring at it. An archfey might obsess over a perceived injustice and work tirelessly to correct it. An archfey might obsess over their collection of acorns, believing the acorns are keys that unlock the secrets of the multiverse.",
								"If you want your archfey to have an obsession, you can determine it randomly by rolling on the Archfey Obsession table.",
								{
									"type": "table",
									"caption": "Archfey Obsession",
									"colLabels": [
										"d8",
										"Obsession"
									],
									"colStyles": [
										"col-2 text-center",
										"col-10"
									],
									"rows": [
										[
											"1",
											"{@b Beauty.} The archfey does everything in their power to rid their domain of that which they consider ugly. What they consider beautiful is not always clear, however."
										],
										[
											"2",
											"{@b Color.} This archfey is obsessed with a particular color and puts their subjects to work making sure the archfey's favorite color is predominant. Wearing another color in the domain could be seen as laughable, obnoxious, or downright rude."
										],
										[
											"3",
											"{@b Etiquette.} The rules in the archfey's domain change as they learn about some new custom that is popular in the Summer Court. The archfey requires all creatures in their domain to respect the new rules of etiquette."
										],
										[
											"4",
											"{@b Magic.} Magic in all its forms fascinates the archfey. They collect magic items and spellbooks, and they enjoy seeing demonstrations of magic from visitors."
										],
										[
											"5",
											"Material {@b Plane.} The archfey is obsessed with creatures and objects from the Material Plane. There is a scent, an energy, and a uniqueness to them that fascinates the archfey."
										],
										[
											"6",
											"{@b Monsters.} The archfey has a menagerie of monsters and is obsessed with finding marvelous new creatures to add to its collection."
										],
										[
											"7",
											"Rule of {@b Three.} The archfey is obsessed with the Rule of Three. They look for patterns, deeper meanings, and ill omens in things that occur in threes. The archfey's obsession is reflected throughout their domain, where things seem to naturally come in threes."
										],
										[
											"8",
											"{@b Stories.} The archfey wants nothing more than to listen to stories told by creatures from faraway places. They love to gather lore so they can build their own internal world of imagination or transform their domain with ideas from other worlds. Their lair is festooned with books, which give the archfey inspiration."
										]
									]
								}
							],
							"page": 13,
							"id": "024"
						},
						{
							"type": "image",
							"href": {
								"type": "internal",
								"path": "book/DoD/006.webp"
							},
							"title": "A centaur guards an archfey's palace."
						},
						{
							"type": "entries",
							"name": "Signature Magic",
							"entries": [
								"Almost every archfey has a signature magical power, and this power might be tied to their appearance or personality; for example, a metallic archfey might have the power to corrode or heat metal, while a madcap archfey might have the power to cause wild magic effects similar to those described the {@table Wild Magic Surge|PHB} table in the \"Sorcerer\" section of the Player's Handbook. The Signature Magic table presents some other possibilities.",
								{
									"type": "table",
									"caption": "Signature Magic",
									"colLabels": [
										"d8",
										"Magic"
									],
									"colStyles": [
										"col-2 text-center",
										"col-10"
									],
									"rows": [
										[
											"1",
											"{@b Arcane Antlers.} The archfey has antlers made of metal, crystal, bone, or some other substance, which allow the archfey to raise the dead. They shed their antlers and grow new ones every hundred years, prompting thieves to sneak into the domain to acquire the shed antlers."
										],
										[
											"2",
											"{@b Compelling Voice.} The archfey has a magical voice that can charm creatures of a certain type (such as Beasts or Fey). This voice might be as soft as a whisper or loud like thunder."
										],
										[
											"3",
											"{@b Dreamwalk.} When they sleep, the archfey projects a ghost-like version of themself that can leave their body and go anywhere in their domain."
										],
										[
											"4",
											"{@b Hand of Knowing.} One of the archfey's hands blurs as though it were in multiple places at once. The archfey can learn the entire history of a creature or object by touching it with that hand."
										],
										[
											"5",
											"{@b Health Aura.} The archfey's presence rids creatures and vegetation of disease. Healthy vegetation yields an overabundance of flowers and fruit."
										],
										[
											"6",
											"{@b Scrying Eye.} This archfey has an ornately crafted, removable eye that has the power of {@sense truesight} (as described in the Monster Manual). The archfey can see through this orb at all times. If the detached eye is destroyed, it rematerializes undamaged in the archfey's empty eye socket."
										],
										[
											"7",
											"{@b Simulacra.} The archfey can make magical copies of themself and other creatures. These simulacra are similar to those created by the {@spell simulacrum} spell."
										],
										[
											"8",
											"{@b Time Distortion.} For each minute spent in the archfey's presence, an hour passes elsewhere."
										]
									]
								}
							],
							"page": 14,
							"id": "025"
						},
						{
							"type": "entries",
							"name": "Magical Gifts",
							"entries": [
								"Some archfey have the power to give magical gifts to those they deem worthy. A gift could be anything from a trinket that grants safe passage through the archfey's domain to a magic item that can be used to defeat a powerful monster. As the DM, you decide whether such a gift is warranted. To randomly determine what kind of gift your archfey might bestow on a character, roll on the Magical Gifts table.",
								{
									"type": "table",
									"caption": "Magical Gifts",
									"colLabels": [
										"d8",
										"Gift"
									],
									"colStyles": [
										"col-2 text-center",
										"col-10"
									],
									"rows": [
										[
											"1",
											"{@b Charm.} The archfey bestows a charm of the DM's choice (see \"Supernatural Gifts\" in the Dungeon Master's Guide)."
										],
										[
											"2",
											"{@b Guide.} The archfey summons a magical guide that takes the form of a faerie dragon, a sprite, or some other creature. The guide is a harmless figment that can't be damaged, and it knows its way around the Feywild. It can't leave the Feywild and disappears after eight days."
										],
										[
											"3",
											"{@b Lore.} With a touch, the archfey magically imparts useful knowledge about a particular subject of the archfey's choice. This knowledge might be permanent, or it might fade over time."
										],
										[
											"4",
											"Magic {@b Item.} The archfey bestows a useful magic item (such as a crystal ball or an oathbow) but warns that the item will vanish after a specified period of time, which it does."
										],
										[
											"5",
											"{@b Refuge.} The archfey creates a wooded glen, a dome of brambles, a silken cocoon, or some other kind of refuge. Creatures hostile toward the gift's recipient can't enter this refuge without the recipient's consent. After a specified period of time, the refuge vanishes."
										],
										[
											"6",
											"{@b Resurrection.} The archfey offers one free casting of the {@spell true resurrection} spell, which they can cast as an action without material components once per century."
										],
										[
											"7",
											"{@b Training.} With a touch, the archfey grants the benefit of months of special training (see \"Marks of Prestige\" in the Dungeon Master's Guide for different benefits of training)."
										],
										[
											"8",
											"{@b Transformation.} The archfey offers one free casting of the {@spell true polymorph} spell, which they can cast without material components. The spell's effect can be made permanent, if you wish."
										]
									]
								}
							],
							"page": 15,
							"id": "026"
						}
					],
					"page": 12,
					"id": "01f"
				},
				{
					"type": "section",
					"name": "Archfey Statistics",
					"entries": [
						"If your campaign includes an archfey whom the characters might end up fighting, create a stat block for the archfey or modify some other creature's stat block to suit your needs. The Dungeon Master's Guide contains guidance for modifying existing stat blocks.",
						"Alternatively, choose a stat block of CR 5 or higher that has one of the following creature types: Beast, Elemental, Fey, Giant, Humanoid, or Plant. Change the creature's type to Fey, make its Intelligence at least 10 (+0), and give it two languages if doesn't speak any languages. Also give the creature one or both of the following traits:",
						{
							"type": "entries",
							"entries": [
								{
									"type": "entries",
									"entries": [
										{
											"type": "entries",
											"name": "Fey Rebirth",
											"entries": [
												"If the archfey dies in its Domain of Delight, it revives with all its hit points {@dice 1d4} days later in a safe location in that domain."
											],
											"page": 15,
											"id": "02a"
										},
										{
											"type": "entries",
											"name": "Legendary Resistance (3/Day)",
											"entries": [
												"If the archfey fails a saving throw, it can choose to succeed instead."
											],
											"page": 15,
											"id": "02b"
										}
									],
									"id": "029"
								}
							],
							"id": "028"
						}
					],
					"page": 15,
					"id": "027"
				}
			],
			"page": 12,
			"id": "01e"
		},
		{
			"type": "section",
			"name": "Creating a Domain of Delight",
			"entries": [
				"Once your archfey is fleshed out, you can create the Domain of Delight that serves as the archfey's home in the Feywild. Generally, the size of a Domain of Delight is a good determiner of an archfey's power, but an archfey's domain can be as big or as small as you want it to be.",
				{
					"type": "section",
					"name": "Geographical Features",
					"entries": [
						"A small Domain of Delight might have only one prominent geographical feature, which you can determine randomly by rolling on the Geographical Features table. A large Domain of Delight can have multiple geographical features, which you can determine by rolling more than once on the table.",
						{
							"type": "table",
							"caption": "Geographical Features",
							"colLabels": [
								"d8",
								"Feature"
							],
							"colStyles": [
								"col-2 text-center",
								"col-10"
							],
							"rows": [
								[
									"1",
									"A colossal, gnarled tree, its trunk riddled with passageways, halls, chambers, and staircases"
								],
								[
									"2",
									"A valley filled with grassy meadows and groves of trees along a running river, nestled between two snow-capped mountains that look like the points of a crescent moon"
								],
								[
									"3",
									"A crystal castle that sings in sunlight or moonlight"
								],
								[
									"4",
									"A vast thicket of thick roots, thorny vines, and sinuous creepers that weave together to form long tunnels, grand hallways, and enormous domes"
								],
								[
									"5",
									"A complex of caves connected by passageways formed by Fey magic to create grand galleries and soaring vaults"
								],
								[
									"6",
									"Rolling farmland that yields healthy, bountiful produce of amazing size"
								],
								[
									"7",
									"A forest of tower-sized mushrooms, or a forest of tiny mushrooms that characters must shrink down to explore"
								],
								[
									"8",
									"An island that is actually a colossal sleeping turtle"
								]
							]
						}
					],
					"page": 16,
					"id": "02d"
				},
				{
					"type": "section",
					"name": "Domain Theme",
					"entries": [
						"A Domain of Delight might have a prevailing theme, which you can determine randomly by rolling on the Domain Theme table.",
						{
							"type": "table",
							"caption": "Domain Theme",
							"colLabels": [
								"d8",
								"Theme"
							],
							"colStyles": [
								"col-2 text-center",
								"col-10"
							],
							"rows": [
								[
									"1",
									"{@b Adversarial.} Adversarial personalities are common here, even among the local wildlife. Animated trees swat at passersby, sentient flowers scoff and sneer, and local Fey are grumpy and uncooperative."
								],
								[
									"2",
									"{@b Crystalline.} This domain contains a profusion of crystal formations and outgrowths, as well as structures and trees made of crystal. Some of the crystals might generate light, music, or both."
								],
								[
									"3",
									"{@b Gloomy.} Everything here has a gloomy cast. Tree branches look like skeletal fingers, night creatures slink and flutter about, and skull-like faces appear on plants, stones, and sprites' wings."
								],
								[
									"4",
									"{@b Inquisitive.} Creatures in this domain are nosy and hungry for gossip. Animated trees use their branches to pick through backpacks when travelers aren't looking; pixies spy on strangers; and birds eavesdrop on conversations, repeating what they've heard to their masters."
								],
								[
									"5",
									"{@b Kaleidoscopic.} This domain is a riot of everchanging colors. Plants come in a dazzling array of colors, flowers change color to suit the prevailing mood, and Fey wear costumes of scintillating hues."
								],
								[
									"6",
									"{@b Lackadaisical.} The creatures here are easygoing. No one is in a hurry, and no task is greeted with a sense of urgency."
								],
								[
									"7",
									"{@b Musical.} This domain abounds with music. Frogs, toads, and insects break into multipart harmonies that sometimes crescendo into a symphonic rapture of melodious tweets, trills, chirps, and whistles. Fey in this domain are just as musically inclined."
								],
								[
									"8",
									"{@b Poisonous.} Almost every plant here has spines or thorns that cause anything from itchy welts to damage or out-of-body experiences. Other sources of poison might be present as well (for example, toxic bogs or giant, poisonous Beasts)."
								]
							]
						}
					],
					"page": 16,
					"id": "02e"
				},
				{
					"type": "image",
					"href": {
						"type": "internal",
						"path": "book/DoD/007.webp"
					},
					"title": "An intrepid gnome adventurer traverses a moonlit stream while scowling flowers look on."
				},
				{
					"type": "section",
					"name": "Coming and Going",
					"entries": [
						"Travelers who don't have access to {@spell plane shift} spells or similar magic must rely on other means to travel to and from a Domain of Delight. Fey crossings are the most common means of transit between the Material Plane and the Feywild; more information about them can be found in the Dungeon Master's Guide.",
						"An archfey is usually aware of any Fey crossings that allow creatures to enter and leave the archfey's domain and may protect these Fey crossings or leave them unguarded. Some Fey crossings operate only at certain times or when certain conditions are met. The Fey Crossings table allows you to randomly determine the characteristics of a fey crossing that allows passage to and from a Domain of Delight. Your Domain of Delight can have as few or as many Fey crossings as you like, and they need not all be the same in appearance or function.",
						"Geographical features on one side of a fey crossing tend to be similar to those on the other side, to the extent that some travelers might be unaware they've left one plane of existence and entered another. For example, if one stumbles upon a fey crossing in a cave, a similar cave might lie on the other side of that fey crossing, as if the caves were near-perfect reflections of each other.",
						{
							"type": "table",
							"caption": "Fey Crossings",
							"colLabels": [
								"d8",
								"Fey Crossing"
							],
							"colStyles": [
								"col-2 text-center",
								"col-10"
							],
							"rows": [
								[
									"1",
									"{@b Altar.} This stone altar might be found atop a lonely plateau, behind a waterfall, inside a cave, or in some other remote location. When certain stars align and the proper ritual is performed, the fey crossing appears as a portal above the altar."
								],
								[
									"2",
									"{@b Crystal Cave.} This cave is filled with natural crystalline formations and resembles a glittering cathedral. When moonlight shines into the cave at night, it causes a shimmering pool or spring in the center of the cave to transform into a fey crossing."
								],
								[
									"3",
									"{@b Hollow Tree.} The fey crossing lies within the hollow interior of an enormous tree. The crossing is open to anyone who carries a leaf or acorn from the tree."
								],
								[
									"4",
									"{@b Maze.} The fey crossing lies at the center of a maze that might change configuration from time to time. To use the crossing, one must walk or run from the maze's entrance to its center. Creatures who circumvent the maze using magic or flight find themselves unable to use the crossing."
								],
								[
									"5",
									"{@b Mushroom Circle.} This fey crossing appears as a circle of mushrooms. The size of the mushrooms and the width of the circle can vary, but activating the fey crossing requires that a particular act be performed inside it or a particular object or creature be present."
								],
								[
									"6",
									"{@b Ruined Tower.} The ruins of an ancient elven tower house a fey crossing. For three nights each year, a ghostly image of the intact tower appears above the ruined foundation, during which time the fey crossing appears as a shimmering doorway that creatures can pass through."
								],
								[
									"7",
									"{@b Stone Bridge.} A Fey creature hides under this ancient stone bridge. In exchange for treasure or some other gift, this Fey can use its innate magic to create a portal atop the bridge that serves as a fey crossing."
								],
								[
									"8",
									"{@b Stone Circle.} This circle of stone megaliths contains a fey crossing that is active during equinoxes and solstices."
								]
							]
						}
					],
					"page": 17,
					"id": "02f"
				},
				{
					"type": "section",
					"name": "Travel in the Domain",
					"entries": [
						"Visitors to a Domain of Delight are often confounded by the Feywild's power to distort distance, time, and reality. A traveler might see a hilltop that appears to be a mile away and march toward it, only to find the hilltop getting farther away. Similarly, a wanderer who asks for directions might be told to follow a particular trail, only to discover the trail changes course depending on the mood of those who travel along it. Determining how far one has traveled in a particular amount of time can be a headscratcher.",
						{
							"type": "image",
							"href": {
								"type": "internal",
								"path": "book/DoD/008.webp"
							},
							"title": "One never knows where a \"shortcut\" through the Feywild might lead."
						},
						{
							"type": "entries",
							"name": "Magical Shortcuts",
							"entries": [
								"Domain denizens and guides know some of the tricks to navigating a Domain of Delight, including magical shortcuts. A shortcut can also be found by accident or learned in some other way. For example, a traveler might wake from a vivid dream or a trance with knowledge of a shortcut that fades from memory after an hour.",
								"To take advantage of a magical shortcut, one must spend 1 minute performing a routine; the Shortcut Routines table provides examples. At the end of this routine, the performer and any creatures traveling with them find themselves closer to their intended destination. How much closer is up to the DM, but a shortcut routine usually reduces the travel time to the intended destination by at least half.",
								"A shortcut routine allows for safe, expeditious travel from one location in the Feywild to a specific destination in the Feywild, and that's all. For example, it might expedite travel from the edge of an archfey's domain to the entrance of the archfey's lair but not the other way around, and it wouldn't shorten the travel time to other locations in the domain.",
								{
									"type": "table",
									"caption": "Shortcut Routines",
									"colLabels": [
										"d8",
										"Routine"
									],
									"colStyles": [
										"col-2 text-center",
										"col-10"
									],
									"rows": [
										[
											"1",
											"Picking petals from a flower while walking toward a beckoning sunset"
										],
										[
											"2",
											"Playing \"Ode to the Summer Queen\" on a {@item lute|PHB} while skipping counterclockwise around a tree"
										],
										[
											"3",
											"Eating a mushroom while gazing at one's own reflection in a clear pool or stream of water"
										],
										[
											"4",
											"Doing a headstand in a ring of stones"
										],
										[
											"5",
											"Staring at firelight while playing a {@item flute|PHB} or singing about a fond memory"
										],
										[
											"6",
											"Sitting by a creek while lost in childlike wonder"
										],
										[
											"7",
											"Whistling a tune while walking backward"
										],
										[
											"8",
											"Holding hands and dancing around a tree at twilight"
										]
									]
								}
							],
							"page": 18,
							"id": "031"
						}
					],
					"page": 18,
					"id": "030"
				},
				{
					"type": "section",
					"name": "Drama",
					"entries": [
						"You can bring your Domain of Delight to life by adding drama. When the characters show up, they might become swept up in this drama, perhaps even embroiled in intrigue. The drama can be anything from a petty squabble between Fey settlements to a full-blown fomorian incursion. To determine a worthy conflict, you can roll on the Domain Drama table or choose an entry that you like.",
						{
							"type": "table",
							"caption": "Domain Drama",
							"colLabels": [
								"d8",
								"Drama"
							],
							"colStyles": [
								"col-2 text-center",
								"col-10"
							],
							"rows": [
								[
									"1",
									"A cherished object or favorite pet belonging to the domain's archfey ruler has gone missing."
								],
								[
									"2",
									"Fomorians (or other hostile creatures) have emerged from a cave and are causing a ruckus."
								],
								[
									"3",
									"The domain's archfey ruler recently turned down an invitation to the Gloaming Court, offending the Queen of Air and Darkness, whose spies are now sowing discord throughout the domain."
								],
								[
									"4",
									"The domain's archfey has fallen into a magical slumber. Others are looking for someone they can trust to find a way to awaken the archfey."
								],
								[
									"5",
									"The vegetation is sick in part of the domain, and the contagion is spreading. The domain's archfey needs help finding the cause of the sickness."
								],
								[
									"6",
									"Part of the domain overlaps the domain of another archfey, and the Fey living in that region are tired of answering to two masters. They won't be happy until one archfey yields to the other."
								],
								[
									"7",
									"A sleeping knight in silver plate mail bearing no distinguishing symbols has been discovered in a hollow tree trunk. Local Fey wonder who she is and if they should revive her or not."
								],
								[
									"8",
									"An arranged wedding was supposed to unite two feuding villages, but one of the grooms has disappeared. Everyone is searching for him in the hope that the wedding will take place, bringing peace to the domain."
								]
							]
						}
					],
					"page": 19,
					"id": "032"
				},
				{
					"type": "section",
					"name": "Weird Magic",
					"entries": [
						"Magical forces, strange interlopers, and tragic events can alter a smaller region within a Domain of Delight. While the flora, fauna, structures, and inhabitants might remain unaffected, the region's innate character takes on new qualities.",
						"When you wish to include such a region, roll on the Weird Magic Effects table to determine its effects, or choose an entry you like. These effects occur whenever you please, at the time each description suggests, or under one or more of the following circumstances:",
						{
							"type": "list",
							"items": [
								"Soon after the party first enters the region",
								"When a creature loses more than half its hit points",
								"When a creature casts a spell of 1st level or higher",
								"When a creature activates a magic item",
								"When a creature makes an exceptionally loud noise or otherwise attracts attention",
								"When the party spends at least 30 minutes in the same region"
							]
						},
						{
							"type": "table",
							"caption": "Weird Magic Effects",
							"colLabels": [
								"d8",
								"Effect"
							],
							"colStyles": [
								"col-2 text-center",
								"col-10"
							],
							"rows": [
								[
									"1",
									"Time visibly moves more quickly outside the region than inside it. For every minute the party spends inside the region, one hour passes outside the region."
								],
								[
									"2",
									"Flowers not only are abundant in the region but also have faces and limited sentience, allowing them to communicate with creatures in the Elvish and Sylvan tongues. They know what has transpired in the region within the past day and happilyshare this information."
								],
								[
									"3",
									"Each character in the region gains the benefit of a {@spell barkskin} spell that lasts for 8 hours."
								],
								[
									"4",
									"Each character who spends 1 hour in the region undergoes a magical transformation, gaining fur, a tail, and large ears reminiscent of a donkey's, goat's, or llama's. This effect ends on a character {@dice 3d8} hours after the character leaves the region. Any magic that ends a curse also restores the character's normal appearance."
								],
								[
									"5",
									"Harmless fireflies gather and flit around one character in the region, sharing that character's space for 1 hour. The fireflies generate bright light out to a range of 10 feet and dim light for an additional 10 feet. While surrounded by the fireflies, the character feels a profound sense of purpose and gains the benefit of the {@spell bless} spell."
								],
								[
									"6",
									"Creatures in the region can't leave it and find themselves covering the same ground over and over. By the time they realize this, {@dice 3d8} hours have passed, during which they have made no progress in their effort to leave. The effect then ends."
								],
								[
									"7",
									"One character in the region sees a wide, grinning mouth that floats in midair, 10 feet away from them. No other creature can see the grinning mouth. In a language the character understands, the mouth says, \"I'll answer three questions you put to me. Noes and yesses, I promise thee.\" The character can ask it three questions as if using the {@spell commune} spell."
								],
								[
									"8",
									"One character in the region triggers a wild magic effect that is determined by rolling on the {@table Wild Magic Surge|PHB} table in the \"Sorcerer\" section of the Player's Handbook. If the effect duplicates a spell, the character's spellcasting ability for that spell is Charisma."
								]
							]
						},
						{
							"type": "inset",
							"name": "Awakened Beasts",
							"entries": [
								"Awakened Beasts (Beasts that have received the benefits of an {@spell awaken} spell) are common in the Feywild, where they often serve as spies and companions."
							],
							"page": 20,
							"id": "034"
						}
					],
					"page": 19,
					"id": "033"
				},
				{
					"type": "section",
					"name": "Domain Denizens",
					"entries": [
						"The Feywild Creatures table can help you populate a Domain of Delight. Stat blocks for the listed creatures appear in the {@book Monster Manual|MM} or {@adventure The Wild Beyond the Witchlight|WBtW}.",
						"Just because a creature doesn't appear on the Feywild Creatures table doesn't mean that it can't appear in a Domain of Delight. Any D&D creature can find its way to the Feywild, and sometimes it's fun to surprise players with creatures their characters would not expect to meet in the Feywild, such as a band of githyanki or a vampire.",
						{
							"type": "table",
							"caption": "Feywild Creatures",
							"colLabels": [
								"CR",
								"Creatures"
							],
							"colStyles": [
								"col-2 text-center",
								"col-10"
							],
							"rows": [
								[
									"0",
									"{@creature Awakened shrub}, {@creature baboon}, {@creature badger}, {@creature campestri|WBtW}, {@creature cat}, {@creature crab}, {@creature deer}, {@creature eagle}, {@creature frog}, {@creature giant fire beetle}, {@creature goat}, {@creature hawk}, {@creature hyena}, {@creature jackal}, {@creature lizard}, {@creature myconid sprout}, {@creature octopus}, {@creature owl}, {@creature rat}, {@creature raven}, {@creature scorpion}, {@creature sea horse}, {@creature shrieker}, {@creature spider}, {@creature vulture}, {@creature weasel}"
								],
								[
									"1/8",
									"{@creature Bandit}, {@creature blood hawk}, {@creature boggle|vgm}, {@creature brigganock|WBtW}, {@creature camel}, {@creature displacer beast kitten|WBtW}, {@creature flying snake}, {@creature giant crab}, {@creature giant rat}, {@creature giant weasel}, {@creature guard}, {@creature harengon brigand|WBtW}, {@creature mastiff}, {@creature merfolk}, {@creature mule}, {@creature poisonous snake}, {@creature pony}, {@creature stirge}, {@creature twig blight}"
								],
								[
									"1/4",
									"{@creature Blink dog}, {@creature boar}, {@creature bullywug}, {@creature constrictor snake}, {@creature draft horse}, {@creature drow}, {@creature elk}, {@creature flying sword}, {@creature giant badger}, giant crane ({@creature pteranodon}), {@creature giant frog}, {@creature giant lizard}, {@creature giant owl}, {@creature giant poisonous snake}, {@creature giant snail|WBtW}, {@creature giant wolf spider}, {@creature goblin}, {@creature harengon sniper|WBtW}, {@creature needle blight}, {@creature panther}, {@creature pixie}, {@creature pseudodragon}, {@creature riding horse}, {@creature sprite}, {@creature swarm of ravens}, {@creature violet fungus}, {@creature wolf}"
								],
								[
									"1/2",
									"{@creature Ape}, {@creature black bear}, {@creature cockatrice}, {@creature crocodile}, {@creature darkling|vgm}, {@creature giant dragonfly|WBtW}, {@creature giant goat}, {@creature giant sea horse}, {@creature giant wasp}, {@creature hobgoblin}, {@creature myconid adult}, {@creature satyr}, {@creature scout}, {@creature swarm of insects}, {@creature vine blight}, {@creature warhorse}, {@creature worg}"
								],
								[
									"1",
									"{@creature Animated armor}, {@creature brown bear}, {@creature bugbear}, {@creature dryad}, {@creature faerie dragon (red)||faerie dragon (young)}, {@creature giant eagle}, {@creature giant hyena}, {@creature giant octopus}, {@creature giant spider}, {@creature giant toad}, {@creature giant vulture}, {@creature goblin boss}, {@creature half-ogre (ogrillon)||half-ogre}, {@creature harpy}, {@creature hippogriff}, {@creature lion}, {@creature quickling|vgm}, {@creature scarecrow}, {@creature spy}, {@creature swarm of campestris|WBtW}, {@creature tiger}"
								],
								[
									"2",
									"{@creature Awakened tree}, {@creature bandit captain}, {@creature berserker}, {@creature centaur}, {@creature darkling elder|vgm}, {@creature druid}, {@creature ettercap}, {@creature faerie dragon (violet)||faerie dragon (old)}, {@creature giant boar}, {@creature giant constrictor snake}, {@creature giant elk}, {@creature griffon}, {@creature merrow}, {@creature myconid sovereign}, {@creature ogre}, {@creature peryton}, {@creature sea hag}, {@creature swarm of poisonous snakes}, {@creature treant sapling|WBtW}, {@creature will-o'-wisp}"
								],
								[
									"3",
									"{@creature Basilisk}, {@creature bugbear chief}, {@creature bullywug knight|WBtW}, {@creature bullywug royal|GoS}, {@creature displacer beast}, {@creature giant scorpion}, {@creature green hag}, {@creature hobgoblin captain}, {@creature knight}, {@creature manticore}, {@creature minotaur}, {@creature owlbear}, {@creature phase spider}, {@creature redcap|vgm}, {@creature veteran}, {@creature water weird}, {@creature winter wolf}, {@creature yeti}"
								],
								[
									"4",
									"{@creature Banshee}, {@creature elephant}, {@creature ettin}, {@creature sea hag} (in coven)"
								],
								[
									"5",
									"{@creature Bulette}, {@creature drow elite warrior}, {@creature giant crocodile}, {@creature giant shark}, {@creature gorgon}, {@creature green hag} (in coven), {@creature hill giant}, {@creature shambling mound}, {@creature troll}, {@creature unicorn}"
								],
								[
									"6",
									"{@creature Chimera}, {@creature cyclops}, {@creature galeb duhr}, {@creature hobgoblin warlord}, {@creature mage}, {@creature mammoth}, {@creature medusa}, {@creature wyvern}"
								],
								[
									"7",
									"{@creature Drow mage}, {@creature giant ape}, {@creature korred|vgm}, {@creature oni}, {@creature stone giant}, {@creature tree blight|cos}"
								],
								[
									"8",
									"{@creature Fomorian}, {@creature frost giant}, {@creature hydra}"
								],
								[
									"9",
									"{@creature Abominable yeti}, {@creature cloud giant}, {@creature fire giant}, {@creature treant}"
								],
								[
									"11",
									"{@creature Behir}, {@creature roc}"
								],
								[
									"12",
									"{@creature Archmage}"
								],
								[
									"13",
									"{@creature Jabberwock|WBtW}, {@creature storm giant}"
								],
								[
									"17",
									"{@creature Dragon turtle}"
								]
							]
						},
						{
							"type": "image",
							"href": {
								"type": "internal",
								"path": "book/DoD/009.webp"
							},
							"title": "A boggle uses its innate magic to pluck a vial from a crone's belt."
						},
						{
							"type": "entries",
							"name": "Domain Visitors",
							"entries": [
								"As they explore a domain, the characters might encounter other visitors, including friends and foes of the domain's archfey, planar travelers, and lost souls trying to find a way home. Use the Domain Visitors table to generate encounters with such folk.",
								{
									"type": "table",
									"caption": "Domain Visitors",
									"colLabels": [
										"d8",
										"Visitor"
									],
									"colStyles": [
										"col-2 text-center",
										"col-10"
									],
									"rows": [
										[
											"1",
											"A ranger (use the {@creature scout} stat block) searching for a missing companion, lover, or long-lost ancestor"
										],
										[
											"2",
											"A {@creature druid} searching for herbs, mushrooms, or seeds found only in the Feywild"
										],
										[
											"3",
											"A {@creature mage} or an {@creature archmage} who wants to serve the Summer Queen or the Queen of Air and Darkness but doesn't know how or where to find her"
										],
										[
											"4",
											"An elf (use the {@creature noble} stat block) from the Material Plane who is researching their Fey ancestry"
										],
										[
											"5",
											"A hunter (use the {@creature gladiator} or {@creature scout} stat block) who was lured into the Feywild by their prey"
										],
										[
											"6",
											"A {@creature githzerai zerth} studying the chaotic energy of the Feywild and the magic of Fey creatures"
										],
										[
											"7",
											"A would-be warlock (use the {@creature cultist} or {@creature cult fanatic} stat block) seeking an audience with the domain's archfey in the hope of gaining its patronage"
										],
										[
											"8",
											"A friendly {@creature arcanaloth} using {@spell alter self} spells to assume Humanoid form as it searches the Feywild for one of the Books of Keeping"
										]
									]
								}
							],
							"page": 21,
							"id": "036"
						}
					],
					"page": 20,
					"id": "035"
				}
			],
			"page": 16,
			"id": "02c"
		},
		{
			"type": "section",
			"page": 22,
			"name": "Putting It All Together",
			"entries": [
				"{@creature Yarnspinner|DoD} is an archfey created using the tables in part 2. His domain, Fablerise, was fleshed out using the tables in part 3. Fablerise is a small Domain of Delight\u2014roughly three square miles nestled in a forest called Thither, which is part of a much larger Domain of Delight called Prismeer. {@creature Yarnspinner|DoD} only recently arrived in Thither and is unaware that he is intruding upon another archfey's territory (see The Wild Beyond the Witchlight for more information about Prismeer and its archfey ruler).",
				{
					"type": "image",
					"href": {
						"type": "internal",
						"path": "book/DoD/010.webp"
					},
					"title": "{@creature Yarnspinner|DoD} is an archfey who loves to tell stories."
				}
			],
			"id": "037"
		},
		{
			"type": "section",
			"page": 24,
			"name": "Adventure Aids",
			"entries": [
				"The following pages provide easy-to-use versions of appendices D and E from The Wild Beyond the Witchlight, as well as the adventure's Story Tracker.",
				{
					"type": "image",
					"href": {
						"type": "internal",
						"path": "book/DoD/aids1.webp"
					}
				},
				{
					"type": "image",
					"href": {
						"type": "internal",
						"path": "book/DoD/aids2.webp"
					}
				},
				{
					"type": "image",
					"href": {
						"type": "internal",
						"path": "book/DoD/aids3.webp"
					}
				},
				{
					"type": "image",
					"href": {
						"type": "internal",
						"path": "book/DoD/aids4.webp"
					}
				},
				{
					"type": "image",
					"href": {
						"type": "internal",
						"path": "book/DoD/aids5.webp"
					}
				},
				{
					"type": "image",
					"href": {
						"type": "internal",
						"path": "book/DoD/aids6.webp"
					}
				},
				{
					"type": "image",
					"href": {
						"type": "internal",
						"path": "book/DoD/aids7.webp"
					}
				},
				{
					"type": "image",
					"href": {
						"type": "internal",
						"path": "book/DoD/aids8.webp"
					}
				},
				{
					"type": "image",
					"href": {
						"type": "internal",
						"path": "book/DoD/aids9.webp"
					}
				},
				{
					"type": "image",
					"href": {
						"type": "internal",
						"path": "book/DoD/aids10.webp"
					}
				},
				{
					"type": "image",
					"href": {
						"type": "internal",
						"path": "book/DoD/aids11.webp"
					}
				},
				{
					"type": "image",
					"href": {
						"type": "internal",
						"path": "book/DoD/tracker1.webp"
					}
				},
				{
					"type": "image",
					"href": {
						"type": "internal",
						"path": "book/DoD/tracker2.webp"
					}
				}
			],
			"id": "038"
		}
	]
}
