{
	"book": [
		{
			"name": "Player's Handbook",
			"id": "PHB",
			"source": "PHB",
			"group": "core",
			"coverUrl": "img/covers/PHB.png",
			"published": "2014-08-19",
			"author": "Wizards RPG Team",
			"contents": [
				{
					"name": "Introduction",
					"headers": [
						"Worlds of Adventure",
						"Using This Book",
						"How to Play",
						"Adventures"
					]
				},
				{
					"name": "Step-by-Step Characters",
					"headers": [
						"1. Choose a Race",
						"2. Choose a Class",
						"3. Determine Ability Scores",
						"4. Describe Your Character",
						"5. Choose Equipment",
						"6. Come Together",
						"Beyond 1st Level"
					],
					"ordinal": {
						"type": "chapter",
						"identifier": 1
					}
				},
				{
					"name": "Races",
					"headers": [
						"Choosing a Race"
					],
					"ordinal": {
						"type": "chapter",
						"identifier": 2
					}
				},
				{
					"name": "Classes",
					"ordinal": {
						"type": "chapter",
						"identifier": 3
					}
				},
				{
					"name": "Personality and Background",
					"headers": [
						"Character Details",
						"Personal Characteristics",
						"Alignment",
						"Languages",
						"Inspiration",
						"Backgrounds"
					],
					"ordinal": {
						"type": "chapter",
						"identifier": 4
					}
				},
				{
					"name": "Equipment",
					"headers": [
						"Starting Equipment",
						"Wealth",
						"Armor and Shields",
						"Weapons",
						"Adventuring Gear",
						"Tools",
						"Mounts and Vehicles",
						{
							"index": 1,
							"header": "Trade Goods"
						},
						"Expenses",
						"Trinkets"
					],
					"ordinal": {
						"type": "chapter",
						"identifier": 5
					}
				},
				{
					"name": "Customization Options",
					"headers": [
						"Multiclassing",
						"Feats"
					],
					"ordinal": {
						"type": "chapter",
						"identifier": 6
					}
				},
				{
					"name": "Using Ability Scores",
					"headers": [
						"Ability Scores and Modifiers",
						"Advantage and Disadvantage",
						"Proficiency Bonus",
						"Ability Checks",
						"Using Each Ability",
						"Saving Throws"
					],
					"ordinal": {
						"type": "chapter",
						"identifier": 7
					}
				},
				{
					"name": "Adventuring",
					"headers": [
						"Time",
						"Movement",
						"The Environment",
						"Social Interaction",
						"Resting",
						"Between Adventures"
					],
					"ordinal": {
						"type": "chapter",
						"identifier": 8
					}
				},
				{
					"name": "Combat",
					"headers": [
						"The Order of Combat",
						"Movement and Position",
						"Actions in Combat",
						"Making an Attack",
						"Cover",
						"Damage and Healing",
						"Mounted Combat",
						"Underwater Combat"
					],
					"ordinal": {
						"type": "chapter",
						"identifier": 9
					}
				},
				{
					"name": "Spellcasting",
					"headers": [
						"What Is a Spell?",
						"Casting a Spell"
					],
					"ordinal": {
						"type": "chapter",
						"identifier": 10
					}
				},
				{
					"name": "Spells",
					"ordinal": {
						"type": "chapter",
						"identifier": 11
					}
				},
				{
					"name": "Conditions",
					"ordinal": {
						"type": "appendix",
						"identifier": "A"
					}
				},
				{
					"name": "Gods of the Multiverse",
					"ordinal": {
						"type": "appendix",
						"identifier": "B"
					}
				},
				{
					"name": "The Planes of Existence",
					"headers": [
						"The Material Plane",
						"Beyond the Material"
					],
					"ordinal": {
						"type": "appendix",
						"identifier": "C"
					}
				}
			]
		},
		{
			"name": "Monster Manual",
			"id": "MM",
			"source": "MM",
			"group": "core",
			"coverUrl": "img/covers/MM.png",
			"published": "2014-09-30",
			"author": "Wizards RPG Team",
			"contents": [
				{
					"name": "Introduction",
					"headers": [
						"How to Use This Book",
						"What Is a Monster?",
						"Statistics",
						"Legendary Creatures",
						"Shadow Dragon Template",
						"Half-Dragon Template",
						"Spore Servant Template"
					]
				},
				{
					"name": "Miscellaneous Creatures",
					"ordinal": {
						"type": "appendix",
						"identifier": "A"
					}
				},
				{
					"name": "Nonplayer Characters",
					"headers": [
						"Customizing NPCs",
						"NPC Descriptions"
					],
					"ordinal": {
						"type": "appendix",
						"identifier": "B"
					}
				}
			]
		},
		{
			"name": "Dungeon Master's Guide",
			"id": "DMG",
			"source": "DMG",
			"group": "core",
			"coverUrl": "img/covers/DMG.png",
			"published": "2014-12-09",
			"author": "Wizards RPG Team",
			"contents": [
				{
					"name": "Introduction",
					"headers": [
						"The Dungeon Master",
						"How to Use This Book",
						"Know Your Players"
					]
				},
				{
					"name": "A World of Your Own",
					"headers": [
						"The Big Picture",
						"Gods of Your World",
						"Mapping Your Campaign",
						"Settlements",
						"Languages and Dialects",
						"Factions and Organizations",
						"Magic in Your World",
						"Creating a Campaign",
						"Campaign Events",
						"Play Style",
						"Tiers of Play",
						"Flavors of Fantasy"
					],
					"ordinal": {
						"type": "chapter",
						"identifier": 1
					}
				},
				{
					"name": "Creating a Multiverse",
					"headers": [
						"The Planes",
						"Planar Travel",
						"Astral Plane",
						"Ethereal Plane",
						"Feywild",
						"Shadowfell",
						"Inner Planes",
						"Outer Planes",
						"Other Planes",
						"Known Worlds of the Material Plane"
					],
					"ordinal": {
						"type": "chapter",
						"identifier": 2
					}
				},
				{
					"name": "Creating Adventures",
					"headers": [
						"Elements of a Great Adventure",
						"Published Adventures",
						"Adventure Structure",
						"Adventure Types",
						"Complications",
						"Creating Encounters",
						"Random Encounters"
					],
					"ordinal": {
						"type": "chapter",
						"identifier": 3
					}
				},
				{
					"name": "Creating Nonplayer Characters",
					"headers": [
						"Designing NPCs",
						"NPC Party Members",
						"Contacts",
						"Hirelings",
						"Extras",
						"Villains",
						"Villainous Class Options"
					],
					"ordinal": {
						"type": "chapter",
						"identifier": 4
					}
				},
				{
					"name": "Adventure Environments",
					"headers": [
						"Dungeons",
						"Mapping a Dungeon",
						"Wilderness",
						"Mapping a Wilderness",
						"Wilderness Survival",
						"Settlement",
						"Mapping a Settlement",
						"Urban Encounters",
						"Unusual Environments",
						"Traps"
					],
					"ordinal": {
						"type": "chapter",
						"identifier": 5
					}
				},
				{
					"name": "Between Adventures",
					"headers": [
						"Linking Adventures",
						"Campaign Tracking",
						"Recurring Expenses",
						"Downtime Activities"
					],
					"ordinal": {
						"type": "chapter",
						"identifier": 6
					}
				},
				{
					"name": "Treasure",
					"headers": [
						"Types of Treasure",
						"Random Treasure",
						{
							"header": "Magic Items",
							"index": 1
						},
						"Sentient Magic Items",
						"Artifacts",
						"Other Rewards"
					],
					"ordinal": {
						"type": "chapter",
						"identifier": 7
					}
				},
				{
					"name": "Running the Game",
					"headers": [
						"Table Rules",
						"The Role of Dice",
						"Using Ability Scores",
						"Exploration",
						"Social Interaction",
						"Objects",
						"Combat",
						"Chases",
						"Siege Equipment",
						"Diseases",
						"Poisons",
						"Madness",
						"Experience Points"
					],
					"ordinal": {
						"type": "chapter",
						"identifier": 8
					}
				},
				{
					"name": "Dungeon Master's Workshop",
					"headers": [
						"Ability Options",
						"Adventuring Options",
						"Combat Options",
						"Creating a Monster",
						"Creating a Spell",
						"Creating a Magic Item",
						"Creating New Character Options"
					],
					"ordinal": {
						"type": "chapter",
						"identifier": 9
					}
				},
				{
					"name": "Random Dungeons",
					"headers": [
						"Starting Area",
						"Passages",
						"Doors",
						"Chambers",
						"Stairs",
						"Connecting Areas",
						"Stocking a Dungeon"
					],
					"ordinal": {
						"type": "appendix",
						"identifier": "A"
					}
				},
				{
					"name": "Monster Lists",
					"ordinal": {
						"type": "appendix",
						"identifier": "B"
					}
				},
				{
					"name": "Maps",
					"ordinal": {
						"type": "appendix",
						"identifier": "C"
					}
				},
				{
					"name": "Dungeon Master Inspiration",
					"ordinal": {
						"type": "appendix",
						"identifier": "D"
					}
				}
			]
		},
		{
			"name": "Dungeon Master's Screen",
			"id": "Screen",
			"source": "Screen",
			"group": "screen",
			"coverUrl": "img/covers/Screen.png",
			"published": "2015-01-20",
			"contents": [
				{
					"name": "Tables"
				}
			]
		},
		{
			"name": "Sword Coast Adventurer's Guide",
			"id": "SCAG",
			"source": "SCAG",
			"group": "setting",
			"coverUrl": "img/covers/SCAG.png",
			"published": "2015-11-03",
			"author": "Wizards RPG Team",
			"contents": [
				{
					"name": "Preface"
				},
				{
					"name": "Welcome to the Realms",
					"headers": [
						"The Sword Coast and the North",
						"Toril and Its Lands",
						"Time in the Realms",
						"A Brief History",
						"Magic in the Realms",
						"Religion in the Realms",
						"The Gods of Faerûn"
					],
					"ordinal": {
						"type": "chapter",
						"identifier": 1
					}
				},
				{
					"name": "The Sword Coast and the North",
					"headers": [
						"Note to the DM: Making the Realms Yours",
						"The Lords' Alliance",
						"Dwarfholds of the North",
						"Island Kingdoms",
						"Independent Realms",
						"The Underdark"
					],
					"ordinal": {
						"type": "chapter",
						"identifier": 2
					}
				},
				{
					"name": "Races of the Realms",
					"headers": [
						"Dwarves",
						"Elves",
						"Halflings",
						"Humans",
						"Dragonborn",
						"Gnomes",
						"Half-Elves",
						"Half-Orcs",
						"Tieflings"
					],
					"ordinal": {
						"type": "chapter",
						"identifier": 3
					}
				},
				{
					"name": "Classes",
					"headers": [
						"Barbarians",
						"Primal Paths",
						"Bards",
						"The Harpers",
						"Bardic Colleges",
						"Musical Instruments",
						"Clerics",
						"Divine Domain",
						"Druids",
						"Druid Circles",
						"Fighters",
						"Martial Archetype",
						"Monks",
						"Monastic Orders",
						"Monastic Traditions",
						"Paladins",
						"Paladin Orders",
						"Sacred Oath",
						"Rangers",
						"Rogues",
						"Roguish Archetypes",
						"Sorcerers",
						"Sorcerous Origin",
						"Warlocks",
						"Otherworldly Patron",
						"Wizards",
						"Wizardly Groups",
						"Arcane Tradition",
						"Cantrips for Sorcerers, Warlocks, and Wizards"
					],
					"ordinal": {
						"type": "chapter",
						"identifier": 4
					}
				},
				{
					"name": "Backgrounds",
					"ordinal": {
						"type": "chapter",
						"identifier": 5
					}
				}
			]
		},
		{
			"name": "Plane Shift: Zendikar",
			"id": "PS-Z",
			"source": "PSZ",
			"group": "supplement-alt",
			"coverUrl": "img/covers/PSZ.png",
			"published": "2016-04-27",
			"author": "Wizards RPG Team",
			"contents": [
				{
					"name": "Introduction",
					"headers": [
						"The World"
					]
				},
				{
					"name": "Races of Zendikar"
				},
				{
					"name": "A Zendikar Bestiary"
				}
			]
		},
		{
			"name": "Plane Shift: Innistrad",
			"id": "PS-I",
			"source": "PSI",
			"group": "supplement-alt",
			"coverUrl": "img/covers/PSI.png",
			"published": "2016-07-12",
			"author": "Wizards RPG Team",
			"contents": [
				{
					"name": "Introduction"
				},
				{
					"name": "The World of Innistrad",
					"headers": [
						"Horrors of the Night",
						"Defenders of Humanity"
					]
				},
				{
					"name": "Life on Innistrad",
					"headers": [
						"People of Innistrad",
						"The Church of Avacyn",
						"Inquisitor Background"
					]
				},
				{
					"name": "Creatures of the Night"
				},
				{
					"name": "The Coming of Emrakul",
					"headers": [
						"Rise of Emrakul",
						"Emrakul's Madness"
					]
				},
				{
					"name": "Curse of Innistrad",
					"headers": [
						"Lands of Barovia\u2014Outland Valleys",
						"Village of Barovia\u2014Shadowgrange",
						"Argynvostholt\u2014Heron's Light Hold",
						"Krezk",
						"The Ruins of Berez",
						"Van Richten's Tower\u2014Rem Karolus's Tower",
						"The Wizard of Wines and Wereravens",
						"Yester Hill",
						"Werewolf Den",
						"Adventure Hooks"
					]
				}
			]
		},
		{
			"name": "Adventurers League",
			"id": "AL",
			"source": "AL",
			"group": "other",
			"coverUrl": "img/covers/AL.png",
			"published": "2016-08-26",
			"contents": [
				{
					"name": "Faction Guide",
					"headers": [
						"Faction Advancement and Benefits",
						"Apprenticeship",
						"Harpers",
						"Order of the Gauntlet",
						"Emerald Enclave",
						"Lords' Alliance",
						"Zhentarim"
					]
				},
				{
					"name": "Further Information"
				}
			]
		},
		{
			"name": "Volo's Guide to Monsters",
			"id": "VGM",
			"source": "VGM",
			"group": "supplement",
			"coverUrl": "img/covers/VGM.png",
			"published": "2016-11-15",
			"author": "Wizards RPG Team",
			"contents": [
				{
					"name": "Monster Lore",
					"headers": [
						"Beholders: Bad Dreams Come True",
						"Giants: World Shakers",
						"Gnolls: The Insatiable Hunger",
						"Goblinoids: The Conquering Host",
						"Hags: Dark Sisterhood",
						"Kobolds: Little Dragons",
						"Mind Flayers: Scourge of Worlds",
						"Orcs: The Godsworn",
						"Yuan-ti: Snake People"
					],
					"ordinal": {
						"type": "chapter",
						"identifier": 1
					}
				},
				{
					"name": "Character Races",
					"ordinal": {
						"type": "chapter",
						"identifier": 2
					},
					"headers": [
						"Height and Weight"
					]
				},
				{
					"name": "Bestiary",
					"ordinal": {
						"type": "chapter",
						"identifier": 3
					}
				},
				{
					"name": "Assorted Beasts",
					"ordinal": {
						"type": "appendix",
						"identifier": "A"
					}
				},
				{
					"name": "Nonplayer Characters",
					"ordinal": {
						"type": "appendix",
						"identifier": "B"
					}
				}
			]
		},
		{
			"name": "Plane Shift: Kaladesh",
			"id": "PS-K",
			"source": "PSK",
			"group": "supplement-alt",
			"coverUrl": "img/covers/PSK.png",
			"published": "2017-02-16",
			"author": "Wizards RPG Team",
			"contents": [
				{
					"name": "Introduction"
				},
				{
					"name": "The World of Kaladesh",
					"headers": [
						"The Consulate and Renegades",
						"Invention and Magic",
						"Inventing Options",
						"A Kaladesh Campaign"
					]
				},
				{
					"name": "Races of Kaladesh"
				},
				{
					"name": "A Kaladesh Bestiary"
				}
			]
		},
		{
			"name": "Plane Shift: Amonkhet",
			"id": "PS-A",
			"source": "PSA",
			"group": "supplement-alt",
			"coverUrl": "img/covers/PSA.png",
			"published": "2017-07-06",
			"author": "Wizards RPG Team",
			"contents": [
				{
					"name": "Introduction"
				},
				{
					"name": "The World of Amonkhet",
					"headers": [
						"People of Naktamun"
					]
				},
				{
					"name": "Races of Amonkhet"
				},
				{
					"name": "Trials of the Five Gods"
				},
				{
					"name": "An Amonkhet Bestiary"
				}
			]
		},
		{
			"name": "One Grung Above",
			"id": "OGA",
			"source": "OGA",
			"group": "supplement-alt",
			"coverUrl": "img/covers/OGA.png",
			"published": "2017-10-11",
			"author": "Extra Life",
			"contents": [
				{
					"name": "One Grung Above"
				}
			]
		},
		{
			"name": "Xanathar's Guide to Everything",
			"id": "XGE",
			"source": "XGE",
			"group": "supplement",
			"coverUrl": "img/covers/XGE.png",
			"published": "2017-11-21",
			"author": "Wizards RPG Team",
			"contents": [
				{
					"name": "Introduction",
					"headers": [
						"Using this Book",
						"The Core Rules"
					]
				},
				{
					"name": "Character Options",
					"headers": [
						"This is Your Life",
						"Racial Feats"
					],
					"ordinal": {
						"type": "chapter",
						"identifier": 1
					}
				},
				{
					"name": "Dungeon Master's Tools",
					"headers": [
						"Simultaneous Effects",
						"Falling",
						"Sleep",
						"Adamantine Weapons",
						"Tying Knots",
						"Tool Proficiencies",
						"Spellcasting",
						"Encounter Building",
						"Random Encounters: A World of Possibilities",
						"Traps Revisited",
						"Downtime Revisited",
						"Awarding Magic Items"
					],
					"ordinal": {
						"type": "chapter",
						"identifier": 2
					}
				},
				{
					"name": "Spells",
					"ordinal": {
						"type": "chapter",
						"identifier": 3
					}
				},
				{
					"name": "Shared Campaigns",
					"headers": [
						"Code of Conduct",
						"Designing Adventures",
						"Character Creation",
						"Variant Rules"
					],
					"ordinal": {
						"type": "appendix",
						"identifier": "A"
					}
				},
				{
					"name": "Character Names",
					"ordinal": {
						"type": "appendix",
						"identifier": "B"
					}
				}
			]
		},
		{
			"name": "Plane Shift: Ixalan",
			"id": "PS-X",
			"source": "PSX",
			"group": "supplement-alt",
			"coverUrl": "img/covers/PSX.png",
			"published": "2018-01-09",
			"author": "Wizards RPG Team",
			"contents": [
				{
					"name": "Introduction"
				},
				{
					"name": "The World of Ixalan",
					"headers": [
						"Sun Empire",
						"River Heralds",
						"Legion of Dusk",
						"Brazen Coalition"
					]
				},
				{
					"name": "Races of Ixalan"
				},
				{
					"name": "Land of the Great River",
					"headers": [
						"Ancient Sites",
						"Treasure"
					]
				},
				{
					"name": "An Ixalan Bestiary",
					"headers": [
						"Appendix: The Colors of Magic"
					]
				}
			]
		},
		{
			"name": "Mordenkainen's Tome of Foes",
			"id": "MTF",
			"source": "MTF",
			"group": "supplement",
			"coverUrl": "img/covers/MTF.png",
			"published": "2018-05-29",
			"author": "Wizards RPG Team",
			"contents": [
				{
					"name": "The Blood War",
					"headers": [
						"The Great Dance",
						"Lords of the Nine",
						"Diabolical Cults",
						"Infernal Cambions",
						"Tiefling Subraces",
						"Devil Customization Tables",
						"Princes of the Abyss",
						"Lords and Their Thralls",
						"Demonic Boons",
						"Demonic Cambions",
						"Demon Customization Tables",
						"Fiendish Cults"
					],
					"ordinal": {
						"type": "chapter",
						"identifier": 1
					}
				},
				{
					"name": "Elves",
					"headers": [
						"A Race Divided",
						"The Elven Diaspora",
						"Living in Reverie",
						"The Elven Outlook",
						"Elves and Magic",
						"The Seldarine",
						"Eladrin and the Feywild",
						"Drow",
						"The Raven Queen and the Shadar-kai",
						"Elf Subraces",
						"Elf Tables"
					],
					"ordinal": {
						"type": "chapter",
						"identifier": 2
					}
				},
				{
					"name": "Dwarves and Duergar",
					"headers": [
						"The Deep Roots of War",
						"Dwarves",
						"Duergar",
						"Duergar Characters",
						"Dwarf Tables",
						"Duergar Tables"
					],
					"ordinal": {
						"type": "chapter",
						"identifier": 3
					}
				},
				{
					"name": "Gith and Their Endless War",
					"headers": [
						"Githyanki",
						"Githzerai",
						"Gith Characters",
						"Gith Tables"
					],
					"ordinal": {
						"type": "chapter",
						"identifier": 4
					}
				},
				{
					"name": "Halflings and Gnomes",
					"headers": [
						"Halflings",
						"Halfling Tables",
						"Gnomes",
						"Deep Gnome Characters",
						"Gnome Tables"
					],
					"ordinal": {
						"type": "chapter",
						"identifier": 5
					}
				},
				{
					"name": "Bestiary",
					"ordinal": {
						"type": "chapter",
						"identifier": 6
					}
				}
			]
		},
		{
			"name": "Plane Shift: Dominaria",
			"id": "PS-D",
			"source": "PSD",
			"group": "supplement-alt",
			"coverUrl": "img/covers/PSD.png",
			"published": "2018-07-31",
			"author": "Wizards RPG Team",
			"contents": [
				{
					"name": "Introduction",
					"headers": [
						"The Domains"
					]
				},
				{
					"name": "Seven Pillars of Benalia"
				},
				{
					"name": "Church of Serra"
				},
				{
					"name": "Tolarian Academy"
				},
				{
					"name": "Merfolk of Vodalia"
				},
				{
					"name": "Belezenlok's Cabal"
				},
				{
					"name": "Warhosts of Keld"
				},
				{
					"name": "Elves of Llanowar"
				}
			]
		},
		{
			"name": "Guildmasters' Guide to Ravnica",
			"id": "GGR",
			"source": "GGR",
			"group": "setting",
			"coverUrl": "img/covers/GGR.png",
			"published": "2018-11-20",
			"contents": [
				{
					"name": "Welcome to Ravnica",
					"headers": [
						"City of Guilds",
						"History of Ravnica",
						"Life in the Big City"
					]
				},
				{
					"name": "Character Creation",
					"ordinal": {
						"type": "chapter",
						"identifier": 1
					},
					"headers": [
						"Choosing a Guild",
						"Races",
						"Classes by Guild",
						"Subclass Options"
					]
				},
				{
					"name": "Guilds of Ravnica",
					"ordinal": {
						"type": "chapter",
						"identifier": 2
					},
					"headers": [
						"Azorius Senate",
						"Boros Legion",
						"House Dimir",
						"Golgari Swarm",
						"Gruul Clans",
						"Izzet League",
						"Orzhov Syndicate",
						"Cult of Rakdos",
						"Selesnya Conclave",
						"Simic Combine"
					]
				},
				{
					"name": "The Tenth District",
					"ordinal": {
						"type": "chapter",
						"identifier": 3
					},
					"headers": [
						"The Six Precincts",
						"Major Trade Ways",
						"Beneath the Streets",
						"Precinct One",
						"Precinct Two",
						"Precinct Three",
						"Precinct Four",
						"Precinct Five",
						"Precinct Six"
					]
				},
				{
					"name": "Creating Adventures",
					"ordinal": {
						"type": "chapter",
						"identifier": 4
					},
					"headers": [
						"Guild-Based Adventures",
						"Choosing a Guild",
						"Involving the Characters",
						"Complications",
						"Azorius Senate",
						"Boros Legion",
						"House Dimir",
						"Golgari Swarm",
						"Gruul Clans",
						"Izzet League",
						"Orzhov Syndicate",
						"Cult of Rakdos",
						"Selesnya Conclave",
						"Simic Combine"
					]
				},
				{
					"name": "Treasures",
					"ordinal": {
						"type": "chapter",
						"identifier": 5
					},
					"headers": [
						"Coins in Treasure",
						"Guild Charms",
						"Magic Items"
					]
				},
				{
					"name": "Friends and Foes",
					"ordinal": {
						"type": "chapter",
						"identifier": 6
					},
					"headers": [
						"Creatures by Guild"
					]
				},
				{
					"name": "NPCs by Guild",
					"headers": [
						"Azorius NPCs",
						"Boros NPCs",
						"Dimir NPCs",
						"Golgari NPCs",
						"Gruul NPCs",
						"Izzet NPCs",
						"Orzhov NPCs",
						"Rakdos NPCs",
						"Selesnya NPCs",
						"Simic NPCs"
					]
				}
			]
		},
		{
			"name": "Sage Advice Compendium",
			"id": "SAC",
			"source": "SAC",
			"group": "other",
			"coverUrl": "img/covers/SAC.png",
			"published": "2019-01-31",
			"contents": [
				{
					"name": "Sage Advice Compendium",
					"headers": [
						"Rules References",
						"Compiled Answers",
						"The Role of Rules",
						"Character Creation",
						"Racial Traits",
						"Class Features",
						"Backgrounds",
						"Equipment",
						"Multiclassing",
						"Feats",
						"Ability Checks",
						"Adventuring",
						"Combat",
						"Spellcasting",
						"Monsters",
						"Magic Items"
					]
				}
			]
		},
		{
			"name": "Acquisitions Incorporated",
			"id": "AI",
			"source": "AI",
			"group": "supplement",
			"coverUrl": "img/covers/AI.png",
			"published": "2019-06-18",
			"contents": [
				{
					"name": "Acquisitions Incorporated",
					"ordinal": {
						"type": "chapter",
						"identifier": 1
					},
					"headers": [
						"It's Just Business",
						"A Corporate Prospectus",
						"Fast Franchise Generator"
					]
				},
				{
					"name": "Growing Your Franchise",
					"ordinal": {
						"type": "chapter",
						"identifier": 2
					},
					"headers": [
						"Franchise Advancement",
						"Company Positions",
						{
							"depth": 1,
							"header": "Cartographer"
						},
						{
							"depth": 1,
							"header": "Decisionist"
						},
						{
							"depth": 1,
							"header": "Documancer"
						},
						{
							"depth": 1,
							"header": "Hoardsperson"
						},
						{
							"depth": 1,
							"header": "Loremonger"
						},
						{
							"depth": 1,
							"header": "Obviator"
						},
						{
							"depth": 1,
							"header": "Occultant"
						},
						{
							"depth": 1,
							"header": "Secretarian"
						},
						"Franchise Tasks and Downtime"
					]
				},
				{
					"name": "Player Options",
					"ordinal": {
						"type": "chapter",
						"identifier": 3
					},
					"headers": [
						"Backgrounds",
						"Playing with Class",
						"New Race: Verdan",
						"New Spells",
						"Factions and Rivals"
					]
				},
				{
					"name": "Acq Inc",
					"ordinal": {
						"type": "appendix",
						"identifier": "A"
					},
					"headers": [
						"Omin Dran",
						"Jim Darkmagic",
						"Viari",
						"Môrgæn",
						"Flabbergast",
						"The \"C\" Team",
						"The \"B\" Team",
						"House Dran"
					]
				},
				{
					"name": "Monsters",
					"ordinal": {
						"type": "appendix",
						"identifier": "B"
					},
					"headers": [
						"Iconic Faction Features",
						"Iconic Franchise Features"
					]
				},
				{
					"name": "Vehicles",
					"ordinal": {
						"type": "appendix",
						"identifier": "C"
					}
				},
				{
					"name": "Orrery and Components",
					"ordinal": {
						"type": "appendix",
						"identifier": "D"
					}
				},
				{
					"name": "Trinkets",
					"ordinal": {
						"type": "appendix",
						"identifier": "E"
					}
				}
			]
		},
		{
			"name": "Dungeons & Dragons vs. Rick and Morty: Basic Rules",
			"id": "RMR",
			"source": "RMR",
			"group": "supplement",
			"coverUrl": "img/covers/RMR.png",
			"published": "2019-11-19",
			"contents": [
				{
					"name": "How to Play",
					"ordinal": {
						"type": "chapter",
						"identifier": 1
					},
					"headers": [
						"Getting Started",
						{
							"depth": 1,
							"header": "1. The DM describes the environment"
						},
						{
							"depth": 1,
							"header": "2. The players describe what they want to do"
						},
						{
							"depth": 1,
							"header": "3. The DM narrates the results of the adventurers' actions."
						},
						"Six Abilities",
						{
							"depth": 1,
							"header": "1. Roll the die"
						},
						{
							"depth": 1,
							"header": "2. Apply circumstantial bonuses and penalties"
						},
						{
							"depth": 1,
							"header": "3. Compare the total to a target number"
						}
					]
				},
				{
					"name": "Combat",
					"ordinal": {
						"type": "chapter",
						"identifier": 2
					},
					"headers": [
						"The Order of Combat",
						"Movement and Position",
						"Actions in Combat",
						"Making an Attack",
						"Cover",
						"Damage and Healing"
					]
				},
				{
					"name": "Adventuring",
					"ordinal": {
						"type": "chapter",
						"identifier": 3
					},
					"headers": [
						"Travel",
						"Resting",
						"Rewards",
						"Equipment",
						"Armor and Shields",
						"Weapons",
						"Miscellaneous Gear and Services"
					]
				},
				{
					"name": "Spellcasting",
					"ordinal": {
						"type": "chapter",
						"identifier": 4
					},
					"headers": [
						"What Is a Spell?",
						"Casting a Spell",
						"Spell Lists",
						"Spells"
					]
				},
				{
					"name": "Conditions",
					"ordinal": {
						"type": "appendix",
						"identifier": "A"
					},
					"headers": [
						"Blinded",
						"Charmed",
						"Deafened",
						"Exhaustion",
						"Frightened",
						"Grappled",
						"Incapacitated",
						"Invisible",
						"Paralyzed",
						"Petrified",
						"Poisoned",
						"Prone",
						"Restrained",
						"Stunned",
						"Unconscious"
					]
				},
				{
					"name": "WHAT IS THE F***ING POINT?!",
					"ordinal": {
						"type": "appendix",
						"identifier": "B"
					}
				}
			]
		},
		{
			"name": "Eberron: Rising from the Last War",
			"id": "ERLW",
			"source": "ERLW",
			"group": "setting",
			"coverUrl": "img/covers/ERLW.png",
			"published": "2019-11-19",
			"contents": [
				{
					"name": "Welcome to Eberron",
					"headers": [
						"Using This Book",
						"Seven Things to Know",
						"History of Eberron",
						"Life in Khorvaire",
						"Pulp Adventure",
						"Noir Intrigue",
						"A Magical World",
						"The Last War",
						"The Draconic Prophecy"
					]
				},
				{
					"name": "Character Creation",
					"ordinal": {
						"type": "chapter",
						"identifier": 1
					},
					"headers": [
						"Races",
						"Changelings",
						"Dragonborn",
						"Dwarves",
						"Elves",
						"Gnomes",
						"Goblinoids",
						"Half-Elves",
						"Halflings",
						"Humans",
						"Kalashtar",
						"Orcs and Half-Orcs",
						"Shifters",
						"Tieflings",
						"Warforged"
					]
				},
				{
					"name": "Character Creation - Dragonmarks",
					"ordinal": {
						"type": "chapter",
						"identifier": 1
					},
					"headers": [
						"Dragonmarks",
						"The Mark of Detection",
						"The Mark of Finding",
						"The Mark of Handling",
						"The Mark of Healing",
						"The Mark of Hospitality",
						"The Mark of Making",
						"The Mark of Passage",
						"The Mark of Scribing",
						"The Mark of Sentinel",
						"The Mark of Shadow",
						"The Mark of Storm",
						"The Mark of Warding",
						"Aberrant Dragonmarks",
						"Background"
					]
				},
				{
					"name": "Character Creation - Artificer",
					"ordinal": {
						"type": "chapter",
						"identifier": 1
					},
					"headers": [
						"Class: Artificer",
						"Class Features",
						"Artificer Specialists",
						"Artificer Infusions"
					]
				},
				{
					"name": "Character Creation - Group Patrons",
					"ordinal": {
						"type": "chapter",
						"identifier": 1
					},
					"headers": [
						"How Patrons Work",
						"Patrons in Eberron",
						"Adventurers' Guild",
						"Crime Syndicate",
						"Dragonmarked House",
						"Espionage Agency",
						"Head of State",
						"Immortal Being",
						"Inquisitive Agency",
						"Military Force",
						"Newspaper",
						"Religious Order",
						"University"
					]
				},
				{
					"name": "Khorvaire Gazetteer",
					"ordinal": {
						"type": "chapter",
						"identifier": 2
					},
					"headers": [
						"Nations of Khorvaire",
						"Aundair",
						"Breland",
						"Cyre (The Mournland)",
						"Darguun",
						"Demon Wastes",
						"Droaam",
						"Eldeen Reaches",
						"Karrnath",
						"Lhazaar Principalities",
						"Mror Holds",
						"Q'barra",
						"Shadow Marches",
						"Talenta Plains",
						"Thrane",
						"Thronehold",
						"Valenar",
						"Zilargo"
					]
				},
				{
					"name": "Khorvaire Gazeteer - Distant Lands",
					"ordinal": {
						"type": "chapter",
						"identifier": 2
					},
					"headers": [
						"Aerenal",
						"Argonnessen",
						"Khyber",
						"North and South Poles",
						"Sarlona",
						"Xen'drik"
					]
				},
				{
					"name": "Khorvaire Gazeteer - Faiths of Khorvaire",
					"ordinal": {
						"type": "chapter",
						"identifier": 2
					},
					"headers": [
						"Deities of Eberron",
						"Sovereign Host",
						"Dark Six",
						"Church of the Silver Flame",
						"Blood of Vol",
						"Cults of the Dragon Below",
						"Path of Light",
						"Spirits of the Past",
						"Undying Court",
						"Druids of Khorvaire"
					]
				},
				{
					"name": "Sharn, City of Towers",
					"ordinal": {
						"type": "chapter",
						"identifier": 3
					},
					"headers": [
						"The Shape of Sharn",
						"Guide to the City",
						"Wards of Sharn",
						"Central Plateau",
						"Dura",
						"Menthis Plateau",
						"Northedge",
						"Tavick's Landing",
						"Above and Below",
						"Dungeons of Sharn",
						"Criminal Activities",
						"Forces of the Law"
					]
				},
				{
					"name": "Building Eberron Adventures",
					"ordinal": {
						"type": "chapter",
						"identifier": 4
					},
					"headers": [
						"Adventure Themes",
						"The Aurum",
						"Cults of the Dragon Below",
						"Dragonmarked Houses",
						"Dragons",
						"The Dreaming Dark",
						"Droaam",
						"Gatekeepers",
						"Goblinoids (Heirs of Dhakaan)"
					]
				},
				{
					"name": "Building Eberron Adventures",
					"ordinal": {
						"type": "chapter",
						"identifier": 4
					},
					"headers": [
						"The Last War",
						"Lord of Blades",
						"The Lords of Dust",
						"The Mournland",
						"Order of the Emerald Claw",
						"Planes of Existence",
						"Tour of the Planes",
						"Eberron and the Multiverse",
						"Gods, Celestials, and Fiends",
						"Travel"
					]
				},
				{
					"name": "Building Eberron Adventures - Sharn",
					"ordinal": {
						"type": "chapter",
						"identifier": 4
					},
					"headers": [
						"Adventures in Sharn",
						"Crime in Sharn",
						"The Boromar Clan",
						"Daask",
						"House Tarkanan",
						"The Tyrants",
						"Sharn Watch"
					]
				},
				{
					"name": "Treasures",
					"headers": [
						"Dragonshards",
						"Magic Items",
						"Eldritch Machines",
						"Everyday Magic Items"
					]
				},
				{
					"name": "Friends and Foes",
					"headers": [
						"Daelkyr",
						"Living Spells"
					]
				}
			]
		},
		{
			"name": "Explorer's Guide to Wildemount",
			"id": "EGW",
			"source": "EGW",
			"group": "setting",
			"coverUrl": "img/covers/EGW.png",
			"published": "2020-03-17",
			"contents": [
				{
					"name": "Preface"
				},
				{
					"name": "Welcome to Wildemount",
					"headers": [
						"A New D&D Setting",
						"Nations of Wildemount",
						"What's in This Book?",
						"War!",
						"Calendar and Time",
						"Moons of Exandria",
						"Daily Life in Wildemount"
					]
				},
				{
					"name": "Story of Wildemount",
					"headers": [
						"History of Wildemount",
						"Wildemount after the Calamity",
						"Pantheon of Exandria",
						"Prime Deities",
						"Betrayer Gods",
						"Lesser Idols"
					],
					"ordinal": {
						"type": "chapter",
						"identifier": 1
					}
				},
				{
					"name": "Factions and Societies",
					"headers": [
						"Dwendalian Empire",
						"Kryn Dynasty",
						"Cerberus Assembly",
						"Clovis Concord",
						"The Myriad",
						"Children of Malice",
						"Diarchy of Uthodurn",
						"Tribes of Shadycreek Run",
						"Library of the Cobalt Soul",
						"Scars of Scale and Tooth",
						"Claret Orders",
						"Golden Grin",
						"The Revelry"
					],
					"ordinal": {
						"type": "chapter",
						"identifier": 2
					}
				},
				{
					"name": "Wildemount Gazetteer",
					"headers": [
						"Regions",
						"Menagerie Coast",
						{
							"depth": 1,
							"header": "Areas (A-C)"
						},
						{
							"depth": 1,
							"header": "Areas (D-F)"
						},
						{
							"depth": 1,
							"header": "Areas (G-O)"
						},
						{
							"depth": 1,
							"header": "Areas (P-R)"
						},
						{
							"depth": 1,
							"header": "Areas (S-Z)"
						},
						"Marrow Valley",
						{
							"depth": 1,
							"header": "Areas (A-C)"
						},
						{
							"depth": 1,
							"header": "Areas (D-K)"
						},
						{
							"depth": 1,
							"header": "Areas (L-Z)"
						},
						"Zemni Fields",
						{
							"depth": 1,
							"header": "Areas (A-K)"
						},
						{
							"depth": 1,
							"header": "Areas (N-R)"
						},
						{
							"depth": 1,
							"header": "Areas (S-Z)"
						},
						"Greying Wildlands",
						{
							"depth": 1,
							"header": "Areas (A-M)"
						},
						{
							"depth": 1,
							"header": "Areas (P-Z)"
						},
						"Eiselcross",
						{
							"depth": 1,
							"header": "Encounters in Eiselcross"
						},
						{
							"depth": 1,
							"header": "Islands of Eiselcross"
						},
						{
							"depth": 1,
							"header": "Wildfolk of Eiselcross"
						},
						{
							"depth": 1,
							"header": "Areas (A-M)"
						},
						{
							"depth": 1,
							"header": "Areas (R-Z)"
						},
						"Wastes of Xhorhas",
						{
							"depth": 1,
							"header": "Areas (A-D)"
						},
						{
							"depth": 1,
							"header": "Areas (F-R)"
						},
						{
							"depth": 1,
							"header": "Areas (S-Z)"
						},
						"Blightshore",
						"Distant Lands of Exandria"
					],
					"ordinal": {
						"type": "chapter",
						"identifier": 3
					}
				},
				{
					"name": "Character Options",
					"headers": [
						"Races",
						{
							"depth": 1,
							"header": "Dwarves"
						},
						{
							"depth": 1,
							"header": "Elves"
						},
						{
							"depth": 1,
							"header": "Halflings"
						},
						{
							"depth": 1,
							"header": "Humans"
						},
						{
							"depth": 1,
							"header": "Aarakocra"
						},
						{
							"depth": 1,
							"header": "Aasimar"
						},
						{
							"depth": 1,
							"header": "Dragonborn"
						},
						{
							"depth": 1,
							"header": "Firbolgs"
						},
						{
							"depth": 1,
							"header": "Genasi"
						},
						{
							"depth": 1,
							"header": "Gnomes"
						},
						{
							"depth": 1,
							"header": "Goblinkin"
						},
						{
							"depth": 1,
							"header": "Goliaths"
						},
						{
							"depth": 1,
							"header": "Half-Elves"
						},
						{
							"depth": 1,
							"header": "Kenku"
						},
						{
							"depth": 1,
							"header": "Orcs and Half-Orcs"
						},
						{
							"depth": 1,
							"header": "Tabaxi"
						},
						{
							"depth": 1,
							"header": "Tieflings"
						},
						{
							"depth": 1,
							"header": "Tortles"
						},
						{
							"depth": 1,
							"header": "Hollow One"
						},
						"Subclasses",
						{
							"depth": 1,
							"header": "Dunamis and Dunamancy"
						},
						{
							"depth": 1,
							"header": "Fighter"
						},
						{
							"depth": 1,
							"header": "Wizard"
						},
						"Dunamancy Spells",
						"Spell Descriptions",
						"Heroic Chronicle",
						"Backgrounds"
					],
					"ordinal": {
						"type": "chapter",
						"identifier": 4
					}
				},
				{
					"name": "Adventures in Wildemount",
					"headers": [
						"Using These Adventures"
					],
					"ordinal": {
						"type": "chapter",
						"identifier": 5
					}
				},
				{
					"name": "Wildemount Treasures",
					"headers": [
						"Magic Items of Wildemount",
						"Vestiges of Divergence",
						"Arms of the Betrayers",
						"Artifact Descriptions"
					],
					"ordinal": {
						"type": "chapter",
						"identifier": 6
					}
				},
				{
					"name": "Wildemount Bestiary"
				},
				{
					"name": "Glossary"
				},
				{
					"name": "Maps"
				}
			]
		},
		{
			"name": "Mythic Odysseys of Theros",
			"id": "MOT",
			"source": "MOT",
			"group": "setting",
			"coverUrl": "img/covers/MOT.png",
			"published": "2020-06-02",
			"contents": [
				{
					"name": "Welcome to Theros",
					"headers": [
						"Dreams of Divinity",
						"History and Myth",
						"Languages"
					]
				},
				{
					"name": "Character Creation",
					"headers": [
						"Heroic Drive",
						"Supernatural Gifts",
						"Races",
						"Subclass Options",
						"Background"
					],
					"ordinal": {
						"type": "chapter",
						"identifier": 1
					}
				},
				{
					"name": "Gods of Theros",
					"headers": [
						"Divine Characteristics",
						"Worship",
						"Clerics and Champions",
						"Piety",
						"The Gods"
					],
					"ordinal": {
						"type": "chapter",
						"identifier": 2
					}
				},
				{
					"name": "Realms of Gods and Mortals",
					"headers": [
						"The Mortal Realm",
						"Akros",
						"Meletis",
						"Setessa",
						"Oreskos",
						"Phoberos and Skophos",
						"Realms of the Returned",
						"The Siren Sea",
						"Skola Vale",
						"The Katachthon Mountains",
						"The Oraniad Mountains",
						"Realms of the Gods"
					],
					"ordinal": {
						"type": "chapter",
						"identifier": 3
					}
				},
				{
					"name": "Creating Theros Adventures",
					"headers": [
						"God-Based Adventures",
						"Divine Assistance",
						"Athreos",
						"Ephara",
						"Erebos",
						"Heliod",
						"Iroas",
						"Karametra",
						"Keranos",
						"Klothys",
						"Kruphix",
						"Mogis",
						"Nylea",
						"Pharika",
						"Phenax",
						"Purphoros",
						"Thassa",
						"Nautical Adventures",
						"Underworld Adventures",
						"No Silent Secret"
					],
					"ordinal": {
						"type": "chapter",
						"identifier": 4
					}
				},
				{
					"name": "Treasures",
					"headers": [
						"Magic Items",
						"Magic Item Descriptions",
						"Artifacts",
						"Artifact Descriptions"
					],
					"ordinal": {
						"type": "chapter",
						"identifier": 5
					}
				},
				{
					"name": "Friends and Foes",
					"headers": [
						"Nyxborn Creatures",
						"Classic Monsters",
						"Bestiary",
						"Mythic Monsters"
					],
					"ordinal": {
						"type": "chapter",
						"identifier": 6
					}
				}
			]
		},
		{
			"name": "Dungeon Master's Screen: Dungeon Kit",
			"id": "ScreenDungeonKit",
			"source": "ScreenDungeonKit",
			"group": "screen",
			"coverUrl": "img/covers/ScreenDungeonKit.webp",
			"published": "2020-09-21",
			"contents": [
				{
					"name": "Screen",
					"headers": [
						"Long Jump",
						"High Jump",
						"Suffocating",
						"Concentration",
						"Exhaustion",
						"Conditions",
						"State of Ruin",
						"Dungeon Encounters",
						"Dungeon Chambers"
					]
				},
				{
					"name": "Included Accessories",
					"headers": [
						"Condition and Hazard Cards",
						"Initiative Cards",
						"Geomorph Cards"
					]
				}
			]
		},
		{
			"name": "Dungeon Master's Screen: Wilderness Kit",
			"id": "ScreenWildernessKit",
			"source": "ScreenWildernessKit",
			"group": "screen",
			"coverUrl": "img/covers/ScreenWildernessKit.png",
			"published": "2020-11-17",
			"contents": [
				{
					"name": "Wilderness Journeys"
				},
				{
					"name": "Wilderness Chases"
				}
			]
		},
		{
			"name": "Tasha's Cauldron of Everything",
			"id": "TCE",
			"source": "TCE",
			"group": "supplement",
			"coverUrl": "img/covers/TCE.png",
			"published": "2020-11-17",
			"author": "Wizards RPG Team",
			"contents": [
				{
					"name": "Using This Book",
					"headers": [
						"What You'll Find Within",
						"It's All Optional",
						"Ten Rules to Remember"
					]
				},
				{
					"name": "Character Options",
					"headers": [
						"Customizing Your Origin",
						"Changing a Skill",
						"Changing Your Subclass",
						"Artificer",
						{
							"depth": 1,
							"header": "Artificers in Many Worlds"
						},
						"Barbarian",
						"Bard",
						"Cleric",
						"Druid",
						"Fighter",
						{
							"depth": 1,
							"header": "Battle Master Builds"
						},
						"Monk",
						"Paladin",
						"Ranger",
						"Rogue",
						"Sorcerer",
						"Warlock",
						"Wizard",
						"Feats"
					],
					"ordinal": {
						"type": "chapter",
						"identifier": 1
					}
				},
				{
					"name": "Group Patrons",
					"headers": [
						"How Patrons Work",
						"Example Patrons",
						"Being Your Own Patron"
					],
					"ordinal": {
						"type": "chapter",
						"identifier": 2
					}
				},
				{
					"name": "Magical Miscellany",
					"headers": [
						"Spells",
						"Personalizing Spells",
						"Magic Items",
						"Magic Tattoos",
						"Magic Item Descriptions"
					],
					"ordinal": {
						"type": "chapter",
						"identifier": 3
					}
				},
				{
					"name": "Dungeon Master's Tools",
					"headers": [
						"Session Zero",
						"Sidekicks",
						"Parleying with Monsters",
						"Environmental Hazards",
						"Puzzles",
						{
							"depth": 1,
							"header": "Why Use Puzzles?"
						},
						{
							"depth": 1,
							"header": "Creature Paintings"
						},
						{
							"depth": 1,
							"header": "Reckless Steps"
						},
						{
							"depth": 1,
							"header": "Skeleton Keys"
						},
						{
							"depth": 1,
							"header": "All That Glitters"
						},
						{
							"depth": 1,
							"header": "Eye of the Beholder"
						},
						{
							"depth": 1,
							"header": "Four by Four"
						},
						{
							"depth": 1,
							"header": "Illusive Island"
						},
						{
							"depth": 1,
							"header": "Material Components"
						},
						{
							"depth": 1,
							"header": "Members Only"
						},
						{
							"depth": 1,
							"header": "Exact Change"
						},
						{
							"depth": 1,
							"header": "Four Elements"
						},
						{
							"depth": 1,
							"header": "Haunted Hallway"
						},
						{
							"depth": 1,
							"header": "What's on the Menu"
						},
						{
							"depth": 1,
							"header": "Puzzle Handouts"
						}
					],
					"ordinal": {
						"type": "chapter",
						"identifier": 4
					}
				}
			]
		},
		{
			"name": "Van Richten's Guide to Ravenloft",
			"id": "VRGR",
			"source": "VRGR",
			"group": "setting",
			"coverUrl": "img/covers/VRGR.png",
			"published": "2021-05-18",
			"contents": [
				{
					"name": "Welcome to Ravenloft",
					"headers": [
						"Using This Book",
						"The Land of the Mists"
					]
				},
				{
					"name": "Character Creation",
					"headers": [
						{
							"header": "Haunted Heroes",
							"index": 1
						},
						{
							"header": "Lineages",
							"index": 1
						},
						{
							"depth": 1,
							"header": "Dhampir"
						},
						{
							"depth": 1,
							"header": "Hexblood"
						},
						{
							"depth": 1,
							"header": "Reborn"
						},
						{
							"header": "Dark Gifts",
							"index": 1
						},
						{
							"depth": 1,
							"header": "Dark Bargains"
						},
						{
							"depth": 1,
							"header": "Dark Gift Descriptions"
						},
						{
							"header": "Subclass Options",
							"index": 1
						},
						{
							"header": "Backgrounds",
							"index": 1
						},
						{
							"depth": 1,
							"header": "General Background Features"
						},
						{
							"depth": 1,
							"header": "Horror Characteristics"
						},
						{
							"header": "Horror Trinkets",
							"index": 1
						}
					],
					"ordinal": {
						"type": "chapter",
						"identifier": 1
					}
				},
				{
					"name": "Creating Domains of Dread",
					"headers": [
						"Creating a Darklord",
						"Creating a Domain",
						"Genres of Horror",
						"Body Horror",
						"Cosmic Horror",
						"Dark Fantasy",
						"Folk Horror",
						"Ghost Stories",
						"Gothic Horror",
						"Other Horror Genres"
					],
					"ordinal": {
						"type": "chapter",
						"identifier": 2
					}
				},
				{
					"name": "Domains of Ravenloft",
					"headers": [
						"Nature of Ravenloft",
						{
							"depth": 1,
							"header": "Featured Domains"
						},
						"Barovia",
						{
							"depth": 1,
							"header": "Noteworthy Features"
						},
						{
							"depth": 1,
							"header": "Settlements and Sites"
						},
						{
							"depth": 1,
							"header": "Strahd von Zarovich"
						},
						{
							"depth": 1,
							"header": "Adventures in Barovia"
						},
						{
							"depth": 1,
							"header": "Incarnations of Tatyana"
						},
						"Bluetspur",
						{
							"depth": 1,
							"header": "Noteworthy Features"
						},
						{
							"depth": 1,
							"header": "Settlements and Sites"
						},
						{
							"depth": 1,
							"header": "The God-Brain"
						},
						{
							"depth": 1,
							"header": "Adventures in Bluetspur"
						},
						{
							"depth": 1,
							"header": "Return to Bluetspur"
						},
						"Borca",
						{
							"depth": 1,
							"header": "Noteworthy Features"
						},
						{
							"depth": 1,
							"header": "Settlements and Sites"
						},
						{
							"depth": 1,
							"header": "Ivana Boritsi"
						},
						{
							"depth": 1,
							"header": "Ivan Dilisnya"
						},
						{
							"depth": 1,
							"header": "Adventures in Borca"
						},
						{
							"depth": 1,
							"header": "Nobles of Borca"
						},
						{
							"depth": 1,
							"header": "Intrigue in Borca"
						},
						{
							"depth": 1,
							"header": "Ivana's Intrigues"
						},
						{
							"depth": 1,
							"header": "Ivan's Intrigues"
						},
						"The Carnival",
						{
							"depth": 1,
							"header": "Noteworthy Features"
						},
						{
							"depth": 1,
							"header": "Settlements and Sites"
						},
						{
							"depth": 1,
							"header": "Isolde and Nepenthe"
						},
						{
							"depth": 1,
							"header": "Adventures in the Carnival"
						},
						"Darkon",
						{
							"depth": 1,
							"header": "Noteworthy Features"
						},
						{
							"depth": 1,
							"header": "Settlements and Sites"
						},
						{
							"depth": 1,
							"header": "Inheritors of Darkon"
						},
						{
							"depth": 1,
							"header": "Adventures in Darkon"
						},
						{
							"depth": 1,
							"header": "The Doomed Domain"
						},
						"Dementlieu",
						{
							"depth": 1,
							"header": "Noteworthy Features"
						},
						{
							"depth": 1,
							"header": "Settlements and Sites"
						},
						{
							"depth": 1,
							"header": "Saidra d'Honaire"
						},
						{
							"depth": 1,
							"header": "Adventures in Dementlieu"
						},
						{
							"depth": 1,
							"header": "The Grand Masquerade"
						},
						"Falkovnia",
						{
							"depth": 1,
							"header": "Noteworthy Features"
						},
						{
							"depth": 1,
							"header": "Settlements and Sites"
						},
						{
							"depth": 1,
							"header": "Vladeska Drakov"
						},
						{
							"depth": 1,
							"header": "Adventures in Falkovnia"
						},
						{
							"depth": 1,
							"header": "Siege of Lekar"
						},
						"Har'Akir",
						{
							"depth": 1,
							"header": "Noteworthy Features"
						},
						{
							"depth": 1,
							"header": "Settlements and Sites"
						},
						{
							"depth": 1,
							"header": "Ankhtepot"
						},
						{
							"depth": 1,
							"header": "Adventures in Har'Akir"
						},
						{
							"depth": 1,
							"header": "Gods of Har'Akir"
						},
						{
							"depth": 1,
							"header": "The Darklord's Soul"
						},
						"Hazlan",
						{
							"depth": 1,
							"header": "Noteworthy Features"
						},
						{
							"depth": 1,
							"header": "Settlements and Sites"
						},
						{
							"depth": 1,
							"header": "Hazlik"
						},
						{
							"depth": 1,
							"header": "Adventures in Hazlan"
						},
						{
							"depth": 1,
							"header": "Magic in the Dying Domain"
						},
						{
							"depth": 1,
							"header": "The Eye of Hazlik"
						},
						"I'Cath",
						{
							"depth": 1,
							"header": "Noteworthy Features"
						},
						{
							"depth": 1,
							"header": "Sites"
						},
						{
							"depth": 1,
							"header": "Tsien Chiang"
						},
						{
							"depth": 1,
							"header": "Adventures in I'Cath"
						},
						{
							"depth": 1,
							"header": "The Dream of I'Cath"
						},
						"Kalakeri",
						{
							"depth": 1,
							"header": "Noteworthy Features"
						},
						{
							"depth": 1,
							"header": "Settlements and Sites"
						},
						{
							"depth": 1,
							"header": "Ramya Vasavadan"
						},
						{
							"depth": 1,
							"header": "Adventures in Kalakeri"
						},
						{
							"depth": 1,
							"header": "Vasavadan Traitors"
						},
						{
							"depth": 1,
							"header": "Treachery in Kalakeri"
						},
						"Kartakass",
						{
							"depth": 1,
							"header": "Noteworthy Features"
						},
						{
							"depth": 1,
							"header": "Settlements and Sites"
						},
						{
							"depth": 1,
							"header": "Harkon Lukas"
						},
						{
							"depth": 1,
							"header": "Adventures in Kartakass"
						},
						{
							"depth": 1,
							"header": "Insatiable Hungers"
						},
						"Lamordia",
						{
							"depth": 1,
							"header": "Noteworthy Features"
						},
						{
							"depth": 1,
							"header": "Settlements and Sites"
						},
						{
							"depth": 1,
							"header": "Viktra Mordenheim"
						},
						{
							"depth": 1,
							"header": "Adventures in Lamordia"
						},
						{
							"depth": 1,
							"header": "Mordenheim's Monsters"
						},
						"Mordent",
						{
							"depth": 1,
							"header": "Noteworthy Features"
						},
						{
							"depth": 1,
							"header": "Settlements and Sites"
						},
						{
							"depth": 1,
							"header": "Wilfred Godefroy"
						},
						{
							"depth": 1,
							"header": "Adventures in Mordent"
						},
						{
							"depth": 1,
							"header": "Haunting Mordent"
						},
						"Richemulot",
						{
							"depth": 1,
							"header": "Noteworthy Features"
						},
						{
							"depth": 1,
							"header": "Settlements and Sites"
						},
						{
							"depth": 1,
							"header": "Jacqueline Renier"
						},
						{
							"depth": 1,
							"header": "Adventures in Richemulot"
						},
						{
							"depth": 1,
							"header": "The Gnawing Plague"
						},
						{
							"depth": 1,
							"header": "Cycle of the Plague"
						},
						"Tepest",
						{
							"depth": 1,
							"header": "Noteworthy Features"
						},
						{
							"depth": 1,
							"header": "Settlements and Sites"
						},
						{
							"depth": 1,
							"header": "Mother Lorinda"
						},
						{
							"depth": 1,
							"header": "Adventures in Tepest"
						},
						{
							"depth": 1,
							"header": "Viktal and the Tithe"
						},
						"Valachan",
						{
							"depth": 1,
							"header": "Noteworthy Features"
						},
						{
							"depth": 1,
							"header": "Settlements and Sites"
						},
						{
							"depth": 1,
							"header": "Chakuna"
						},
						{
							"depth": 1,
							"header": "Adventures in Valachan"
						},
						{
							"depth": 1,
							"header": "The Trial of Hearts"
						},
						"Other Domains of Dread",
						{
							"depth": 1,
							"header": "Cyre 1313, The Mourning Rail"
						},
						{
							"depth": 1,
							"header": "Forlorn"
						},
						{
							"depth": 1,
							"header": "Ghastria"
						},
						{
							"depth": 1,
							"header": "G'henna"
						},
						{
							"depth": 1,
							"header": "Invidia"
						},
						{
							"depth": 1,
							"header": "Keening"
						},
						{
							"depth": 1,
							"header": "Klorr"
						},
						{
							"depth": 1,
							"header": "Markovia"
						},
						{
							"depth": 1,
							"header": "The Nightmare Lands"
						},
						{
							"depth": 1,
							"header": "Niranjan"
						},
						{
							"depth": 1,
							"header": "Nova Vaasa"
						},
						{
							"depth": 1,
							"header": "Odaire"
						},
						{
							"depth": 1,
							"header": "The Rider's Bridge"
						},
						{
							"depth": 1,
							"header": "Risibilos"
						},
						{
							"depth": 1,
							"header": "Scaena"
						},
						{
							"depth": 1,
							"header": "Sea of Sorrows"
						},
						{
							"depth": 1,
							"header": "The Shadowlands"
						},
						{
							"depth": 1,
							"header": "Souragne"
						},
						{
							"depth": 1,
							"header": "Staunton Bluffs"
						},
						{
							"depth": 1,
							"header": "Tovag"
						},
						{
							"depth": 1,
							"header": "Vhage Agency"
						},
						{
							"depth": 1,
							"header": "Zherisia"
						},
						"Travelers in the Mists",
						{
							"depth": 1,
							"header": "Keepers of the Feather"
						},
						{
							"depth": 1,
							"header": "Vistani"
						},
						{
							"depth": 1,
							"header": "Other Groups"
						},
						{
							"depth": 1,
							"header": "Mist Wanderers"
						}
					],
					"ordinal": {
						"type": "chapter",
						"identifier": 3
					}
				},
				{
					"name": "Horror Adventures",
					"headers": [
						"Preparing for Horror",
						"Running Horror Games",
						"After the Horror",
						"Tarokka Deck and Spirit Board",
						"Horror Toolkit",
						"Curses",
						"Sample Curses",
						"Fear and Stress",
						"Haunted Traps",
						"Survivors"
					],
					"ordinal": {
						"type": "chapter",
						"identifier": 4
					}
				},
				{
					"name": "Monsters of Ravenloft",
					"headers": [
						"Horror Monsters",
						"Bestiary"
					],
					"ordinal": {
						"type": "chapter",
						"identifier": 5
					}
				},
				{
					"name": "Spirit Board",
					"ordinal": {
						"type": "appendix"
					}
				}
			]
		},
		{
			"name": "Domains of Delight",
			"id": "DoD",
			"source": "DoD",
			"group": "supplement-alt",
			"coverUrl": "img/covers/DoD.png",
			"published": "2021-09-21",
			"contents": [
				{
					"name": "Feywild Overview",
					"headers": [
						"Feywild Features",
						{
							"depth": 1,
							"header": "Seelie and Unseelie Fey"
						},
						{
							"depth": 1,
							"header": "Spells in the Feywild"
						},
						{
							"depth": 1,
							"header": "Weather"
						},
						{
							"depth": 1,
							"header": "Domain Borders"
						},
						"Feywild Guides",
						"Fey Outlook",
						{
							"depth": 1,
							"header": "Reciprocity"
						},
						{
							"depth": 1,
							"header": "Hospitality"
						},
						{
							"depth": 1,
							"header": "Gifts"
						},
						"Fey Contracts",
						"Accidental Fey Contracts",
						{
							"depth": 1,
							"header": "Making a Contract"
						},
						{
							"depth": 1,
							"header": "Price of a Contract"
						},
						{
							"depth": 1,
							"header": "Breaking a Contract"
						},
						"Fey Curses",
						"Fey Abodes"
					],
					"ordinal": {
						"type": "chapter",
						"identifier": 1
					}
				},
				{
					"name": "Creating an Archfey",
					"headers": [
						"Where to Start?",
						{
							"depth": 1,
							"header": "Encountering the Archfey"
						},
						{
							"depth": 1,
							"header": "Fey Court Allegiances"
						},
						{
							"depth": 1,
							"header": "Appearance"
						},
						{
							"depth": 1,
							"header": "Personality"
						},
						{
							"depth": 1,
							"header": "Obsessions"
						},
						{
							"depth": 1,
							"header": "Signature Magic"
						},
						{
							"depth": 1,
							"header": "Magical Gifts"
						},
						"Archfey Statistics"
					],
					"ordinal": {
						"type": "chapter",
						"identifier": 2
					}
				},
				{
					"name": "Creating a Domain of Delight",
					"headers": [
						"Geographical Features",
						"Domain Theme",
						"Coming and Going",
						"Travel in the Domain",
						{
							"depth": 1,
							"header": "Mapping a Domain of Delight"
						},
						{
							"depth": 1,
							"header": "Magical Shortcuts"
						},
						"Drama",
						"Weird Magic",
						"Domain Denizens",
						{
							"depth": 1,
							"header": "Domain Visitors"
						}
					],
					"ordinal": {
						"type": "chapter",
						"identifier": 3
					}
				},
				{
					"name": "Putting It All Together",
					"headers": [
						"Yarnspinner",
						"Fablerise"
					],
					"ordinal": {
						"type": "chapter",
						"identifier": 4
					}
				},
				{
					"name": "Adventure Aids",
					"ordinal": {
						"type": "appendix",
						"identifier": "A"
					}
				}
			]
		},
		{
			"name": "Minsc and Boo's Journal of Villainy",
			"id": "MaBJoV",
			"source": "MaBJoV",
			"group": "supplement-alt",
			"coverUrl": "img/covers/MaBJoV.png",
			"published": "2021-10-05",
			"author": "Wizards RPG Team",
			"contents": [
				{
					"name": "Preface"
				},
				{
					"name": "Heroic Stories",
					"headers": [
						"Hometowns",
						"Group Patrons",
						"Campaign Villains"
					]
				},
				{
					"name": "Hometowns",
					"headers": [
						"Athkatla",
						"Baldur's Gate",
						"Suldanessellar",
						"Ust Natha"
					],
					"ordinal": {
						"type": "chapter",
						"identifier": 1
					}
				},
				{
					"name": "Group Patrons",
					"headers": [
						"Adventurer's Guild",
						"Candlekeep",
						"Church of Sune",
						"Emerald Enclave",
						"Flaming Fist",
						"Harpers",
						"Knights of Bahamut",
						"Order of Icarus",
						"Raven Circle",
						"Shadow Thieves"
					],
					"ordinal": {
						"type": "chapter",
						"identifier": 2
					}
				},
				{
					"name": "Campaign Villains",
					"ordinal": {
						"type": "chapter",
						"identifier": 3
					}
				},
				{
					"name": "Henchmen",
					"ordinal": {
						"type": "chapter",
						"identifier": 4
					}
				},
				{
					"name": "Monsters",
					"ordinal": {
						"type": "chapter",
						"identifier": 5
					}
				}
			]
		},
		{
			"name": "Fizban's Treasury of Dragons",
			"id": "FTD",
			"source": "FTD",
			"group": "supplement",
			"coverUrl": "img/covers/FTD.png",
			"published": "2021-10-26",
			"author": "Wizards RPG Team",
			"contents": [
				{
					"name": "Elegy for the First World",
					"headers": [
						"A Treasury of Dragons",
						"The First World"
					]
				},
				{
					"name": "Character Creation",
					"headers": [
						"Draconic Races",
						"Subclass Options",
						"Heroes of the Dragon",
						"Draconic Feats"
					],
					"ordinal": {
						"type": "chapter",
						"identifier": 1
					}
				},
				{
					"name": "Dragon Magic",
					"headers": [
						"Spells",
						"Magic Items",
						"Hoard Magic Items",
						"Draconic Gifts"
					],
					"ordinal": {
						"type": "chapter",
						"identifier": 2
					}
				},
				{
					"name": "Dragons in Play",
					"headers": [
						"Roleplaying Dragons",
						"Followers",
						"Dragon Encounters",
						"Dragon Adventures",
						"Dragon Campaigns"
					],
					"ordinal": {
						"type": "chapter",
						"identifier": 3
					}
				},
				{
					"name": "Lairs and Hoards",
					"headers": [
						"Dragon Lairs",
						"Dragon Hoards",
						"What's in a Hoard?"
					],
					"ordinal": {
						"type": "chapter",
						"identifier": 4
					}
				},
				{
					"name": "Draconomicon",
					"headers": [
						"Using the Entries",
						"Amethyst Dragons",
						"Black Dragons",
						"Blue Dragons",
						"Brass Dragons",
						"Bronze Dragons",
						"Copper Dragons",
						"Crystal Dragons",
						"Deep Dragons",
						"Dragon Turtles",
						"Emerald Dragons",
						"Faerie Dragons",
						"Gold Dragons",
						"Green Dragons",
						"Moonstone Dragons",
						"Red Dragons",
						"Sapphire Dragons",
						"Shadow Dragons",
						"Silver Dragons",
						"Topaz Dragons",
						"White Dragons"
					],
					"ordinal": {
						"type": "chapter",
						"identifier": 5
					}
				},
				{
					"name": "Bestiary",
					"ordinal": {
						"type": "chapter",
						"identifier": 6
					}
				},
				{
					"name": "Creature Lists",
					"headers": [
						"Challenge Ratings",
						"Creature Types"
					]
				}
			]
		},
		{
			"name": "Strixhaven: A Curriculum of Chaos",
			"id": "SCC",
			"source": "SCC",
			"group": "setting",
			"coverUrl": "img/covers/SCC.png",
			"published": "2021-12-07",
			"author": "Wizards RPG Team",
			"contents": [
				{
					"name": "Welcome to Strixhaven",
					"headers": [
						"About This Book",
						"Orientation",
						"Strixhaven's World"
					]
				},
				{
					"name": "Life at Strixhaven",
					"headers": [
						"Magical Study",
						"Campus Overview",
						"Lorehold College",
						"Prismari College",
						"Quandrix College",
						"Silverquill College",
						"Witherbloom College"
					],
					"ordinal": {
						"type": "chapter",
						"identifier": 1
					}
				},
				{
					"name": "Character Options",
					"headers": [
						"Race Option",
						"Choosing a College",
						"Strixhaven Backgrounds",
						"Feats",
						"Spells",
						"Magic Items"
					],
					"ordinal": {
						"type": "chapter",
						"identifier": 2
					}
				},
				{
					"name": "School Is in Session",
					"headers": [
						"Running the Adventures",
						"Strixhaven Tracking Sheet",
						"Extracurriculars",
						"Jobs",
						"Exams",
						"Relationships",
						"Session Zero",
						"Using These Rules",
						"Making Friends and Rivals",
						"Fellow Students"
					],
					"ordinal": {
						"type": "chapter",
						"identifier": 3
					}
				},
				{
					"name": "Campus Kerfuffle",
					"ordinal": {
						"type": "chapter",
						"identifier": 3
					}
				},
				{
					"name": "Hunt for Mage Tower",
					"ordinal": {
						"type": "chapter",
						"identifier": 4
					}
				},
				{
					"name": "The Magister's Masquerade",
					"ordinal": {
						"type": "chapter",
						"identifier": 5
					}
				},
				{
					"name": "A Reckoning in Ruins",
					"ordinal": {
						"type": "chapter",
						"identifier": 6
					}
				},
				{
					"name": "Friends and Foes",
					"headers": [
						"Using a Stat Block"
					],
					"ordinal": {
						"type": "chapter",
						"identifier": 7
					}
				},
				{
					"name": "Campus Map",
					"ordinal": {
						"type": "appendix"
					}
				}
			]
		},
		{
			"name": "Mordenkainen Presents: Monsters of the Multiverse",
			"id": "MPMM",
			"source": "MPMM",
			"group": "supplement",
			"coverUrl": "img/covers/MPMM.png",
			"published": "2022-01-25",
			"author": "Wizards RPG Team",
			"contents": [
				{
					"name": "Using This Book"
				},
				{
					"name": "Fantastical Races"
				},
				{
					"name": "Bestiary"
				}
			]
		},
		{
			"name": "Astral Adventurer's Guide",
			"alias": [
				"Spelljammer: Astral Adventurer's Guide"
			],
			"id": "AAG",
			"source": "AAG",
			"group": "supplement",
			"coverUrl": "img/covers/SAiS.png",
			"published": "2022-08-16",
			"contents": [
				{
					"name": "Introduction: Vast Oceans of Adventure",
					"headers": [
						"Terminology",
						"Using This Book",
						"Astral Campaigns"
					]
				},
				{
					"name": "Character Options",
					"ordinal": {
						"type": "chapter",
						"identifier": 1
					},
					"headers": [
						"Backgrounds",
						"Races",
						"Astral Elf",
						"Autognome",
						"Giff",
						"Hadozee",
						"Plasmoid",
						"Thri-kreen"
					]
				},
				{
					"name": "Astral Adventuring",
					"ordinal": {
						"type": "chapter",
						"identifier": 2
					},
					"headers": [
						"How Spelljamming Works",
						"Gravity Planes",
						"The Astral Plane",
						"Magic",
						"Spelljamming Ships",
						"Spelljammer Vessels"
					]
				},
				{
					"name": "The Rock of Bral",
					"ordinal": {
						"type": "chapter",
						"identifier": 3
					},
					"headers": [
						"Past and Present",
						"Life on the Rock",
						"Who's Who",
						"Getting Your Bearings"
					]
				},
				{
					"name": "Additional Spelljammer Tables"
				},
				{
					"name": "Poster Map"
				}
			]
		},
		{
			"name": "Boo's Astral Menagerie",
			"alias": [
				"Spelljammer: Boo's Astral Menagerie"
			],
			"id": "BAM",
			"source": "BAM",
			"group": "supplement",
			"coverUrl": "img/covers/SAiS.png",
			"published": "2022-08-16",
			"contents": [
				{
					"name": "Introduction",
					"headers": [
						"Astral Variants",
						"Using a Stat Block",
						"Astral Encounters",
						"Bestiary"
					]
				}
			]
		}
	]
}
