{
	"_meta": {
		"internalCopies": [
			"featFluff"
		]
	},
	"featFluff": [
		{
			"name": "Adept of the Black Robes",
			"source": "DSotDQ",
			"_copy": {
				"name": "Initiate of High Sorcery",
				"source": "DSotDQ"
			}
		},
		{
			"name": "Adept of the Red Robes",
			"source": "DSotDQ",
			"_copy": {
				"name": "Initiate of High Sorcery",
				"source": "DSotDQ"
			}
		},
		{
			"name": "Adept of the White Robes",
			"source": "DSotDQ",
			"_copy": {
				"name": "Initiate of High Sorcery",
				"source": "DSotDQ"
			}
		},
		{
			"name": "Eldritch Adept",
			"source": "TCE",
			"images": [
				{
					"type": "image",
					"href": {
						"type": "internal",
						"path": "feats/TCE/Eldritch Adept.webp"
					},
					"credit": "Brian Valeza"
				}
			]
		},
		{
			"name": "Fury of the Frost Giant",
			"source": "BGG",
			"images": [
				{
					"type": "image",
					"href": {
						"type": "internal",
						"path": "feats/BGG/Fury of the Frost Giant.webp"
					}
				}
			]
		},
		{
			"name": "Initiate of High Sorcery",
			"source": "DSotDQ",
			"images": [
				{
					"type": "image",
					"href": {
						"type": "internal",
						"path": "feats/DSotDQ/Mage of High Sorcery.webp"
					},
					"title": "Mages of High Sorcery of the Orders of the Black, Red, and White Robes",
					"credit": "Linda Lithen"
				}
			]
		},
		{
			"name": "Inspiring Leader",
			"source": "PHB",
			"images": [
				{
					"type": "image",
					"href": {
						"type": "internal",
						"path": "feats/PHB/Inspiring Leader.webp"
					}
				}
			]
		},
		{
			"name": "Planar Wanderer",
			"source": "SatO",
			"images": [
				{
					"type": "image",
					"href": {
						"type": "internal",
						"path": "feats/SatO/Planar Wanderer.webp"
					},
					"title": "A planar cartographer on a Lower Plane asks a pit fiend for directions",
					"credit": "Michele Giorgi"
				}
			]
		},
		{
			"name": "Ritual Caster",
			"source": "PHB",
			"images": [
				{
					"type": "image",
					"href": {
						"type": "internal",
						"path": "feats/PHB/Ritual Caster.webp"
					}
				}
			]
		},
		{
			"name": "Servo Crafting",
			"source": "PSK",
			"images": [
				{
					"type": "image",
					"href": {
						"type": "internal",
						"path": "feats/PSK/Servo Crafting.webp"
					},
					"title": "Servo",
					"credit": "Igor Kieryluk"
				}
			]
		},
		{
			"name": "Telepathic",
			"source": "TCE",
			"images": [
				{
					"type": "image",
					"href": {
						"type": "internal",
						"path": "feats/TCE/Telepathic.webp"
					},
					"title": "Astride a unicorn, a telepathic bard inspires her wizard companion.",
					"credit": "Zoltan Boros"
				}
			]
		}
	]
}
