{
	"languageScript": [
		{
			"name": "Draconic",
			"fonts": [
				"fonts/languages/PHB/Draconic/Iokharic.otf",
				"fonts/languages/PHB/Draconic/Iokharic Bold.otf",
				"fonts/languages/PHB/Draconic/Iokharic Italic.otf",
				"fonts/languages/PHB/Draconic/Iokharic Bold Italic.otf"
			]
		},
		{
			"name": "Dwarvish",
			"fonts": [
				"fonts/languages/PHB/Dwarvish/Dethek.otf",
				"fonts/languages/PHB/Dwarvish/Dethek Bold.otf",
				"fonts/languages/PHB/Dwarvish/Dethek Italic.otf",
				"fonts/languages/PHB/Dwarvish/Dethek Bold Italic.otf",
				"fonts/languages/PHB/Dwarvish/Dethek Stone.ttf",
				"fonts/languages/PHB/Dwarvish/Dethek Alt.ttf",
				"fonts/languages/PHB/Dwarvish/Olde Dethek.otf",
				"fonts/languages/PHB/Dwarvish/Olde Dethek Italic.otf",
				"fonts/languages/PHB/Dwarvish/Davek 4e.otf",
				"fonts/languages/PHB/Dwarvish/Davek 4e Bold.otf",
				"fonts/languages/PHB/Dwarvish/Davek 4e Italic.otf",
				"fonts/languages/PHB/Dwarvish/Davek 4e Bold Italic.otf"
			]
		},
		{
			"name": "Elvish",
			"fonts": [
				"fonts/languages/PHB/Elvish/Espruar 5e.ttf",
				"fonts/languages/PHB/Elvish/Espruar 3e.otf",
				"fonts/languages/PHB/Elvish/Espruar 3e Bold.otf",
				"fonts/languages/PHB/Elvish/Espruar 3e Italic.otf",
				"fonts/languages/PHB/Elvish/Espruar 3e Bold Italic.otf",
				"fonts/languages/PHB/Elvish/Espruar 2e.ttf",
				"fonts/languages/PHB/Elvish/Olde Espruar.otf",
				"fonts/languages/PHB/Elvish/Rellanic 4e.otf",
				"fonts/languages/PHB/Elvish/Rellanic 4e Bold.otf",
				"fonts/languages/PHB/Elvish/Rellanic 4e Italic.otf",
				"fonts/languages/PHB/Elvish/Rellanic 4e Bold Italic.otf"
			]
		},
		{
			"name": "Infernal",
			"fonts": [
				"fonts/languages/PHB/Infernal/Infernal.ttf",
				"fonts/languages/PHB/Infernal/Barazhad.otf",
				"fonts/languages/PHB/Infernal/Barazhad Bold.otf",
				"fonts/languages/PHB/Infernal/Barazhad Italic.otf",
				"fonts/languages/PHB/Infernal/Barazhad Bold Italic.otf"
			]
		},
		{
			"name": "Thorass",
			"fonts": [
				"fonts/languages/PHB/Human/Thorass.otf",
				"fonts/languages/PHB/Human/Thorass Bold.otf",
				"fonts/languages/PHB/Human/Thorass Italic.otf",
				"fonts/languages/PHB/Human/Thorass Bold Italic.otf",
				"fonts/languages/PHB/Human/Olde Thorass.otf"
			]
		}
	],
	"language": [
		{
			"name": "Aarakocra",
			"source": "MM",
			"page": 12,
			"typicalSpeakers": [
				"{@creature aarakocra}"
			]
		},
		{
			"name": "Abanasinian",
			"source": "DSotDQ",
			"page": 9,
			"type": "standard",
			"typicalSpeakers": [
				"Abanasinia"
			],
			"script": "Common"
		},
		{
			"name": "Abyssal",
			"source": "GGR",
			"page": 9,
			"type": "standard",
			"typicalSpeakers": [
				"{@filter demons|bestiary|source=GGR|tag=demon}",
				"{@filter devils|bestiary|source=GGR|tag=devil}"
			],
			"script": "Infernal"
		},
		{
			"name": "Abyssal",
			"source": "PHB",
			"page": 123,
			"srd": true,
			"basicRules": true,
			"type": "exotic",
			"typicalSpeakers": [
				"{@filter demons|bestiary|tag=demon}"
			],
			"script": "Infernal"
		},
		{
			"name": "Alzhedo",
			"source": "SCAG",
			"page": 112,
			"typicalSpeakers": [
				"Calishite ethnic group"
			],
			"script": "Thorass",
			"entries": [
				{
					"type": "inset",
					"name": "Option: Human Languages",
					"entries": [
						"Many human ethnicities and nations in Faerûn have their own language, in addition to Common. Most human languages are written in Thorass, the alphabet of Old Common, derived from the Chondathan language that traders used as their common tongue. A few human languages use other alphabets, including Draconic, Dethek, and Espruar.",
						"If your Dungeon Master allows this option, then any human from an ethnic group that has its own language is assumed to know that language as well as Common. This ethnic language is treated as a free additional language for such individuals."
					]
				}
			],
			"hasFluffImages": true
		},
		{
			"name": "Blink Dog",
			"source": "MM",
			"page": 318,
			"typicalSpeakers": [
				"{@creature Blink Dog||blink dogs}"
			]
		},
		{
			"name": "Bothii",
			"source": "SKT",
			"page": 86,
			"typicalSpeakers": [
				"{@creature Uthgardt Barbarian Leader|SKT|uthgardt barbarians}",
				"{@creature Uthgardt Shaman|SKT|uthgardt shamans}"
			]
		},
		{
			"name": "Bullywug",
			"source": "MM",
			"page": 35,
			"typicalSpeakers": [
				"{@creature Bullywug||bullywugs}"
			]
		},
		{
			"name": "Celestial",
			"source": "ERLW",
			"page": 6,
			"type": "exotic",
			"typicalSpeakers": [
				"{@filter celestials|bestiary|source=ERLW|type=celestial}"
			],
			"script": "Celestial"
		},
		{
			"name": "Celestial",
			"source": "GGR",
			"page": 9,
			"type": "standard",
			"typicalSpeakers": [
				"{@filter angels|bestiary|source=GGR|tag=angel}"
			],
			"script": "Celestial"
		},
		{
			"name": "Celestial",
			"source": "MOT",
			"page": 9,
			"typicalSpeakers": [
				"Gods"
			],
			"script": "Celestial"
		},
		{
			"name": "Celestial",
			"source": "PHB",
			"page": 123,
			"srd": true,
			"basicRules": true,
			"type": "exotic",
			"typicalSpeakers": [
				"{@filter celestials|bestiary|type=celestial}"
			],
			"script": "Celestial"
		},
		{
			"name": "Chessentan",
			"source": "SCAG",
			"page": 112,
			"typicalSpeakers": [
				"Mulan ethnic group"
			],
			"script": "Thorass",
			"entries": [
				{
					"type": "inset",
					"name": "Option: Human Languages",
					"entries": [
						"Many human ethnicities and nations in Faerûn have their own language, in addition to Common. Most human languages are written in Thorass, the alphabet of Old Common, derived from the Chondathan language that traders used as their common tongue. A few human languages use other alphabets, including Draconic, Dethek, and Espruar.",
						"If your Dungeon Master allows this option, then any human from an ethnic group that has its own language is assumed to know that language as well as Common. This ethnic language is treated as a free additional language for such individuals."
					]
				}
			],
			"hasFluffImages": true
		},
		{
			"name": "Chondathan",
			"source": "SCAG",
			"page": 112,
			"typicalSpeakers": [
				"Chondathan ethnic group",
				"Tethyrian ethnic group"
			],
			"script": "Thorass",
			"entries": [
				{
					"type": "inset",
					"name": "Option: Human Languages",
					"entries": [
						"Many human ethnicities and nations in Faerûn have their own language, in addition to Common. Most human languages are written in Thorass, the alphabet of Old Common, derived from the Chondathan language that traders used as their common tongue. A few human languages use other alphabets, including Draconic, Dethek, and Espruar.",
						"If your Dungeon Master allows this option, then any human from an ethnic group that has its own language is assumed to know that language as well as Common. This ethnic language is treated as a free additional language for such individuals."
					]
				}
			],
			"hasFluffImages": true
		},
		{
			"name": "Common",
			"source": "DSotDQ",
			"page": 9,
			"type": "standard",
			"typicalSpeakers": [
				"Trade language of Ansalon"
			],
			"script": "Common"
		},
		{
			"name": "Common",
			"source": "ERLW",
			"page": 6,
			"type": "standard",
			"typicalSpeakers": [
				"The Five Nations",
				"trade language of Khorvaire"
			],
			"script": "Common"
		},
		{
			"name": "Common",
			"source": "GGR",
			"page": 9,
			"type": "standard",
			"typicalSpeakers": [
				"{@filter humans|bestiary|type=humanoid|tag=any race;human|source=GGR}"
			],
			"script": "Common"
		},
		{
			"name": "Common",
			"source": "MOT",
			"page": 9,
			"typicalSpeakers": [
				"Humans"
			],
			"script": "Common"
		},
		{
			"name": "Common",
			"source": "PHB",
			"page": 123,
			"srd": true,
			"basicRules": true,
			"type": "standard",
			"typicalSpeakers": [
				"{@filter humans|bestiary|type=humanoid|tag=any race;human}"
			],
			"script": "Common",
			"fonts": [
				"fonts/languages/PHB/Human/Harpers.ttf"
			]
		},
		{
			"name": "Daelkyr",
			"source": "ERLW",
			"page": 6,
			"type": "exotic",
			"typicalSpeakers": [
				"{@filter aberrations|bestiary|type=aberration|source=ERLW}",
				"denizens of Khyber"
			],
			"script": "Daelkyr"
		},
		{
			"name": "Damaran",
			"source": "SCAG",
			"page": 112,
			"typicalSpeakers": [
				"Damaran ethnic group",
				"Nar ethnic group"
			],
			"script": "Dethek",
			"entries": [
				{
					"type": "inset",
					"name": "Option: Human Languages",
					"entries": [
						"Many human ethnicities and nations in Faerûn have their own language, in addition to Common. Most human languages are written in Thorass, the alphabet of Old Common, derived from the Chondathan language that traders used as their common tongue. A few human languages use other alphabets, including Draconic, Dethek, and Espruar.",
						"If your Dungeon Master allows this option, then any human from an ethnic group that has its own language is assumed to know that language as well as Common. This ethnic language is treated as a free additional language for such individuals."
					]
				}
			],
			"hasFluffImages": true
		},
		{
			"name": "Dambrathan",
			"source": "SCAG",
			"page": 112,
			"typicalSpeakers": [
				"Arkaiun ethnic group"
			],
			"script": "Espruar",
			"entries": [
				{
					"type": "inset",
					"name": "Option: Human Languages",
					"entries": [
						"Many human ethnicities and nations in Faerûn have their own language, in addition to Common. Most human languages are written in Thorass, the alphabet of Old Common, derived from the Chondathan language that traders used as their common tongue. A few human languages use other alphabets, including Draconic, Dethek, and Espruar.",
						"If your Dungeon Master allows this option, then any human from an ethnic group that has its own language is assumed to know that language as well as Common. This ethnic language is treated as a free additional language for such individuals."
					]
				}
			]
		},
		{
			"name": "Deep Crow",
			"source": "AI",
			"page": 210,
			"typicalSpeakers": [
				"{@creature Deep Crow|AI|deep crows}"
			]
		},
		{
			"name": "Deep Speech",
			"source": "PHB",
			"page": 123,
			"srd": true,
			"basicRules": true,
			"type": "exotic",
			"typicalSpeakers": [
				"{@creature mind flayer||mind flayers}",
				"{@creature beholder||beholders}"
			],
			"script": "none"
		},
		{
			"name": "Draconic",
			"source": "DSotDQ",
			"page": 9,
			"type": "rare",
			"typicalSpeakers": [
				"Dragons"
			],
			"script": "Draconic"
		},
		{
			"name": "Draconic",
			"source": "ERLW",
			"page": 6,
			"type": "exotic",
			"typicalSpeakers": [
				"{@filter dragons|bestiary|source=ERLW|type=dragon}",
				"{@filter dragonborn|bestiary|type=humanoid|tag=any race;dragonborn|source=ERLW}"
			],
			"script": "Draconic"
		},
		{
			"name": "Draconic",
			"source": "GGR",
			"page": 9,
			"type": "standard",
			"typicalSpeakers": [
				"{@filter dragons|bestiary|source=GGR|type=dragon}"
			],
			"script": "Draconic"
		},
		{
			"name": "Draconic",
			"source": "MOT",
			"page": 9,
			"typicalSpeakers": [
				"Dragons"
			],
			"script": "Draconic"
		},
		{
			"name": "Draconic",
			"source": "PHB",
			"page": 123,
			"srd": true,
			"basicRules": true,
			"additionalSources": [
				{
					"source": "PHB",
					"page": 32
				}
			],
			"type": "exotic",
			"typicalSpeakers": [
				"{@filter dragons|bestiary|type=dragon}",
				"{@race dragonborn}"
			],
			"script": "Draconic",
			"entries": [
				"Draconic is thought to be one of the oldest languages and is often used in the study of magic. The language sounds harsh to most other creatures and includes numerous hard consonants and sibilants."
			],
			"hasFluffImages": true
		},
		{
			"name": "Druidic",
			"source": "GGR",
			"page": 9,
			"type": "secret",
			"typicalSpeakers": [
				"Selesnya {@class druid||druids}/{@creature druid||druids}",
				"Golgari {@class druid||druids}/{@creature druid||druids}"
			]
		},
		{
			"name": "Druidic",
			"source": "PHB",
			"page": 64,
			"srd": true,
			"basicRules": true,
			"type": "secret",
			"typicalSpeakers": [
				"{@class druid||druids}/{@creature druid||druids}",
				"{@creature treant||treants}"
			],
			"entries": [
				"Druidic is the secret language of druids. It can be spoken or used to leave hidden messages. Creatures who know this language automatically spot such a message. Others spot the message's presence with a successful DC 15 Wisdom ({@skill Perception}) check but can't decipher it without magic."
			]
		},
		{
			"name": "Dwarvish",
			"source": "DSotDQ",
			"page": 9,
			"type": "standard",
			"typicalSpeakers": [
				"Abanasinia",
				"Kayolin",
				"Thoradin",
				"Thorbardin"
			],
			"script": "Dwarvish"
		},
		{
			"name": "Dwarvish",
			"source": "ERLW",
			"page": 6,
			"type": "standard",
			"typicalSpeakers": [
				"Mror Holds"
			],
			"script": "Dwarvish"
		},
		{
			"name": "Dwarvish",
			"source": "PHB",
			"page": 123,
			"srd": true,
			"basicRules": true,
			"additionalSources": [
				{
					"source": "PHB",
					"page": 18
				}
			],
			"type": "standard",
			"typicalSpeakers": [
				"{@filter dwarves|bestiary|type=humanoid|tag=any race;dwarf}"
			],
			"script": "Dwarvish",
			"entries": [
				"Dwarvish is full of hard consonants and guttural sounds, and those characteristics spill over into whatever other language a dwarf might speak."
			],
			"hasFluffImages": true
		},
		{
			"name": "Elvish",
			"source": "DSotDQ",
			"page": 9,
			"type": "standard",
			"typicalSpeakers": [
				"Qualinesti",
				"Silvanesti",
				"Southern Ergoth"
			],
			"script": "Elvish"
		},
		{
			"name": "Elvish",
			"source": "ERLW",
			"page": 6,
			"type": "standard",
			"typicalSpeakers": [
				"Aerenal",
				"Valenar"
			],
			"script": "Elvish"
		},
		{
			"name": "Elvish",
			"source": "GGR",
			"page": 9,
			"type": "standard",
			"typicalSpeakers": [
				"{@filter elves|bestiary|type=humanoid|tag=any race;elf|source=GGR}"
			],
			"script": "Elvish"
		},
		{
			"name": "Elvish",
			"source": "PHB",
			"page": 123,
			"srd": true,
			"basicRules": true,
			"additionalSources": [
				{
					"source": "PHB",
					"page": 21
				}
			],
			"type": "standard",
			"typicalSpeakers": [
				"{@filter elves|bestiary|type=humanoid|tag=any race;elf}"
			],
			"script": "Elvish",
			"entries": [
				"Elvish is fluid, with subtle intonations and intricate grammar. Elven literature is rich and varied, and their songs and poems are famous among other races. Many bards learn their language so they can add Elvish ballads to their repertoires."
			],
			"hasFluffImages": true
		},
		{
			"name": "Ergot",
			"source": "DSotDQ",
			"page": 9,
			"type": "standard",
			"typicalSpeakers": [
				"Northern Ergoth"
			],
			"script": "Common"
		},
		{
			"name": "Giant",
			"source": "ERLW",
			"page": 6,
			"type": "standard",
			"typicalSpeakers": [
				"Inhabitants of Xen'drik"
			],
			"script": "Giant"
		},
		{
			"name": "Giant",
			"source": "GGR",
			"page": 9,
			"type": "standard",
			"typicalSpeakers": [
				"{@creature ogre||ogres}",
				"{@filter giants|bestiary|type=giant|source=ERLW}"
			],
			"script": "Minotaur"
		},
		{
			"name": "Giant",
			"source": "MOT",
			"page": 9,
			"typicalSpeakers": [
				"Cyclopes, giants"
			],
			"script": "Minotaur"
		},
		{
			"name": "Giant",
			"source": "PHB",
			"page": 123,
			"srd": true,
			"basicRules": true,
			"type": "standard",
			"typicalSpeakers": [
				"{@creature ogre||ogres}",
				"{@filter giants|bestiary|type=giant}"
			],
			"script": "Dwarvish",
			"hasFluffImages": true
		},
		{
			"name": "Giant Eagle",
			"source": "MM",
			"page": 324,
			"typicalSpeakers": [
				"{@creature Giant Eagle||giant eagles}"
			]
		},
		{
			"name": "Giant Elk",
			"source": "MM",
			"page": 325,
			"typicalSpeakers": [
				"{@creature Giant Elk||giant elks}"
			]
		},
		{
			"name": "Giant Owl",
			"source": "MM",
			"page": 327,
			"typicalSpeakers": [
				"{@creature Giant Owl||giant owls}"
			]
		},
		{
			"name": "Gith",
			"dialects": [
				"Githzerai",
				"Githyanki"
			],
			"source": "MM",
			"page": 160,
			"additionalSources": [
				{
					"source": "MTF",
					"page": 90
				}
			],
			"typicalSpeakers": [
				"{@creature Githzerai Monk||githzerai monks}",
				"{@creature Githyanki Warrior||githyanki warriors}",
				"{@creature Githzerai Zerth||githzerai zerths}",
				"{@creature Githyanki Knight||githyanki knights}"
			],
			"script": "Tir'su",
			"entries": [
				{
					"type": "inset",
					"name": "The Gith Alphabet",
					"entries": [
						"The gith use a written language composed of alphabetic symbols arranged in circular clusters called tir'su. Each \"spoke\" on the wheel corresponds to a letter of the alphabet. Each cluster of characters represents a single word, and multiple tir'su connect to form phrases and sentences.",
						"Githyanki and githzerai both speak Gith, but each race has a distinct dialect and accent. Similarly, the two races of gith differentiate their language by how they write it. Githyanki write a tir'su clockwise, starting at the top. Githzerai use the same letter symbols but write their tir'su counterclockwise, starting from the bottom."
					]
				}
			]
		},
		{
			"name": "Gnoll",
			"source": "MM",
			"page": 163,
			"typicalSpeakers": [
				"{@creature Gnoll||gnolls}",
				"{@creature Gnoll Pack Lord||gnoll pack lords}",
				"{@creature Gnoll Fang of Yeenoghu||gnoll fangs of yeenoghu}"
			]
		},
		{
			"name": "Gnomish",
			"source": "DSotDQ",
			"page": 9,
			"type": "standard",
			"typicalSpeakers": [
				"Sancrist"
			],
			"script": "Common"
		},
		{
			"name": "Gnomish",
			"source": "ERLW",
			"page": 6,
			"type": "standard",
			"typicalSpeakers": [
				"Zilargo"
			],
			"script": "Dwarvish"
		},
		{
			"name": "Gnomish",
			"source": "PHB",
			"page": 123,
			"srd": true,
			"basicRules": true,
			"additionalSources": [
				{
					"source": "PHB",
					"page": 35
				}
			],
			"type": "standard",
			"typicalSpeakers": [
				"{@filter gnomes|bestiary|type=humanoid|tag=any race;gnome}"
			],
			"script": "Dwarvish",
			"entries": [
				"The Gnomish language, which uses the Dwarvish script, is renowned for its technical treatises and its catalogs of knowledge about the natural world."
			],
			"hasFluffImages": true
		},
		{
			"name": "Goblin",
			"source": "DSotDQ",
			"page": 9,
			"type": "rare",
			"typicalSpeakers": [
				"Taman Busuk"
			],
			"script": "Dwarvish"
		},
		{
			"name": "Goblin",
			"source": "ERLW",
			"page": 6,
			"type": "standard",
			"typicalSpeakers": [
				"Darguun",
				"Droaam",
				"Shadow Marches",
				"monsters of Khorvaire"
			],
			"script": "Goblin"
		},
		{
			"name": "Goblin",
			"source": "GGR",
			"page": 9,
			"additionalSources": [
				{
					"source": "GGR",
					"page": 16
				}
			],
			"type": "standard",
			"typicalSpeakers": [
				"{@filter goblins|bestiary|tag=any race|source=GGR}"
			],
			"script": "Common",
			"entries": [
				"In Ravnica, Goblin is a simplistic language with a limited vocabulary and fluid rules of grammar, unsuited for any sophisticated conversation."
			]
		},
		{
			"name": "Goblin",
			"source": "PHB",
			"page": 123,
			"srd": true,
			"basicRules": true,
			"type": "standard",
			"typicalSpeakers": [
				"{@filter goblinoids|bestiary|tag=goblinoid}"
			],
			"script": "Dwarvish",
			"hasFluffImages": true
		},
		{
			"name": "Grell",
			"source": "MM",
			"page": 172,
			"typicalSpeakers": [
				"{@creature Grell||grells}"
			]
		},
		{
			"name": "Grung",
			"source": "VGM",
			"page": 156,
			"typicalSpeakers": [
				"{@creature Grung|VGM|grungs}",
				"{@creature Grung Wildling|VGM|grung wildlings}",
				"{@creature Grung Elite Warrior|VGM|grung elite warriors}"
			]
		},
		{
			"name": "Guran",
			"source": "SCAG",
			"page": 112,
			"typicalSpeakers": [
				"Gur ethnic group"
			],
			"script": "Thorass",
			"entries": [
				"A patois of {@language Roushoum|SCAG} and {@language Rashemi|SCAG}.",
				{
					"type": "inset",
					"name": "Option: Human Languages",
					"entries": [
						"Many human ethnicities and nations in Faerûn have their own language, in addition to Common. Most human languages are written in Thorass, the alphabet of Old Common, derived from the Chondathan language that traders used as their common tongue. A few human languages use other alphabets, including Draconic, Dethek, and Espruar.",
						"If your Dungeon Master allows this option, then any human from an ethnic group that has its own language is assumed to know that language as well as Common. This ethnic language is treated as a free additional language for such individuals."
					]
				}
			]
		},
		{
			"name": "Halfling",
			"source": "ERLW",
			"page": 6,
			"type": "standard",
			"typicalSpeakers": [
				"Talenta Plains"
			],
			"script": "Common"
		},
		{
			"name": "Halfling",
			"source": "PHB",
			"page": 123,
			"srd": true,
			"basicRules": true,
			"additionalSources": [
				{
					"source": "PHB",
					"page": 26
				}
			],
			"type": "standard",
			"typicalSpeakers": [
				"{@filter halflings|bestiary|type=humanoid|tag=any race;halfling}"
			],
			"script": "Common",
			"entries": [
				"The Halfling language isn't secret, but halflings are loath to share it with others. They write very little, so they don't have a rich body of literature. Their oral tradition, however, is very strong. Almost all halflings speak Common to converse with the people in whose lands they dwell or through which they are traveling."
			]
		},
		{
			"name": "Halruaan",
			"source": "SCAG",
			"page": 112,
			"typicalSpeakers": [
				"Halruaan ethnic group"
			],
			"script": "Draconic",
			"entries": [
				{
					"type": "inset",
					"name": "Option: Human Languages",
					"entries": [
						"Many human ethnicities and nations in Faerûn have their own language, in addition to Common. Most human languages are written in Thorass, the alphabet of Old Common, derived from the Chondathan language that traders used as their common tongue. A few human languages use other alphabets, including Draconic, Dethek, and Espruar.",
						"If your Dungeon Master allows this option, then any human from an ethnic group that has its own language is assumed to know that language as well as Common. This ethnic language is treated as a free additional language for such individuals."
					]
				}
			]
		},
		{
			"name": "Homarid",
			"source": "PSD",
			"page": 15,
			"typicalSpeakers": [
				"{@creature Homarid|PSD|homarids}"
			]
		},
		{
			"name": "Hook Horror",
			"source": "MM",
			"page": 189,
			"typicalSpeakers": [
				"{@creature Hook Horror||hook horrors}"
			]
		},
		{
			"name": "Ice Toad",
			"source": "RoT",
			"page": 90,
			"otherSources": [
				{
					"source": "ToD"
				}
			],
			"typicalSpeakers": [
				"{@creature Ice Toad|RoT|ice toads}"
			]
		},
		{
			"name": "Illuskan",
			"source": "SCAG",
			"page": 112,
			"typicalSpeakers": [
				"Illuskan ethnic group"
			],
			"script": "Thorass",
			"entries": [
				{
					"type": "inset",
					"name": "Option: Human Languages",
					"entries": [
						"Many human ethnicities and nations in Faerûn have their own language, in addition to Common. Most human languages are written in Thorass, the alphabet of Old Common, derived from the Chondathan language that traders used as their common tongue. A few human languages use other alphabets, including Draconic, Dethek, and Espruar.",
						"If your Dungeon Master allows this option, then any human from an ethnic group that has its own language is assumed to know that language as well as Common. This ethnic language is treated as a free additional language for such individuals."
					]
				}
			],
			"hasFluffImages": true
		},
		{
			"name": "Infernal",
			"source": "ERLW",
			"page": 6,
			"type": "exotic",
			"typicalSpeakers": [
				"{@filter fiends|bestiary|type=fiend|source=ERLW}"
			],
			"script": "Infernal"
		},
		{
			"name": "Infernal",
			"source": "PHB",
			"page": 123,
			"srd": true,
			"basicRules": true,
			"type": "exotic",
			"typicalSpeakers": [
				"{@filter devils|bestiary|tag=devil}"
			],
			"script": "Infernal"
		},
		{
			"name": "Istarian",
			"source": "DSotDQ",
			"page": 9,
			"type": "rare",
			"typicalSpeakers": [
				"Ancient Istarians"
			],
			"script": "Istarian"
		},
		{
			"name": "Ixitxachitl",
			"source": "OotA",
			"page": 225,
			"typicalSpeakers": [
				"{@creature ixitxachitl|OotA}",
				"{@creature Ixitxachitl Cleric|OotA|ixitxachitl clerics}",
				"{@creature vampiric ixitxachitl|OotA}",
				"{@creature Vampiric Ixitxachitl Cleric|OotA|vampiric ixitxachitl clerics}"
			]
		},
		{
			"name": "Kenderspeak",
			"source": "DSotDQ",
			"page": 9,
			"type": "standard",
			"typicalSpeakers": [
				"Goodlund",
				"Hylo"
			],
			"script": "Common"
		},
		{
			"name": "Kharolian",
			"source": "DSotDQ",
			"page": 9,
			"type": "standard",
			"typicalSpeakers": [
				"Plains of Dust",
				"Tarsis"
			],
			"script": "Common"
		},
		{
			"name": "Khur",
			"source": "DSotDQ",
			"page": 9,
			"type": "standard",
			"typicalSpeakers": [
				"Khur"
			],
			"script": "Istarian"
		},
		{
			"name": "Kothian",
			"source": "DSotDQ",
			"page": 9,
			"type": "rare",
			"typicalSpeakers": [
				"Minotaurs"
			],
			"script": "Kothian"
		},
		{
			"name": "Kraul",
			"source": "GGR",
			"page": 9,
			"type": "standard",
			"typicalSpeakers": [
				"kraul",
				"{@creature Kraul Warrior|GGR|kraul warriors}",
				"{@creature Kraul Death Priest|GGR|kraul death priests}",
				"{@creature Devkarin Lich|GGR|devkarin liches}"
			],
			"script": "Kraul"
		},
		{
			"name": "Kruthik",
			"source": "MTF",
			"page": 211,
			"typicalSpeakers": [
				"{@creature Young Kruthik|MTF|young kruthiks}",
				"{@creature Adult Kruthik|MTF|adult kruthiks}",
				"{@creature Kruthik Hive Lord|MTF|kruthik hive lords}"
			]
		},
		{
			"name": "Leonin",
			"source": "MOT",
			"page": 9,
			"typicalSpeakers": [
				"Leonin"
			],
			"script": "Common"
		},
		{
			"name": "Loross",
			"source": "IDRotF",
			"page": 221,
			"script": "Draconic",
			"entries": [
				"Loross, a language spoken by the Netherese, is a dead tongue. Very few creatures in the world today would recognize it, much less speak it. Loross used the Draconic alphabet in its written form, while the spoken language had many similarities with Elvish, due to the cultural influence the elves had on Netherese civilization. A character who speaks Elvish can understand what a creature speaking Loross is saying, and vice versa. A character who has the Cloistered Scholar or Sage background, or a warlock who knows the Eyes of the Rune Keeper invocation, can translate written Loross without an ability check."
			]
		},
		{
			"name": "Loxodon",
			"source": "GGR",
			"page": 9,
			"type": "standard",
			"typicalSpeakers": [
				"{@filter loxodons|bestiary|tag=any race|source=GGR}"
			],
			"script": "Elvish"
		},
		{
			"name": "Marquesian",
			"source": "EGW",
			"page": 9,
			"entries": [
				"The Menagerie Coast was settled by colonists from the arid land of Marquet, and their language now holds an unusual position in the Clovis Concord. It is the language of high society, as many Clovis elite are descended from Marquesians, but it is also the language of piracy, since countless lower-class Marquesians defected from the Concord and formed the Revelry pirates."
			]
		},
		{
			"name": "Merfolk",
			"source": "GGR",
			"page": 9,
			"type": "standard",
			"typicalSpeakers": [
				"{@filter merfolk|bestiary|source=GGR|tag=any race;merfolk}"
			],
			"script": "Merfolk"
		},
		{
			"name": "Midani",
			"source": "SCAG",
			"page": 112,
			"typicalSpeakers": [
				"Bedine ethnic group"
			],
			"script": "Thorass",
			"entries": [
				{
					"type": "inset",
					"name": "Option: Human Languages",
					"entries": [
						"Many human ethnicities and nations in Faerûn have their own language, in addition to Common. Most human languages are written in Thorass, the alphabet of Old Common, derived from the Chondathan language that traders used as their common tongue. A few human languages use other alphabets, including Draconic, Dethek, and Espruar.",
						"If your Dungeon Master allows this option, then any human from an ethnic group that has its own language is assumed to know that language as well as Common. This ethnic language is treated as a free additional language for such individuals."
					]
				}
			],
			"hasFluffImages": true
		},
		{
			"name": "Minotaur",
			"source": "GGR",
			"page": 9,
			"type": "standard",
			"typicalSpeakers": [
				"{@race minotaur|ggr|minotaurs}"
			],
			"script": "Minotaur"
		},
		{
			"name": "Minotaur",
			"source": "MOT",
			"page": 9,
			"typicalSpeakers": [
				"Minotaurs"
			],
			"script": "Minotaur"
		},
		{
			"name": "Modron",
			"source": "MM",
			"page": 224,
			"typicalSpeakers": [
				"{@creature Monodrone||monodrones}",
				"{@creature Duodrone||duodrones}",
				"{@creature Tridrone||tridrones}",
				"{@creature Quadrone||quadrones}",
				"{@creature Pentadrone||pentadrones}"
			]
		},
		{
			"name": "Mulhorandi",
			"source": "SCAG",
			"page": 112,
			"typicalSpeakers": [
				"Mulan ethnic group"
			],
			"script": "Thorass",
			"entries": [
				{
					"type": "inset",
					"name": "Option: Human Languages",
					"entries": [
						"Many human ethnicities and nations in Faerûn have their own language, in addition to Common. Most human languages are written in Thorass, the alphabet of Old Common, derived from the Chondathan language that traders used as their common tongue. A few human languages use other alphabets, including Draconic, Dethek, and Espruar.",
						"If your Dungeon Master allows this option, then any human from an ethnic group that has its own language is assumed to know that language as well as Common. This ethnic language is treated as a free additional language for such individuals."
					]
				}
			],
			"hasFluffImages": true
		},
		{
			"name": "Naush",
			"source": "EGW",
			"page": 9,
			"entries": [
				"Originally spoken by the Ki'Nau islanders native to the Menagerie Coast, Naush is a thriving language within the multicultural cities of the Clovis Concord. Even sailors who only speak Common incorporate dozens of Naush words into their nautical jargon."
			]
		},
		{
			"name": "Nerakese",
			"source": "DSotDQ",
			"page": 9,
			"type": "rare",
			"typicalSpeakers": [
				"Neraka"
			],
			"script": "Istarian"
		},
		{
			"name": "Netherese",
			"source": "HotDQ",
			"page": 93,
			"otherSources": [
				{
					"source": "ToD"
				}
			],
			"script": "Draconic"
		},
		{
			"name": "Nordmaarian",
			"source": "DSotDQ",
			"page": 9,
			"type": "standard",
			"typicalSpeakers": [
				"Nordmaar"
			],
			"script": "Istarian"
		},
		{
			"name": "Ogre",
			"source": "DSotDQ",
			"page": 9,
			"type": "rare",
			"typicalSpeakers": [
				"Blode",
				"Kern"
			],
			"script": "Ogre"
		},
		{
			"name": "Olman",
			"source": "TftYP",
			"page": 238
		},
		{
			"name": "Orc",
			"source": "ERLW",
			"page": 6,
			"type": "exotic",
			"typicalSpeakers": [
				"isolated orc tribes"
			],
			"script": "Goblin"
		},
		{
			"name": "Orc",
			"source": "PHB",
			"page": 123,
			"srd": true,
			"basicRules": true,
			"type": "standard",
			"typicalSpeakers": [
				"{@filter orcs|bestiary|tag=orc}"
			],
			"script": "Dwarvish",
			"entries": [
				" Orc is a harsh, grating language with hard consonants. It has no script of its own but is written in the Dwarvish script."
			],
			"hasFluffImages": true
		},
		{
			"name": "Otyugh",
			"source": "MM",
			"page": 248,
			"typicalSpeakers": [
				"{@creature Otyugh||otyughs}"
			]
		},
		{
			"name": "Primordial",
			"source": "DSotDQ",
			"page": 9,
			"type": "rare",
			"typicalSpeakers": [
				"Elementals"
			],
			"script": "Primordial"
		},
		{
			"name": "Primordial",
			"source": "ERLW",
			"page": 6,
			"type": "exotic",
			"typicalSpeakers": [
				"{@filter elementals|bestiary|type=elemental}"
			],
			"script": "Primordial"
		},
		{
			"name": "Primordial",
			"source": "MOT",
			"page": 9,
			"typicalSpeakers": [
				"Tritons"
			],
			"script": "Common"
		},
		{
			"name": "Primordial",
			"dialects": [
				"Auran",
				"Aquan",
				"Ignan",
				"Terran"
			],
			"source": "PHB",
			"page": 123,
			"srd": true,
			"basicRules": true,
			"additionalSources": [
				{
					"source": "EEPC",
					"page": 9
				}
			],
			"type": "exotic",
			"typicalSpeakers": [
				"{@filter elementals|bestiary|type=elemental}"
			],
			"script": "Dwarvish",
			"entries": [
				"Primordial is a guttural language, filled with harsh syllables and hard consonants."
			],
			"hasFluffImages": true
		},
		{
			"name": "Qualith",
			"source": "VGM",
			"page": 75,
			"typicalSpeakers": [
				"{@creature Mind Flayer||Mind Flayers}"
			],
			"script": "Qualith",
			"entries": [
				"The \"writing\" of mind flayers, known as Qualith, isn't as simple as a set of symbols representing sounds or ideas. An inscription in Qualith captures the thoughts of its creator and psionically transmits the thoughts to a mind flayer who later reads the inscription by touching it with its tentacles. Mind flayers write in Qualith by psionically imprinting their messages on nonmagical, nonliving material they grasp or caress with their tentacles. The imprinting causes imperceptible surface changes to the object, and abrasion or degradation of the material can cause the inscription to fade and fail.",
				"An expression in Qualith is made up of four-line stanzas packed into interlocking blocks, creating complex patterns that are indecipherable by other creatures. Someone that touches a Qualith inscription, however, can receive fragmentary insight into the multilayered thoughts contained within it. A non-illithid that wants to understand a Qualith inscription can make an Intelligence check (DC based on the complexity of the contained thoughts) to try to derive some of the inscription's meaning. Multiple successful attempts might uncover different aspects about the illithid author, its intended meaning, and its intended audience. A failed attempt results in a crushing headache and, in extreme cases, madness. A {@spell comprehend languages} spell provides understanding of the inscription roughly equivalent to what a mind flayer would get from it."
			]
		},
		{
			"name": "Quori",
			"source": "ERLW",
			"page": 6,
			"type": "exotic",
			"typicalSpeakers": [
				"{@creature inspired|ERLW}",
				"kalashtar",
				"{@filter quori|bestiary|source=ERLW|search=quori}"
			],
			"script": "Quori"
		},
		{
			"name": "Rashemi",
			"source": "SCAG",
			"page": 112,
			"typicalSpeakers": [
				"Rashemi ethnic group"
			],
			"script": "Thorass",
			"entries": [
				{
					"type": "inset",
					"name": "Option: Human Languages",
					"entries": [
						"Many human ethnicities and nations in Faerûn have their own language, in addition to Common. Most human languages are written in Thorass, the alphabet of Old Common, derived from the Chondathan language that traders used as their common tongue. A few human languages use other alphabets, including Draconic, Dethek, and Espruar.",
						"If your Dungeon Master allows this option, then any human from an ethnic group that has its own language is assumed to know that language as well as Common. This ethnic language is treated as a free additional language for such individuals."
					]
				}
			],
			"hasFluffImages": true
		},
		{
			"name": "Riedran",
			"source": "ERLW",
			"page": 6,
			"type": "standard",
			"typicalSpeakers": [
				"people of Sarlona"
			],
			"script": "Common"
		},
		{
			"name": "Roushoum",
			"source": "SCAG",
			"page": 112,
			"typicalSpeakers": [
				"Imaskari ethnic group"
			],
			"script": "Thorass",
			"entries": [
				{
					"type": "inset",
					"name": "Option: Human Languages",
					"entries": [
						"Many human ethnicities and nations in Faerûn have their own language, in addition to Common. Most human languages are written in Thorass, the alphabet of Old Common, derived from the Chondathan language that traders used as their common tongue. A few human languages use other alphabets, including Draconic, Dethek, and Espruar.",
						"If your Dungeon Master allows this option, then any human from an ethnic group that has its own language is assumed to know that language as well as Common. This ethnic language is treated as a free additional language for such individuals."
					]
				}
			],
			"hasFluffImages": true
		},
		{
			"name": "Sahuagin",
			"source": "MM",
			"page": 263,
			"typicalSpeakers": [
				"{@creature sahuagin}",
				"{@creature Sahuagin Priestess||sahuagin priestesses}",
				"{@creature Sahuagin Baron||sahuagin barons}"
			]
		},
		{
			"name": "Shaaran",
			"source": "SCAG",
			"page": 112,
			"typicalSpeakers": [
				"Shaaran ethnic group"
			],
			"script": "Dethek",
			"entries": [
				{
					"type": "inset",
					"name": "Option: Human Languages",
					"entries": [
						"Many human ethnicities and nations in Faerûn have their own language, in addition to Common. Most human languages are written in Thorass, the alphabet of Old Common, derived from the Chondathan language that traders used as their common tongue. A few human languages use other alphabets, including Draconic, Dethek, and Espruar.",
						"If your Dungeon Master allows this option, then any human from an ethnic group that has its own language is assumed to know that language as well as Common. This ethnic language is treated as a free additional language for such individuals."
					]
				}
			]
		},
		{
			"name": "Shou",
			"source": "SCAG",
			"page": 112,
			"typicalSpeakers": [
				"Shou ethnic group"
			],
			"script": "Thorass",
			"entries": [
				{
					"type": "inset",
					"name": "Option: Human Languages",
					"entries": [
						"Many human ethnicities and nations in Faerûn have their own language, in addition to Common. Most human languages are written in Thorass, the alphabet of Old Common, derived from the Chondathan language that traders used as their common tongue. A few human languages use other alphabets, including Draconic, Dethek, and Espruar.",
						"If your Dungeon Master allows this option, then any human from an ethnic group that has its own language is assumed to know that language as well as Common. This ethnic language is treated as a free additional language for such individuals."
					]
				}
			],
			"hasFluffImages": true
		},
		{
			"name": "Slaad",
			"source": "MM",
			"page": 276,
			"typicalSpeakers": [
				"{@creature Slaad Tadpole||slaad tadpoles}",
				"{@creature Red Slaad||red slaads}",
				"{@creature Blue Slaad||blue slaads}",
				"{@creature Green Slaad||green slaads}",
				"{@creature Gray Slaad||gray slaads}",
				"{@creature Death Slaad||death slaads}"
			]
		},
		{
			"name": "Solamnic",
			"source": "DSotDQ",
			"page": 9,
			"type": "standard",
			"typicalSpeakers": [
				"Sancrist",
				"Solamnia"
			],
			"script": "Common"
		},
		{
			"name": "Sphinx",
			"source": "GGR",
			"page": 9,
			"type": "standard",
			"typicalSpeakers": [
				"{@creature Sphinx of Judgment|ggr|sphinxes}"
			],
			"script": "none"
		},
		{
			"name": "Sphinx",
			"source": "MM",
			"page": 281,
			"typicalSpeakers": [
				"{@creature Gynosphinx||gynosphinxes}",
				"{@creature Androsphinx||androsphinxes}"
			]
		},
		{
			"name": "Sphinx",
			"source": "MOT",
			"page": 9,
			"typicalSpeakers": [
				"Sphinxes"
			]
		},
		{
			"name": "Sylvan",
			"source": "DSotDQ",
			"page": 9,
			"type": "rare",
			"typicalSpeakers": [
				"Fey creatures"
			],
			"script": "Sylvan"
		},
		{
			"name": "Sylvan",
			"source": "ERLW",
			"page": 6,
			"type": "exotic",
			"typicalSpeakers": [
				"{@filter fey creatures|bestiary|type=fey|source=ERLW}"
			],
			"script": "Elvish"
		},
		{
			"name": "Sylvan",
			"source": "GGR",
			"page": 9,
			"additionalSources": [
				{
					"source": "GGR",
					"page": 15
				}
			],
			"type": "standard",
			"typicalSpeakers": [
				"{@race centaur|ggr|centaurs}",
				"{@creature Conclave Dryad|ggr|dryads}"
			],
			"script": "Elvish",
			"entries": [
				"Sylvan is widely spoken in the Selesnya Conclave, for it is rich in vocabulary to describe natural phenomena and spiritual forces."
			]
		},
		{
			"name": "Sylvan",
			"source": "MOT",
			"page": 9,
			"typicalSpeakers": [
				"Centaurs, {@filter satyrs|bestiary|source=MOT|search=satyr}"
			],
			"script": "Elvish"
		},
		{
			"name": "Sylvan",
			"source": "PHB",
			"page": 123,
			"srd": true,
			"basicRules": true,
			"type": "exotic",
			"typicalSpeakers": [
				"{@filter fey creatures|bestiary|type=fey}"
			],
			"script": "Elvish",
			"hasFluffImages": true
		},
		{
			"name": "Thayan",
			"source": "SCAG",
			"page": 112,
			"typicalSpeakers": [
				"Mulan ethnic group"
			],
			"script": "Thorass",
			"entries": [
				{
					"type": "inset",
					"name": "Option: Human Languages",
					"entries": [
						"Many human ethnicities and nations in Faerûn have their own language, in addition to Common. Most human languages are written in Thorass, the alphabet of Old Common, derived from the Chondathan language that traders used as their common tongue. A few human languages use other alphabets, including Draconic, Dethek, and Espruar.",
						"If your Dungeon Master allows this option, then any human from an ethnic group that has its own language is assumed to know that language as well as Common. This ethnic language is treated as a free additional language for such individuals."
					]
				}
			],
			"hasFluffImages": true
		},
		{
			"name": "Thieves' Cant",
			"source": "GGR",
			"page": 9,
			"type": "secret",
			"typicalSpeakers": [
				"street gangs",
				"Dimir {@class rogue||rogues}",
				"Golgari {@class rogue||rogues}"
			]
		},
		{
			"name": "Thieves' Cant",
			"source": "PHB",
			"page": 94,
			"srd": true,
			"basicRules": true,
			"type": "secret",
			"typicalSpeakers": [
				"{@creature assassin||assassins}",
				"{@class rogue||rogues}"
			],
			"entries": [
				"Thieves' cant is a secret mix of dialect, jargon, and code that allows messages to be hidden in seemingly normal conversation. Only a creature that knows thieves' cant understands such messages. It takes four times longer to convey such a message than it does to speak the same idea plainly."
			]
		},
		{
			"name": "Thri-kreen",
			"source": "MM",
			"page": 288,
			"typicalSpeakers": [
				"{@creature thri-kreen}"
			]
		},
		{
			"name": "Tlincalli",
			"source": "VGM",
			"page": 193,
			"typicalSpeakers": [
				"{@creature tlincalli|VGM}"
			]
		},
		{
			"name": "Troglodyte",
			"source": "MM",
			"page": 290,
			"typicalSpeakers": [
				"{@creature Troglodyte||troglodytes}"
			]
		},
		{
			"name": "Tuigan",
			"source": "SCAG",
			"page": 112,
			"typicalSpeakers": [
				"Tuigan ethnic group"
			],
			"script": "Thorass",
			"entries": [
				{
					"type": "inset",
					"name": "Option: Human Languages",
					"entries": [
						"Many human ethnicities and nations in Faerûn have their own language, in addition to Common. Most human languages are written in Thorass, the alphabet of Old Common, derived from the Chondathan language that traders used as their common tongue. A few human languages use other alphabets, including Draconic, Dethek, and Espruar.",
						"If your Dungeon Master allows this option, then any human from an ethnic group that has its own language is assumed to know that language as well as Common. This ethnic language is treated as a free additional language for such individuals."
					]
				}
			],
			"hasFluffImages": true
		},
		{
			"name": "Turmic",
			"source": "SCAG",
			"page": 112,
			"typicalSpeakers": [
				"Turami ethnic group"
			],
			"script": "Thorass",
			"entries": [
				{
					"type": "inset",
					"name": "Option: Human Languages",
					"entries": [
						"Many human ethnicities and nations in Faerûn have their own language, in addition to Common. Most human languages are written in Thorass, the alphabet of Old Common, derived from the Chondathan language that traders used as their common tongue. A few human languages use other alphabets, including Draconic, Dethek, and Espruar.",
						"If your Dungeon Master allows this option, then any human from an ethnic group that has its own language is assumed to know that language as well as Common. This ethnic language is treated as a free additional language for such individuals."
					]
				}
			],
			"hasFluffImages": true
		},
		{
			"name": "Uluik",
			"source": "SCAG",
			"page": 112,
			"typicalSpeakers": [
				"Ulutiun ethnic group"
			],
			"script": "Thorass",
			"entries": [
				{
					"type": "inset",
					"name": "Option: Human Languages",
					"entries": [
						"Many human ethnicities and nations in Faerûn have their own language, in addition to Common. Most human languages are written in Thorass, the alphabet of Old Common, derived from the Chondathan language that traders used as their common tongue. A few human languages use other alphabets, including Draconic, Dethek, and Espruar.",
						"If your Dungeon Master allows this option, then any human from an ethnic group that has its own language is assumed to know that language as well as Common. This ethnic language is treated as a free additional language for such individuals."
					]
				}
			],
			"hasFluffImages": true
		},
		{
			"name": "Umber Hulk",
			"source": "MM",
			"page": 292,
			"typicalSpeakers": [
				"{@creature Umber Hulk||umber hulks}"
			]
		},
		{
			"name": "Undercommon",
			"source": "PHB",
			"page": 123,
			"srd": true,
			"basicRules": true,
			"type": "exotic",
			"typicalSpeakers": [
				"underdark traders"
			],
			"script": "Elvish",
			"hasFluffImages": true
		},
		{
			"name": "Untheric",
			"source": "SCAG",
			"page": 112,
			"typicalSpeakers": [
				"Mulan ethnic group"
			],
			"script": "Thorass",
			"entries": [
				{
					"type": "inset",
					"name": "Option: Human Languages",
					"entries": [
						"Many human ethnicities and nations in Faerûn have their own language, in addition to Common. Most human languages are written in Thorass, the alphabet of Old Common, derived from the Chondathan language that traders used as their common tongue. A few human languages use other alphabets, including Draconic, Dethek, and Espruar.",
						"If your Dungeon Master allows this option, then any human from an ethnic group that has its own language is assumed to know that language as well as Common. This ethnic language is treated as a free additional language for such individuals."
					]
				}
			],
			"hasFluffImages": true
		},
		{
			"name": "Vedalken",
			"source": "GGR",
			"page": 9,
			"additionalSources": [
				{
					"source": "PSK",
					"page": 23
				}
			],
			"type": "standard",
			"typicalSpeakers": [
				"{@race Vedalken|ggr}"
			],
			"script": "Vedalken",
			"entries": [
				"The Vedalken language is renowned for its technical treatises and its catalogs of knowledge about the natural world and the aether that pervades it."
			]
		},
		{
			"name": "Vegepygmy",
			"source": "VGM",
			"page": 196,
			"typicalSpeakers": [
				"{@creature Vegepygmy|VGM|vegepygmies}",
				"{@creature Vegepygmy Chief|VGM|vegepygmy chiefs}"
			]
		},
		{
			"name": "Waelan",
			"source": "SCAG",
			"page": 112,
			"typicalSpeakers": [
				"Ffolk ethnic group"
			],
			"script": "Thorass",
			"entries": [
				{
					"type": "inset",
					"name": "Option: Human Languages",
					"entries": [
						"Many human ethnicities and nations in Faerûn have their own language, in addition to Common. Most human languages are written in Thorass, the alphabet of Old Common, derived from the Chondathan language that traders used as their common tongue. A few human languages use other alphabets, including Draconic, Dethek, and Espruar.",
						"If your Dungeon Master allows this option, then any human from an ethnic group that has its own language is assumed to know that language as well as Common. This ethnic language is treated as a free additional language for such individuals."
					]
				}
			],
			"hasFluffImages": true
		},
		{
			"name": "Winter Wolf",
			"source": "MM",
			"page": 340,
			"typicalSpeakers": [
				"{@creature Winter Wolf||winter wolves}"
			]
		},
		{
			"name": "Worg",
			"source": "MM",
			"page": 341,
			"typicalSpeakers": [
				"{@creature Worg||worgs}"
			]
		},
		{
			"name": "Yeti",
			"source": "MM",
			"page": 305,
			"typicalSpeakers": [
				"{@creature Yeti||yetis}",
				"{@creature Abominable Yeti||abominable yetis}"
			]
		},
		{
			"name": "Yikaria",
			"source": "SKT",
			"page": 244,
			"typicalSpeakers": [
				"{@creature Yakfolk Priest|SKT|yakfolk priests}",
				"{@creature Yakfolk Warrior|SKT|yakfolk warriors}"
			]
		},
		{
			"name": "Zemnian",
			"source": "EGW",
			"page": 9,
			"entries": [
				"This ancient language was spoken by the people of Zemniaz in the Age of Arcanum. That ancient culture has long since crumbled, but its language and its people live on in the Dwendalian Empire. Many ancient scrolls were written in Zemnian, but it is a language now largely spoken by farmers, as Common is the default language of the empire."
			]
		}
	]
}
