{
	"data": [
		{
			"type": "section",
			"name": "Hunt for the Thessalhydra",
			"id": "000",
			"entries": [
				"{@i A D&D Campaign by Mike Wheeler}",
				{
					"type": "image",
					"href": {
						"type": "internal",
						"path": "adventure/HftT/000-c101.png"
					},
					"width": 1518,
					"height": 1549
				},
				{
					"type": "section",
					"name": "Notes to Myself (as Dungeon Master)",
					"id": "001",
					"entries": [
						"We should be able to finish this story in one night (maybe a long weekend if Dustin really gets caught up in the roleplaying), but don't rush it. As long as everyone's having fun, let it take as long as necessary. It's all about the fun.",
						"Describe each scene. Tell them what their characters see or hear or feel at the start, then just let them go. They say what the characters do, and I tell them what happens. But don't take control of their characters. I control everything else\u2014the monsters, the nonplayer characters (NPCs, like Sir Tristan), even the environment (like traps)\u2014and the dice reveal how things turn out!",
						"All creatures written with an underline can be found in the Monsters section of the rulebook.",
						"Don't worry too much about getting the rules right or being perfect as a DM (that's short for Dungeon Master). Just relax, let things happen naturally, and enjoy playing the game. If things get confusing\u2014especially in combat\u2014do what seems fair and move on.",
						"Like the rulebook says, my job as DM is to make sure everyone has a good time and that the story moves along smoothly."
					]
				},
				{
					"type": "section",
					"name": "The Whole Story",
					"id": "002",
					"entries": [
						"The characters have been summoned by Sir Tristan, the ruler of a small domain in a lonely stretch of mountains. A terrible monster called a thessalhydra has been attacking his realm. It is a strange and dreadful creature with eight heads surrounding a large circular mouth rimmed with jagged teeth. Its maw drips with acid, and its tail ends in a pair of sharp pincers. Tristan asks the characters to get rid of this menace.",
						"The thessalhydra was last seen going into caverns belonging to an unfriendly tribe of troglodytes. The characters must enter the caverns and deal with the stinky trogs. Following the thessalhydra's trail leads them into a cursed labyrinth, where they meet the Lost Knight. He will help them escape only if they prove themselves worthy by solving his riddles.",
						"The way to escape from the labyrinth is through a portal into a strange, dark, parallel dimension called the Upside Down. There the characters meet the Proud Princess, a powerful adventurer who has her own quest and wants nothing to do with the characters. She shows them the way out of the Upside Down and into the thessalhydra's lair.",
						"If the characters can beat the thessalhydra and bring its heads back to Sir Tristan, they have successfully finished this adventure."
					]
				},
				{
					"type": "section",
					"name": "Audience with Sir Tristan",
					"id": "003",
					"entries": [
						"Start the adventure in Sir Tristan's throne room. The characters have met Tristan before. He sponsored them on an earlier adventure and proved himself to be a kind ruler to his people and a good friend to the characters. They can trust him.",
						"Sir Tristan says that lately a monster called a thessalhydra appears out of nowhere and attacks local farms, villages, and even Tristan's castle. All his soldiers together could barely fight it off. After each attack, the thessalhydra disappears into the woods and leaves no trail.",
						"Tristan can't send his guards after the monster. They must protect the castle (and they know they're not strong enough to beat the monster). He asks the characters to hunt down and kill the thessalhydra, then return with its heads. (Tristan wants them stuffed and mounted over his throne.)",
						"This scene is all about conversation. The characters are talking directly to Sir Tristan, but there are others here too\u2014royal advisors, guards who fought the monster, and such. They treat the characters well\u2014they're the heroes Sir Tristan turns to in his time of need. Give them confidence to take bold action (sometimes Will needs to be reminded that he's playing a character, not just himself).",
						{
							"type": "entries",
							"name": "Gifts from Sir Tristan",
							"id": "004",
							"entries": [
								"Sir Tristan offers them huge rewards to go on this dangerous mission. Begin by offering 100 gold pieces each and let them negotiate if they want more. If the group gets too greedy, Sir Tristan reminds them that they're old friends.",
								"Once the deal is struck, Sir Tristan might have a surprise for the group. If the characters negotiated a fair deal and respected their friendship with Sir Tristan, he will give them some magic equipment that will be useful in this adventure. If they were greedy or acted like they didn't care about their friendship with Sir Tristan, he won't give them anything extra.",
								"He starts with two {@item Bag of Holding||bags of holding}, so that they can easily carry the thessalhydra's severed heads. Then, for each character, he provides a {@item ring of protection} and a {@item potion of healing}. Finally, he has two weapons\u2014a {@item wand of magic missiles} and this greatsword:",
								"{@item Winter's Dark Bite|HftT}. This greatsword is made of an unknown black metal. In most cases, it works as a {@item +1 greatsword}. But when used against a thessalhydra, it works as a {@item +3 greatsword}. While in the Upside Down, it works as a +4 greatsword."
							]
						}
					]
				},
				{
					"type": "section",
					"name": "Rumors on the Road",
					"id": "005",
					"entries": [
						"As the characters search for the thessalhydra, they meet other people along the way. Give them a few short roleplaying encounters. Some NPCs have useful info, and others are just distractions. But make sure the scenes are fun, or the group might ignore them (especially Lucas\u2014he'll want to be all business).",
						{
							"type": "list",
							"items": [
								"A merchant offers them one apple each. He says that local apples tasted better before the thessalhydra arrived. That's why he's sure the monster's lair is in the apple orchards to the north.",
								"A traveling priest says that often lesser monsters worship bigger ones. There are troglodytes in a nearby set of caverns. They might know something about the thessalhydra.",
								"A woodcutter warns them that some of the caves around here are cursed. \"Once you enter, you get lost in the twisting tunnels and never escape.\"",
								"An elderly farmer doesn't believe there is a thessalhydra. He thinks it's just a big owlbear that is raiding settlements for its supper. \"I ain't never seen no thessalhydra, but owlbears we got plenty of around here!\""
							]
						},
						"When the players start getting bored with roleplaying encounters, it's time for them to find the {@creature troglodyte} caves. If they've wandered off following false leads, just have them luckily stumble upon the right cave."
					]
				},
				{
					"type": "section",
					"name": "Troglodyte Caverns",
					"id": "006",
					"entries": [
						"Have one character (group's choice) make a DC 12 ability check\u2014Intelligence ({@skill Nature}) if they're searching for the troglodyte caves, Wisdom ({@skill Survival}) if they're searching for the thessalhydra's tracks, or another skill that matches their actions.",
						"If the check succeeds, they have arrived at the troglodyte caves. Use the map to describe what the characters see. Let them pick in what order they explore the caves. When they reach a numbered area, see that area's description on the map below.",
						"If the skill check fails, they still arrive at the caves, but unluckily do so at the same time as a returning hunting party of 8 {@creature Troglodyte||troglodytes}. They must defeat the hunting party before they can enter the caves.",
						{
							"type": "image",
							"href": {
								"type": "internal",
								"path": "adventure/HftT/001-c102.png"
							},
							"width": 2500,
							"height": 2182
						},
						{
							"type": "entries",
							"id": "007",
							"entries": [
								{
									"type": "entries",
									"id": "008",
									"entries": [
										{
											"type": "entries",
											"name": "Area 1: Cave Entrance",
											"id": "009",
											"entries": [
												"A successful DC 15 Intelligence ({@skill Investigation}) or Wisdom ({@skill Survival}) check reveals that the cave's mouth has recently been visited by about 25 troglodytes, the thessalhydra, and an owlbear."
											]
										},
										{
											"type": "entries",
											"name": "Area 2: Empty Cave",
											"id": "00a",
											"entries": [
												"Nothing of interest here. The floor becomes too rocky to follow footprints anymore."
											]
										},
										{
											"type": "entries",
											"name": "Area 3: Trapped Hall",
											"id": "00b",
											"entries": [
												"The cave is empty, but the hall to area 4 is trapped, which requires a successful DC 10 ability check to detect, using Intelligence ({@skill Investigation}), or disarm, using Dexterity. If triggered, the roof collapses. Anyone in the hall must make a DC 10 Dexterity save. Those who fail take {@dice 2d6 + 2} bludgeoning damage. Those who succeed take half as much damage. The hall becomes impassable."
											]
										},
										{
											"type": "entries",
											"name": "Area 4: Treasure Room",
											"id": "00c",
											"entries": [
												"This is where the troglodytes keep their few valuable items. There are 200 gp in coins and gems, plus artwork and other valuables worth 200 gp more. The secret door that connects to area 6 needs a successful DC 15 ability check to detect, using Intelligence ({@skill Investigation}), or open, using Dexterity."
											]
										},
										{
											"type": "entries",
											"name": "Area 5: Common Chamber",
											"id": "00d",
											"entries": [
												"This is where most of the troglodytes sleep. Ten {@creature Troglodyte||troglodytes} are here, but they are terrified and try to run away into area 6 as soon as they see the characters."
											]
										},
										{
											"type": "entries",
											"name": "Area 6: Noble Chamber",
											"id": "00e",
											"entries": [
												"This is where the five {@creature troglodyte} leaders sleep. The head trog is a fair and noble ruler (like a trog version of Sir Tristan). He'd rather talk than fight (unlike most trogs, he speaks Common). But if the group angers him, all the trogs attack and fight to the death. If the group politely asks about the thessalhydra, he'll say that it comes in from the woods, passes through the caves, and enters the Cursed Labyrinth. It never travels the opposite way."
											]
										},
										{
											"type": "entries",
											"name": "Area 7: False Treasure Room",
											"id": "00f",
											"entries": [
												"This room is like area 4, but everything is broken and worthless. One vase is trapped, requiring a successful DC 10 Intelligence ({@skill Investigation}) check to detect and a successful DC 10 Dexterity check to disarm. If triggered, the hall to area 5 collapses. Anyone in the hall must make a DC 10 Dexterity save. Those who fail take {@dice 2d6 + 2} bludgeoning damage. Those who succeed take half as much damage. The hall becomes impassable."
											]
										},
										{
											"type": "entries",
											"name": "Area 8: Guard Post",
											"id": "010",
											"entries": [
												"Eight {@creature troglodyte} guards are stationed here. If the characters enter or make too much noise in an adjoining room (for example, have a fight or argument), the guards attack."
											]
										},
										{
											"type": "entries",
											"name": "Area 9: Owlbear",
											"id": "011",
											"entries": [
												"One {@creature owlbear} is here and sleeping. Characters may attempt Dexterity ({@skill Stealth}) checks against its passive Perception (13). Failure means it wakes up and attacks."
											]
										},
										{
											"type": "entries",
											"name": "Area 10: Water Pool",
											"id": "012",
											"entries": [
												"A natural spring feeds a 10-foot-deep pool of clear, fresh water. In the pool lives a {@creature giant frog}, which leaps out and attacks the first character to touch the water."
											]
										},
										{
											"type": "entries",
											"name": "Area 11: Shrine",
											"id": "013",
											"entries": [
												"This is where the troglodytes come to worship their dark god, Laogzed. There's an altar and a statue of an ugly, frog-like creature. On the altar are pieces of rotten meat and 50 gp worth of coins and small gems."
											]
										}
									]
								}
							]
						},
						{
							"type": "entries",
							"name": "The Cursed Labyrinth",
							"id": "014",
							"entries": [
								"It seems like a normal maze with twisting, turning hallways that intersect, but there is no solution to this maze. Its path is completely random, and if you turn around to retrace your steps, you find that the path has changed behind you.",
								{
									"type": "entries",
									"id": "015",
									"entries": [
										{
											"type": "entries",
											"name": "Random Path",
											"id": "016",
											"entries": [
												"Use the first few hallways as shown on the map (above), but when the characters move off the map, use the table below to figure out what they find next. If the characters turn around, the maze remains the same until they go around a corner or open a door. From that point on, the labyrinth makes a new random path.",
												{
													"type": "table",
													"colLabels": [
														"d20 Result",
														"Result"
													],
													"colStyles": [
														"text-center col-2",
														"col-10"
													],
													"rows": [
														[
															"1\u20132",
															"{@dice 1d10} map squares straight, then dead end"
														],
														[
															"3\u20135",
															"{@dice 1d6} map squares straight, then reroll"
														],
														[
															"6\u20138",
															"{@dice 1d4} map squares straight, then turn left"
														],
														[
															"9\u201311",
															"{@dice 1d4} map squares straight, then turn right"
														],
														[
															"12\u201314",
															"Special encounter (described below)"
														],
														[
															"15\u201316",
															"{@dice 1d4} map squares straight, then T intersection"
														],
														[
															"17\u201318",
															"{@dice 1d6} map squares straight, then a four-way intersection"
														],
														[
															"19",
															"Reroll, but also add a door"
														],
														[
															"20",
															"Reroll, but also add a secret door"
														]
													]
												}
											]
										}
									]
								}
							]
						},
						{
							"type": "entries",
							"name": "Special Encounters",
							"id": "017",
							"entries": [
								"While going through the Cursed Labyrinth, the characters will have some interesting encounters. Roll on the following table (if you get the same result twice, reroll or choose an encounter).",
								{
									"type": "table",
									"colLabels": [
										"d6",
										"Encounter"
									],
									"colStyles": [
										"text-center col-2",
										"col-10"
									],
									"rows": [
										[
											"1",
											"Damaged Walls"
										],
										[
											"2",
											"Treasure"
										],
										[
											"3",
											"Pit Trap"
										],
										[
											"4",
											"Troglodytes"
										],
										[
											"5",
											"Skeletons"
										],
										[
											"6",
											"The Lost Knight"
										]
									]
								},
								{
									"type": "entries",
									"id": "018",
									"entries": [
										{
											"type": "entries",
											"name": "Damaged Walls",
											"id": "019",
											"entries": [
												"The next hallway the characters enter shows signs of damage, like a powerful beast has rampaged through here. The group can easily tell that this damage was done by the thessalhydra."
											]
										},
										{
											"type": "entries",
											"name": "Treasure",
											"id": "01a",
											"entries": [
												"They find the remains of an ancient adventurer who died trying to escape the labyrinth. The body has treasure worth {@dice 3d20} gold pieces."
											]
										},
										{
											"type": "entries",
											"name": "Pit Trap",
											"id": "01b",
											"entries": [
												"The hallway has a pit trap somewhere along its length. Characters must make a successful DC 12 Intelligence ({@skill Investigation}) check to detect the trap, and a successful DC 12 Dexterity check to safely move past it. Those who fail the Dexterity check fall in and take {@dice 1d6} bludgeoning damage. Climbing out of the pit is easy to do."
											]
										},
										{
											"type": "entries",
											"name": "Troglodytes",
											"id": "01c",
											"entries": [
												"Four {@creature Troglodyte||troglodytes}, members of the tribe from the caverns who ran into the labyrinth to escape the thessalhydra, have been trapped here for two weeks. They're mad with hunger and immediately attack."
											]
										},
										{
											"type": "entries",
											"name": "Skeletons",
											"id": "01d",
											"entries": [
												"Eight {@creature Skeleton||skeletons}, the undead remains of adventurers, come shambling down the hallway to attack the characters."
											]
										},
										{
											"type": "entries",
											"name": "The Lost Knight",
											"id": "01e",
											"entries": [
												"See details below."
											]
										}
									]
								}
							]
						},
						{
							"type": "entries",
							"name": "The Lost Knight",
							"id": "01f",
							"entries": [
								"The characters encounter the Lost Knight\u2014a mysterious figure dressed in a full suit of armor who is trapped in the Cursed Labyrinth.",
								{
									"type": "image",
									"href": {
										"type": "internal",
										"path": "adventure/HftT/002-c103.png"
									},
									"width": 403,
									"height": 1000
								},
								"The knight is at the far end of a long hallway (60 feet from the group). He says he knows their quest is to slay a great monster. He'll help them if they solve his two riddles.",
								"The {@b first riddle} is simple. All they have to do is catch him. He runs around the corner and calls back:",
								{
									"type": "insetReadaloud",
									"id": "020",
									"entries": [
										"\"At my heels you nip in this game we play. But cursed is the maze, and lost am I. So who's chasing whom? Oh, who's to say? The front is the back. Hello is goodbye.\""
									]
								},
								"If the characters chase him, use the Random Path table to generate the hallways (reroll results of 1 and 2). Every time they round a corner, they see him escape at the other end of the hall.",
								"The solution is to stop chasing the Lost Knight, turn around, and go back the way they came. Once the group goes back one room, they automatically find the Knight's second riddle.",
								{
									"type": "entries",
									"id": "021",
									"entries": [
										{
											"type": "entries",
											"name": "Second Riddle",
											"id": "022",
											"entries": [
												"The characters see the Lost Knight standing in a doorway at the far side of a large room.",
												{
													"type": "insetReadaloud",
													"id": "023",
													"entries": [
														"\"You solved my first riddle,\" he says. \"Now can you find the missing piece to finish my collection?\""
													]
												},
												"He points to three shelves above the doorway. Then he steps through the door, which closes and magically locks behind him (cannot be picked or broken down).",
												"The first two shelves each have two small statues, and the third one has only one statue."
											]
										},
										{
											"type": "entries",
											"name": "Shelf 1 Statues",
											"id": "024",
											"entries": [
												"A man with a crown and a bag of coins."
											]
										},
										{
											"type": "entries",
											"name": "Shelf 2 Statues",
											"id": "025",
											"entries": [
												"A woman with a crown and a jar of honey."
											]
										},
										{
											"type": "entries",
											"name": "Shelf 3 Statue",
											"id": "026",
											"entries": [
												"A common woman wearing an apron and an empty space for a second statue.",
												"In the room is a large table covered with many small statues, including a cake, a pie, a spinning wheel, a basket of laundry, a plate with a steak, a toy soldier, a sword, and twenty-four sculptures of crows.",
												"To solve the riddle, the characters must put the right statue from the table in the empty space on shelf 3. If they put a wrong sculpture on the shelf, everyone in the room takes {@dice 1d4} lightning damage. They must try again. If they put the right statue there, the door opens.",
												"Solution. The basket of laundry. These are the characters from the nursery rhyme \"Sing a Song of Sixpence.\""
											]
										},
										{
											"type": "entries",
											"name": "Clues",
											"id": "027",
											"entries": [
												"",
												"1. It's based on a nursery rhyme.",
												"2. There are \"four-and-twenty\" statues of \"black birds.\"",
												"3. Tell them the name of the nursery rhyme and let them look up the words."
											]
										},
										{
											"type": "entries",
											"name": "The Knight's Prize",
											"id": "028",
											"entries": [
												"After the group solves both of the Lost Knight's riddles, he congratulates them on being so clever.",
												"The knight explains that the Cursed Labyrinth is not in our world. It is built in a demiplane. The thessalhydra has found a way to push through it to a place called the Upside Down. The Lost Knight shows the characters how that is done, but warns that this is a one-way passage\u2014they'll have to find a different way home."
											]
										}
									]
								}
							]
						}
					]
				},
				{
					"type": "section",
					"name": "The Upside Down",
					"id": "029",
					"entries": [
						"The Upside Down is a kind of alternate dimension\u2014an echo of the Material Plane (where we all live). That means in some ways it's very similar to our world, but in others it's completely different.",
						"The Upside Down is a cold, dark place. It's always night there, and the air is always cold (like just before a snow storm). You never feel warm in the Upside Down. Also, characters get no natural healing while in the Upside Down: no matter how long you rest, you don't regain any hit points, and you can't spend Hit Dice. Magical healing still works.",
						"In places where our world and the Upside Down touch each other, the Upside Down looks like our world\u2014the same buildings, trees, and other structures\u2014but they're always broken and ruined. These are the places where you can cross between planes, if you know how.",
						"In places where the worlds don't touch, the Upside Down looks like a haunted forest.",
						{
							"type": "image",
							"href": {
								"type": "internal",
								"path": "adventure/HftT/003-c104.png"
							},
							"width": 1869,
							"height": 1000
						},
						{
							"type": "entries",
							"name": "Winter's Dark Bite in the Upside Down",
							"id": "02a",
							"entries": [
								"The sword that the characters might have received from Sir Tristan, {@item Winter's Dark Bite|HftT}, is made of metal mined from the Upside Down, so it gets even stronger when it's used here. While in the Upside Down, Winter's Dark Bite acts like a +4 greatsword.",
								{
									"type": "image",
									"href": {
										"type": "internal",
										"path": "adventure/HftT/004-c105.png"
									},
									"width": 650,
									"height": 1000
								}
							]
						}
					]
				},
				{
					"type": "section",
					"name": "Upside Down Encounters",
					"id": "02b",
					"entries": [
						"This part of the adventure is mostly supposed to be scary, not dangerous. When the characters first arrive in the Upside Down, make it in the middle of the woods (an area that doesn't touch our world). Describe how lonely, dark, and desolate it is, with a cold wind blowing all the time.",
						"Let the characters explore a little. Describe sections where the Upside Down touches our world in places that the group has already visited, so they can see scary, haunted versions. Have there be strange howling noises on the wind, and make it feel like something is stalking them, lurking just out of sight in the darkness.",
						"They find tracks made by the thessalhydra, but also tracks made by other monsters. But the tracks are impossible to follow. The tracks come and go. Sometimes they loop back on themselves. None of it makes any sense.",
						"When it's time to move the story forward, introduce the Proud Princess.",
						{
							"type": "entries",
							"name": "The Proud Princess",
							"id": "02c",
							"entries": [
								"With a blast of lightning and thunder, the Proud Princess appears on a hill near the characters. She is strong and proud, a warrior princess, who looks at the characters and instantly knows that they pose no danger to her. (No stats for her. She's not someone they should fight. If they insist on trying, they can hit her only with a critical hit, and even then she shrugs off whatever damage they do. Her attacks always hit them and deal {@dice 2d6 + 6} slashing damage.)",
								"The Proud Princess has a quest of her own, though she will not talk about the details. She warns the characters to stay out of her way, for their own safety. Simply to keep them away, she tells them how to find the thessalhydra.",
								{
									"type": "image",
									"href": {
										"type": "internal",
										"path": "adventure/HftT/005-c106.png"
									},
									"width": 685,
									"height": 1000
								},
								"The thessalhydra uses the Upside Down as a way to return to its lair without being tracked. The lair is a cave where the Material Plane and the Upside Down touch. A special plant grows there\u2014a plant whose flowers bloom in both worlds. These flowers can be used to cross between worlds if you perform a certain ritual. A key component of this ritual is blood from a monstrosity (a type of creature). The thessalhydra is a monstrosity, so it can use its own blood to open a gateway.",
								"The Proud Princess can point them to the cavern where the flowers grow, but if the characters want to open a gateway, they'll also need the blood of a monstrosity. Luckily, she knows of one that has been stalking around the Upside Down lately: a {@creature demogorgon|HftT}!",
								"She tells them that the demogorgon is attracted to the smell of blood. The easiest way to get its attention is to spill blood on the ground. But since there are so few creatures in the Upside Down, the only source is the characters themselves. Using a weapon carefully, a character can do minor damage (cutting their palm) causing 1 hp of damage and spilling a small amount of blood. If the group spills a total of 3 hp worth of blood, the demogorgon will arrive {@dice 1d6} minutes later, leaping from the darkness and attacking the group.",
								"If the characters don't want to spill their own blood, they can stalk the demogorgon, but this is very difficult. One character should try a DC 15 Wisdom ({@skill Survival}) check for the group. If this is successful, they have found the demogorgon. If it fails, the group may try again (with the same character or a different one making the check). If the group fails three times, the demogorgon has found them and attacks, but the characters are surprised (see chapter 2 of the rulebook for how surprise works)."
							]
						},
						{
							"type": "entries",
							"name": "Demogorgon",
							"id": "02d",
							"entries": [
								{
									"type": "image",
									"href": {
										"type": "internal",
										"path": "adventure/HftT/006-c107.png"
									},
									"width": 603,
									"height": 1000
								},
								"A demogorgon is a monstrosity the size and shape of an adult human, but its mouth fills its face and opens like a blooming flower. One currently lives in the Upside Down, and no one knows where it came from originally. It's incredibly strong and can heal itself from damage it takes (even here in the Upside Down). Like a shark, a demogorgon is drawn to the scent of blood, and goes into a frenzy when blood is near.",
								"The Proud Princess says that they need a few ounces of blood from the creature to open a gateway (filling an empty potion vial will do nicely, but let the characters solve the problem). If the {@creature demogorgon|HftT} is killed, they can get the blood easily. But let them try other ways if they don't want to fight to the death. For example, they can get blood off a sword blade immediately after it strikes and damages the creature (they must do this four times to get enough blood)."
							]
						},
						{
							"type": "entries",
							"name": "Using Demogorgon Blood",
							"id": "02e",
							"entries": [
								"After the characters have gotten enough demogorgon blood, they can take it to the cavern with the flowers. If they pour the blood on one of the flowers, it bursts open violently (anyone standing next to the flower must succeed on a DC 12 Dexterity save or be knocked {@condition prone}), creating a cross-planar gate. Stepping through leads to area 1 of the lair of the thessalhydra."
							]
						}
					]
				},
				{
					"type": "section",
					"name": "Lair of the Thessalhydra",
					"id": "02f",
					"entries": [
						{
							"type": "image",
							"href": {
								"type": "internal",
								"path": "adventure/HftT/007-c108.png"
							},
							"width": 2018,
							"height": 2500
						},
						"When the characters step out of an oversized flower (like the one they stepped into in the Upside Down), they are back in the Material Plane\u2014home. In fact, they are pretty close to Sir Tristan's castle (they can see the towers above the tree line). Prints in the dirt make it clear that the thessalhydra has come this way often, and the tracks lead into a nearby cave.",
						{
							"type": "image",
							"href": {
								"type": "internal",
								"path": "adventure/HftT/008-c109.png"
							},
							"width": 622,
							"height": 1000
						},
						{
							"type": "entries",
							"id": "030",
							"entries": [
								{
									"type": "entries",
									"id": "031",
									"entries": [
										{
											"type": "entries",
											"name": "Area 1",
											"id": "032",
											"entries": [
												"Entrance to the cave. Some of the cross-planar flowers grow along the rocks here."
											]
										},
										{
											"type": "entries",
											"name": "Area 2",
											"id": "033",
											"entries": [
												"This cave is thick with webs from floor to ceiling. Three giant spiders live here. If the characters don't bother them, they won't bother the characters."
											]
										},
										{
											"type": "entries",
											"name": "Area 3",
											"id": "034",
											"entries": [
												"There's a 20-foot-wide pit. It takes a successful DC 12 Strength ({@skill Athletics}) check to jump across. Failing a jump without a safety rope tied to you means you fall away into darkness and take {@dice 3d10} bludgeoning damage. The pit is 30 feet deep.",
												"Nearby is a hidden passage (marked as an \"S\" on the map). It takes a successful DC 12 Wisdom ({@skill Perception}) check to notice it. Once found, it can be used freely."
											]
										},
										{
											"type": "entries",
											"name": "Area 4",
											"id": "035",
											"entries": [
												"A tribe of ten {@creature Troglodyte||troglodytes} live here. When the thessalhydra moved in, the trogs began to worship it as a god. Now they protect it while it sleeps. If the characters have already killed the thessalhydra, the trogs begin to worship them as their new gods."
											]
										},
										{
											"type": "entries",
											"name": "Area 5",
											"id": "036",
											"entries": [
												"At the back of this cave is an area that appears wet, like a mud patch or a shallow puddle, and occasionally ripples or bubbles. It's actually an {@creature ochre jelly}. If the characters don't bother it, it won't bother them."
											]
										},
										{
											"type": "entries",
											"name": "Area 6",
											"id": "037",
											"entries": [
												"This is where the troglodytes go to leave offerings in worship of the thessalhydra. The walls are covered with small niches, each of which contains an offering. (See \"Conclusion\" below.)"
											]
										},
										{
											"type": "entries",
											"name": "Area 7",
											"id": "038",
											"entries": [
												"This cavern is where the {@creature thessalhydra|HftT} lurks. It is here and sleeping. If the characters can sneak up on it, they can take the creature by surprise (see chapter 2 of the rulebook for how surprise works).",
												{
													"type": "image",
													"href": {
														"type": "internal",
														"path": "adventure/HftT/009-c110.png"
													},
													"width": 1239,
													"height": 1000
												}
											]
										}
									]
								}
							]
						}
					]
				},
				{
					"type": "section",
					"name": "Conclusion",
					"id": "039",
					"entries": [
						"If the characters kill the thessalhydra, they have successfully completed this adventure. When they chop off the creature's heads and bring them back to Sir Tristan, he will welcome them as conquering heroes, shower them with treasure, and grant each one a boon (as long as it is within his power to do so). Additionally, in area 6 of the thessalhydra's lair they will find coins, gems, and artwork worth 1,000 gold pieces, plus one magic item of your (the Dungeon Master's) choice.",
						{
							"type": "entries",
							"name": "Further Adventures",
							"id": "03a",
							"entries": [
								"Perhaps the best reward of all is that the characters each gain a level. Use the information in the {@book Player's Handbook|PHB} to make them 4th level. They will then be ready to seek more adventure and rewards in future games of Dungeons & Dragons!"
							]
						}
					]
				}
			]
		}
	]
}
