{
	"data": [
		{
			"type": "section",
			"name": "Tide of Retribution",
			"page": 206,
			"id": "750",
			"entries": [
				"Trouble darkens the shores of the Vezdali Peninsula when an earthquake hits, sending part of the village of Palma Flora down into the sea. \"Tide of Retribution\" is an adventure that takes characters from 1st to 3rd level. It introduces them to the Menagerie Coast\u2014a tropical region filled with monstrous abominations, mysterious curses, and ancient temples. This setting is ideal for nautical and jungle-exploring adventures.",
				"If your players use the heroic chronicle to create their characters (see {@book chapter 4|EGW|5|Heroic Chronicle}), talk to them about creating characters who grew up on the Menagerie Coast to give them a closer connection to this region. For characters not from the Menagerie Coast, the players should think about why those characters were drawn from across the continent to an idyllic village by the sea.",
				{
					"type": "section",
					"name": "Story Overview",
					"page": 206,
					"id": "751",
					"entries": [
						"The village of Palma Flora is known for its vibrant green foliage, its competitive shark-hunting tournaments, and a sweet cocktail that shares the village's name. Lurking in the Sharkfeather Abyss, an ocean trench just west of the village, is a small clan of some dozen sahuagin that has grown weary of the shark hunters of Palma Flora. Year after year, the sea devils have attacked the shark hunters in an effort to spoil the tournaments, but their small numbers have seen them consistently defeated by the hunters and the village's hired mercenaries. However, things have recently changed.",
						"When a young sahuagin named Selachai lost her parents in a raid against the shark hunters during last year's tournament, her distraught prayers for vengeance touched the fathomless consciousness of Uk'otoa, an ancient leviathan trapped beneath the ocean. Selachai beseeched her new patron for the power to destroy the shark hunters and all who exploit the sea. She received that power in the form of a magic scepter tipped with a crystalline amber eye. Transformed by the scepter into a conduit for Uk'otoa's might, Selachai now leads the Sharkfeather clan on a path of dark retribution, and it's up to the adventurers to stop it."
					]
				},
				{
					"type": "section",
					"name": "Adventure Summary",
					"page": 206,
					"id": "752",
					"entries": [
						"In the first part of the adventure, the characters are enjoying a day of relaxation or invigorating shark hunting on the sunny shores of Palma Flora when a ground-quaking tremor rocks the coast. Before their eyes, the island-based portion of the village begins to sink into the depths. Sahuagin prowl the waters, eviscerating those who try to swim to safety. The characters must fight to survive and have a chance to save as many villagers as they can before Palma Flora is overrun.",
						"In the end, the characters must leap aboard a ship fleeing the sinking village before they are overwhelmed. If they survive this attack and make it to the open water, they reach 2nd level. While aboard the ship, the characters interact with the crew and their mysterious tabaxi captain as they plan their next moves.",
						"In the last part of the adventure, characters who want to save Palma Flora and unravel the mystery of the sinking village are faced with several options. Captain {@creature Three Earrings|EGW} is keen for them to undertake the quest, and many of the nearby islands offer resources for underwater adventuring that might help them.",
						"Returning to the watery ruins of Palma Flora, the characters face off against their sahuagin foes. The battle is vicious, as many of Palma Flora's shark hunters have been twisted by eldritch power into half-humanoid, half-shark abominations. No matter the outcome of the final battle, the adventurers are set up to continue their nautical adventures along the Menagerie Coast."
					]
				},
				{
					"type": "section",
					"name": "Setup and Starting Points",
					"page": 206,
					"id": "753",
					"entries": [
						"Before beginning the adventure, work with your players as they talk about why their characters are in Palma Flora. You can provide players with some details regarding the village as it's described in {@book chapter 3|EGW|4|Palma Flora}. This can help the players get into character and help you establish why the party has come to this remote coastal village.",
						"This is also a good time to figure out if the characters already know each other or if this adventure is the first time they've met."
					]
				},
				{
					"type": "section",
					"name": "That Sinking Feeling",
					"page": 206,
					"id": "754",
					"entries": [
						"Once the players are ready to begin, read or paraphrase the following to set the scene:",
						{
							"type": "insetReadaloud",
							"id": "755",
							"entries": [
								"A cool breeze drifts across Flora Isle, mingling the sweet scent of flowers with the salty tang of the Lucidian Ocean. Well-tanned locals play on the beach, while sunburned visitors sit in wicker chairs and sip cold drinks. A half-dozen nearly naked shark hunters preparing to compete in the annual tournament stand in the shallows on the south shore, armed with harpoons and their wits."
							]
						},
						"The players now have the chance to describe what their characters are doing in the scene you've established. Your group can play out these scenes as short vignettes, with each player establishing what a normal day is like for the characters before the action begins.",
						"Once the scene is set, proceed to the next section. If you or your players don't feel comfortable roleplaying a short two-person scene to set the mood, let the players quickly summarize what their characters are doing, then get straight into the action.",
						"All the sections in this part of the adventure are keyed to map 5.1, which appears later in this chapter.",
						{
							"type": "entries",
							"name": "Earthquake and Sahuagin Attack",
							"page": 206,
							"id": "756",
							"entries": [
								{
									"type": "image",
									"href": {
										"type": "internal",
										"path": "book/EGW/106-05-02.png"
									},
									"width": 1496,
									"height": 1000
								},
								"Once the characters have introduced themselves, read:",
								{
									"type": "insetReadaloud",
									"id": "757",
									"entries": [
										"The ground beneath your feet trembles and cracks. Waves a dozen feet high crash into the shore, and the sound of screaming fills the air as a stampede of beachgoers flees the sands. A chorus of shrieks add to the cacophony as shark hunters run from the water, pursued by humanoid creatures with fish-like heads and slick, rubbery skin."
									]
								},
								"Ask each player how their character reacts. If any of the characters want to fight the sahuagin, tell the players to roll initiative. The action of this adventure begins in the south part of the village (area P1, described below).",
								"The characters might not be interested in saving the shark hunters, perhaps feeling that people not afraid to hunt sharks can fend for themselves. In that case, let them ask you questions about what else is happening in the village. The players might decide that their characters want to focus on saving villagers, raiding houses, or performing any other noble or selfish deeds as the village falls into chaos. In this event, refer to the map of Palma Flora and the following general features to answer their questions."
							]
						},
						{
							"type": "entries",
							"name": "P1. South Shore",
							"page": 207,
							"id": "758",
							"entries": [
								"Four {@creature sahuagin} emerge from the water to pursue two shark hunters (use the {@creature tribal warrior} stat block). If the characters don't interfere, the shark hunters are handily skewered and killed by the sahuagin.",
								{
									"type": "entries",
									"name": "Shark Hunters",
									"page": 207,
									"id": "759",
									"entries": [
										"The two shark hunters are reckless human teenagers\u2014a female half-elf named Elanza and a male tiefling named Joao. Elanza fears that the entire village will sink into the sea, and she urges the characters to accompany her to the ships on the eastern shore and escape. Joao is obsessed with glory. If he survives this encounter, he heads for the north shore to keep fighting unless a character can convince him to flee to safety with a successful DC 10 Charisma ({@skill Persuasion}) check."
									]
								},
								{
									"type": "entries",
									"name": "Developments",
									"page": 207,
									"id": "75a",
									"entries": [
										"After this encounter, an aftershock rocks the village. Any character who succeeds on a DC 10 Wisdom ({@skill Perception}) check confirms that Palma Flora is sinking. Every 10 minutes from this point forward, the size of the island shrinks by 5 feet on all sides as it is slowly submerged in the ocean."
									]
								},
								{
									"type": "entries",
									"name": "Where to Next?",
									"page": 207,
									"id": "75b",
									"entries": [
										"From here, the characters can travel to the east, west, or north side of Palma Flora. Any character who looks toward the other parts of the village in an attempt to understand what's happening must make a DC 10 Wisdom ({@skill Perception}) check. On a failure, the character sees only fleeing people and hears only screams. On a success, tell that character the following information, based on where they're looking:",
										{
											"type": "entries",
											"name": "East Shore",
											"page": 207,
											"id": "75c",
											"entries": [
												"The village docks are here, and several ships are already sailing away. One group of sailors is battling sahuagin as they try to board the last vessel still docked."
											]
										},
										{
											"type": "entries",
											"name": "West Shore",
											"page": 207,
											"id": "75d",
											"entries": [
												"The village is sinking most quickly here, and several beachside houses are already half submerged. The villagers and the sahuagin are all headed toward the north shore."
											]
										},
										{
											"type": "entries",
											"name": "North Shore",
											"page": 207,
											"id": "75e",
											"entries": [
												"Desperate villagers are trying to swim to the north part of the village on the mainland. A 50-foot-wide channel separates the two parts of the village after the earthquake splintered the bridge. If the characters don't intervene, the villagers become easy pickings for the sahuagin and sharks."
											]
										}
									]
								}
							]
						},
						{
							"type": "entries",
							"name": "P2. West Shore",
							"page": 208,
							"id": "75f",
							"entries": [
								"If the characters travel to the west shore of the island, read:",
								{
									"type": "insetReadaloud",
									"id": "760",
									"entries": [
										"A half-dozen cottages spread across this part of Flora Isle, and the waves are already lapping at their foundations. Doors hang open, and windows are smashed. One sahuagin raider leaps out of a smashed window, clutching a shark-tooth necklace in its slimy hand."
									]
								},
								"The {@creature sahuagin} broke off from its raiding party to do a bit of looting. It attacks any characters it sees.",
								{
									"type": "entries",
									"name": "Looting",
									"page": 208,
									"id": "761",
									"entries": [
										"All the houses stand empty along this stretch of seashore. A character can try to scavenge valuables by spending 10 minutes searching a house and making a DC 13 Intelligence ({@skill Investigation}) check. On a success, the character finds an art object worth 25 gp. You can roll on the 25 gp Art Objects table in {@book chapter 7|DMG|7|Art Objects} of the {@book Dungeon Master's Guide|DMG} to determine what kind of valuable this is, or you can make one up.",
										"For every 10 minutes the characters spend looting houses, the island sinks and the water on all sides advances 5 feet inward."
									]
								},
								{
									"type": "entries",
									"name": "Treasure",
									"page": 208,
									"id": "762",
									"entries": [
										"In addition to anything claimed by looting characters, the necklace carried by the sahuagin is covered in shark teeth and beaded with tiny shells, and is worth 25 gp."
									]
								}
							]
						},
						{
							"type": "entries",
							"name": "P3. North Shore",
							"page": 208,
							"id": "763",
							"entries": [
								"If the characters travel to the north shore of the island, read:",
								{
									"type": "insetReadaloud",
									"id": "764",
									"entries": [
										"The fifty-foot-wide channel that separates Flora Isle from the rest of Palma Flora is impassable after the earthquake splintered the bridge. By the look of it, the northern part of the village is suffering the same aftershocks as the island, and people are fleeing in droves.",
										"A dozen villagers stand on the north side of the channel, all of them calling encouragement to the six villagers currently swimming across. But their calls turn to screams as three fast-moving sharks tear through the channel."
									]
								},
								"Three {@creature Reef Shark||reef sharks}\u2014all telepathically commanded by a {@creature sahuagin} lurking underwater\u2014attack the six {@creature Commoner||commoners} swimming through the channel. One commoner is 35 feet across the channel and can reach the other side on their next turn. The other five villagers are only 25 feet across and are unsure whether to turn back or keep swimming. To be prepared if the characters decide to go into the water to save the swimmers, be sure to familiarize yourself with the rules for underwater combat in {@book chapter 9|PHB|9|Underwater Combat} of the {@book Player's Handbook|PHB}.",
								{
									"type": "entries",
									"name": "Sahuagin on Duty",
									"page": 208,
									"id": "765",
									"entries": [
										"The reef sharks aren't aggressive unless threatened, but a sahuagin raider is commanding them to attack. If the sahuagin is killed, the sharks swim away and leave the villagers alone. This sahuagin is lurking underwater in the middle of the channel. A creature that is underwater and succeeds on a DC 10 Wisdom ({@skill Perception}) check sees the sahuagin. To creatures above the frothy, blood-clouded water, the sahuagin is heavily obscured."
									]
								},
								{
									"type": "entries",
									"name": "Saving the Villagers",
									"page": 208,
									"id": "766",
									"entries": [
										"Any villagers who are saved promise the characters that they'll remember their bravery. If the characters ever visit another settlement in the Menagerie Coast (such as Port Damali or Nicodranas) in future adventures, one of these NPCs might have settled there and can become a local resource for the characters."
									]
								},
								{
									"type": "entries",
									"name": "Treasure",
									"page": 208,
									"id": "767",
									"entries": [
										"One of the villagers aided by the characters shows their gratitude with the gift of a family-heirloom golden bracelet (worth 25 gp)."
									]
								}
							]
						},
						{
							"type": "entries",
							"name": "P4. East Shore",
							"page": 208,
							"id": "768",
							"entries": [
								"If the adventurers travel to the east shore, read:",
								{
									"type": "insetReadaloud",
									"id": "769",
									"entries": [
										"One ship remains moored to the waterlogged docks. Its crew members are battling sahuagin as well as giant crabs with orange shells and vicious pincers as they attempt to board the vessel. A young villager wearing a bloodstained white robe stands back from the fight and screams an incantation, calling a burst of golden flame down on one of the sahuagin. As you arrive, he turns to you, clearly frightened.",
										"\"Are any of you wounded? Those sailors need help, but I can't get close enough to heal them. But if I heal you, will you please help them?\""
									]
								},
								"The white-robed figure is Aurelio, a teenage {@creature acolyte} with light brown skin and dyed-orange, shoulder-length hair. He is willing to cast {@spell cure wounds} or {@spell bless} for the characters, but only if they help the sailors fighting off sahuagin at the docks. If the characters saved any villagers elsewhere, those villagers stand at the edge of the fray with Aurelio.",
								{
									"type": "entries",
									"name": "Combat",
									"page": 208,
									"id": "76a",
									"entries": [
										"Four sailors (use the {@creature bandit} stat block) are fighting against two {@creature sahuagin} and four trained {@creature Giant Crab||giant crabs} in the shallow water in front of the docks. Once the characters arrive, two of the sailors shout their thanks and run up the gangplank to prepare the ship for immediate departure. The other two remain to help fight."
									]
								},
								{
									"type": "entries",
									"name": "Departure",
									"page": 208,
									"id": "76b",
									"entries": [
										"With the two sailors on board, the ship is readied to depart in {@dice 1d6} rounds. Even if the characters aren't able to defeat the enemies here, they can flee to the deck of the ship and try to defend against the attackers until it's ready to leave. If the sahuagin and the crabs are defeated, the sailors are willing to wait for up to one hour if the characters have unfinished business in Palma Flora."
									]
								},
								{
									"type": "entries",
									"name": "Ship",
									"page": 208,
									"id": "76c",
									"entries": [
										"The ship is a two-masted caravel with the name {@i Wavechaser} emblazoned on its hull. It can hold up to twenty people, including its crew of six.",
										{
											"type": "gallery",
											"images": [
												{
													"type": "image",
													"href": {
														"type": "internal",
														"path": "book/EGW/107-5.1-palma-flora.png"
													},
													"title": "Map 5.1: Palma Flora",
													"width": 2550,
													"height": 1650,
													"imageType": "map",
													"mapRegions": [
														{
															"area": "76f",
															"points": [
																[
																	747,
																	186
																],
																[
																	747,
																	293
																],
																[
																	859,
																	293
																],
																[
																	859,
																	186
																]
															]
														},
														{
															"area": "75f",
															"points": [
																[
																	639,
																	664
																],
																[
																	639,
																	770
																],
																[
																	753,
																	770
																],
																[
																	753,
																	664
																]
															]
														},
														{
															"area": "76e",
															"points": [
																[
																	1314,
																	79
																],
																[
																	1314,
																	189
																],
																[
																	1421,
																	189
																],
																[
																	1421,
																	79
																]
															]
														},
														{
															"area": "763",
															"points": [
																[
																	1216,
																	281
																],
																[
																	1216,
																	389
																],
																[
																	1317,
																	389
																],
																[
																	1317,
																	281
																]
															]
														},
														{
															"area": "773",
															"points": [
																[
																	1401,
																	587
																],
																[
																	1401,
																	696
																],
																[
																	1510,
																	696
																],
																[
																	1510,
																	587
																]
															]
														},
														{
															"area": "770",
															"points": [
																[
																	1707,
																	414
																],
																[
																	1707,
																	516
																],
																[
																	1810,
																	516
																],
																[
																	1810,
																	414
																]
															]
														},
														{
															"area": "768",
															"points": [
																[
																	1814,
																	680
																],
																[
																	1814,
																	787
																],
																[
																	1921,
																	787
																],
																[
																	1921,
																	680
																]
															]
														},
														{
															"area": "771",
															"points": [
																[
																	2106,
																	787
																],
																[
																	2106,
																	881
																],
																[
																	2219,
																	881
																],
																[
																	2219,
																	787
																]
															]
														},
														{
															"area": "772",
															"points": [
																[
																	1626,
																	1156
																],
																[
																	1626,
																	1253
																],
																[
																	1750,
																	1253
																],
																[
																	1750,
																	1156
																]
															]
														},
														{
															"area": "758",
															"points": [
																[
																	1486,
																	1361
																],
																[
																	1486,
																	1463
																],
																[
																	1597,
																	1463
																],
																[
																	1597,
																	1361
																]
															]
														}
													],
													"hrefThumbnail": {
														"type": "internal",
														"path": "book/EGW/thumbnail/107-5.1-palma-flora.webp"
													},
													"id": "000"
												},
												{
													"type": "image",
													"href": {
														"type": "internal",
														"path": "book/EGW/107-5.1-palma-flora-player.png"
													},
													"title": "Map 5.1: Palma Flora (Player Version)",
													"width": 2550,
													"height": 1650,
													"imageType": "mapPlayer"
												}
											]
										}
									]
								}
							]
						},
						{
							"type": "entries",
							"name": "Other Flora Isle Locations",
							"page": 209,
							"id": "76d",
							"entries": [
								"The following areas, labeled P5 through P10 on map 5.1, are specific locations on Flora Isle. When the characters return to the ruins of Palma Flora in the last part of the adventure, all these areas are in ruins or have been swept away by the waves.",
								{
									"type": "entries",
									"name": "P5. Bridge",
									"page": 209,
									"id": "76e",
									"entries": [
										"This bridge once connected Flora Isle to the rest of Palma Flora on the mainland. It is destroyed when the earthquake rocks the island."
									]
								},
								{
									"type": "entries",
									"name": "P6. Cliffs",
									"page": 209,
									"id": "76f",
									"entries": [
										"Unlike the gentle, sloping beaches along the rest of the island, the north end of Flora Isle is a sheer cliff 10 feet high."
									]
								},
								{
									"type": "entries",
									"name": "P7. Farmer's Cottage",
									"page": 209,
									"id": "770",
									"entries": [
										"A farmer raises pigs and chickens in the pen adjacent to this house."
									]
								},
								{
									"type": "entries",
									"name": "P8. Docks",
									"page": 209,
									"id": "771",
									"entries": [
										"Three ships are docked on the east side of the island. One is a caravel named {@i Wavechaser} (see {@adventure area P4|ToR|0|P4. East Shore}). The others are skiffs named {@i Tradewind} and {@i Blushing Elf}, respectively. Both skiffs flee the docks immediately after the earthquake."
									]
								},
								{
									"type": "entries",
									"name": "P9. Tavern",
									"page": 209,
									"id": "772",
									"entries": [
										"The three-story Riptide Inn and Tavern is the tallest building on Flora Isle. Most visitors to the island stay here. The tavern's ground floor is open to the air and looks out at the waves."
									]
								},
								{
									"type": "entries",
									"name": "P10. Public Square",
									"page": 209,
									"id": "773",
									"entries": [
										"In the center of Flora Isle stands a wishing pool looked over by a statue of Kord the Storm Lord, patron deity of Palma Flora's shark hunters. Most travelers throw a silver piece in for good luck. The pool presently contains 36 sp, but stealing these offerings is frowned on by the villagers. Several market stalls selling fresh fruit stand just north of the square."
									]
								}
							]
						}
					]
				},
				{
					"type": "section",
					"name": "Seafarers",
					"page": 209,
					"id": "774",
					"entries": [
						"Having escaped the destruction of Flora Isle, the characters can take stock of their situation and make some new acquaintances. After the characters depart the docks on {@i Wavechaser}, read:",
						{
							"type": "insetReadaloud",
							"id": "775",
							"entries": [
								"Flora Isle and the rest of Palma Flora grows ever smaller on the horizon as {@i Wavechaser} cuts through the choppy waters of the Lucidian Ocean. Several refugees from the village are huddled on the deck of the ship, while the crew tends to the vessel."
							]
						},
						"This part of the adventure is an opportunity for the characters to catch their collective breath, interact with some of the NPCs on the vessel, and plan their next moves.",
						{
							"type": "entries",
							"name": "Character Advancement",
							"page": 210,
							"id": "776",
							"entries": [
								"At some point during this part of the adventure, ideally at the end of your first session of play, each of the characters advances to 2nd level. Where you place the end of your first session is up to you, but two good points to conclude a game are when the characters first board {@i Wavechaser}, and when they speak with Captain {@creature Three Earrings|EGW} and decide their next destination (see below)."
							]
						},
						{
							"type": "entries",
							"name": "Wavechaser",
							"page": 210,
							"id": "777",
							"entries": [
								{
									"type": "image",
									"href": {
										"type": "internal",
										"path": "book/EGW/108-5.2-wavechaser.png"
									},
									"title": "Map 5.2: Wavechaser",
									"width": 2550,
									"height": 1650,
									"imageType": "map"
								},
								"Map 5.2 represents {@i Wavechaser} and can be used to represent other ships as well.",
								"{@i Wavechaser} is a type of vessel known as a caravel, which is equipped for navigating coastal waters. The ship can carry twenty passengers comfortably. Though it's a sturdy vessel, it's not built for the open ocean. The Revelry-controlled island of Darktow is the farthest this ship could feasibly travel.",
								"{@i Wavechaser} is outfitted with two ballistae on its stern for ship-to-ship combat. The ship's store of iron-tipped ballista bolts is kept in the hold to keep their wooden shafts from rotting. A ballista's game statistics are described under \"{@book Siege Equipment|DMG|8|Siege Equipment}\" in chapter 8 of the {@book Dungeon Master's Guide|DMG}."
							]
						},
						{
							"type": "entries",
							"name": "Interacting with the Crew",
							"page": 210,
							"id": "778",
							"entries": [
								"The crew members of {@i Wavechaser} are all easy to spot as they attend to their duties around the ship. Read:",
								{
									"type": "insetReadaloud",
									"id": "779",
									"entries": [
										"A burly, hairy man is playing a card game with some of the refugees. A half-orc gazes out at the waves, as she smiles at a dolphin leaping through the ship's wake. A young male elf with pale-green skin and watery eyes is speaking to a female dwarf with a thick, knotted beard at the ship's helm. A handsome, muscle-bound man is flirting with one of the refugees."
									]
								},
								"Most of the crew of {@i Wavechaser} are secretly Revelry pirates, as is the captain of the ship\u2014a female tabaxi with snow leopard-like spots named {@creature Three Earrings|EGW} (on account of her three earrings). The captain is in her cabin, plotting the ship's next move.",
								"If you want to roleplay the interactions between the characters and the crew, you can fill these NPCs with as much personality as you want, making them fully fleshed-out characters:",
								{
									"type": "entries",
									"id": "77a",
									"entries": [
										{
											"type": "entries",
											"name": "Boerth (Male Human)",
											"page": 210,
											"id": "77b",
											"entries": [
												"This darkly handsome, chaotic neutral {@creature bandit} is heavyset and strong, and has a keen mind for games of chance. He hails from Port Damali. Boerth doesn't trust anyone\u2014especially his fellow Revelry sailors."
											]
										},
										{
											"type": "entries",
											"name": "Dajarkal (Female Half-Orc)",
											"page": 210,
											"id": "77c",
											"entries": [
												"This lawful neutral {@creature druid} is soft-spoken and likes animals more than other people. She joined Wavechaser's crew a week ago in Nicodranas\u2014as a mercenary spy for the Clovis Concord tasked with identifying Revelry pirates. She secretly casts {@spell animal messenger} every evening to send reports on Wavechaser's whereabouts to her superiors."
											]
										},
										{
											"type": "entries",
											"name": "Dillyu (Male Sea Elf)",
											"page": 211,
											"id": "77d",
											"entries": [
												"This green-complexioned, chaotic good {@creature bandit} joined the crew only a few days before. As a result, he has no idea yet that he's working on a pirate vessel. Dillyu spent most of his life in Port Zoon after losing his family to a sahuagin raid as a child, and he hates the sea devils with a passion."
											]
										},
										{
											"type": "entries",
											"name": "Heidi Axebeard (Female Dwarf)",
											"page": 211,
											"id": "77e",
											"entries": [
												"This lawful evil {@creature acolyte} is the ship's pilot and first mate, and she has a knack for predicting the weather. She hails from Grimgolir in the Dwendalian Empire but has spent decades navigating the sea. Heidi has fought sahuagin on multiple occasions but has never seen them wield magic like whatever caused Flora Isle to sink beneath the sea."
											]
										},
										{
											"type": "entries",
											"name": "Kijori (Male Human)",
											"page": 211,
											"id": "77f",
											"entries": [
												"This tan-skinned, chaotic neutral {@creature bandit} is the ship's navigator. Despite his muscled physique, he isn't very strong. A philanderer who hails from Port Damali, Kijori is a fool and isn't suspicious of anyone."
											]
										},
										{
											"type": "entries",
											"name": "Three Earrings (Female Tabaxi)",
											"page": 211,
											"id": "780",
											"entries": [
												"This pale, spotted, neutral evil {@creature bandit captain} is a low-ranking member of the Revelry pirates. She brought her vessel to the village of Palma Flora because she was informed that a local sahuagin tribe had uncovered an unusual treasure. {@creature Three Earrings|EGW} rightly assumed that they were going to attack the village, and she intended to be there to plunder the ruins after the attack. She didn't anticipate Flora Isle sinking."
											]
										}
									]
								},
								{
									"type": "entries",
									"name": "Captain's Invitation",
									"page": 211,
									"id": "781",
									"entries": [
										"Once the characters are done chatting with the crew, have the NPC they're currently speaking to tell them that Captain Three Earrings would like to see the characters in her cabin."
									]
								}
							]
						},
						{
							"type": "entries",
							"name": "Palma Flora Refugees",
							"page": 211,
							"id": "782",
							"entries": [
								"If the characters want to speak to any of the refugees, read or paraphrase the following:",
								{
									"type": "insetReadaloud",
									"id": "783",
									"entries": [
										"Island refugees have created makeshift shelters from the sun all across the deck of {@i Wavechaser}. Those you saved during the raid are here, as well as a handful of others who managed to reach the ship before it left the dock."
									]
								},
								"The NPCs saved by the characters after the earthquake are mostly in a state of shock, though their gratitude toward the characters continues. They and the other refugees have personalities and attitudes that you can improvise based on how the characters acted toward them when Palma Flora was in crisis.",
								"If a character wears or displays the shark tooth necklace taken from the sahuagin in {@adventure area P2|ToR|0|P2. West Shore}, one of the refugees recognizes it as theirs. (If Joao the shark hunter survived the raid, the necklace is his.) If the necklace is returned, its owner pledges eternal devotion to the character who found it, and that character gains inspiration."
							]
						},
						{
							"type": "entries",
							"name": "Three Earrings's Plan",
							"page": 211,
							"id": "784",
							"entries": [
								"When the characters meet with Captain Three Earrings in her quarters, read:",
								{
									"type": "insetReadaloud",
									"id": "785",
									"entries": [
										"A tabaxi is hunched over a wide table, puzzling over a map pinned to its surface by a half dozen knives and daggers. Several golden rings glisten on her paws as she traces potential paths through the ocean. She glances up at you with her emerald eyes as you open the door, and her feline face spreads into a sharp-toothed smile that is equal parts cheerful and unsettling.",
										"\"Ah, welcome,\" she purrs. \"You are the heroes from the pretty village, yes? Welcome aboard {@i Wavechaser}. We have much to discuss about the sinking isle\u2014and the treasure we can find if we return.\""
									]
								},
								"{@creature Three Earrings|EGW} is a pirate. More accurately, she is a member of the Revelry, a highly organized coalition of buccaneers headquartered on the dread isle of Darktow, many leagues west (see {@book chapter 3|EGW|4|Darktow}). The tabaxi is interested in the adventurers she has brought on board, wanting to appraise their skill and enrich herself in the process. Ultimately, she intends to use them as tools in her hunt for sahuagin treasure and invites them to join her crew. First, however, she needs a plan.",
								"The captain of {@i Wavechaser} is a cunning tabaxi {@creature bandit captain} with a climbing speed of 20 feet, the Feline Agility trait (see below), and {@sense darkvision} out to a range of 60 feet. She can read, write, and speak Common and Sahuagin. As an action, she can make a melee weapon attack with her claws (+4 to hit), dealing {@dice 1d4} slashing damage on a hit.",
								{
									"type": "inset",
									"name": "Feline Agility",
									"page": 211,
									"id": "786",
									"entries": [
										"When Three Earrings moves on her turn in combat, she can double her speed until the end of the turn. Once she uses this trait, she can't use it again until she moves 0 feet on one of her turns."
									]
								},
								"Three Earrings has a knack for knowing exactly what a person wants and how to offer it to them. Unless a character has a passive Charisma ({@skill Deception}) score of 15 or higher, she is able to discern that character's ideal, bond, and flaw simply by observing them for 10 minutes. To determine this passive score, add 10 to a character's bonus to Charisma ({@skill Deception}) checks.",
								"As she talks to the characters, Three Earrings glibly answers any questions they put to her (see below) and attempts to manipulate them into suggesting that they want to save Palma Flora. She only aggressively suggests a course of action if the characters appear out of their depth. Part of her strategy is to make the adventurers feel as though they are in complete control, even as she subtly directs the conversation.",
								"A character who succeeds on a DC 16 Wisdom ({@skill Insight}) check catches the tabaxi captain trying to subtly goad the characters into action. If confronted, Three Earrings slyly smiles and takes note of this clever adventurer. She blithely says that she appreciates initiative, and she wants to know what the characters are capable of. If she thinks this character would make a successful pirate, she visits them during the night and offers them membership in the Revelry\u2014if they can convince the rest of the party to help her claim the sahuagin treasure.",
								{
									"type": "entries",
									"name": "What Three Earrings Knows",
									"page": 212,
									"id": "787",
									"entries": [
										"The tabaxi captain knows exactly what happened in Palma Flora, thanks to the Revelry spies that have been observing the village and the Sharkfeather Abyss for the past few months. She reveals any of the following information:",
										{
											"type": "list",
											"items": [
												"The earthquake dragged Flora Isle into the Sharkfeather Abyss, a nearby trench that is home to a clan of shark-herding humanoids known as sahuagin.",
												"The Sharkfeather sahuagin and the people of Palma Flora have been at odds for generations, since Palma Flora hosts an annual shark-hunting festival.",
												"A young female sahuagin named Selachai recently took charge of the Sharkfeather clan and wields unusual powers. She carries a magic scepter that has been recognized as a {@item rod of retribution|EGW}, which has become a conduit for unearthly levels of magical power. (The rod is a new magic item detailed in {@book chapter 6|EGW|7|Rod of Retribution}.)",
												"No one knows exactly how this young sahuagin managed to cause an earthquake powerful enough to drag Flora Isle under the waves, but that isn't important. What is important is finding a way to delve beneath those waves and take the scepter from Selachai. Doing so would stop her from causing any more chaos, and the relic would doubtlessly sell for a pretty penny on the black market.",
												"{@creature Three Earrings|EGW} wants to sell the treasure and split it three ways\u2014a third to her and the ship's upkeep, a third to the crew, and a third to the adventurers. She offers them a total of 500 gp as their one-third share if they help her retrieve the rod.",
												"A number of nearby ports or islands are good sites for {@i Wavechaser} to dock, unload its refugees, and find gear that could help a group of brave adventurers take on the sahuagin in their underwater lair."
											]
										},
										"If the characters tell {@creature Three Earrings|EGW} that they want to challenge Selachai, she lays out several of the ports of call they could visit before turning about and sailing for the Sharkfeather Abyss. If the adventurers would rather leave this mess behind them, she scowls and scoffs, but eventually acquiesces. The captain agrees to drop the party off in Port Damali, where she hopes to find \"a few sellswords with real courage.\""
									]
								}
							]
						},
						{
							"type": "entries",
							"name": "Ports of Call",
							"page": 212,
							"id": "788",
							"entries": [
								"For characters set on returning to Flora Isle and facing down the sahuagin threat, three viable ports are close by, any of which would take in the refugees and let the characters seek supplies for their mission. {@book Chapter 3|EGW|4|Menagerie Coast} has more information about all the following locations:",
								{
									"type": "entries",
									"id": "789",
									"entries": [
										{
											"type": "entries",
											"name": "Bisaft Isle",
											"page": 212,
											"id": "78a",
											"entries": [
												"This tiny island has a small port. A shaman living in the hills beyond the port might be able to provide the characters with a charm of water breathing (see \"{@book Charms|DMG|7|Charms}\" in chapter 7 of the {@book Dungeon Master's Guide|DMG}). The charm allows the character to cast the {@spell water breathing} spell, after which its magic fades."
											]
										},
										{
											"type": "entries",
											"name": "Brokenbank",
											"page": 212,
											"id": "78b",
											"entries": [
												"This village is the smallest settlement recognized by the Clovis Concord but is nonetheless filled with foreign ships. An apothecary here might be able to provide potions that would grant the ability to breathe underwater."
											]
										},
										{
											"type": "entries",
											"name": "Port Damali",
											"page": 212,
											"id": "78c",
											"entries": [
												"This city is too large for the characters to fully explore in this adventure. {@creature Three Earrings|EGW} knows a smith with black-market connections, and who can help the characters obtain a number of experimental diving helmets that would allow them to breathe beneath the waves."
											]
										}
									]
								}
							]
						},
						{
							"type": "entries",
							"name": "Next Moves",
							"page": 212,
							"id": "78d",
							"entries": [
								"As thanks for their bravery, the characters are offered the use of a cramped but comfortable spare cabin as sleeping quarters. Unless {@creature Three Earrings|EGW} visits one of the characters (see \"{@adventure Three Earrings's Plan|ToR|0|Three Earrings's Plan}\" earlier in this adventure), the night passes uneventfully. Read:",
								{
									"type": "insetReadaloud",
									"id": "78e",
									"entries": [
										"Seagulls squawk and chase behind you as {@i Wavechaser} sails on to your next port of call. Night settles around you, the crew guided only by the light of the stars."
									]
								},
								"The characters' decision on where to travel next might be the point that marks the end of the first session of this adventure. If you ended the first session before completing this section, this is still a good place to take a short break before continuing into the next part of the adventure. Remember that the characters should now be 2nd level."
							]
						}
					]
				},
				{
					"type": "section",
					"name": "Hunger of the Deep",
					"page": 212,
					"id": "78f",
					"entries": [
						"Once the players are ready to begin this last section of the adventure, read or paraphrase the following to set the scene:",
						{
							"type": "insetReadaloud",
							"id": "790",
							"entries": [
								"\"Wake up, travelers!\" The voice of Boerth, one of {@i Wavechaser}'s crew members, rouses you from slumber. The sun is barely above the horizon, but you can just make out the docks of a port through the porthole window of your cabin. \"It's past dawn and time to get moving.\""
							]
						},
						"When the adventurers emerge from their cabin, they find that the refugees from Palma Flora are packing up the few possessions they were able to save. They thank the characters again for their rescue before going ashore. One of the refugees has business contacts in the port, and can arrange to help the other refugees find shelter and plan their next moves. He is also able to draw on funds as a final reward for the characters' assistance\u20145 gp per refugee brought on board.",
						"If the characters made friends with any of these NPCs and want them to stay, they can encourage them to hang around the ship and continue traveling with them. Otherwise, all the refugees leave the adventure here. You can reintroduce these NPCs when the characters return to any port in the Clovis Concord, if either you or the players want to see them again.",
						{
							"type": "entries",
							"name": "Adapting Your Port of Call",
							"page": 213,
							"id": "791",
							"entries": [
								"An important part of being a Dungeon Master is knowing how to present the players with choices while also not forcing yourself to do more work than you have to. Allowing players the option of visiting three different ports is potentially a huge amount of work, even with the help of a book such as this one. To minimize the amount of preparation you have to do, a generic settlement with several shops and locations is presented here. Short descriptions then talk about how to make each possible settlement unique.",
								"{@creature Three Earrings|EGW} is in something of a rush and suggests that the characters not spend too much time on shore\u2014or she'll leave without them. This makes exploring the larger cities of Port Damali and Port Zoon less appealing, at least for now."
							]
						},
						{
							"type": "entries",
							"name": "Port General Features",
							"page": 213,
							"id": "792",
							"entries": [
								"All the ports that the characters can visit in this section have the following general features. The specific information on the three ports, below, tells you how these general features and their NPCs are modified for each port.",
								{
									"type": "entries",
									"name": "Apothecary",
									"page": 213,
									"id": "793",
									"entries": [
										"The port has a dedicated herbalist (use the {@creature druid} stat block) selling remedies to passing travelers. The druid has four {@item Potion of Healing||potions of healing} in stock, which sell for 50 gp each, and one {@item potion of animal friendship} that sells for 125 gp."
									]
								},
								{
									"type": "entries",
									"name": "General Goods Store",
									"page": 213,
									"id": "794",
									"entries": [
										"The port has a general goods store, which sells items in the \"{@book Adventuring Gear|PHB|5|Adventuring Gear}\" section in chapter 5 of the {@book Player's Handbook|PHB} worth 50 gp or less. The store's clerk (use the {@creature commoner} stat block) has four of each item in stock. Characters can also sell items to the general goods store for half their price in the {@book Player's Handbook|PHB}."
									]
								},
								{
									"type": "entries",
									"name": "Scrollery",
									"page": 213,
									"id": "795",
									"entries": [
										"The port has a shop that sells magic scrolls. The scribe here (use the {@creature mage} stat block) has four spell scrolls for sale at a cost of 50 gp each: one {@item spell scroll} of {@spell magic missile}, one of {@spell shield}, one of {@spell guiding bolt}, and one of {@spell thunderwave}."
									]
								},
								{
									"type": "entries",
									"name": "Smithy",
									"page": 213,
									"id": "796",
									"entries": [
										"The port has a smithy that sells any armor and weapons found in chapter 5 of the {@book Player's Handbook|PHB} worth 200 gp or less. The smithy has two of each item in stock."
									]
								}
							]
						},
						{
							"type": "entries",
							"name": "Bisaft Isle",
							"page": 213,
							"id": "797",
							"entries": [
								"In addition to the general features noted above, the port of Bisaft Isle has the following features.",
								{
									"type": "entries",
									"name": "Atmosphere",
									"page": 213,
									"id": "798",
									"entries": [
										"Bisaft Isle is warm and balmy, particularly in the early morning. The whole port smells of fresh rain. Its people are wary of {@creature Three Earrings|EGW}, but are kind to visitors and refugees."
									]
								},
								{
									"type": "entries",
									"name": "Scrollery",
									"page": 213,
									"id": "799",
									"entries": [
										"The scrollery is a mile from the harbor and is run by an old female tortle shaman named Grimalda (use the {@creature mage} stat block). She owes Three Earrings a favor and grants one party member a {@i charm of water breathing }(see \"{@book Charms|DMG|7|Charms}\" in chapter 7 of the {@book Dungeon Master's Guide|DMG}). The charm allows the character to cast the {@spell water breathing} spell, after which its magic fades."
									]
								}
							]
						},
						{
							"type": "entries",
							"name": "Brokenbank",
							"page": 213,
							"id": "79a",
							"entries": [
								"In addition to the general features noted above, Brokenbank has the following features.",
								{
									"type": "entries",
									"name": "Atmosphere",
									"page": 213,
									"id": "79b",
									"entries": [
										"Brokenbank is a muddy, rain-slick village crammed full of travelers. It can feel claustrophobic, and it seems as though a leering Zhelezo guard stands on every street corner."
									]
								},
								{
									"type": "entries",
									"name": "Apothecary",
									"page": 213,
									"id": "79c",
									"entries": [
										"Brokenbank's apothecary is a chubby, female sea elf {@creature druid} named Aldageam. {@creature Three Earrings|EGW} saved Aldageam's life when she was young, and although she doesn't fully trust the tabaxi (who she knows is a pirate), she is happy to help her friend. She has ten {@item Potion of Water Breathing||potions of water breathing} in stock and sells them to the characters at half price for 40 gp each."
									]
								},
								{
									"type": "entries",
									"name": "Pawn Shop and General Store",
									"page": 213,
									"id": "79d",
									"entries": [
										"Brokenbank features a thriving pawn shop that doubles as its general store. Items sold here fetch 75 percent of their value rather than 50 percent."
									]
								}
							]
						},
						{
							"type": "entries",
							"name": "Port Damali",
							"page": 213,
							"id": "79e",
							"entries": [
								"In addition to the general features noted above, Port Damali has the following features.",
								{
									"type": "entries",
									"name": "Atmosphere",
									"page": 213,
									"id": "79f",
									"entries": [
										"Port Damali is a beautiful and lively city, but its docks are smelly, weather-beaten, and dangerous."
									]
								},
								{
									"type": "entries",
									"name": "Smithy",
									"page": 213,
									"id": "7a0",
									"entries": [
										"The local smithy has received several experimental breathing helmets from inventors in Port Zoon. {@creature Three Earrings|EGW} gives a letter to the adventurers and asks that they deliver it to the smith without opening it. (The letter reads: \"The Revelry is requisitioning your supply of diving helmets. Ask no questions, and your next shipment will arrive unharried.\")",
										"The smith is a middle-aged human {@creature veteran} named Hektor. He blanches when the note is read, but then offers up a number of diving helmets equal to the number of characters in the party. Each resembles a helm of steel and glass resembling a cage wrapped around a fishbowl. If asked about payment, the smith stammers out, \"They're yours! No questions asked. Thank you for your patronage.\"",
										"These experimental helmets are {@item Breathing Bubble|EGW|breathing bubbles}, described in {@book chapter 6|EGW|7|Breathing Bubble}."
									]
								}
							]
						},
						{
							"type": "entries",
							"name": "Departing for Palma Flora",
							"page": 213,
							"id": "7a1",
							"entries": [
								"Once the characters have concluded their business in port, {@creature Three Earrings|EGW} looks sternly at them and asks, \"Are you prepared? You're about to risk life and limb for naught but treasure and a sense of vengeance. The only folk who would do such a thing are the greedy, the foolish, and those with nothing left to lose.\"",
								"A character can make a DC 16 Wisdom ({@skill Insight}) check to read the tabaxi's inscrutable face. On a success, the character discerns that Three Earrings is conflicted over something\u2014and that she might even be looking at them sympathetically with her catlike eyes.",
								{
									"type": "entries",
									"name": "Roleplaying Three Earrings",
									"page": 213,
									"id": "7a2",
									"entries": [
										"Against her own nature, {@creature Three Earrings|EGW} has taken a liking to these adventurers (unless they have done something to annoy her) and is having second thoughts about using them as disposable tools in her attempt to gain the {@item rod of retribution|EGW}.",
										"If a character confronts the tabaxi over this in private at any time before the final battle (see \"{@adventure Sharkfeather Abyss|ToR|0|Descent into Sharkfeather Abyss}\" later in this chapter), Three Earrings asks, \"What's the most important thing a captain can feel for her crew? Is it trust? Or is it pride?\" The character can make a DC 13 Charisma ({@skill Persuasion}) check when they answer her. On a success, Three Earrings nods sadly and reconsiders her plan to use the adventurers as pawns. This choice comes into play after the final battle (see \"{@adventure Concluding the Adventure|ToR|0|Concluding the Adventure}\")."
									]
								}
							]
						},
						{
							"type": "entries",
							"name": "Encounter on the Open Sea",
							"page": 214,
							"id": "7a3",
							"entries": [
								"In the middle of the night, one day after {@i Wavechaser} leaves port, the ship's navigator, Kijori, shouts out a warning. Another ship has emerged from behind a tall rock formation and is moving to intercept!",
								"This encounter provides a means of breaking up travel and for deepening the intrigue surrounding Three Earrings. If your group wants to finish the rest of this adventure in a single game session and is pressed for time, consider skipping this encounter.",
								"The intercepting ship, named {@i Moonbeam}, is a caravel flying the colors of the Clovis Concord, the government of the Menagerie Coast. The craft is slightly smaller than {@i Wavechaser} and is gaining on her rapidly.",
								"{@i Moonbeam} is on the hunt for {@creature Three Earrings|EGW} and is captained by Lieutenant Commander Voskiir Larth, a princely and flamboyant pale-skinned, male half-elf {@creature bandit captain}. {@i Wavechaser}'s druid crew member Dajarkal, a spy for the Clovis Concord, has reported the ship's movements by way of her animal messengers, and {@i Moonbeam} has been sent to intercept the secret pirate vessel.",
								{
									"type": "entries",
									"name": "Combat Begins",
									"page": 214,
									"id": "7a4",
									"entries": [
										"It takes {@i Moonbeam} 10 minutes to intercept {@i Wavechaser}, giving the characters and the crew time to wake up and don their armor (see \"{@book Getting Into and Out of Armor|PHB|5|Getting Into and Out of Armor}\" in chapter 5 of the {@book Player's Handbook|PHB}). Combat begins when Voskiir and his boarding party of two {@creature Thug||thugs}, two {@creature Scout||scouts}, and four {@creature Bandit||bandits} swing aboard the vessel. He shouts out, \"In the name of the laws of the Clovis Concord, surrender your vessel peacefully, or we shall take her!\"",
										"{@creature Three Earrings|EGW} keeps a low profile at the start of the fight, skulking in the shadows and hoping that the crew and the characters can convince Voskiir he's grabbed up the wrong ship. However, the commander responds to the slightest provocation with overzealous force. If the characters or crew react with confusion or try to talk things out with him, he refuses to listen and attacks outright. Use the map of {@i Wavechaser} to judge the positions of the characters, their allies, and their enemies in this combat."
									]
								},
								{
									"type": "entries",
									"name": "Complex Combat",
									"page": 214,
									"id": "7a5",
									"entries": [
										"Running a combat with several allied NPCs can be complicated. To simplify this situation, have the four bandits on Voskiir's crew engage Boerth, Dajarkal, Dillyu, and Kijori, while {@creature Three Earrings|EGW} fights from the shadows and Heidi stays at the helm to steer the vessel. This leaves the characters to take on Voskiir at the center of the fight. You can resolve these one-on-one duels using dice as normal if you wish, or you can declare that one side defeats the other depending on how the characters conclude their battle with Voskiir.",
										"Dajarkal and Dillyu are wild cards in the battle, and can be used as you see fit. Dajarkal is a mercenary with no real alliance to the Clovis Concord, so she might hang back at first to see which side gains the upper hand. Dillyu might need to have a character convince him to fight on their side before he joins the fray."
									]
								},
								{
									"type": "entries",
									"name": "Concluding Combat",
									"page": 214,
									"id": "7a6",
									"entries": [
										"Combat ends when Voskiir and his boarding party are defeated. {@i Moonbeam} sails away with all haste once the battle is lost, but {@i Wavechaser} doesn't follow. If the boarding party is killed, that's the end of that. If the adventurers capture Voskiir, however, they have the chance to interrogate him. (You can also have Dajarkal or one of Voskiir's crew know what he knows if the captain didn't survive.)",
										"Voskiir offers up willingly that {@creature Three Earrings|EGW} is a Revelry pirate and that he is an officer of the Zhelezo sent to apprehend her. If the characters try to get more out of him, you can cut things short by having Three Earrings appear and order one of her crew to \"Throw this wretched do-gooder in the brig.\"",
										"If Three Earrings's piratical nature isn't public knowledge yet, now is a good time for the characters to question her about it. She tries to deflect all criticism and claims that she simply wants to claim the {@item rod of retribution|EGW}. The fact that she's a pirate has no bearing on the characters' situation. \"Unless,\" she adds with a smirk, \"word gets out that you attacked an officer of the Clovis Concord defending a wanted corsair. Right now, the only people who know about this are you, me, and the varmints who boarded our ship.\""
									]
								}
							]
						}
					]
				},
				{
					"type": "section",
					"name": "Ambush at Palma Flora",
					"page": 214,
					"id": "7a7",
					"entries": [
						{
							"type": "gallery",
							"images": [
								{
									"type": "image",
									"href": {
										"type": "internal",
										"path": "book/EGW/109-5.3-ruined-palma-flora.png"
									},
									"title": "Map 5.3: Ruined Palma Flora",
									"width": 2550,
									"height": 1650,
									"imageType": "map",
									"mapRegions": [
										{
											"area": "75f",
											"points": [
												[
													354,
													700
												],
												[
													354,
													800
												],
												[
													454,
													800
												],
												[
													454,
													700
												]
											]
										},
										{
											"area": "758",
											"points": [
												[
													1379,
													1403
												],
												[
													1379,
													1509
												],
												[
													1479,
													1509
												],
												[
													1479,
													1403
												]
											]
										},
										{
											"area": "772",
											"points": [
												[
													1616,
													1126
												],
												[
													1616,
													1224
												],
												[
													1723,
													1224
												],
												[
													1723,
													1126
												]
											]
										},
										{
											"area": "76f",
											"points": [
												[
													524,
													159
												],
												[
													524,
													257
												],
												[
													633,
													257
												],
												[
													633,
													159
												]
											]
										},
										{
											"area": "76e",
											"points": [
												[
													1163,
													150
												],
												[
													1163,
													239
												],
												[
													1263,
													239
												],
												[
													1263,
													150
												]
											]
										},
										{
											"area": "763",
											"points": [
												[
													1073,
													304
												],
												[
													1073,
													407
												],
												[
													1184,
													407
												],
												[
													1184,
													304
												]
											]
										},
										{
											"area": "773",
											"points": [
												[
													1221,
													613
												],
												[
													1221,
													717
												],
												[
													1331,
													717
												],
												[
													1331,
													613
												]
											]
										},
										{
											"area": "770",
											"points": [
												[
													1657,
													407
												],
												[
													1657,
													506
												],
												[
													1767,
													506
												],
												[
													1767,
													407
												]
											]
										},
										{
											"area": "768",
											"points": [
												[
													1734,
													687
												],
												[
													1734,
													790
												],
												[
													1833,
													790
												],
												[
													1833,
													687
												]
											]
										},
										{
											"area": "771",
											"points": [
												[
													2051,
													760
												],
												[
													2051,
													854
												],
												[
													2151,
													854
												],
												[
													2151,
													760
												]
											]
										}
									],
									"hrefThumbnail": {
										"type": "internal",
										"path": "book/EGW/thumbnail/109-5.3-ruined-palma-flora.webp"
									},
									"id": "001"
								},
								{
									"type": "image",
									"href": {
										"type": "internal",
										"path": "book/EGW/109-5.3-ruined-palma-flora-player.png"
									},
									"title": "Map 5.3: Ruined Palma Flora (Player Version)",
									"width": 2550,
									"height": 1650,
									"imageType": "mapPlayer"
								}
							]
						},
						"The winds favor the characters on their return journey, and they arrive at the sunken ruins of Flora Isle at dawn on the third day of travel. When the characters arrive at Palma Flora and the Sharkfeather Abyss, read:",
						{
							"type": "insetReadaloud",
							"id": "7a8",
							"entries": [
								"Heidi Axebeard shouts out from the helm. \"Sharkfeather Abyss! We've arrived!\"",
								"The crew moves to the starboard side of the ship to look across the waves as the first light of dawn creeps over the horizon. Along the distant coast, you can make out the mainland section of Palma Flora, which is intact but appears deserted, its residents presumably having fled in case of another sahuagin attack. The waters around the ship are murky and marked by only a few stray scraps of driftwood bobbing lazily on the surface."
							]
						},
						"If any of the characters have a passive Wisdom ({@skill Perception}) score of 15 or higher, also read:",
						{
							"type": "insetReadaloud",
							"id": "7a9",
							"entries": [
								"You spot movement out of the corner of your eye. Something is climbing aboard the ship from the port side\u2014a small party of sahuagin! Close behind them are two hulking, shark-headed humanoids."
							]
						},
						"These monsters attack at once. If no one notices the eight {@creature sahuagin} and two {@creature Sharkbody Abomination|EGW|sharkbody abominations} (see the \"Sharkbody Abominations\" sidebar) as they clamber aboard {@i Wavechaser}, they surprise the characters and the crew. As with the previous encounter, you can streamline this encounter by having some of the sahuagin engage the crew of {@i Wavechaser} one-on-one.",
						{
							"type": "entries",
							"id": "7aa",
							"entries": [
								{
									"type": "entries",
									"name": "Combat's End",
									"page": 215,
									"id": "7ab",
									"entries": [
										"The sahuagin leap overboard and flee into the sea when the first of the abominations is killed. As they flee, {@creature Three Earrings|EGW} emerges from below decks and shouts, \"Adventurers! Use the supplies we've acquired and follow them into the trench! We'll deal with the last of these monsters!\"",
										"If the characters ignore the order, or if they kill all the sahuagin before killing the first abomination, Three Earrings instead congratulates the adventurers after the battle. She laments that there aren't enough water-breathing tools for her to join them and urges them to bring her the {@item rod of retribution|EGW} from the sahuagin leader.",
										{
											"type": "inset",
											"name": "Sharkbody Abominations",
											"page": 215,
											"id": "7ac",
											"entries": [
												"The sahuagin shaman Selachai tapped into Uk'otoa's magic to wreak vengeance on the shark hunters of Palma Flora. The unfortunate hunters who failed to escape were transformed into monstrosities with coarse grayish skin, the head of a shark, and a muscular, humanoid physique. These creatures possess all their previous intelligence and personality, but they respond to the control of their sahuagin masters' Shark Telepathy.",
												"A {@creature sharkbody abomination|EGW} uses the {@creature hunter shark} stat block, with these changes:",
												{
													"type": "list",
													"items": [
														"It is an aberration.",
														"It can breathe air and water, but needs to be submerged at least once every 4 hours to avoid suffocating.",
														"It has humanoid limbs and a walking speed of 20 feet.",
														"The curse that transformed it into an abomination can be undone only by a {@spell remove curse} spell or similar magic."
													]
												},
												"The true horror of the sharkbody abominations is that they might be people the characters met and left behind in the first part of this adventure. If you want to sting your players' emotions as they fight these monsters, describe how the sharkbody abomination resembles a specific NPC the characters failed to save."
											]
										}
									]
								}
							]
						},
						{
							"type": "entries",
							"name": "Descent into Sharkfeather Abyss",
							"page": 215,
							"id": "7ad",
							"entries": [
								"An earthquake caused by the writhing of Uk'otoa deep beneath the sea has drawn Flora Isle into the trench the sahuagin call home. The now-ruined island is lodged within a tight corner of the trench one hundred feet below the surface of the sea. The locations in this section are keyed to map 5.3.",
								"Diving into the depths of the trench is difficult but not impossible for heroic adventurers. Ask each character to make a DC 13 Strength ({@skill Athletics}) check. On a success, the character dives down to the ruins without strain. On a failure, the character makes the dive but gains one level of {@condition exhaustion}."
							]
						},
						{
							"type": "entries",
							"name": "Features of the Ruins",
							"page": 216,
							"id": "7ae",
							"entries": [
								"The sunken ruins of Flora Isle have the following general features.",
								{
									"type": "entries",
									"name": "Light",
									"page": 216,
									"id": "7af",
									"entries": [
										"The trench is within the sunlight zone beneath the surface of the water and is brightly lit by day."
									]
								},
								{
									"type": "entries",
									"name": "Water",
									"page": 216,
									"id": "7b0",
									"entries": [
										"The deep, turbulent water of the trench makes movement difficult for creatures not used to it. A creature without a swimming speed must spend 2 feet of movement for every 1 foot it moves. Additionally, it must succeed on a DC 10 Strength ({@skill Athletics}) check whenever it tries to move or have its speed reduced to 0 until the start of its next turn. The sahuagin can move normally in the trench."
									]
								}
							]
						},
						{
							"type": "entries",
							"name": "Showdown with Selachai",
							"page": 216,
							"id": "7b1",
							"entries": [
								"Once the characters arrive at the ruins, read:",
								{
									"type": "insetReadaloud",
									"id": "7b2",
									"entries": [
										"What remains of the sunken island is wedged precariously in the undersea trench. The skeletal frames of its houses still stand, and the gruesome remains of villagers are strewn about.",
										"Five sahuagin flanked by several of the shark-like abominations you fought earlier kneel within the ruins before a sahuagin wearing a magnificent headdress. This figure is chanting something in an unknown language and holds aloft a gleaming scepter tipped with a glowing amber eye."
									]
								},
								"Two {@creature Sharkbody Abomination|EGW|sharkbody abominations} (see the \"{@adventure Sharkbody Abominations|ToR|0|Sharkbody Abominations}\" sidebar earlier in this chapter) and five {@creature sahuagin} are gathered around Selachai, the {@creature sahuagin warlock of Uk'otoa|EGW} (see {@book chapter 7|EGW|8|Sahuagin Warlock of Uk'otoa}) who has channeled the power to destroy the hated surface dwellers. These creatures are all lending Selachai their prayers as she invokes Uk'otoa's power, turning another drowned villager into a sharkbody abomination.",
								"As soon as combat begins, Selachai orders her sahuagin supplicants to protect her. However, none of them move to attack. Instead, they stand 20 feet back from her, still kneeling, intent on giving up their lives to protect her. Selachai orders the sharkbody abominations to put the characters out of commission.",
								"Selachai waits until one sharkbody abomination is dead before she acts in combat, unless she is attacked first. A character who succeeds on a DC 13 Wisdom ({@skill Insight}) check can infer that she is watching as if to measure the characters' capabilities. Once she enters combat, Selachai fights to incapacitate the characters, not to kill them. If any character is reduced to 0 hit points by a melee attack, that character is knocked {@condition unconscious} rather than being killed. An {@condition unconscious} character is stable and doesn't need to make death saving throws.",
								{
									"type": "inset",
									"name": "Roleplaying Selachai",
									"page": 216,
									"id": "7b3",
									"entries": [
										"Selachai is a young adult sahuagin who commands the respect of her clan. She came into a position of leadership by defeating the clan's previous priestess in ritual combat, using the powers granted to her by Uk'otoa. Everything she has in life, she has had to fight for, but this hasn't hardened her heart. Rather, she wishes to create a better life for her people.",
										{
											"type": "entries",
											"name": "Ideal",
											"page": 216,
											"id": "7b4",
											"entries": [
												"\"Only power can change the land dwellers' minds. We have tried reason. We have tried threats. Now they will acquiesce to us by choice or serve us by force.\""
											]
										},
										{
											"type": "entries",
											"name": "Bond",
											"page": 216,
											"id": "7b5",
											"entries": [
												"\"The Sharkfeather tribe is all I have. I would do anything to protect it\u2014even at the cost of my own life.\""
											]
										},
										{
											"type": "entries",
											"name": "Flaw",
											"page": 216,
											"id": "7b6",
											"entries": [
												"\"Secretly, I want to believe the best of people, even of land-walkers. Nevertheless, if they betray me, I will ensure they die a painful and horrific death.\""
											]
										}
									]
								}
							]
						}
					]
				},
				{
					"type": "section",
					"name": "Concluding the Adventure",
					"page": 216,
					"id": "7b7",
					"entries": [
						"This adventure ends with a final scene, based on whether the characters were victorious in their battle with Selachai or were defeated.",
						{
							"type": "entries",
							"name": "Defeat",
							"page": 216,
							"id": "7b8",
							"entries": [
								"If the characters were defeated by Selachai and her sahuagin, all is not lost. The warlock is no stranger to killing, but she recognizes an opportunity when it appears before her. She commands her minions to bind the characters, stabilize them, and carry their {@condition unconscious} forms to the surface.",
								"Any characters who survived the fight awaken a few hours later on the shore alongside the ruins of the mainland part of Palma Flora, their wrists and ankles bound by kelp. Four sahuagin watch over them, while a fifth alerts Selachai where she lurks in the water nearby. Breaking the kelp bonds requires a successful DC 13 Strength ({@skill Athletics}) check.",
								"When the characters face Selachai, read:",
								{
									"type": "insetReadaloud",
									"id": "7b9",
									"entries": [
										"The sahuagin priestess emerges from the water to face you, her mouth spreading into a huge grin that reveals her needle-like teeth. In fractured Common, she says, \"I could use the help of land walkers like you. The surface dwellers and boat riders hunt us with their hooks and harpoons, but they trust you. Take my hand. We don't need to fight. I can tell you so many tales of the land walkers' evil.\""
									]
								},
								"This ending sets up future adventures along the Menagerie Coast. As a DM, you can have fun with the elusive morality of Selachai and the sahuagin, and of the Clovis Concord. Who are the real villains. Are either of these factions truly good or evil? What of {@creature Three Earrings|EGW} and the Revelry pirates? All these dangling plot threads offer hints of new stories that you can guide your players toward, or which they can seek out of their own volition."
							]
						},
						{
							"type": "entries",
							"name": "Victory",
							"page": 217,
							"id": "7ba",
							"entries": [
								"If the characters prevailed in the battle against Selachai, the {@item rod of retribution|EGW} falls from her lifeless hand and settles in the sand as any remaining foes flee into the murky depths. When the characters return to the surface with the rod, Three Earrings and her crew throw down rope ladders and bring them aboard. The captain of {@i Wavechaser} is conflicted. She asks for the {@item rod of retribution|EGW} straight away no matter what. However, depending on the characters' actions, she might have formed a bond with them over their brief time together.",
								{
									"type": "entries",
									"name": "Three Earrings's Resolve",
									"page": 217,
									"id": "7bb",
									"entries": [
										"If any of the characters convinced {@creature Three Earrings|EGW} not to think of them as pawns earlier in the adventure, she resolves to treat all the characters as friends now. She welcomes them back onto {@i Wavechaser} with a huge smile, then asks the adventurers to come with her to the pirate haven of Darktow. \"There's no use in being subtle about it,\" she says with a shrug. \"I need to fence this thing in order to get you your gold. No place to do that but in Darktow.\"",
										"If the characters refuse the offer, the tabaxi sadly accepts their decision\u2014but she draws her cutlass and half-jokingly threatens to gut them if they ever betray her in future.",
										"If the characters go with Three Earrings, she is true to her word. She even invites the party to join her as pirates on {@i Wavechaser}\u2014and hints that they could earn the command of their own ship if they stick with her. From this point, your campaign can continue with the characters as pirates along the Menagerie Coast, or they could mutiny and try to take {@i Wavechaser} for themselves."
									]
								},
								{
									"type": "entries",
									"name": "Three Earrings's Treachery",
									"page": 217,
									"id": "7bc",
									"entries": [
										"If {@creature Three Earrings|EGW} wasn't convinced to value the adventurers as her friends, she demands that they give her the rod. If they don't hand it over, she threatens to take it by force. If the characters continue to resist, Three Earrings and {@i Wavechaser}'s crew all fight them. If the characters are defeated, Three Earrings orders the crew to throw any survivors in the brig.",
										"\"They know too much now,\" she growls bitterly. \"The Plank King will know what to do with them.\"",
										"If the adventure ends this way, the characters are in a rough spot. Their next destination is a prison\u2014and possibly an execution\u2014in Darktow. They might have to join the Revelry, or try to escape their prison and stow away on a pirate ship. Or perhaps {@i Moonbeam} will return and intercept {@i Wavechaser} as it returns to Darktow. The choice is yours!"
									]
								}
							]
						}
					]
				},
				{
					"type": "section",
					"name": "Character Advancement",
					"page": 217,
					"id": "7bd",
					"entries": [
						"At the end of this adventure, the characters reach 3rd level. With this experience under their belts, they can set off on any number of possible adventures across the Menagerie Coast\u2014or even leave this realm behind and travel to another part of Wildemount.",
						"As the characters level up, you can ask the players where they want to adventure next, or ask what excites them most about adventuring on the Menagerie Coast. Use their responses and suggestions to plan your next adventure."
					]
				}
			]
		}
	]
}
