{
	"data": [
		{
			"type": "section",
			"name": "Frozen Sick",
			"page": 235,
			"id": "854",
			"entries": [
				"Something is killing people in Palebank Village, and if the characters don't stop it, they might be next. \"Frozen Sick\" is an adventure that takes characters from 1st to 3rd level and introduces them to the continent's Biting North region\u2014the bleak arctic realms of the Greying Wildlands and Eiselcross.",
				"If your players are using the heroic chronicle to create their characters (see {@book chapter 4|EGW|5|Heroic Chronicle}), work with them to decide how they made their way to Palebank Village. Are they citizens of Uthodurn now aiding in the surface expansion of their civilization? Have they come north to seek freedom from the wars of other lands? Any number of options can help tie characters to this frigid region and the mysteries it holds.",
				{
					"type": "section",
					"name": "Story Overview",
					"page": 235,
					"id": "855",
					"entries": [
						"Urgon Wenth, a dwarf explorer, recently returned home to Palebank Village after exploring the icy wastes of Eiselcross for a year. The dwarf brought home several items plundered from ruins on Foren, the largest of Eiselcross's islands. Among these treasures were two beautiful blue glass vials, which Urgon sold to an elf collector named Verla Pelc. The vials were then stolen, given to a fence out of Shadycreek Run, and sold again to an unsuspecting merchant.",
						"In truth, the vials' beautiful blue color is the result of deadly blue spores that cling to the interior of the glass. Faint cracks in both the vials have exposed each person who handled them to frigid woe, a deadly disease that can't be cured by conventional means. The disease has already killed Urgon and Verla, turning them into ice statues. Details on frigid woe are found in the \"{@book Eiselcross|EGW|4}\" section of chapter 3.",
						{
							"type": "entries",
							"name": "Adventure Summary",
							"page": 235,
							"id": "856",
							"entries": [
								"While the characters are in Palebank Village, community leader Elro Aldataur asks for their help figuring out who or what has killed Urgon Wenth. An explorer recently returned from Eiselcross, Urgon was afflicted by a strange malady that turned him into an ice statue, and which has since shown up in another of the village's residents. The characters investigate the mystery while contending with the forces of the Uttolots, one of the criminal families that control Shadycreek Run. More infected locals are discovered, including one more already dead, before the characters clear Uttolot thugs out of a local cavern complex called Croaker Cave. In the end, the vials of frigid woe are reclaimed, but merchant Irven Liel and his family are infected and will be the next to die without a cure. Moreover, the characters might well be infected with the disease themselves.",
								"Elro asks the characters to travel to Eiselcross to seek a cure for frigid woe. The characters take a boat to Syrinlya, the Uthodurnian outpost on Foren, and retrace Urgon Wenth's path to the ruin of Salsvault. This magic laboratory was once a part of Aeor, an ancient flying city-state that crashed into Eiselcross during the Calamity. Only by braving Salsvault's defenses and deadly guardians can the adventurers find the antidote they need."
							]
						},
						{
							"type": "entries",
							"name": "Setup and Starting Points",
							"page": 235,
							"id": "857",
							"entries": [
								"Work with the players to establish why their characters are in Palebank Village. You can provide information regarding the village and its surrounding lands, all of which are described in {@book chapter 3|EGW|4|Palebank Village}.",
								"Before the adventure begins is also the time to figure out if the characters already know each other or if this adventure is the first time they've met."
							]
						}
					]
				},
				{
					"type": "section",
					"name": "Mystery in Palebank Village",
					"page": 235,
					"id": "858",
					"entries": [
						"The adventure begins in Palebank Village, with the characters drawn immediately into the drama of death in an isolated settlement. Once the players are ready to begin, read or paraphrase the following to set the scene:",
						{
							"type": "insetReadaloud",
							"id": "859",
							"entries": [
								"Snow gently falls from the sky and wind bites your cheeks as you stand in the graveyard of Palebank Village, a fishing outpost of Uthodurn that is home to several hundred dwarves and elves. The sun is low in the sky, sinking behind the fresh grave of Urgon Wenth, an old dwarf who caught a curse or disease that turned him into an ice statue. The folk of the village have gathered to pay their final respects to Urgon's frozen remains."
							]
						},
						"As part of their characters' backstories, the players can decide whether any of them knew Urgon or whether they've come to the funeral simply to show respect to the folk of the community. Either way, continue by reading the following:",
						{
							"type": "insetReadaloud",
							"id": "85a",
							"entries": [
								"A gruff voice speaks softly from behind you. \"Thank you for attending Urgon's service.\" You turn and meet the gaze of Elro Aldataur, a weathered elf, retired ranger, and the leader of the village. \"I'm sorry to speak of dark tidings under such circumstances, but I believe that Palebank Village might be in danger, and I'm hoping you can help us.\""
							]
						},
						"Whether the characters are known in the village as neophyte adventurers or simply look the part, Elro (a neutral good, male wood elf {@creature veteran}) hopes that they're the sort of people not afraid to step up to help folks in need. Use the following points to help guide the conversation as he explains his concerns to the characters:",
						{
							"type": "list",
							"items": [
								"Two months ago, Urgon Wenth returned home after exploring Eiselcross for a year. He had been back for only for a few days when he came down with a strange affliction, which made the dwarf move slowly and caused blue veins to appear all over his body.",
								"The village's priests of Moradin and Corellon used every spell they could muster to attempt to heal Urgon, but nothing they tried could stop the bizarre malady. Urgon battled the affliction for weeks, until his ever-slowing body eventually turned to ice.",
								"Until yesterday, Elro and the rest of the community believed that Urgon's sad fate was an isolated incident, most likely caused by something the dwarf came into contact with while exploring Eiselcross. Then Elro noticed Tulgi Lutan, a dwarf trapper, showing signs of the same illness.",
								"Alarmed, Elro tried to talk to Tulgi about it, but she pushed him away, asking that he let her die in peace."
							]
						},
						{
							"type": "entries",
							"name": "Elro's Request",
							"page": 236,
							"id": "85b",
							"entries": [
								"If the characters are willing, Elro wants them to find out what caused Urgon and Tulgi's affliction. He's worried that it could spread, but Tulgi refuses to talk to him, and the Glassblades in the village are better known for their combat skills than their ability to glean the truth in a complicated situation. Moreover, Tulgi is extremely distrustful of the authorities.",
								"Elro thinks a group of adventurers might have better luck convincing Tulgi to talk. If the characters agree to help find the cause of Urgon and Tulgi's affliction, Elro offers to pay them 100 gp. He suggests that the characters start by searching Urgon's home or talking to Tulgi at her cabin."
							]
						},
						{
							"type": "entries",
							"name": "Urgon's Cabin",
							"page": 236,
							"id": "85c",
							"entries": [
								"Urgon Wenth lived in a one-story, one-room log cabin at the edge of town. A good-natured Glassblade rookie named Mila Teno (a lawful good, female wood elf {@creature scout}) stands guard outside the front door. If the characters explain why they've come, she allows them to enter the house and look around. When the characters enter the cabin, read:",
								{
									"type": "insetReadaloud",
									"id": "85d",
									"entries": [
										"This cramped, dark cabin might have been a cozy place when its owner was alive. Now an unmade bed stands near a cold fireplace, its mantle hung with the head of some snarling white beast with gray horns. On the other side of the room, a small table strewn with dirty dishes and set with a dwarf-sized chair stands before two empty shelves whose contents are scattered across the floor: kitchen utensils, dried foodstuffs, adventuring gear, and a few books."
									]
								},
								"Any character who examines the mess in the cabin realizes that someone recently trashed the place while searching it. A successful DC 12 Intelligence ({@skill Investigation}) check reveals the intruder's footprints. Tulgi Lutan was the culprit, desperate for any clues that might help her cure the frigid woe that is killing her. Her tracks lead outside and back to her cabin (see \"{@adventure Tulgi's Cabin|FS|0|Tulgi's Cabin}\" below).",
								{
									"type": "entries",
									"name": "Adventuring Equipment",
									"page": 236,
									"id": "85e",
									"entries": [
										"Urgon's adventuring equipment consists of a silvered maul; a suit of splint armor sized for a dwarf; bulky, fur-lined clothing sized for a dwarf; a grappling hook; and a hooded lantern."
									]
								},
								{
									"type": "entries",
									"name": "Mounted Head",
									"page": 236,
									"id": "85f",
									"entries": [
										"A character who succeeds on a DC 15 Intelligence ({@skill Nature}) check recognizes that the head mounted above the mantle belonged to a yeti, a monstrosity found in Eiselcross."
									]
								},
								{
									"type": "entries",
									"name": "Strange Receipt",
									"page": 236,
									"id": "860",
									"entries": [
										"A character who searches through the books on the shelf and succeeds on a DC 10 Intelligence ({@skill Investigation}) check finds a folded receipt used as a bookmark. The receipt is dated two months previous, and indicates that Urgon sold several Aeorian items found in Eiselcross to local antique shop Pelc's Curiosities for 1,000 gp. The items are listed as a dagger, a scroll case, a jade statuette, a quiver of twenty arrows, a silver ring set with a jasper, and two blue glass vials.",
										"Characters who are residents of Palebank Village or have been there for a while know of Pelc's Curiosities\u2014and also know that the shop was robbed and vandalized two months ago."
									]
								},
								{
									"type": "entries",
									"name": "Development",
									"page": 236,
									"id": "861",
									"entries": [
										"After searching the cabin, the characters can continue their investigation by going to Tulgi's cabin or by stopping at Pelc's Curiosities (assuming they found the receipt)."
									]
								}
							]
						},
						{
							"type": "entries",
							"name": "Tulgi's Cabin",
							"page": 236,
							"id": "862",
							"entries": [
								"When the characters approach Tulgi's cabin, read:",
								{
									"type": "insetReadaloud",
									"id": "863",
									"entries": [
										"This snow-covered cabin looks peaceful and quiet from the outside. Its windows are shuttered, and a steady stream of smoke piping out of the chimney indicates a roaring fire within."
									]
								},
								"Tulgi Lutan's home is a one-story, one-room log cabin. Because she isn't keen on letting the characters in, the following features might be important:",
								{
									"type": "list",
									"items": [
										"The roof of the cabin is 12 feet high. Climbing up the outside walls requires a successful DC 10 Strength ({@skill Athletics}) check.",
										"The wooden door to the cabin is locked and has AC 15, 18 hit points, and immunity to poison and psychic damage. The lock can be picked with a successful DC 12 Dexterity check using thieves' tools, or the door can be forced open with a successful DC 15 Strength ({@skill Athletics}) check. Tulgi carries the key that unlocks the door.",
										"Each of the cabin's four walls has one window, which is shuttered and latched from the inside. A window can be unlatched from outside with a successful DC 12 Dexterity check using thieves' tools.",
										"The inside of the cabin is brightly lit by fires in a brazier and a fireplace, though the smoky haze given off by both makes the interior lightly obscured."
									]
								},
								"If the characters knock on the door, Tulgi Lutan (a neutral evil, female mountain dwarf {@creature thug} with a walking speed of 10 feet) calls from the other side, telling them to go away. A character who shouts back through the door and succeeds on a DC 12 Charisma ({@skill Deception}, {@skill Intimidation}, or {@skill Persuasion}) check convinces Tulgi to open the door and allow the party inside. Otherwise, she ignores anything the characters say.",
								"If the characters aren't invited inside, they'll have to decide what other means they're willing to use to enter. Regardless of how they do so, when the characters enter the cabin, read:",
								{
									"type": "insetReadaloud",
									"id": "864",
									"entries": [
										"The heat in this small cabin hits like a hammer blow. A table set with neatly stacked dishes, tools, and utensils stands at the center of the room. The smell of a simmering soup comes from a pot hanging inside a roaring fireplace. Another fire burns in an iron brazier at the opposite end of the room, filling the cabin with a smoky haze. Shivering at the end of a bed near the brazier is a dwarf wrapped in blankets. Bulging blue veins streak her face, neck, and hands."
									]
								},
								"If the characters broke into the cabin, Tulgi attacks as soon as she sees them, fighting until reduced to 10 hit points, then surrendering. She has two pet {@creature Wolf||wolves}, Iro and Jira, that hide beneath her bed. If a fight breaks out, the wolves join the fray to defend her.",
								{
									"type": "entries",
									"name": "Fire Hazards",
									"page": 237,
									"id": "865",
									"entries": [
										"Any creature that comes into contact with the brazier or the fireplace for the first time on its turn, or that starts its turn there, takes 2 ({@dice 1d4}) fire damage."
									]
								},
								{
									"type": "entries",
									"name": "What Tulgi Knows",
									"page": 237,
									"id": "866",
									"entries": [
										"Tulgi is gruff and to the point, and tries to compensate for her illness with bluster. If the characters entered the cabin with her permission or if she surrenders to them, she tells them only that she has the same affliction that killed Urgon, and that she's looking for a cure.",
										"A character who succeeds on a DC 12 Charisma ({@skill Intimidation} or {@skill Persuasion}) check convinces Tulgi to reveal the following information:",
										{
											"type": "list",
											"items": [
												"Tulgi came to Palebank Village a few years back from Shadycreek Run with her sister, {@creature Hulil Lutan|EGW|Hulil}. Both work for the Uttolot family.",
												"The Uttolots sent the sisters and a few others to the village to keep an eye on treasures coming back from Eiselcross\u2014with the intent of stealing them. When such artifacts come through the small settlement, they are often unusual goods that treasure hunters are trying to keep away from Uthodurn or the Dwendalian Empire.",
												"When Urgon Wenth returned to Palebank Village with treasures from Eiselcross, Tulgi saw her chance. She waited for Urgon to sell his finds to Pelc's Curiosities, then stole them all.",
												"Tulgi gave most of Urgon's relics to Hulil, but kept one for herself\u2014an ornate dagger. She grudgingly gives this weapon to the characters if asked (see \"Treasure\" below). Hulil has the other items in a site north of the village known as Croaker Cave.",
												"Tulgi was the one who searched Urgon's cabin, convinced that the dead dwarf must have had magic or other secrets stored away there."
											]
										}
									]
								},
								{
									"type": "entries",
									"name": "Treasure",
									"page": 237,
									"id": "867",
									"entries": [
										"If Tulgi doesn't offer her dagger to the characters, any character with a passive Wisdom ({@skill Perception}) score of 11 or higher notices the ornate blade in a gilded sheath tucked under her shirt. If the characters claim the {@item +1 dagger}, a successful DC 15 Intelligence ({@skill Arcana} or {@skill History}) check reveals that the dagger is a relic of the fallen flying city of Aeor."
									]
								},
								{
									"type": "entries",
									"name": "Development",
									"page": 237,
									"id": "868",
									"entries": [
										"The characters have no trouble finding either Croaker Cave or Pelc's Curiosities if either of those locations is their next destination. If things went bad with Tulgi and she died before revealing any information, the characters might find notes or instructions from Hulil revealing some of the information above."
									]
								}
							]
						},
						{
							"type": "entries",
							"name": "Pelc's Curiosities",
							"page": 237,
							"id": "869",
							"entries": [
								"Pelc's Curiosities is an antique shop run by an introverted elf named Verla Pelc. Verla keeps to herself, opening her shop only when the mood strikes her. She trades any and all objects that interest her, shipping them across Wildemount. Characters who are residents of Palebank Village or have been there for a while know of Pelc's Curiosities\u2014and also know that the shop was robbed and vandalized two months ago. If the characters are recent arrivals to the village, anyone they ask about the shop mentions the robbery.",
								"Pelc's Curiosities is a one-story, two-room log cabin. The windows are shuttered and locked from inside, leaving the interior dark. The only entrance is the front door, but characters can force open one of the shutters around the back with a successful DC 12 Strength ({@skill Athletics}) check, granting access to Verla's quarters (see that section below).",
								"When the characters approach the cabin, read:",
								{
									"type": "insetReadaloud",
									"id": "86a",
									"entries": [
										"The dark cabin before you has a sign over its door which reads, \"Pelc's Curiosities,\" with the image of a curving dragon used to make the letter P. Though the shop appears closed, the front door is slightly ajar."
									]
								},
								"Any character with a passive Wisdom ({@skill Perception}) score of 11 or higher hears whispered voices and footsteps coming from inside the cabin. If the characters succeed on a group DC 10 Dexterity ({@skill Stealth}) check, they can surprise the bandits currently in the shop.",
								{
									"type": "entries",
									"name": "Front Shop Area",
									"page": 238,
									"id": "86b",
									"entries": [
										"The antique shop occupies the large front room of the cabin. When the characters can see into this area, read:",
										{
											"type": "insetReadaloud",
											"id": "86c",
											"entries": [
												"Five cloaked elves appear to have ransacked the shop and are searching through the broken debris on the floor. The furniture, shelves, and front counter have been smashed, and the shop's wares now litter the floor."
											]
										},
										"This area is {@quickref difficult terrain||3} thanks to the debris covering it. The five elves are {@creature Bandit||bandits} with {@sense darkvision} out to a range of 60 feet, advantage on saving throws against being {@condition charmed}, and immunity to magic that would put them to sleep.",
										"The bandits attack as soon as they notice the characters, fighting until only one remains. That survivor then surrenders. If a captive bandit is questioned, a character who succeeds on a DC 10 Charisma ({@skill Intimidation}) check can learn the following information:",
										{
											"type": "list",
											"items": [
												"The bandits work for {@creature Hulil Lutan|EGW}, a dwarf priestess of Tiamat. Hulil works for the Uttolot family of Shadycreek Run.",
												"Hulil's sister, Tulgi, robbed Pelc's Curiosities two months ago.",
												"Hulil is sick or cursed with some affliction that causes her to move slowly and is turning her veins blue.",
												"Hulil ordered the bandits to trash Pelc's Curiosities in search of potions, scrolls, or other items that might help cure her. Despite their thorough search, the bandits found nothing useful. Hulil is hiding out with more bandits in Croaker Cave."
											]
										}
									]
								},
								{
									"type": "entries",
									"name": "Verla's Quarters",
									"page": 238,
									"id": "86d",
									"entries": [
										"Verla's quarters are at the back of the cabin. When the characters gain access to this area, read:",
										{
											"type": "insetReadaloud",
											"id": "86e",
											"entries": [
												"What appears to be an ice statue of an elf is bundled beneath the blankets of a bed along the east wall of the room. A small table loaded with dirty teacups and a kettle stands next to the bed."
											]
										},
										"The figure in the bed is the unfortunate Verla Pelc, who was infected with frigid woe by Urgon Wenth's Aeorian relics. Her symptoms appeared a few weeks after the shop was robbed, but the reclusive elf never told anyone about them."
									]
								},
								{
									"type": "entries",
									"name": "Development",
									"page": 238,
									"id": "86f",
									"entries": [
										"Questioning any of the bandits can turn up solid leads that can take the characters to Croaker Cave, or back to Tulgi's cabin if there are other questions the dwarf has yet to answer. If they were unable to question the bandits, you can have one of the bandits carrying orders from Hulil that point toward the Croaker Cave hideout."
									]
								}
							]
						}
					]
				},
				{
					"type": "section",
					"name": "Croaker Cave",
					"page": 238,
					"id": "870",
					"entries": [
						"Characters local to Palebank Village or who have spent some time there know Croaker Cave. If all the characters are new arrivals to the village, any of the villagers can tell them about the cave and how to get there.",
						"Croaker Cave gets its name from its resident giant ice frogs. Its entrance is on the shores of the Frigid Depths, due north of Palebank Village. As the characters draw close to the cave entrance, they see frequent signs of tracks where bandits have been coming and going. However, there are no signs of patrols or guards. A plume of smoke rises from the ground beyond the cave entrance, venting through a narrow natural chimney from {@adventure area C6|FS|0|C6. Hulil's Cavern}. The chimney is too small to be climbed, however, and the main cave entrance is the only entry point.",
						"Knowing that the residents of Palebank Village avoid the cave and its dangerous frogs, {@creature Hulil Lutan|EGW} has made the place her base of operations. She and the Uttolot bandits she commands have domesticated the giant ice frogs that make the cave their home, using them as guard animals.",
						{
							"type": "gallery",
							"images": [
								{
									"type": "image",
									"href": {
										"type": "internal",
										"path": "book/EGW/118-5.9-croaker-cave.png"
									},
									"title": "Map 5.9: Croaker Cave",
									"width": 2550,
									"height": 1650,
									"imageType": "map"
								},
								{
									"type": "image",
									"href": {
										"type": "internal",
										"path": "book/EGW/118-5.9-croaker-cave-player.png"
									},
									"title": "Map 5.9: Croaker Cave (Player Version)",
									"width": 2550,
									"height": 1650,
									"imageType": "mapPlayer"
								}
							]
						},
						{
							"type": "entries",
							"name": "Giant Ice Frogs",
							"page": 238,
							"id": "871",
							"entries": [
								"With the exception of {@creature Old Croaker|EGW} (see {@adventure area C5|FS|0|C5. Old Croaker's Pool}), giant ice frogs are {@creature Giant Frog||giant frogs} with immunity to cold damage.",
								"The blue-skinned frogs attack any creatures in the cave complex not escorted by bandits they recognize. Each fights until reduced to half its hit points or fewer, then flees. A character who succeeds on a DC 15 Wisdom ({@skill Animal Handling}) check as an action convinces one frog to not attack or to stop attacking. If the character or any of their allies attacks or harms the frog, it resumes combat.",
								"The frogs spend much of their time resting in pools of murky, frigid water in Croaker Cave. A character who succeeds on a Wisdom ({@skill Perception}) check opposed by a frog's Dexterity ({@skill Stealth}) check notices a frog hiding in a pool. If a frog goes undetected, it attacks with surprise when a character comes within 5 feet of the pool."
							]
						},
						{
							"type": "entries",
							"name": "Uttolot Bandits",
							"page": 238,
							"id": "872",
							"entries": [
								"The bandits sent out with Hulil by the Uttolot family are all dwarves and elves. Up to ten bandits normally occupy Croaker Cave, but only three are currently present (in {@adventure area C2|FS|0|C2. Training Pool}). They use the {@creature bandit} stat block and have {@sense darkvision} out to a range of 60 feet. In addition, the dwarves have resistance to poison damage and have advantage on saving throws against poison; the elves have advantage on saving throws against being {@condition charmed} and immunity to magic that would put them to sleep",
								"Uttolot bandits attack any intruders on sight. Each fights until reduced to half its hit points or fewer, then flees the caves. If the characters capture an Uttolot bandit, they can learn the following information with a successful DC 10 Charisma ({@skill Intimidation}) check:",
								{
									"type": "list",
									"items": [
										"Hulil is sick with the same malady that killed Urgon Wenth.",
										"She plans on setting out for Shadycreek Run soon, hoping that trading the items her sister Tulgi stole from Pelc's Curiosities allows her to pay for healing that will cure her."
									]
								}
							]
						},
						{
							"type": "entries",
							"name": "Croaker Cave Features",
							"page": 239,
							"id": "873",
							"entries": [
								"The caverns and tunnels of the Croaker Cave complex are shown on map 5.9. Unless otherwise noted in an area's description, the following features are common throughout all areas of Croaker Cave.",
								{
									"type": "entries",
									"name": "Ceilings",
									"page": 239,
									"id": "874",
									"entries": [
										"Cavern ceilings are 10 feet high, with only 8 feet of clearance beneath stalactites."
									]
								},
								{
									"type": "entries",
									"name": "Walls",
									"page": 239,
									"id": "875",
									"entries": [
										"Climbing the rough walls of a cavern requires a successful DC 12 Strength ({@skill Athletics}) check."
									]
								},
								{
									"type": "entries",
									"name": "Light",
									"page": 239,
									"id": "876",
									"entries": [
										"The caverns contain no light sources, except in{@adventure area C6|FS|0|C6. Hulil's Cavern}, as the inhabitants of Croaker Cave rely on {@sense darkvision} to see."
									]
								},
								{
									"type": "entries",
									"name": "Frigid Pools",
									"page": 239,
									"id": "877",
									"entries": [
										"Pools of murky, frigid water within the caverns are created by melting snow on the rocky ground above dripping down through the ceiling. Each pool is 10 feet deep. A creature completely submerged in a pool must succeed on a DC 10 Constitution saving throw or gain one level of {@condition exhaustion}. Creatures with resistance or immunity to cold damage automatically succeed on this saving throw. For each minute the creature spends submerged in a pool, it must repeat this saving throw, gaining another level of {@condition exhaustion} on a failure."
									]
								}
							]
						},
						{
							"type": "entries",
							"name": "C1. Entrance Pool",
							"page": 239,
							"id": "878",
							"entries": [
								"This area of the cave is close enough to the entrance that it is dimly lit by day and on clear moonlit nights. When the characters can see into this area, read:",
								{
									"type": "insetReadaloud",
									"id": "879",
									"entries": [
										"The slow dripping of water sounds out where it falls from stalactites down into a murky pool that fills the rough tunnel ahead. Every few moments, a loud croaking sounds out from somewhere in the darkness beyond."
									]
								},
								"With {@sense darkvision} or an appropriate light source, the characters can see a 25-foot-long heavy wooden beam lying against the west wall of the cave at the south end the pool. The Uttolot bandits use the beam to cross the pool, and pull it back to the far side when they are in the cave.",
								"Two giant ice frogs hide in the murky pool. If combat breaks out in this area, the bandits in area C2 quickly come to investigate."
							]
						},
						{
							"type": "entries",
							"name": "C2. Training Pool",
							"page": 239,
							"id": "87a",
							"entries": [
								{
									"type": "insetReadaloud",
									"id": "87b",
									"entries": [
										"The slow dripping of water from the ceiling flows to a pool in the southwest corner of this cavern. A large wooden bucket with a lid sits near the edge of the pool."
									]
								},
								"Three Uttolot bandits and two giant ice frogs normally occupy this cavern. If the bandits have not yet been alerted to disturbances, they are training the frogs. Add the following:",
								{
									"type": "insetReadaloud",
									"id": "87c",
									"entries": [
										"A dwarf and two elves bundled in layers of winter clothing are throwing dead bats into the air. Two giant blue-skinned frogs leap up to snatch the bats in midair, seemingly as part of some sort of training session."
									]
								},
								"If the bandits went to investigate disturbances in adjacent areas, the frogs are hiding in the pool.",
								{
									"type": "entries",
									"name": "Bucket",
									"page": 240,
									"id": "87d",
									"entries": [
										"The bucket holds six dead bats used as training treats. A character who offers a dead bat to a frog has advantage on their next Wisdom ({@skill Animal Handling}) check made to control that frog's behavior."
									]
								}
							]
						},
						{
							"type": "entries",
							"name": "C3. Bat Cavern",
							"page": 240,
							"id": "87e",
							"entries": [
								{
									"type": "insetReadaloud",
									"id": "87f",
									"entries": [
										"This cavern reeks, and its floor is covered in bat guano."
									]
								},
								"A {@creature swarm of bats} sleeps among the stalactites in this cavern. If anything disturbs the bats (including a light source or a loud noise in the cavern), the swarm attacks the source of the disturbance. The swarm fights until reduced to half its hit points or fewer, then flees out of the cave complex. If combat breaks out in this area, the bandits in area C2 come to investigate.",
								{
									"type": "entries",
									"name": "Treacherous Floor",
									"page": 240,
									"id": "880",
									"entries": [
										"The floor of this area is covered in slippery bat guano. Whenever a creature standing on the floor takes damage, it must succeed on a DC 10 Dexterity ({@skill Acrobatics}) check or fall {@condition prone}."
									]
								}
							]
						},
						{
							"type": "entries",
							"name": "C4. Bandit Camp",
							"page": 240,
							"id": "881",
							"entries": [
								{
									"type": "insetReadaloud",
									"id": "882",
									"entries": [
										"Ten empty bedrolls are arranged in a circle around a cold fire pit at the center of this cavern. Chicken bones, empty wine and spirits bottles, and other food waste litters the floor."
									]
								},
								"One of the bedrolls covers the opening of a 10-foot-deep pit trap. The trap can be spotted with a DC 10 Wisdom ({@skill Perception}) check. If not spotted, anyone walking across the bedroll falls into the pit, taking 3 ({@dice 1d6}) bludgeoning damage and landing {@condition prone}. A creature that falls into the pit makes enough noise that the bandits in {@adventure area C2|FS|0|C2. Training Pool} investigate.",
								{
									"type": "entries",
									"name": "Treasure",
									"page": 240,
									"id": "883",
									"entries": [
										"Searching all the bedrolls reveals that one contains an unopened bottle of Bald Dwarf Whisky (worth 25 gp), an alcohol made by elves in Uthodurn."
									]
								}
							]
						},
						{
							"type": "entries",
							"name": "C5. Old Croaker's Pool",
							"page": 240,
							"id": "884",
							"entries": [
								{
									"type": "insetReadaloud",
									"id": "885",
									"entries": [
										"Water dripping down from stalactites in the ceiling fills a dark pool that completely covers the floor of this cavern."
									]
								},
								"Croaker Cave's largest denizen\u2014named Old Croaker by the Uttolot bandits\u2014has claimed this pool. It hides in the water and attacks as other giant ice frogs. Old Croaker is a {@creature giant toad} with immunity to cold damage.",
								"{@creature Old Croaker|EGW} has been trained to ferry Hulil and visitors to her cavern (area C6) across the pool. A character who succeeds on a DC 15 Wisdom ({@skill Animal Handling}) check to convince Old Croaker to not attack the party can also convince the frog to ferry all the characters across the pool one at a time."
							]
						},
						{
							"type": "entries",
							"name": "C6. Hulil's Cavern",
							"page": 240,
							"id": "886",
							"entries": [
								"When the characters can see into this area, read:",
								{
									"type": "insetReadaloud",
									"id": "887",
									"entries": [
										"A warm rush of heat comes from a massive fire burning in the center of this cavern, its smoke venting up through a narrow stone chimney. The flames illuminate a rough painting of a five-headed dragon that dominates the north wall. A bedroll is spread out beneath the mural. Near the crackling blaze, a dwarf bundled in a heavy cloak sits on a stone chest beside an elf whose face is covered in dragon tattoos. The dwarf's face is streaked with pulsing blue veins."
									]
								},
								"{@creature Hulil Lutan|EGW} (a neutral evil, female mountain dwarf {@creature cult fanatic} with a walking speed of 15 feet, {@sense darkvision} out to a range of 60 feet, resistance to poison damage, and advantage on saving throws against poison) and her apprentice, {@creature Raegrin Mau|EGW} (a neutral evil, male wood elf {@creature cultist} with {@sense darkvision} out to a range of 60 feet, advantage on saving throws against being {@condition charmed}, and immunity to magic that would put him to sleep), are both in a state of deep meditation, praying to Tiamat for a cure for the dwarf's affliction. Even if combat broke out in area C5, they remain unaware of the characters' presence until they are disturbed or attacked. Hulil and Raegrin are both greedy servants of Tiamat and the Uttolot family. Raegrin follows Hulil's every order with unshaking loyalty.",
								"Hulil is so desperate for a cure for the ailment that is slowly killing her that she doesn't attack the characters when she first sees them, as long as she isn't attacked first. Instead, she orders them to stand down and demands to know why they came to the cave. A quick-thinking character can claim to have come to help Hulil (at the direction of her sister, after receiving a message from Tiamat, or with another appropriate rationale). With a successful Charisma ({@skill Deception}) check opposed by Hulil's Wisdom ({@skill Insight}) check, the character convinces the dwarf that all the characters are her allies. On a failed check, or if the characters challenge her, Hulil and Raegrin attack.",
								{
									"type": "entries",
									"name": "Campfire",
									"page": 240,
									"id": "888",
									"entries": [
										"Any creature that enters the area of the fire for the first time on its turn, or that starts its turn there, takes 3 ({@dice 1d6}) fire damage."
									]
								},
								{
									"type": "entries",
									"name": "What Hulil Knows",
									"page": 240,
									"id": "889",
									"entries": [
										"If the characters convince {@creature Hulil Lutan|EGW|Hulil} that they are her allies, or if they capture her or Raegrin and succeed on a DC 14 Charisma ({@skill Intimidation}) check, they can learn the following information:",
										{
											"type": "list",
											"items": [
												"Hulil believes she has a disease called frigid woe. Though she doesn't know any more about the disease than its symptoms, she's heard rumors that explorers in Eiselcross sometimes succumb to it.",
												"Hulil has guessed that her affliction was caused by one of the blue vials Tulgi stole from Pelc's Curiosities, originally sold by Urgon Wenth. The vial was cracked, revealing that its lovely color was the result of a dark blue dust clinging to the interior.",
												"She is desperate to get to Shadycreek Run before the malady runs its course, hoping that she can trade the goods stolen by Tulgi for a cure."
											]
										},
										"Hulil used one of the vials to trap the chest containing the other stolen items (see \"Stone Chest\" below). Needing quick cash for the trip, she sold the other vial to Irven Liel, a human merchant staying at the Jolly Dwarf inn in Palebank Village while traveling with his family to Uthodurn."
									]
								},
								{
									"type": "entries",
									"name": "Stone Chest",
									"page": 241,
									"id": "88a",
									"entries": [
										"The stone chest's outer lid is carved with the face of a dragon. A character who examines the chest and succeeds on a DC 12 Wisdom ({@skill Perception}) check finds pin-sized openings in the dragon's mouth that contain a blue powder. The powder can be removed with a successful DC 15 Dexterity check using thieves' tools. A character who fails this check must succeed on a DC 11 Constitution saving throw or contract frigid woe (see the \"{@book Eiselcross|EGW|4}\" section of chapter 3).",
										"A {@spell detect magic} spell reveals that the chest radiates an aura of evocation magic. When a creature touches the chest without speaking a prayer to Tiamat, a gust of wind escapes the dragon's mouth. If the blue powder is still in the dragon's mouth, it forms a cloud that fills a 15-foot cube in front of the chest. Each creature within the area must succeed on a DC 11 Constitution saving throw or contract frigid woe."
									]
								},
								{
									"type": "entries",
									"name": "Treasure",
									"page": 241,
									"id": "88b",
									"entries": [
										"The chest contains the rest of the treasure found by Urgon Wenth\u2014a gilded scroll case covered in a cosmological map of the multiverse (worth 15 gp), a jade statuette of a storm giant (25 gp), a quiver containing six {@item +1 Arrow||+1 arrows}, and a silver ring set with a jasper stone (50 gp). It also holds Hulil's wealth\u2014415 cp, 234 sp, 43 ep, and 112 gp\u2014and a receipt indicating that Hulil sold a blue glass vial to Irven Liel for 100 gp."
									]
								}
							]
						},
						{
							"type": "entries",
							"name": "Development",
							"page": 241,
							"id": "88c",
							"entries": [
								"When the characters are done exploring Croaker Cave, they should know the blue glass vials found by Urgon Wenth are the source of the strange malady that is turning people into ice statues, and that Irven Liel has one of those vials. If the characters don't have a chance to question {@creature Hulil Lutan|EGW|Hulil} or {@creature Raegrin Mau|EGW|Raegrin}, you can have the chest also contain a journal or notes that provide the information they need and point them toward the Jolly Dwarf inn."
							]
						}
					]
				},
				{
					"type": "section",
					"name": "Jolly Dwarf",
					"page": 241,
					"id": "88d",
					"entries": [
						"The Jolly Dwarf is a cozy, two-story inn run by a retired adventurer named Arl Bortock. When the characters enter the inn, read:",
						{
							"type": "insetReadaloud",
							"id": "88e",
							"entries": [
								"The downstairs of this inn features a large taproom. A gray-haired dwarf behind the bar greets you cheerfully as you enter. Two male humans and two tiefling children laugh among themselves as they enjoy a meal together."
							]
						},
						"Arl Bortock (a neutral good, male, mountain dwarf {@creature veteran}) works behind the bar. If the characters ask for Irven Liel, the dwarf points them toward the laughing family.",
						"Irven Liel, his husband Fenton Tethwick (both neutral good, male Dwendalian human {@creature Commoner||commoners}), and their adopted daughters Honor and Magic (both tiefling noncombatants) are friendly and invite the characters to join them. Irven and Fenton are traveling booksellers. If asked about the vial, Irven explains that they met {@creature Hulil Lutan|EGW} on the road to Palebank Village. She said she was moving and needed to shed some possessions, so she offered him a chance to buy the Aeorian relic at a great price. He plans to sell the item for a profit in Uthodurn.",
						"If the characters tell Irven the truth about the vial, he panics, saying that everyone in his family has touched the object. Fenton gives the vial to the characters, handing it to them wrapped up in a cloth. Any character who touches the vial directly must succeed on a DC 11 Constitution saving throw or contract frigid woe.",
						{
							"type": "entries",
							"name": "Development",
							"page": 241,
							"id": "88f",
							"entries": [
								"Once the characters have the cracked vial, they can report back to Elro Aldataur. He pays them 100 gp as promised but asks the characters to stay in town. He is quite certain he'll have need of their services again soon.",
								"The next morning, Elro comes to the characters with somber news. Irven, Fenton, Honor, and Magic are all afflicted with frigid woe. Seeing the blue powder in the vial has allowed Elro to consult old lore and learn a few things about the disease. (If the characters didn't learn the name of the affliction from Hulil, Elro is the source of that name as well.)",
								"Elro knows that frigid woe is said to have only one cure\u2014a milky liquid the Aeorians stored in gold vials. He hopes that the cure might be found in the same place Urgon found the vials of frigid woe in Eiselcross. The retired ranger asks the characters to travel to the islands of Eiselcross and retrace Urgon's path, hoping they can find the cure. He offers the party 200 gp for the task, and reminds them that time is of the essence for Irven and his family\u2014not to mention for any characters infected with frigid woe. If the characters accept, Elro gives them a day to prepare and tells them to find him at the village docks when they're ready to set sail.",
								{
									"type": "inset",
									"name": "Vials of Frigid Woe",
									"page": 241,
									"id": "890",
									"entries": [
										"As an action, a creature can throw a vial of frigid woe up to 20 feet, shattering it on impact and releasing its contents as a cloud of spores. Each creature within 5 feet of the vial when it shatters must succeed on a DC 11 Constitution saving throw or contract frigid woe (see the \"{@book Eiselcross|EGW|4}\" section of chapter 3).",
										"If a character has contracted frigid woe, track the number of days that have passed so you can inform the player when their character's symptoms appear and when they need to make Constitution saving throws."
									]
								}
							]
						},
						{
							"type": "entries",
							"name": "Character Advancement",
							"page": 241,
							"id": "891",
							"entries": [
								"The characters advance to 2nd level before traveling to Eiselcross."
							]
						}
					]
				},
				{
					"type": "section",
					"name": "Traveling to Eiselcross",
					"page": 242,
					"id": "892",
					"entries": [
						"When the characters are ready to leave for Eiselcross, Elro Aldataur provides them with the following information:",
						{
							"type": "list",
							"items": [
								"Elro has arranged passage to Eiselcross for the characters on the {@i Remorhaz}, a sailing ship owned and operated by the Glassblades.",
								"The characters will be taken to Syrinlya, an Uthodurnian outpost on Foren, Eiselcross's largest island. Once there, they should talk to a dwarf named Orvo Mustave, who has gone on numerous expeditions into the wilds of Eiselcross with Urgon Wenth.",
								"Once the characters have found the cure, they should use whatever they need for themselves, then give the rest to an elf in Syrinlya who goes by the name \"the Buyer.\" They can tell the Buyer to teleport the cure to Elro in Palebank Village."
							]
						},
						"The islands of Eiselcross are covered in ice and snow, and are always well below freezing. Characters who don't already have cold weather gear will want to purchase it, or they will be subject to {@hazard extreme cold} (see {@book chapter 5|DMG|5|Weather} of the {@book Dungeon Master's Guide|DMG}).",
						{
							"type": "image",
							"href": {
								"type": "internal",
								"path": "book/EGW/119-05-06.png"
							},
							"title": "Sailing to Eiselcross",
							"width": 1496,
							"height": 1000
						},
						{
							"type": "entries",
							"name": "NPCs Infected with Frozen Woe",
							"page": 242,
							"id": "893",
							"entries": [
								"The characters are in a race against time to cure Irven and his family (and possibly Hulil and Tulgi Lutan, if the characters are feeling merciful toward those two hardened criminals). Irven and his family have at least sixty days before any of them might die, Hulil has at least thirty days, and Tulgi has at least twenty days. You can make saving throws for these NPCs against the disease every ten days, or you can just decide their final fates."
							]
						},
						{
							"type": "entries",
							"name": "Voyage of the Remorhaz",
							"page": 242,
							"id": "894",
							"entries": [
								"It takes the {@i Remorhaz} nine days to get to Syrinlya. This trip could be uneventful, or you could populate the ship with interesting NPCs and have the characters encounter ocean monsters, Revelry pirates, or severe weather.",
								"When the ship reaches Syrinlya, read:",
								{
									"type": "insetReadaloud",
									"id": "895",
									"entries": [
										"The temperature has steadily dropped since you left Palebank Village, yet it seems to grow colder still as you step off the ramp of the {@i Remorhaz} onto Foren. Through windy snow, you can see fur-lined tents and yurts arranged in a large camp. Campfires are whipped by the wind, with dwarves and elves huddled close to the flames.",
										"\"Don't worry! It'll cool down here eventually!\" a joking voice bellows over the snow. A female dwarf with a shaggy mane of unkempt hair bows to you. \"Morgo Delwur at your service. Welcome to Eiselcross!\""
									]
								},
								"Morgo Delwur (a neutral good, female mountain dwarf {@creature werebear}) has lived in Syrinlya for years. She can show the characters around and answer any questions they have about the settlement, providing any of the details found in {@book chapter 3|EGW|4|Syrinlya}. If the characters ask about Orvo Mustave or the Buyer, Morgo points out where both live. Though Morgo never adventured with Urgon Wenth and wasn't a close friend, she is sad to hear of the dwarf's passing.",
								"Morgo and the other explorers in Syrinlya know about frigid woe and the disease's terrible effects. If the characters have any unanswered questions about the disease, the explorers share what they know."
							]
						}
					]
				},
				{
					"type": "section",
					"name": "Syrinlya",
					"page": 243,
					"id": "896",
					"entries": [
						"As Morgo leads the characters through Syrinlya, read:",
						{
							"type": "insetReadaloud",
							"id": "897",
							"entries": [
								"Morgo gestures to the groups of dwarves and elves huddled and chatting around campfires. \"They're planning expeditions to find Aeor's lost treasures,\" she says. \"That's what this whole place is about. If you ain't exploring, you ain't banking gold.\"",
								"The dwarf stops in front of a large fur-lined yurt. \"You can stay here. Belonged to a fool rich elf named Bertron who came here looking for adventure. He found the inside of a saber-toothed tiger instead. Should be some food and the like in there. It's yours now.\""
							]
						},
						{
							"type": "entries",
							"name": "Bertron's Yurt",
							"page": 243,
							"id": "898",
							"entries": [
								"The characters are welcome to this yurt during their time in Syrinlya. When they first enter, read:",
								{
									"type": "insetReadaloud",
									"id": "899",
									"entries": [
										"The sound of wind and the biting cold die down as you enter the yurt. A cold fire pit marks the center of the hide-covered floor. An open crate containing packaged rations and a few other items stands next to the door."
									]
								},
								"Once the characters are settled, Morgo wishes them luck and leaves to prepare for an expedition of her own (see the \"Can You Help Us?\" sidebar). The crate contains 50 days of rations, a 50-foot silk rope, a blanket, a grappling hook, a miner's pick, and a book titled {@i Adventure Sexy: Impress Potential Lovers with Great Deeds} by Scanlan Shorthalt.",
								{
									"type": "inset",
									"name": "Can You Help Us?",
									"page": 243,
									"id": "89a",
									"entries": [
										"If the characters feel as though they need help traveling the wilds of Foren, they can try to convince other explorers in Syrinlya to travel with them to recover the cure. Although most of Syrinlya's explorers are willing to help others in need, those explorers already have an important mission. An expedition led by Professor Gulrim Shalebrow (see \"{@book The Diarchy of Uthodurn|EGW|3|Diarchy of Uthodurn}\" in chapter 2) went to search for the origin of the strange magic in the region of Mutalos months ago and has not returned. The explorers at the camp are preparing a search and rescue mission to bring back Gulrim's party. If the characters survive their quest into Salsvault, this story could serve as a hook for another adventure."
									]
								}
							]
						},
						{
							"type": "entries",
							"name": "The Buyer",
							"page": 243,
							"id": "89b",
							"entries": [
								"Morgo Delwur or any other resident of Syrinlya can point out the Buyer's hut to the characters. It is Syrinlya's largest yurt. When the characters enter, read:",
								{
									"type": "insetReadaloud",
									"id": "89c",
									"entries": [
										"The pungent scent of incense fills this yurt, whose walls are painted with glowing arcane runes. A brass brazier burns brightly at the center of the floor, around which are set a few plush chairs, a bed, and a large stone chest. On one of those chairs sits an elf reading a book. A small dragon with green butterfly wings is curled in the elf's lap."
									]
								},
								"The Buyer (lawful neutral, nonbinary, high elf {@creature mage}) is a mysterious elf who purchases Aeorian relics in Syrinlya for the Uthodurnian government. See the \"{@book Syrinlya|EGW|4|Syrinlya}\" section of chapter 3 for more information about the Buyer and their business. The green {@creature Faerie Dragon (Violet)||faerie dragon} is Dew, the elf's familiar.",
								"The Buyer has been in Syrinlya since the day the outpost was founded. They can answer any questions the characters might have about the outpost's history, the island of Foren, or frigid woe. If the characters want to confirm that the Buyer is able to quickly send the cure for frigid woe to Palebank Village, the elf tells them that the stone chest in the yurt has the magical capability to teleport objects on command.",
								"In addition to the aid they provide in getting the cure back to Palebank Village, the Buyer offers to purchase any Aeorian relics the characters want to sell.",
								{
									"type": "entries",
									"name": "Stone Chest",
									"page": 243,
									"id": "89d",
									"entries": [
										"A {@spell detect magic} spell reveals that the chest radiates an aura of conjuration magic. When an item is placed in the chest, the Buyer can teleport it to secret locations in Uthodurn or its outpost of Palebank Village, with those locations known only to the authorities of those settlements."
									]
								}
							]
						},
						{
							"type": "entries",
							"name": "Orvo Mustave",
							"page": 243,
							"id": "89e",
							"entries": [
								"Morgo Delwur or any other resident of Syrinlya can point out Orvo Mustave's tent to the characters. When the characters approach the tent, read:",
								{
									"type": "insetReadaloud",
									"id": "89f",
									"entries": [
										"A campfire burns in front of this small tent, whose flaps are open. Inside the tent sits a young dwarf whose face is scarred as though scratched by a large claw. A shortsword is casually laid across his lap as he warms his outstretched hands."
									]
								},
								"Orvo Mustave (a chaotic good, male mountain dwarf {@creature scout}) is a curious and soft-spoken explorer. He enjoys uncovering the secrets of Eiselcross as much as he does uncovering the region's treasures. He is genuinely interested in the characters' lives, and asks them lots of questions after inviting them to share his fire.",
								{
									"type": "entries",
									"name": "Orvo's Story",
									"page": 243,
									"id": "8a0",
									"entries": [
										"Orvo is grief-stricken to hear about the demise of his friend Urgon Wenth. If the characters ask Orvo about the blue vials that brought disease to Palebank Village, Orvo shares the following information:",
										{
											"type": "list",
											"items": [
												"Orvo and Urgon found the blue vials in Salsvault, an Aeorian ruin partially submerged in water in a region of Foren where the glacial ice is thin. Explorers call this region Thin Sheets. Orvo believes the ruin is as well preserved as it is because the structure was reinforced with magic, as were many of Aeor's buildings that housed hazardous materials or secret projects.",
												"Salsvault is two hundred miles northwest of Syrinlya. Ice mephits are drawn to the magic of something at that location. Orvo and Urgon found the ruin after following one of the creatures.",
												"Salsvault appears to have been an Aeorian lab. Orvo and Urgon explored only three of its chambers before being chased away by animated suits of armor.",
												"The dwarves didn't know what the vials contained.",
												"Orvo sold his share of the treasure from Salsvault to the Buyer. Urgon decided to hang onto his share until he returned home to Palebank Village."
											]
										}
									]
								}
							]
						}
					]
				},
				{
					"type": "section",
					"name": "Into the Wilds",
					"page": 244,
					"id": "8a1",
					"entries": [
						"After speaking with Orvo, the characters can make whatever preparations they need before heading into the wilds of Eiselcross. If they wish to obtain more supplies before setting out, there are no shops in Syrinlya, but many of the explorers at the camp are willing to trade goods and equipment.",
						{
							"type": "entries",
							"name": "Overland Travel",
							"page": 244,
							"id": "8a2",
							"entries": [
								"The characters must travel two hundred miles over ice and snow to reach Salsvault, the ruin where Urgon Wenth found the vials of frigid woe. It's up to the characters whether they want to move at a fast, medium, or slow pace (see \"{@book Movement|PHB|8|Movement}\" in chapter 8 of the {@book Player's Handbook|PHB}). If any character has a walking speed of less than 25 feet because of a frigid woe infection, use the Reduced Travel Speeds table to determine how far the party can travel in a day.",
								{
									"type": "entries",
									"name": "Reduced Travel Speeds",
									"page": 244,
									"id": "8a3",
									"entries": [
										{
											"type": "table",
											"colLabels": [
												"Slowest Character Speed",
												"Slow Pace",
												"Medium Pace",
												"Fast Pace"
											],
											"colStyles": [
												"col-6",
												"col-2 text-center",
												"col-2 text-center",
												"col-2 text-center"
											],
											"rows": [
												[
													"15\u201320 ft.",
													"12 miles",
													"18 miles",
													"24 miles"
												],
												[
													"5\u201310 ft.",
													"6 miles",
													"12 miles",
													"18 miles"
												]
											]
										},
										"As the characters travel, use the \"{@book Encounters in Eiselcross|EGW|4|Encounters in Eiselcross}\" section in chapter 3 to generate random encounters. After traveling forty miles, the characters enter Thin Sheets. This region is known for its large patches of thin ice over deep, {@hazard frigid water} (see the rules for frigid water and thin ice in {@book chapter 5|DMG|5|Wilderness Hazards} of the {@book Dungeon Master's Guide|DMG})."
									]
								}
							]
						},
						{
							"type": "entries",
							"name": "Finding Salsvault",
							"page": 244,
							"id": "8a4",
							"entries": [
								"When the characters have traveled two hundred miles, one character who acts as a scout for the group should make a DC 15 Wisdom ({@skill Survival}) check each day. On a failure, the character finds no signs of Salsvault. On a success, the character finds the trail of an ice mephit, which leads to Salsvault after a journey of {@dice 1d4} hours. If the check succeeds by 5 or more, the character finds Salsvault directly."
							]
						}
					]
				},
				{
					"type": "section",
					"name": "Salsvault",
					"page": 244,
					"id": "8a5",
					"entries": [
						"Salsvault was once a laboratory in the city of Aeor, where mages who specialized in necromancy and transmutation magic crafted constructs and diseases to be weaponized against their enemies. Many of the laboratory's creations remain active, still guarding the diseases and treasures within.",
						{
							"type": "entries",
							"name": "Approaching Salsvault",
							"page": 244,
							"id": "8a6",
							"entries": [
								"As the characters approach Salsvault, read:",
								{
									"type": "insetReadaloud",
									"id": "8a7",
									"entries": [
										"Through wind-whipped snow and biting cold, you notice a half-submerged, dark-blue stone building poking up through the ice. A gray stone door is carved to look like a face with a half-exposed skull. Scribed above the door is the word \"SALSVAULT.\""
									]
								},
								"Ziro and Glacies, two {@creature Ice Mephit||ice mephits}, hide near the entrance to Salsvault, waiting for someone to open the door. A character with a passive Wisdom ({@skill Perception}) score of 13 or higher notices the mephits. If any characters interact with the mephits, they attack in response. If the characters don't notice the mephits, the creatures follow them inside Salsvault, attracted to the frigid woe within. The first time the characters enter an area containing vials of frigid woe, the mephits seek out and break the vials, reveling in releasing the cold-based magical energy within.",
								{
									"type": "entries",
									"name": "Sealed Entrance",
									"page": 244,
									"id": "8a8",
									"entries": [
										"The entrance to Salsvault is frozen shut. The characters can force the door open with a successful DC 15 Strength check or by dealing 10 bludgeoning or fire damage to the ice that seals the door. Unsealing the door with bludgeoning damage draws the attention of three suits of animated armor in area{@adventure S3|FS|0|S3. Animated Armor Laboratory}, which gather in {@adventure area S1|FS|0|S1. Entrance Chamber} and attack the characters as soon as they enter.",
										{
											"type": "gallery",
											"images": [
												{
													"type": "image",
													"href": {
														"type": "internal",
														"path": "book/EGW/120-5.10-salsvault.png"
													},
													"title": "Map 5.10: Salsvault",
													"width": 2550,
													"height": 1650,
													"imageType": "map"
												},
												{
													"type": "image",
													"href": {
														"type": "internal",
														"path": "book/EGW/120-5.10-salsvault-player.png"
													},
													"title": "Map 5.10: Salsvault (Player Version)",
													"width": 2550,
													"height": 1650,
													"imageType": "mapPlayer"
												}
											]
										}
									]
								}
							]
						},
						{
							"type": "entries",
							"name": "Salsvault Features",
							"page": 244,
							"id": "8a9",
							"entries": [
								"The locations in Salsvault are detailed on map 5.10. Unless otherwise noted in an area's description, the following features are common throughout all areas of Salsvault.",
								{
									"type": "entries",
									"name": "Ceilings",
									"page": 244,
									"id": "8aa",
									"entries": [
										"The ceilings in Salsvault's rooms are 10 feet high, with 8-foot-high doorways connecting them."
									]
								},
								{
									"type": "entries",
									"name": "Chests",
									"page": 244,
									"id": "8ab",
									"entries": [
										"Stone chests two feet on each side are built into the floors in several areas. A {@spell detect magic} spell reveals a faint aura of abjuration magic radiating from each chest. A chest has AC 17; 27 hit points; resistance to bludgeoning, piercing, and slashing damage; and immunity to poison and psychic damage.",
										"If an area's description notes a locked chest, the chest's lock can be picked with a successful DC 15 Dexterity check using thieves' tools or forced open with a successful DC 18 Strength check. {@creature Ferol Sal|EGW} (see {@adventure area S17|FS|0|S17. Ferol's Laboratory}) carries a master key that locks or unlocks all chests in Salsvault."
									]
								},
								{
									"type": "entries",
									"name": "Doors and Walls",
									"page": 244,
									"id": "8ac",
									"entries": [
										"Salsvault's heavy doors are made of black stone, and its walls are made of blue stone. A {@spell detect magic} spell reveals a faint aura of abjuration magic radiating from the doors and walls. Each door and each 10-foot section of wall has AC 17; 27 hit points; resistance to bludgeoning, piercing, and slashing damage; and immunity to poison and psychic damage.",
										"If an area's description notes a locked door, the lock can be picked with a successful DC 15 Dexterity check using thieves' tools, or the door can be forced open with a successful DC 18 Strength check. {@creature Ferol Sal|EGW} (see {@adventure area S17|FS|0|S17. Ferol's Laboratory}) carries a master key that locks or unlocks all the doors in Salsvault."
									]
								},
								{
									"type": "entries",
									"name": "Aeorian Robes",
									"page": 245,
									"id": "8ad",
									"entries": [
										"The undead in the complex wear archaic-looking robes. With a successful DC 12 Intelligence ({@skill History}) check, a character recognizes the robes as being of Aeorian style. The characters can also find intact robes of the same style in the complex. Constructs and zombies in the complex don't attack a character wearing intact robes, unless the character attacks first."
									]
								},
								{
									"type": "entries",
									"name": "Eastern Slope",
									"page": 245,
									"id": "8ae",
									"entries": [
										"Salsvault is tilted in the ice, with its east side lower than its west side. Every area within the complex features a gentle slope downward to the east."
									]
								},
								{
									"type": "entries",
									"name": "Light",
									"page": 245,
									"id": "8af",
									"entries": [
										"Unless otherwise noted, wall sconces with {@spell continual flame} spells cast on them brightly light the interior of Salsvault."
									]
								},
								{
									"type": "entries",
									"name": "Temperature",
									"page": 245,
									"id": "8b0",
									"entries": [
										"Though Salsvault's interior is guarded from wind and snow, the temperatures within the structure are still well below freezing."
									]
								},
								{
									"type": "entries",
									"name": "Water",
									"page": 245,
									"id": "8b1",
									"entries": [
										"Some areas of Salsvault are partially filled with seawater flowing in from beneath the ice of Thin Sheets. A creature that starts its turn in the frigid water must succeed on a DC 10 Constitution saving throw or gain one level of {@condition exhaustion}. Creatures that lair within the water in the complex are immune to this effect."
									]
								}
							]
						},
						{
							"type": "entries",
							"name": "Denizens of Salsvault",
							"page": 245,
							"id": "8b2",
							"entries": [
								"Many of the creatures the characters can encounter in Salsvault have similar characteristics and tactics.",
								{
									"type": "entries",
									"name": "Beasts",
									"page": 245,
									"id": "8b3",
									"entries": [
										"Several sea creatures haunt the submerged areas of the complex. These beasts attack characters who enter the water, fighting until reduced to half their hit points or fewer before fleeing."
									]
								},
								{
									"type": "entries",
									"name": "Constructs",
									"page": 245,
									"id": "8b4",
									"entries": [
										"When Salsvault crashed into Foren, a number of its construct guardians survived. Those constructs continue to guard the complex, fighting intruders until they flee Salsvault. The constructs won't leave the complex willingly and won't pursue characters who do so. The constructs don't attack the undead of Salsvault, understanding on some level that those undead are the remains of the people who created them."
									]
								},
								{
									"type": "entries",
									"name": "Undead",
									"page": 245,
									"id": "8b5",
									"entries": [
										"The humanoids working in Salsvault died when it crashed into Foren. Just before impact, {@creature Ferol Sal|EGW}, the necromancer in charge of Salsvault, released an experimental disease that caused any humanoids who died in the complex to return as undead. Most of those affected returned as zombies that attack intruders on sight and fight to the death. Ferol returned as a wight and has continued to work obsessively in his personal lab ({@adventure area S17|FS|0|S17. Ferol's Laboratory}) ever since. Because of the cold here, all the undead are relatively well preserved."
									]
								}
							]
						},
						{
							"type": "entries",
							"name": "S1. Entrance Chamber",
							"page": 246,
							"id": "8b6",
							"entries": [
								{
									"type": "insetReadaloud",
									"id": "8b7",
									"entries": [
										"The heavy stone walls of this room dampen the cold and the howling wind outside. An inscription in what looks like Draconic runes is carved into the east wall."
									]
								},
								"The inscription is in an archaic version of Draconic that was spoken in ancient Aeor. It can be read by any character who can read Draconic with a few minutes of study, or by anyone with access to a {@spell comprehend languages} spell or similar magic. The message reads: \"Welcome to Salsvault! Visitors, please wait here for an escort, and DO NOT TOUCH ANYTHING WITHOUT PERMISSION.\"",
								"If the characters make any noise louder than a whisper in this chamber, the suits of animated armor in {@adventure area S3|FS|0|S3. Animated Armor Laboratory} come to investigate.",
								{
									"type": "entries",
									"name": "Locked Door",
									"page": 246,
									"id": "8b8",
									"entries": [
										"The door that leads to {@adventure area S4|FS|0|S4. Frigid Woe Laboratory} is locked (see \"{@adventure Salsvault Features|FS|0|Salsvault Features},\" at the beginning of this section)."
									]
								},
								{
									"type": "entries",
									"name": "Open Door",
									"page": 246,
									"id": "8b9",
									"entries": [
										"The door that leads to area S2 is slightly ajar. A character who examines the door and succeeds on a DC 10 Intelligence ({@skill Investigation}) check notes that it was recently forced open (by Urgon and Orvo when they explored Salsvault)."
									]
								}
							]
						},
						{
							"type": "entries",
							"name": "S2. Ransacked Frigid Woe Laboratory",
							"page": 246,
							"id": "8ba",
							"entries": [
								{
									"type": "insetReadaloud",
									"id": "8bb",
									"entries": [
										"Stone tables lie in pieces on the floor at the east end of the room. Two open stone chests stand against the west wall. A layer of fine sand coats the inside of the chests and the floor around them."
									]
								},
								"If the characters make any noise louder than a whisper in this chamber, the suits of animated armor in area S3 investigate the noise.",
								"Any examination of the chests reveals that they are built into the floor. A character who examines the sand on the ground near the chest and succeeds on a DC 12 Wisdom ({@skill Perception}) check notices two sets of dwarf-sized boot prints (from Orvo and Urgon) as well as two sets of boot prints made by human-sized feet (the animated armor from area S3)."
							]
						},
						{
							"type": "entries",
							"name": "S3. Animated Armor Laboratory",
							"page": 246,
							"id": "8bc",
							"entries": [
								{
									"type": "insetReadaloud",
									"id": "8bd",
									"entries": [
										"Pieces of rusty plate armor are scattered about this chamber amid the rubble of destroyed stone furniture. An anvil built into the floor stands in front of a cold furnace to the southwest. Across the room from the furnace, two humanoid feet stick out from a pile of rubble."
									]
								},
								"Two suits of {@creature animated armor} normally stand guard in this chamber. If the armor didn't leave to investigate disturbances in {@adventure areas S1|FS|0|S1. Entrance Chamber} or S2, both suits are here when the characters arrive, and you can add the following:",
								{
									"type": "insetReadaloud",
									"id": "8be",
									"entries": [
										"Two full suits of steel armor stand upright but empty in the middle of the chamber, their gleaming surfaces a stark contrast to the rusty pieces lying nearby."
									]
								},
								{
									"type": "entries",
									"name": "Rescue Mission",
									"page": 246,
									"id": "8bf",
									"entries": [
										"One of the blacksmiths who worked in this chamber was crushed by a stone table that broke into rubble when Salsvault crashed into Foren. Since then, the blacksmith has been a {@creature zombie} {@condition restrained} beneath the rubble and unable to break free. Any character who examines the feet notices them twitching with a successful DC 12 Wisdom ({@skill Perception}) check.",
										"If the characters want to help the \"victim\" under the rubble, one character can remove enough rubble to free the zombie in 10 minutes. Multiple characters working together can reduce the time proportionately. As soon as it is freed, the zombie attacks."
									]
								},
								{
									"type": "entries",
									"name": "Treasure",
									"page": 246,
									"id": "8c0",
									"entries": [
										"The zombie wears an apron containing a set of damaged mithral smith's tools (worth 50 gp)."
									]
								}
							]
						},
						{
							"type": "entries",
							"name": "S4. Frigid Woe Laboratory",
							"page": 246,
							"id": "8c1",
							"entries": [
								{
									"type": "insetReadaloud",
									"id": "8c2",
									"entries": [
										"Smashed stone tables litter the floor in this chamber. Two stone chests built into the floor stand next to each other along the far wall. A door to the west is inscribed with words in Draconic runes. A large iron lever is flipped into the up position on the wall next to the door."
									]
								},
								"The inscription in archaic Draconic reads: \"Disease storage. Authorized personnel only.\"",
								{
									"type": "entries",
									"name": "Chests",
									"page": 246,
									"id": "8c3",
									"entries": [
										"These stone chests are locked (see \"{@adventure Salsvault Features|FS|0|Salsvault Features}\" at the beginning of this section) and magically trapped. When a creature makes a failed attempt to pick the chest's lock, or attacks or attempts to force the chest open, the chest shoots a beam of cold energy at the creature. The beam is +4 to hit and deals 4 ({@dice 1d8}) cold damage on a hit.",
										"A character who searches the exterior of either chest and succeeds on a DC 13 Wisdom ({@skill Perception}) check finds an archaic Draconic word for \"ice\" carved in tiny letters near the hinges. With a successful DC 10 Intelligence ({@skill Arcana}) check, a character senses that the inscription is connected to a trap. Scratching out the inscription with a tool or a weapon causes the trap to stop functioning on that chest.",
										"Each chest is packed with fine sand, within which are nestled two vials of frigid woe (see the \"{@adventure Vials of Frigid Woe|FS|0|Vials of Frigid Woe}\" sidebar earlier in this adventure)."
									]
								},
								{
									"type": "entries",
									"name": "Iron Lever",
									"page": 246,
									"id": "8c4",
									"entries": [
										"A character who examines the lever notices spots of faded red paint on it with a successful DC 13 Wisdom ({@skill Perception}) check. As an action, a creature can pull the lever down, causing flames to shoot down from the ceiling in {@adventure area S5|FS|0|S5. Disease Storage}. Even with the door closed, a hiss can be heard in this area when the flames are active. A creature can use an action to push the lever back up, which shuts off the flames. See area S5 for more information on this hazard."
									]
								},
								{
									"type": "entries",
									"name": "Locked Doors",
									"page": 246,
									"id": "8c5",
									"entries": [
										"The doors from this area to {@adventure areas S1|FS|0|S1. Entrance Chamber} and S5 are locked. The door to area S5 is also trapped."
									]
								},
								{
									"type": "entries",
									"name": "Trapped Door",
									"page": 247,
									"id": "8c6",
									"entries": [
										"A {@spell detect magic} spell reveals an aura of conjuration magic radiating from the locked door to area S5. When a creature makes a failed attempt to pick the door's lock, or attacks or attempts to force the door open, that creature is teleported into the middle of {@adventure area S15|FS|0|S15. Animated Weapon Storage}.",
										"A character who searches the door and succeeds on a DC 13 Intelligence ({@skill Investigation}) check finds an archaic Draconic word for \"disappear\" carved in tiny letters near the foot of the door on both sides. With a successful DC 10 Intelligence ({@skill Arcana}) check, a character senses that the inscription is connected to a trap. Scratching out either inscription with a tool or a weapon causes the trap to stop functioning."
									]
								}
							]
						},
						{
							"type": "entries",
							"name": "S5. Disease Storage",
							"page": 247,
							"id": "8c7",
							"entries": [
								"If the iron lever in area S4 has been raised, read the following when the door to this room is opened:",
								{
									"type": "insetReadaloud",
									"id": "8c8",
									"entries": [
										"A wave of heat hits you from the wall of roiling flame that fills this area, shooting down from the ceiling."
									]
								},
								"If the flames are off, read:",
								{
									"type": "insetReadaloud",
									"id": "8c9",
									"entries": [
										"The only things to be seen in this room are eight chests built into the floor along the far wall."
									]
								},
								"If the flames are active, each creature that enters this area or starts its turn there must make a DC 12 Dexterity saving throw, taking 4 ({@dice 1d8}) fire damage on a failed save, or half as much damage on a successful one.",
								"If the flames aren't active, a character who succeeds on a DC 13 Wisdom ({@skill Perception}) check notes a faint oily smell in the room and notices pin-sized holes covering the ceiling.",
								{
									"type": "entries",
									"name": "Chests",
									"page": 247,
									"id": "8ca",
									"entries": [
										"Each chest is locked (see \"{@adventure Salsvault Features|FS|0|Salsvault Features}\" at the beginning of this section), packed with fine sand, and contains three vials of frigid woe (see the \"{@adventure Vials of Frigid Woe|FS|0|Vials of Frigid Woe}\" sidebar earlier in this adventure)."
									]
								}
							]
						},
						{
							"type": "entries",
							"name": "S6. North Hall",
							"page": 247,
							"id": "8cb",
							"entries": [
								"Three human {@creature Zombie||zombies} in tattered Aeorian robes roam this hall aimlessly and attack intruders on sight."
							]
						}
					]
				},
				{
					"type": "section",
					"name": "Salsvault (areas S7-S12)",
					"page": 247,
					"id": "8cc",
					"entries": [
						{
							"type": "entries",
							"name": "S7. Unoccupied Dorm",
							"page": 247,
							"id": "8cd",
							"entries": [
								{
									"type": "insetReadaloud",
									"id": "8ce",
									"entries": [
										"Four unmade beds are built into the east and west walls here, each with a footlocker tucked beneath it."
									]
								},
								"One of the footlockers holds an intact Aeorian robe (see \"{@adventure Salsvault Features|FS|0|Salsvault Features}\" at the beginning of this section)."
							]
						},
						{
							"type": "entries",
							"name": "S8. Ruined Dorm",
							"page": 247,
							"id": "8cf",
							"entries": [
								"Salsvault's crash into Foren destroyed the magic torches in this room, leaving it shrouded in darkness. When the characters can see into this area, read:",
								{
									"type": "insetReadaloud",
									"id": "8d0",
									"entries": [
										"Debris from broken stone furniture covers the floor. The walls here are cracked, as if they once supported built-in shelves that have been reduced to rubble."
									]
								},
								"The floor of this chamber is covered in rubble, making it {@quickref difficult terrain||3}. A {@creature rug of smothering} is hidden beneath the rubble. A character with a passive Wisdom ({@skill Perception}) score of 12 or higher notices the rug, but gets no hint that it is animated.",
								"A search of the rubble and a successful DC 14 Wisdom ({@skill Perception}) check turns up an intact Aeorian robe (see \"{@adventure Salsvault Features|FS|0|Salsvault Features}\" at the beginning of this section)."
							]
						},
						{
							"type": "entries",
							"name": "S9. Zombie Dorm",
							"page": 247,
							"id": "8d1",
							"entries": [
								"When the characters can see into this area, read:",
								{
									"type": "insetReadaloud",
									"id": "8d2",
									"entries": [
										"Footlockers are tucked beneath four beds attached to the north and south walls. In the middle of the room, four zombies in tattered robes shuffle around, softly knocking into one another without caring."
									]
								},
								"The four {@creature Zombie||zombies} attack as soon as they see intruders. The footlockers are empty."
							]
						},
						{
							"type": "entries",
							"name": "S10. Ferol Sal's Chamber",
							"page": 247,
							"id": "8d3",
							"entries": [
								"The door to Ferol Sal's personal quarters is locked. When the characters can see this area, read:",
								{
									"type": "insetReadaloud",
									"id": "8d4",
									"entries": [
										"This room is in immaculate condition, apparently having been cleaned up after the destruction seen elsewhere in the complex. A crisply made bed stands at the center of the west wall, with small tables off to either side. The room also contains a stone desk set with a chair, and a chest built into the floor."
									]
								},
								"Though the undead Ferol no longer sleeps here, he and the zombies tidied up his personal space after Salsvault crashed into Eiselcross.",
								{
									"type": "entries",
									"name": "Chest",
									"page": 247,
									"id": "8d5",
									"entries": [
										"The chest contains Ferol's treasure (see below), along with a {@creature swarm of undead snakes|EGW} that attacks any creature that opens the chest. The swarm uses the stat block for a {@creature swarm of poisonous snakes}, with these changes:",
										{
											"type": "list",
											"items": [
												"The swarm is made of Tiny undead that don't require air, food, drink, or sleep.",
												"The swarm has immunity to poison damage and the {@condition poisoned} condition."
											]
										}
									]
								},
								{
									"type": "entries",
									"name": "Desk",
									"page": 247,
									"id": "8d6",
									"entries": [
										"Any search of the desk turns up a bottle of dried ink, several used quills, five sheets of blank parchment, and a piece of paper with a faded message written on it in archaic Draconic. A character who understands Draconic can spend a few minutes to piece together the meaning of the note, or it can be deciphered with a {@spell comprehend languages} spell or similar magic. The note reads:",
										{
											"type": "insetReadaloud",
											"id": "8d7",
											"entries": [
												"To whomever finds this:",
												"All my people are dead: my family, my friends, and my workers. I, too, am dead. Were it not for my quick thinking and prowess with necromancy, our important work at Salsvault would be over. I continue to labor in my undead form, trying to find a sickness that can infect the gods themselves. If I have perished, I implore you to find my lab, find my notes, and finish my work. The gods must pay for Aeor's destruction.",
												"\u2014Ferol Sal"
											]
										}
									]
								},
								{
									"type": "entries",
									"name": "Treasure",
									"page": 248,
									"id": "8d8",
									"entries": [
										"The chest contains 1,006 sp, 45 ep, and 201 gp in Aeorian coinage."
									]
								}
							]
						},
						{
							"type": "entries",
							"name": "S11. Kitchen",
							"page": 248,
							"id": "8d9",
							"entries": [
								"Salsvault's crash into Foren destroyed the magic torches in this room, leaving it shrouded in darkness. When the characters can see into this area, read:",
								{
									"type": "insetReadaloud",
									"id": "8da",
									"entries": [
										"Iron pots, pans, utensils, and frost-covered food covers the floor of this kitchen. A steel stove is built into the west wall."
									]
								},
								"When the characters enter the room, four {@creature Animated Knife|EGW|animated kitchen knives} fly up from the floor and attack. The knives are {@creature Flying Sword||flying swords}, with these changes:",
								{
									"type": "list",
									"items": [
										"Each knife is a Tiny construct with 12 ({@dice 5d4}) hit points and a challenge rating of 1/8 (25 XP).",
										"Instead of a longsword attack, each knife makes a melee attack (+4 to hit) that deals 3 ({@dice 1d4 + 1}) piercing damage on a hit."
									]
								},
								"Old frozen cheese, bread, meat, and produce cover the floor, all well rimed and inedible."
							]
						},
						{
							"type": "entries",
							"name": "S12. Dining Hall",
							"page": 248,
							"id": "8db",
							"entries": [
								{
									"type": "insetReadaloud",
									"id": "8dc",
									"entries": [
										"The remains of broken tables and chairs are piled along the east wall. Two human zombies in tattered robes shuffle aimlessly around each other at the center of the chamber."
									]
								},
								"The two {@creature Zombie||zombies} occupying the dining hall attack any intruders. All the other features of this room have been reduced to rubble."
							]
						}
					]
				},
				{
					"type": "section",
					"name": "Salsvault (areas S13-S18)",
					"page": 248,
					"id": "8dd",
					"entries": [
						{
							"type": "entries",
							"name": "S13. Drowned Library",
							"page": 248,
							"id": "8de",
							"entries": [
								{
									"type": "insetReadaloud",
									"id": "8df",
									"entries": [
										"Water ebbs and flows through a large opening along the east wall of this ruined library. Rotting parchments and waterlogged tomes are spread everywhere, fallen from cracked stone shelves."
									]
								},
								"The water is deeper than it appears beneath the ruined books and parchments, with the floor along the eastern side of the room having collapsed to a depth of 15 feet. A {@creature giant octopus} hides here, having claimed this room as its lair. A character who succeeds on a Wisdom ({@skill Perception}) check opposed by the octopus's Dexterity ({@skill Stealth}) check notices the beast. See \"{@adventure Salsvault Features|FS|0|Salsvault Features},\" earlier in this section, for the effects of entering the water.",
								{
									"type": "entries",
									"name": "Treasure",
									"page": 248,
									"id": "8e0",
									"entries": [
										"A character with a passive Wisdom ({@skill Perception}) score of 12 or higher, or one who succeeds on a DC 12 Wisdom ({@skill Perception}) check, notices a watertight scroll case floating in the water. The case holds two {@item Spell Scroll||spell scrolls} of {@spell detect magic}."
									]
								}
							]
						},
						{
							"type": "entries",
							"name": "S14. South Hall",
							"page": 248,
							"id": "8e1",
							"entries": [
								"Three well-preserved human {@creature Zombie||zombies} in tattered robes roam this hall aimlessly, attacking any intruders that catch their attention."
							]
						},
						{
							"type": "entries",
							"name": "S15. Animated Weapon Storage",
							"page": 248,
							"id": "8e2",
							"entries": [
								"The door to this room is locked. When the characters can see into this area, read:",
								{
									"type": "insetReadaloud",
									"id": "8e3",
									"entries": [
										"Broken blades, cracked hammers, frost-rotted spears, and other ruined weapons are spread out across the floor, fallen from the empty iron weapon racks that line the walls."
									]
								},
								"The mages of Salsvault stored animated weapons in this room, most of which were destroyed in the crash. Five {@creature Flying Sword||flying swords} lay among the debris, attacking any characters who enter.",
								"The broken weapons on the floor make this area {@quickref difficult terrain||3}. Any creature that falls {@condition prone} in this room takes 2 ({@dice 1d4}) piercing damage."
							]
						},
						{
							"type": "entries",
							"name": "S16. Golem Laboratory",
							"page": 248,
							"id": "8e4",
							"entries": [
								"As the characters approach this room, read:",
								{
									"type": "insetReadaloud",
									"id": "8e5",
									"entries": [
										"A large red X is painted across the stone door before you. Violent banging and the sound of heavy objects being tossed around emanates from the chamber beyond."
									]
								},
								"The door is locked. If the characters open it, read:",
								{
									"type": "insetReadaloud",
									"id": "8e6",
									"entries": [
										"As you open the door to this debris-filled room, a humanoid creature made of pieces of stitched-together flesh charges toward you. The monster's body is covered in wounds, and broken pieces of bone stick through its skin at odd angles."
									]
								},
								"When Salsvault crashed into Foren, this golem servant of the mages was driven mad from the damage it took. Ferol locked the golem in this room ages ago. The {@creature Damaged Flesh Golem|EGW|golem} uses the {@creature flesh golem} stat block, with these changes:",
								{
									"type": "list",
									"items": [
										"The golem has 5 hit points remaining, and its Berserk trait is activated.",
										"The golem has the use of only one arm and can't use its Multiattack. Its challenge rating is 1 (200 XP)."
									]
								},
								{
									"type": "entries",
									"name": "Debris",
									"page": 249,
									"id": "8e7",
									"entries": [
										"The golem has long since smashed all the objects in this chamber not destroyed by Salsvault's crash. Any search of the debris turns up only bits of bone, clay, iron, stone, and paper."
									]
								}
							]
						},
						{
							"type": "entries",
							"name": "S17. Ferol's Laboratory",
							"page": 249,
							"id": "8e8",
							"entries": [
								{
									"type": "insetReadaloud",
									"id": "8e9",
									"entries": [
										"Six long stone tables are set with steel and glass laboratory equipment in this chamber, whose walls are lined with shelves holding all manner of strange knickknacks and tools. An armed humanoid with white skin and red eyes moves from table to table, adjusting bubbling mixtures and carefully adding reagents."
									]
								},
								"The undead {@creature Ferol Sal|EGW} has worked tirelessly in the laboratory for centuries, obsessed with crafting a disease that can kill the gods. Despite having made no progress in all that time, he keeps working. Ferol is a {@creature wight} with an Intelligence of 16 (+3).",
								{
									"type": "entries",
									"name": "Roleplaying Ferol",
									"page": 249,
									"id": "8ea",
									"entries": [
										"Ferol knows nothing of Exandria's history since Aeor's crash, and his memory of the distant past is almost as hazy. His transformation into a wight and the centuries of solitude since have driven him quite mad. He cares only about taking revenge on the gods\u2014who he incorrectly assumes are still active in Exandria. As a resident of Aeor, Ferol doesn't speak Common, though he can communicate in the archaic Draconic of Aeor, as well as an archaic form of Elven. Characters who speak Draconic or Elven can communicate with him, albeit slowly.",
										"When Ferol notices the characters, he demands to know what they're doing in Salsvault. Any character who claims they have come to help Ferol with his work and succeeds on a Charisma ({@skill Deception}) check opposed by the wight's Wisdom ({@skill Insight}) check earns the undead's trust. The check is made with advantage if characters who found and were able to read the note in {@adventure area S10|FS|0|S10. Ferol Sal's Chamber} mention Ferol's plans to craft a god-killing disease.",
										"If Ferol trusts the characters, he tells them to stay away from the locked golem lab ({@adventure area S16|FS|0|S16. Golem Laboratory}). If they ask about the cure for frigid woe, he tells them they can find it locked in a chest in what he calls the curative laboratory (area S18). A character who succeeds on a DC 15 Charisma ({@skill Persuasion}) check can convince Ferol to provide the key that safely unlocks the chest.",
										"If the characters don't earn Ferol's trust, the wight attacks, fighting until destroyed."
									]
								},
								{
									"type": "entries",
									"name": "Ferol's Keys",
									"page": 249,
									"id": "8eb",
									"entries": [
										"Ferol carries two keys: one that works all the doors in Salsvault and another that works all the chests built into the floor within the complex (see \"{@adventure Salsvault Features|FS|0|Salsvault Features}\")."
									]
								},
								{
									"type": "entries",
									"name": "Shelves",
									"page": 249,
									"id": "8ec",
									"entries": [
										"The shelves hold spell components, reagents, and laboratory supplies that are far past their prime. However, a character who spends a few minutes searching the shelves can collect enough workable tools and reagents to put together a set of alchemist's supplies."
									]
								},
								{
									"type": "entries",
									"name": "Tables",
									"page": 249,
									"id": "8ed",
									"entries": [
										"Each table holds a working set of alchemist's supplies that Ferol uses to experiment with frigid woe. If a creature is forcibly moved into a table, the delicate equipment on that table breaks and the creature must succeed on a DC 11 Constitution saving throw or contract frigid woe."
									]
								}
							]
						},
						{
							"type": "entries",
							"name": "S18. Drowned Curative Laboratory",
							"page": 249,
							"id": "8ee",
							"entries": [
								{
									"type": "insetReadaloud",
									"id": "8ef",
									"entries": [
										"A cold wind howls through the collapsed east wall of this huge chamber, whose far side is completely submerged under frigid seawater. A dense bed of kelp grows up from the submerged floor, obscuring any sight of what lies below. Broken glass and the remains of shattered tables cover the floor in the dry section of the room."
									]
								},
								"Aeorian mages worked in this chamber to ensure that they could cure the diseases they created. Four {@creature Giant Crab||giant crabs} now lair here, hiding beneath the kelp in the 5-foot-deep water and attacking any creatures that intrude. A character with a passive Wisdom ({@skill Perception}) score of 14 or higher notices the crabs, which attack with surprise if not spotted. See \"{@adventure Salsvault Features|FS|0|Salsvault Features},\" at the beginning of this section, for what happens if characters enter the frigid water. Additionally, the kelp makes the water {@quickref difficult terrain||3} for creatures other than the giant crabs.",
								{
									"type": "entries",
									"name": "Chest",
									"page": 249,
									"id": "8f0",
									"entries": [
										"A character with a passive Wisdom ({@skill Perception}) score of 11 or higher notices a stone chest built into the floor and submerged in the water against the back wall. The chest is locked (see \"Salsvault Features\" at the beginning of this section)."
									]
								},
								{
									"type": "entries",
									"name": "Kelp",
									"page": 249,
									"id": "8f1",
									"entries": [
										"The kelp counts as {@quickref difficult terrain||3}."
									]
								},
								{
									"type": "entries",
									"name": "Treasure",
									"page": 249,
									"id": "8f2",
									"entries": [
										"The chest is packed with fine sand and contains twenty doses of frigid woe antidote (see \"{@book Eiselcross|EGW|4|Eiselcross}\" in chapter 3) and an {@item ersatz eye|XGE} (see {@book chapter 6|EGW|7|Ersatz Eye})."
									]
								}
							]
						}
					]
				},
				{
					"type": "section",
					"name": "Concluding the Adventure",
					"page": 249,
					"id": "8f3",
					"entries": [
						"You can roll for random encounters on the way back to Syrinlya (see \"{@book Encounters in Eiselcross|EGW|4|Encounters in Eiselcross}\" in chapter 3), or you can allow the characters an uneventful trip as reward for a job well done. When the characters arrive in Syrinlya, they can arrange for the Buyer to teleport the antidote for frigid woe to Palebank Village. After doing so, the elf pays out the 200 gp reward on behalf of Elro Aldataur.",
						"If the characters don't successfully recover the frigid woe antidote in time to save Irven and his family, all four family members succumb to the disease. If the characters are successful, they have the thanks of Elro Aldataur, Irven and his family, the people of Palebank Village, and the explorers of Syrinlya.",
						{
							"type": "entries",
							"name": "Character Advancement",
							"page": 249,
							"id": "8f4",
							"entries": [
								"At the end of this adventure, the characters reach 3rd level. This might mark the beginning of a campaign in the Biting North. In particular, the Buyer suggests that the characters could easily find their fortunes exploring Eiselcross. Alternatively, their success in this mission might inspire the characters to seek out new realms and new adventures elsewhere in Wildemount."
							]
						}
					]
				}
			]
		}
	]
}
