{
	"XGE": {
		"Abi-Dalzim's Horrid Wilting": "media/icon/spell/xge-abidalzims-horrid-wilting.webp",
		"Absorb Elements": "media/icon/spell/xge-absorb-elements.webp",
		"Aganazzar's Scorcher": "media/icon/spell/xge-aganazzars-scorcher.webp",
		"Beast Bond": "media/icon/spell/xge-beast-bond.webp",
		"Bones of the Earth": "media/icon/spell/xge-bones-of-the-earth.webp",
		"Catapult": "media/icon/spell/xge-catapult.webp",
		"Catnap": "media/icon/spell/xge-catnap.webp",
		"Cause Fear": "media/icon/spell/xge-cause-fear.webp",
		"Ceremony": "media/icon/spell/xge-ceremony.webp",
		"Chaos Bolt": "media/icon/spell/xge-chaos-bolt.webp",
		"Charm Monster": "media/icon/spell/xge-charm-monster.webp",
		"Control Flames": "media/icon/spell/xge-control-flames.webp",
		"Control Winds": "media/icon/spell/xge-control-winds.webp",
		"Create Bonfire": "media/icon/spell/xge-create-bonfire.webp",
		"Create Homunculus": "media/icon/spell/xge-create-homunculus.webp",
		"Crown of Stars": "media/icon/spell/xge-crown-of-stars.webp",
		"Danse Macabre": "media/icon/spell/xge-danse-macabre.webp",
		"Dawn": "media/icon/spell/xge-dawn.webp",
		"Dragon's Breath": "media/icon/spell/xge-dragons-breath.webp",
		"Druid Grove": "media/icon/spell/xge-druid-grove.webp",
		"Dust Devil": "media/icon/spell/xge-dust-devil.webp",
		"Earth Tremor": "media/icon/spell/xge-earth-tremor.webp",
		"Earthbind": "media/icon/spell/xge-earthbind.webp",
		"Elemental Bane": "media/icon/spell/xge-elemental-bane.webp",
		"Enemies Abound": "media/icon/spell/xge-enemies-abound.webp",
		"Enervation": "media/icon/spell/xge-enervation.webp",
		"Erupting Earth": "media/icon/spell/xge-erupting-earth.webp",
		"Far Step": "media/icon/spell/xge-far-step.webp",
		"Find Greater Steed": "media/icon/spell/xge-find-greater-steed.webp",
		"Flame Arrows": "media/icon/spell/xge-flame-arrows.webp",
		"Frostbite": "media/icon/spell/xge-frostbite.webp",
		"Guardian of Nature": "media/icon/spell/xge-guardian-of-nature.webp",
		"Gust": "media/icon/spell/xge-gust.webp",
		"Healing Spirit": "media/icon/spell/xge-healing-spirit.webp",
		"Holy Weapon": "media/icon/spell/xge-holy-weapon.webp",
		"Ice Knife": "media/icon/spell/xge-ice-knife.webp",
		"Illusory Dragon": "media/icon/spell/xge-illusory-dragon.webp",
		"Immolation": "media/icon/spell/xge-immolation.webp",
		"Infernal Calling": "media/icon/spell/xge-infernal-calling.webp",
		"Infestation": "media/icon/spell/xge-infestation.webp",
		"Investiture of Flame": "media/icon/spell/xge-investiture-of-flame.webp",
		"Investiture of Ice": "media/icon/spell/xge-investiture-of-ice.webp",
		"Investiture of Stone": "media/icon/spell/xge-investiture-of-stone.webp",
		"Investiture of Wind": "media/icon/spell/xge-investiture-of-wind.webp",
		"Invulnerability": "media/icon/spell/xge-invulnerability.webp",
		"Life Transference": "media/icon/spell/xge-life-transference.webp",
		"Maddening Darkness": "media/icon/spell/xge-maddening-darkness.webp",
		"Maelstrom": "media/icon/spell/xge-maelstrom.webp",
		"Magic Stone": "media/icon/spell/xge-magic-stone.webp",
		"Mass Polymorph": "media/icon/spell/xge-mass-polymorph.webp",
		"Maximilian's Earthen Grasp": "media/icon/spell/xge-maximilians-earthen-grasp.webp",
		"Melf's Minute Meteors": "media/icon/spell/xge-melfs-minute-meteors.webp",
		"Mental Prison": "media/icon/spell/xge-mental-prison.webp",
		"Mighty Fortress": "media/icon/spell/xge-mighty-fortress.webp",
		"Mind Spike": "media/icon/spell/xge-mind-spike.webp",
		"Mold Earth": "media/icon/spell/xge-mold-earth.webp",
		"Negative Energy Flood": "media/icon/spell/xge-negative-energy-flood.webp",
		"Power Word Pain": "media/icon/spell/xge-power-word-pain.webp",
		"Primal Savagery": "media/icon/spell/xge-primal-savagery.webp",
		"Primordial Ward": "media/icon/spell/xge-primordial-ward.webp",
		"Psychic Scream": "media/icon/spell/xge-psychic-scream.webp",
		"Pyrotechnics": "media/icon/spell/xge-pyrotechnics.webp",
		"Scatter": "media/icon/spell/xge-scatter.webp",
		"Shadow Blade": "media/icon/spell/xge-shadow-blade.webp",
		"Shadow of Moil": "media/icon/spell/xge-shadow-of-moil.webp",
		"Shape Water": "media/icon/spell/xge-shape-water.webp",
		"Sickening Radiance": "media/icon/spell/xge-sickening-radiance.webp",
		"Skill Empowerment": "media/icon/spell/xge-skill-empowerment.webp",
		"Skywrite": "media/icon/spell/xge-skywrite.webp",
		"Snare": "media/icon/spell/xge-snare.webp",
		"Snilloc's Snowball Swarm": "media/icon/spell/xge-snillocs-snowball-swarm.webp",
		"Soul Cage": "media/icon/spell/xge-soul-cage.webp",
		"Steel Wind Strike": "media/icon/spell/xge-steel-wind-strike.webp",
		"Storm Sphere": "media/icon/spell/xge-storm-sphere.webp",
		"Summon Greater Demon": "media/icon/spell/xge-summon-greater-demon.webp",
		"Summon Lesser Demons": "media/icon/spell/xge-summon-lesser-demons.webp",
		"Synaptic Static": "media/icon/spell/xge-synaptic-static.webp",
		"Temple of the Gods": "media/icon/spell/xge-temple-of-the-gods.webp",
		"Tenser's Transformation": "media/icon/spell/xge-tensers-transformation.webp",
		"Thunder Step": "media/icon/spell/xge-thunder-step.webp",
		"Thunderclap": "media/icon/spell/xge-thunderclap.webp",
		"Tidal Wave": "media/icon/spell/xge-tidal-wave.webp",
		"Tiny Servant": "media/icon/spell/xge-tiny-servant.webp",
		"Toll the Dead": "media/icon/spell/xge-toll-the-dead.webp",
		"Transmute Rock": "media/icon/spell/xge-transmute-rock.webp",
		"Vitriolic Sphere": "media/icon/spell/xge-vitriolic-sphere.webp",
		"Wall of Light": "media/icon/spell/xge-wall-of-light.webp",
		"Wall of Sand": "media/icon/spell/xge-wall-of-sand.webp",
		"Wall of Water": "media/icon/spell/xge-wall-of-water.webp",
		"Warding Wind": "media/icon/spell/xge-warding-wind.webp",
		"Watery Sphere": "media/icon/spell/xge-watery-sphere.webp",
		"Whirlwind": "media/icon/spell/xge-whirlwind.webp",
		"Word of Radiance": "media/icon/spell/xge-word-of-radiance.webp",
		"Wrath of Nature": "media/icon/spell/xge-wrath-of-nature.webp",
		"Zephyr Strike": "media/icon/spell/xge-zephyr-strike.webp"
	},
	"PHB": {
		"Acid Splash": "media/icon/spell/phb-acid-splash.webp",
		"Aid": "media/icon/spell/phb-aid.webp",
		"Alarm": "media/icon/spell/phb-alarm.webp",
		"Alter Self": "media/icon/spell/phb-alter-self.webp",
		"Animal Friendship": "media/icon/spell/phb-animal-friendship.webp",
		"Animal Messenger": "media/icon/spell/phb-animal-messenger.webp",
		"Animal Shapes": "media/icon/spell/phb-animal-shapes.webp",
		"Animate Dead": "media/icon/spell/phb-animate-dead.webp",
		"Animate Objects": "media/icon/spell/phb-animate-objects.webp",
		"Antilife Shell": "media/icon/spell/phb-antilife-shell.webp",
		"Antimagic Field": "media/icon/spell/phb-antimagic-field.webp",
		"Antipathy/Sympathy": "media/icon/spell/phb-antipathysympathy.webp",
		"Arcane Eye": "media/icon/spell/phb-arcane-eye.webp",
		"Arcane Gate": "media/icon/spell/phb-arcane-gate.webp",
		"Arcane Lock": "media/icon/spell/phb-arcane-lock.webp",
		"Armor of Agathys": "media/icon/spell/phb-armor-of-agathys.webp",
		"Arms of Hadar": "media/icon/spell/phb-arms-of-hadar.webp",
		"Astral Projection": "media/icon/spell/phb-astral-projection.webp",
		"Augury": "media/icon/spell/phb-augury.webp",
		"Aura of Life": "media/icon/spell/phb-aura-of-life.webp",
		"Aura of Purity": "media/icon/spell/phb-aura-of-purity.webp",
		"Aura of Vitality": "media/icon/spell/phb-aura-of-vitality.webp",
		"Awaken": "media/icon/spell/phb-awaken.webp",
		"Bane": "media/icon/spell/phb-bane.webp",
		"Banishing Smite": "media/icon/spell/phb-banishing-smite.webp",
		"Banishment": "media/icon/spell/phb-banishment.webp",
		"Barkskin": "media/icon/spell/phb-barkskin.webp",
		"Beacon of Hope": "media/icon/spell/phb-beacon-of-hope.webp",
		"Beast Sense": "media/icon/spell/phb-beast-sense.webp",
		"Bestow Curse": "media/icon/spell/phb-bestow-curse.webp",
		"Bigby's Hand": "media/icon/spell/phb-bigbys-hand.webp",
		"Blade Barrier": "media/icon/spell/phb-blade-barrier.webp",
		"Blade Ward": "media/icon/spell/phb-blade-ward.webp",
		"Bless": "media/icon/spell/phb-bless.webp",
		"Blight": "media/icon/spell/phb-blight.webp",
		"Blinding Smite": "media/icon/spell/phb-blinding-smite.webp",
		"Blindness/Deafness": "media/icon/spell/phb-blindnessdeafness.webp",
		"Blink": "media/icon/spell/phb-blink.webp",
		"Blur": "media/icon/spell/phb-blur.webp",
		"Branding Smite": "media/icon/spell/phb-branding-smite.webp",
		"Burning Hands": "media/icon/spell/phb-burning-hands.webp",
		"Call Lightning": "media/icon/spell/phb-call-lightning.webp",
		"Calm Emotions": "media/icon/spell/phb-calm-emotions.webp",
		"Chain Lightning": "media/icon/spell/phb-chain-lightning.webp",
		"Charm Person": "media/icon/spell/phb-charm-person.webp",
		"Chill Touch": "media/icon/spell/phb-chill-touch.webp",
		"Chromatic Orb": "media/icon/spell/phb-chromatic-orb.webp",
		"Circle of Death": "media/icon/spell/phb-circle-of-death.webp",
		"Circle of Power": "media/icon/spell/phb-circle-of-power.webp",
		"Clairvoyance": "media/icon/spell/phb-clairvoyance.webp",
		"Clone": "media/icon/spell/phb-clone.webp",
		"Cloud of Daggers": "media/icon/spell/phb-cloud-of-daggers.webp",
		"Cloudkill": "media/icon/spell/phb-cloudkill.webp",
		"Color Spray": "media/icon/spell/phb-color-spray.webp",
		"Command": "media/icon/spell/phb-command.webp",
		"Commune": "media/icon/spell/phb-commune.webp",
		"Commune with Nature": "media/icon/spell/phb-commune-with-nature.webp",
		"Compelled Duel": "media/icon/spell/phb-compelled-duel.webp",
		"Comprehend Languages": "media/icon/spell/phb-comprehend-languages.webp",
		"Compulsion": "media/icon/spell/phb-compulsion.webp",
		"Cone of Cold": "media/icon/spell/phb-cone-of-cold.webp",
		"Confusion": "media/icon/spell/phb-confusion.webp",
		"Conjure Animals": "media/icon/spell/phb-conjure-animals.webp",
		"Conjure Barrage": "media/icon/spell/phb-conjure-barrage.webp",
		"Conjure Celestial": "media/icon/spell/phb-conjure-celestial.webp",
		"Conjure Elemental": "media/icon/spell/phb-conjure-elemental.webp",
		"Conjure Fey": "media/icon/spell/phb-conjure-fey.webp",
		"Conjure Minor Elementals": "media/icon/spell/phb-conjure-minor-elementals.webp",
		"Conjure Volley": "media/icon/spell/phb-conjure-volley.webp",
		"Conjure Woodland Beings": "media/icon/spell/phb-conjure-woodland-beings.webp",
		"Contact Other Plane": "media/icon/spell/phb-contact-other-plane.webp",
		"Contagion": "media/icon/spell/phb-contagion.webp",
		"Contingency": "media/icon/spell/phb-contingency.webp",
		"Continual Flame": "media/icon/spell/phb-continual-flame.webp",
		"Control Water": "media/icon/spell/phb-control-water.webp",
		"Control Weather": "media/icon/spell/phb-control-weather.webp",
		"Cordon of Arrows": "media/icon/spell/phb-cordon-of-arrows.webp",
		"Counterspell": "media/icon/spell/phb-counterspell.webp",
		"Create Food and Water": "media/icon/spell/phb-create-food-and-water.webp",
		"Create or Destroy Water": "media/icon/spell/phb-create-or-destroy-water.webp",
		"Create Undead": "media/icon/spell/phb-create-undead.webp",
		"Creation": "media/icon/spell/phb-creation.webp",
		"Crown of Madness": "media/icon/spell/phb-crown-of-madness.webp",
		"Crusader's Mantle": "media/icon/spell/phb-crusaders-mantle.webp",
		"Cure Wounds": "media/icon/spell/phb-cure-wounds.webp",
		"Dancing Lights": "media/icon/spell/phb-dancing-lights.webp",
		"Darkness": "media/icon/spell/phb-darkness.webp",
		"Darkvision": "media/icon/spell/phb-darkvision.webp",
		"Daylight": "media/icon/spell/phb-daylight.webp",
		"Death Ward": "media/icon/spell/phb-death-ward.webp",
		"Delayed Blast Fireball": "media/icon/spell/phb-delayed-blast-fireball.webp",
		"Demiplane": "media/icon/spell/phb-demiplane.webp",
		"Destructive Wave": "media/icon/spell/phb-destructive-wave.webp",
		"Detect Evil and Good": "media/icon/spell/phb-detect-evil-and-good.webp",
		"Detect Magic": "media/icon/spell/phb-detect-magic.webp",
		"Detect Poison and Disease": "media/icon/spell/phb-detect-poison-and-disease.webp",
		"Detect Thoughts": "media/icon/spell/phb-detect-thoughts.webp",
		"Dimension Door": "media/icon/spell/phb-dimension-door.webp",
		"Disguise Self": "media/icon/spell/phb-disguise-self.webp",
		"Disintegrate": "media/icon/spell/phb-disintegrate.webp",
		"Dispel Evil and Good": "media/icon/spell/phb-dispel-evil-and-good.webp",
		"Dispel Magic": "media/icon/spell/phb-dispel-magic.webp",
		"Dissonant Whispers": "media/icon/spell/phb-dissonant-whispers.webp",
		"Divination": "media/icon/spell/phb-divination.webp",
		"Divine Favor": "media/icon/spell/phb-divine-favor.webp",
		"Divine Word": "media/icon/spell/phb-divine-word.webp",
		"Dominate Beast": "media/icon/spell/phb-dominate-beast.webp",
		"Dominate Monster": "media/icon/spell/phb-dominate-monster.webp",
		"Dominate Person": "media/icon/spell/phb-dominate-person.webp",
		"Drawmij's Instant Summons": "media/icon/spell/phb-drawmijs-instant-summons.webp",
		"Dream": "media/icon/spell/phb-dream.webp",
		"Druidcraft": "media/icon/spell/phb-druidcraft.webp",
		"Earthquake": "media/icon/spell/phb-earthquake.webp",
		"Eldritch Blast": "media/icon/spell/phb-eldritch-blast.webp",
		"Elemental Weapon": "media/icon/spell/phb-elemental-weapon.webp",
		"Enhance Ability": "media/icon/spell/phb-enhance-ability.webp",
		"Enlarge/Reduce": "media/icon/spell/phb-enlargereduce.webp",
		"Ensnaring Strike": "media/icon/spell/phb-ensnaring-strike.webp",
		"Entangle": "media/icon/spell/phb-entangle.webp",
		"Enthrall": "media/icon/spell/phb-enthrall.webp",
		"Etherealness": "media/icon/spell/phb-etherealness.webp",
		"Evard's Black Tentacles": "media/icon/spell/phb-evards-black-tentacles.webp",
		"Expeditious Retreat": "media/icon/spell/phb-expeditious-retreat.webp",
		"Eyebite": "media/icon/spell/phb-eyebite.webp",
		"Fabricate": "media/icon/spell/phb-fabricate.webp",
		"Faerie Fire": "media/icon/spell/phb-faerie-fire.webp",
		"False Life": "media/icon/spell/phb-false-life.webp",
		"Fear": "media/icon/spell/phb-fear.webp",
		"Feather Fall": "media/icon/spell/phb-feather-fall.webp",
		"Feeblemind": "media/icon/spell/phb-feeblemind.webp",
		"Feign Death": "media/icon/spell/phb-feign-death.webp",
		"Find Familiar": "media/icon/spell/phb-find-familiar.webp",
		"Find Steed": "media/icon/spell/phb-find-steed.webp",
		"Find the Path": "media/icon/spell/phb-find-the-path.webp",
		"Find Traps": "media/icon/spell/phb-find-traps.webp",
		"Finger of Death": "media/icon/spell/phb-finger-of-death.webp",
		"Fire Bolt": "media/icon/spell/phb-fire-bolt.webp",
		"Fire Shield": "media/icon/spell/phb-fire-shield.webp",
		"Fire Storm": "media/icon/spell/phb-fire-storm.webp",
		"Fireball": "media/icon/spell/phb-fireball.webp",
		"Flame Blade": "media/icon/spell/phb-flame-blade.webp",
		"Flame Strike": "media/icon/spell/phb-flame-strike.webp",
		"Flaming Sphere": "media/icon/spell/phb-flaming-sphere.webp",
		"Flesh to Stone": "media/icon/spell/phb-flesh-to-stone.webp",
		"Fly": "media/icon/spell/phb-fly.webp",
		"Fog Cloud": "media/icon/spell/phb-fog-cloud.webp",
		"Forbiddance": "media/icon/spell/phb-forbiddance.webp",
		"Forcecage": "media/icon/spell/phb-forcecage.webp",
		"Foresight": "media/icon/spell/phb-foresight.webp",
		"Freedom of Movement": "media/icon/spell/phb-freedom-of-movement.webp",
		"Friends": "media/icon/spell/phb-friends.webp",
		"Gaseous Form": "media/icon/spell/phb-gaseous-form.webp",
		"Gate": "media/icon/spell/phb-gate.webp",
		"Geas": "media/icon/spell/phb-geas.webp",
		"Gentle Repose": "media/icon/spell/phb-gentle-repose.webp",
		"Giant Insect": "media/icon/spell/phb-giant-insect.webp",
		"Glibness": "media/icon/spell/phb-glibness.webp",
		"Globe of Invulnerability": "media/icon/spell/phb-globe-of-invulnerability.webp",
		"Glyph of Warding": "media/icon/spell/phb-glyph-of-warding.webp",
		"Goodberry": "media/icon/spell/phb-goodberry.webp",
		"Grasping Vine": "media/icon/spell/phb-grasping-vine.webp",
		"Grease": "media/icon/spell/phb-grease.webp",
		"Greater Invisibility": "media/icon/spell/phb-greater-invisibility.webp",
		"Greater Restoration": "media/icon/spell/phb-greater-restoration.webp",
		"Guardian of Faith": "media/icon/spell/phb-guardian-of-faith.webp",
		"Guards and Wards": "media/icon/spell/phb-guards-and-wards.webp",
		"Guidance": "media/icon/spell/phb-guidance.webp",
		"Guiding Bolt": "media/icon/spell/phb-guiding-bolt.webp",
		"Gust of Wind": "media/icon/spell/phb-gust-of-wind.webp",
		"Hail of Thorns": "media/icon/spell/phb-hail-of-thorns.webp",
		"Hallow": "media/icon/spell/phb-hallow.webp",
		"Hallucinatory Terrain": "media/icon/spell/phb-hallucinatory-terrain.webp",
		"Harm": "media/icon/spell/phb-harm.webp",
		"Haste": "media/icon/spell/phb-haste.webp",
		"Heal": "media/icon/spell/phb-heal.webp",
		"Healing Word": "media/icon/spell/phb-healing-word.webp",
		"Heat Metal": "media/icon/spell/phb-heat-metal.webp",
		"Hellish Rebuke": "media/icon/spell/phb-hellish-rebuke.webp",
		"Heroes' Feast": "media/icon/spell/phb-heroes-feast.webp",
		"Heroism": "media/icon/spell/phb-heroism.webp",
		"Hex": "media/icon/spell/phb-hex.webp",
		"Hold Monster": "media/icon/spell/phb-hold-monster.webp",
		"Hold Person": "media/icon/spell/phb-hold-person.webp",
		"Holy Aura": "media/icon/spell/phb-holy-aura.webp",
		"Hunger of Hadar": "media/icon/spell/phb-hunger-of-hadar.webp",
		"Hunter's Mark": "media/icon/spell/phb-hunters-mark.webp",
		"Hypnotic Pattern": "media/icon/spell/phb-hypnotic-pattern.webp",
		"Ice Storm": "media/icon/spell/phb-ice-storm.webp",
		"Identify": "media/icon/spell/phb-identify.webp",
		"Illusory Script": "media/icon/spell/phb-illusory-script.webp",
		"Imprisonment": "media/icon/spell/phb-imprisonment.webp",
		"Incendiary Cloud": "media/icon/spell/phb-incendiary-cloud.webp",
		"Inflict Wounds": "media/icon/spell/phb-inflict-wounds.webp",
		"Insect Plague": "media/icon/spell/phb-insect-plague.webp",
		"Invisibility": "media/icon/spell/phb-invisibility.webp",
		"Jump": "media/icon/spell/phb-jump.webp",
		"Knock": "media/icon/spell/phb-knock.webp",
		"Legend Lore": "media/icon/spell/phb-legend-lore.webp",
		"Leomund's Secret Chest": "media/icon/spell/phb-leomunds-secret-chest.webp",
		"Leomund's Tiny Hut": "media/icon/spell/phb-leomunds-tiny-hut.webp",
		"Lesser Restoration": "media/icon/spell/phb-lesser-restoration.webp",
		"Levitate": "media/icon/spell/phb-levitate.webp",
		"Light": "media/icon/spell/phb-light.webp",
		"Lightning Arrow": "media/icon/spell/phb-lightning-arrow.webp",
		"Lightning Bolt": "media/icon/spell/phb-lightning-bolt.webp",
		"Locate Animals or Plants": "media/icon/spell/phb-locate-animals-or-plants.webp",
		"Locate Creature": "media/icon/spell/phb-locate-creature.webp",
		"Locate Object": "media/icon/spell/phb-locate-object.webp",
		"Longstrider": "media/icon/spell/phb-longstrider.webp",
		"Mage Armor": "media/icon/spell/phb-mage-armor.webp",
		"Mage Hand": "media/icon/spell/phb-mage-hand.webp",
		"Magic Circle": "media/icon/spell/phb-magic-circle.webp",
		"Magic Jar": "media/icon/spell/phb-magic-jar.webp",
		"Magic Missile": "media/icon/spell/phb-magic-missile.webp",
		"Magic Mouth": "media/icon/spell/phb-magic-mouth.webp",
		"Magic Weapon": "media/icon/spell/phb-magic-weapon.webp",
		"Major Image": "media/icon/spell/phb-major-image.webp",
		"Mass Cure Wounds": "media/icon/spell/phb-mass-cure-wounds.webp",
		"Mass Heal": "media/icon/spell/phb-mass-heal.webp",
		"Mass Healing Word": "media/icon/spell/phb-mass-healing-word.webp",
		"Mass Suggestion": "media/icon/spell/phb-mass-suggestion.webp",
		"Maze": "media/icon/spell/phb-maze.webp",
		"Meld into Stone": "media/icon/spell/phb-meld-into-stone.webp",
		"Melf's Acid Arrow": "media/icon/spell/phb-melfs-acid-arrow.webp",
		"Mending": "media/icon/spell/phb-mending.webp",
		"Message": "media/icon/spell/phb-message.webp",
		"Meteor Swarm": "media/icon/spell/phb-meteor-swarm.webp",
		"Mind Blank": "media/icon/spell/phb-mind-blank.webp",
		"Minor Illusion": "media/icon/spell/phb-minor-illusion.webp",
		"Mirage Arcane": "media/icon/spell/phb-mirage-arcane.webp",
		"Mirror Image": "media/icon/spell/phb-mirror-image.webp",
		"Mislead": "media/icon/spell/phb-mislead.webp",
		"Misty Step": "media/icon/spell/phb-misty-step.webp",
		"Modify Memory": "media/icon/spell/phb-modify-memory.webp",
		"Moonbeam": "media/icon/spell/phb-moonbeam.webp",
		"Mordenkainen's Faithful Hound": "media/icon/spell/phb-mordenkainens-faithful-hound.webp",
		"Mordenkainen's Magnificent Mansion": "media/icon/spell/phb-mordenkainens-magnificent-mansion.webp",
		"Mordenkainen's Private Sanctum": "media/icon/spell/phb-mordenkainens-private-sanctum.webp",
		"Mordenkainen's Sword": "media/icon/spell/phb-mordenkainens-sword.webp",
		"Move Earth": "media/icon/spell/phb-move-earth.webp",
		"Nondetection": "media/icon/spell/phb-nondetection.webp",
		"Nystul's Magic Aura": "media/icon/spell/phb-nystuls-magic-aura.webp",
		"Otiluke's Freezing Sphere": "media/icon/spell/phb-otilukes-freezing-sphere.webp",
		"Otiluke's Resilient Sphere": "media/icon/spell/phb-otilukes-resilient-sphere.webp",
		"Otto's Irresistible Dance": "media/icon/spell/phb-ottos-irresistible-dance.webp",
		"Pass without Trace": "media/icon/spell/phb-pass-without-trace.webp",
		"Passwall": "media/icon/spell/phb-passwall.webp",
		"Phantasmal Force": "media/icon/spell/phb-phantasmal-force.webp",
		"Phantasmal Killer": "media/icon/spell/phb-phantasmal-killer.webp",
		"Phantom Steed": "media/icon/spell/phb-phantom-steed.webp",
		"Planar Ally": "media/icon/spell/phb-planar-ally.webp",
		"Planar Binding": "media/icon/spell/phb-planar-binding.webp",
		"Plane Shift": "media/icon/spell/phb-plane-shift.webp",
		"Plant Growth": "media/icon/spell/phb-plant-growth.webp",
		"Poison Spray": "media/icon/spell/phb-poison-spray.webp",
		"Polymorph": "media/icon/spell/phb-polymorph.webp",
		"Power Word Heal": "media/icon/spell/phb-power-word-heal.webp",
		"Power Word Kill": "media/icon/spell/phb-power-word-kill.webp",
		"Power Word Stun": "media/icon/spell/phb-power-word-stun.webp",
		"Prayer of Healing": "media/icon/spell/phb-prayer-of-healing.webp",
		"Prestidigitation": "media/icon/spell/phb-prestidigitation.webp",
		"Prismatic Spray": "media/icon/spell/phb-prismatic-spray.webp",
		"Prismatic Wall": "media/icon/spell/phb-prismatic-wall.webp",
		"Produce Flame": "media/icon/spell/phb-produce-flame.webp",
		"Programmed Illusion": "media/icon/spell/phb-programmed-illusion.webp",
		"Project Image": "media/icon/spell/phb-project-image.webp",
		"Protection from Energy": "media/icon/spell/phb-protection-from-energy.webp",
		"Protection from Evil and Good": "media/icon/spell/phb-protection-from-evil-and-good.webp",
		"Protection from Poison": "media/icon/spell/phb-protection-from-poison.webp",
		"Purify Food and Drink": "media/icon/spell/phb-purify-food-and-drink.webp",
		"Raise Dead": "media/icon/spell/phb-raise-dead.webp",
		"Rary's Telepathic Bond": "media/icon/spell/phb-rarys-telepathic-bond.webp",
		"Ray of Enfeeblement": "media/icon/spell/phb-ray-of-enfeeblement.webp",
		"Ray of Frost": "media/icon/spell/phb-ray-of-frost.webp",
		"Ray of Sickness": "media/icon/spell/phb-ray-of-sickness.webp",
		"Regenerate": "media/icon/spell/phb-regenerate.webp",
		"Reincarnate": "media/icon/spell/phb-reincarnate.webp",
		"Remove Curse": "media/icon/spell/phb-remove-curse.webp",
		"Resistance": "media/icon/spell/phb-resistance.webp",
		"Resurrection": "media/icon/spell/phb-resurrection.webp",
		"Reverse Gravity": "media/icon/spell/phb-reverse-gravity.webp",
		"Revivify": "media/icon/spell/phb-revivify.webp",
		"Rope Trick": "media/icon/spell/phb-rope-trick.webp",
		"Sacred Flame": "media/icon/spell/phb-sacred-flame.webp",
		"Sanctuary": "media/icon/spell/phb-sanctuary.webp",
		"Scorching Ray": "media/icon/spell/phb-scorching-ray.webp",
		"Scrying": "media/icon/spell/phb-scrying.webp",
		"Searing Smite": "media/icon/spell/phb-searing-smite.webp",
		"See Invisibility": "media/icon/spell/phb-see-invisibility.webp",
		"Seeming": "media/icon/spell/phb-seeming.webp",
		"Sending": "media/icon/spell/phb-sending.webp",
		"Sequester": "media/icon/spell/phb-sequester.webp",
		"Shapechange": "media/icon/spell/phb-shapechange.webp",
		"Shatter": "media/icon/spell/phb-shatter.webp",
		"Shield": "media/icon/spell/phb-shield.webp",
		"Shield of Faith": "media/icon/spell/phb-shield-of-faith.webp",
		"Shillelagh": "media/icon/spell/phb-shillelagh.webp",
		"Shocking Grasp": "media/icon/spell/phb-shocking-grasp.webp",
		"Silence": "media/icon/spell/phb-silence.webp",
		"Silent Image": "media/icon/spell/phb-silent-image.webp",
		"Simulacrum": "media/icon/spell/phb-simulacrum.webp",
		"Sleep": "media/icon/spell/phb-sleep.webp",
		"Sleet Storm": "media/icon/spell/phb-sleet-storm.webp",
		"Slow": "media/icon/spell/phb-slow.webp",
		"Spare the Dying": "media/icon/spell/phb-spare-the-dying.webp",
		"Speak with Animals": "media/icon/spell/phb-speak-with-animals.webp",
		"Speak with Dead": "media/icon/spell/phb-speak-with-dead.webp",
		"Speak with Plants": "media/icon/spell/phb-speak-with-plants.webp",
		"Spider Climb": "media/icon/spell/phb-spider-climb.webp",
		"Spike Growth": "media/icon/spell/phb-spike-growth.webp",
		"Spirit Guardians": "media/icon/spell/phb-spirit-guardians.webp",
		"Spiritual Weapon": "media/icon/spell/phb-spiritual-weapon.webp",
		"Staggering Smite": "media/icon/spell/phb-staggering-smite.webp",
		"Stinking Cloud": "media/icon/spell/phb-stinking-cloud.webp",
		"Stone Shape": "media/icon/spell/phb-stone-shape.webp",
		"Stoneskin": "media/icon/spell/phb-stoneskin.webp",
		"Storm of Vengeance": "media/icon/spell/phb-storm-of-vengeance.webp",
		"Suggestion": "media/icon/spell/phb-suggestion.webp",
		"Sunbeam": "media/icon/spell/phb-sunbeam.webp",
		"Sunburst": "media/icon/spell/phb-sunburst.webp",
		"Swift Quiver": "media/icon/spell/phb-swift-quiver.webp",
		"Symbol": "media/icon/spell/phb-symbol.webp",
		"Tasha's Hideous Laughter": "media/icon/spell/phb-tashas-hideous-laughter.webp",
		"Telekinesis": "media/icon/spell/phb-telekinesis.webp",
		"Telepathy": "media/icon/spell/phb-telepathy.webp",
		"Teleport": "media/icon/spell/phb-teleport.webp",
		"Teleportation Circle": "media/icon/spell/phb-teleportation-circle.webp",
		"Tenser's Floating Disk": "media/icon/spell/phb-tensers-floating-disk.webp",
		"Thaumaturgy": "media/icon/spell/phb-thaumaturgy.webp",
		"Thorn Whip": "media/icon/spell/phb-thorn-whip.webp",
		"Thunderous Smite": "media/icon/spell/phb-thunderous-smite.webp",
		"Thunderwave": "media/icon/spell/phb-thunderwave.webp",
		"Time Stop": "media/icon/spell/phb-time-stop.webp",
		"Tongues": "media/icon/spell/phb-tongues.webp",
		"Transport via Plants": "media/icon/spell/phb-transport-via-plants.webp",
		"Tree Stride": "media/icon/spell/phb-tree-stride.webp",
		"True Polymorph": "media/icon/spell/phb-true-polymorph.webp",
		"True Resurrection": "media/icon/spell/phb-true-resurrection.webp",
		"True Seeing": "media/icon/spell/phb-true-seeing.webp",
		"True Strike": "media/icon/spell/phb-true-strike.webp",
		"Tsunami": "media/icon/spell/phb-tsunami.webp",
		"Unseen Servant": "media/icon/spell/phb-unseen-servant.webp",
		"Vampiric Touch": "media/icon/spell/phb-vampiric-touch.webp",
		"Vicious Mockery": "media/icon/spell/phb-vicious-mockery.webp",
		"Wall of Fire": "media/icon/spell/phb-wall-of-fire.webp",
		"Wall of Force": "media/icon/spell/phb-wall-of-force.webp",
		"Wall of Ice": "media/icon/spell/phb-wall-of-ice.webp",
		"Wall of Stone": "media/icon/spell/phb-wall-of-stone.webp",
		"Wall of Thorns": "media/icon/spell/phb-wall-of-thorns.webp",
		"Warding Bond": "media/icon/spell/phb-warding-bond.webp",
		"Water Breathing": "media/icon/spell/phb-water-breathing.webp",
		"Water Walk": "media/icon/spell/phb-water-walk.webp",
		"Web": "media/icon/spell/phb-web.webp",
		"Weird": "media/icon/spell/phb-weird.webp",
		"Wind Walk": "media/icon/spell/phb-wind-walk.webp",
		"Wind Wall": "media/icon/spell/phb-wind-wall.webp",
		"Wish": "media/icon/spell/phb-wish.webp",
		"Witch Bolt": "media/icon/spell/phb-witch-bolt.webp",
		"Word of Recall": "media/icon/spell/phb-word-of-recall.webp",
		"Wrathful Smite": "media/icon/spell/phb-wrathful-smite.webp",
		"Zone of Truth": "media/icon/spell/phb-zone-of-truth.webp"
	},
	"TCE": {
		"Booming Blade": "media/icon/spell/tce-booming-blade.webp",
		"Green-Flame Blade": "media/icon/spell/tce-greenflame-blade.webp",
		"Lightning Lure": "media/icon/spell/tce-lightning-lure.webp",
		"Sword Burst": "media/icon/spell/tce-sword-burst.webp"
	},
	"EGW": {
		"Dark Star": "media/icon/spell/egw-dark-star.webp",
		"Fortune's Favor": "media/icon/spell/egw-fortunes-favor.webp",
		"Gift of Alacrity": "media/icon/spell/egw-gift-of-alacrity.webp",
		"Gravity Fissure": "media/icon/spell/egw-gravity-fissure.webp",
		"Gravity Sinkhole": "media/icon/spell/egw-gravity-sinkhole.webp",
		"Immovable Object": "media/icon/spell/egw-immovable-object.webp",
		"Magnify Gravity": "media/icon/spell/egw-magnify-gravity.webp",
		"Pulse Wave": "media/icon/spell/egw-pulse-wave.webp",
		"Ravenous Void": "media/icon/spell/egw-ravenous-void.webp",
		"Reality Break": "media/icon/spell/egw-reality-break.webp",
		"Sapping Sting": "media/icon/spell/egw-sapping-sting.webp",
		"Temporal Shunt": "media/icon/spell/egw-temporal-shunt.webp",
		"Tether Essence": "media/icon/spell/egw-tether-essence.webp",
		"Time Ravage": "media/icon/spell/egw-time-ravage.webp",
		"Wristpocket": "media/icon/spell/egw-wristpocket.webp"
	},
	"AI": {
		"Distort Value": "media/icon/spell/ai-distort-value.webp",
		"Fast Friends": "media/icon/spell/ai-fast-friends.webp",
		"Gift of Gab": "media/icon/spell/ai-gift-of-gab.webp",
		"Incite Greed": "media/icon/spell/ai-incite-greed.webp",
		"Jim's Glowing Coin": "media/icon/spell/ai-jims-glowing-coin.webp",
		"Jim's Magic Missile": "media/icon/spell/ai-jims-magic-missile.webp",
		"Motivational Speech": "media/icon/spell/ai-motivational-speech.webp"
	},
	"GGR": {
		"Encode Thoughts": "media/icon/spell/ggr-encode-thoughts.webp"
	}
}
