{
	"_meta": {
		"dependencies": {
			"monster": [
				"MM",
				"MTF"
			]
		},
		"otherSources": {
			"monster": {
				"MTF": "OotA"
			}
		}
	},
	"monster": [
		{
			"name": "Aljanor Keenblade",
			"isNpc": true,
			"source": "OotA",
			"page": 149,
			"_copy": {
				"name": "Knight",
				"source": "MM",
				"_mod": {
					"*": {
						"mode": "replaceTxt",
						"replace": "the knight",
						"with": "Aljanor",
						"flags": "i"
					}
				}
			},
			"type": {
				"type": "humanoid",
				"tags": [
					"human"
				]
			},
			"ac": [
				10
			],
			"hasToken": true
		},
		{
			"name": "Amarith Coppervein",
			"isNpc": true,
			"source": "OotA",
			"page": 142,
			"_copy": {
				"name": "Veteran",
				"source": "MM",
				"_trait": {
					"name": "Mountain Dwarf",
					"source": "PHB"
				},
				"_mod": {
					"*": {
						"mode": "replaceTxt",
						"replace": "the veteran",
						"with": "Amarith",
						"flags": "i"
					},
					"action": {
						"mode": "replaceArr",
						"replace": "Longsword",
						"items": {
							"name": "Warhammer",
							"entries": [
								"{@atk mw} {@hit 5} to hit, reach 5 ft., one target. {@h}7 ({@damage 1d8 + 3}) bludgeoning damage, or 8 ({@damage 1d10 + 3}) bludgeoning damage if used with two hands."
							]
						}
					}
				}
			},
			"alignment": [
				"N",
				"G"
			],
			"hasToken": true,
			"damageTags": [
				"B",
				"P"
			]
		},
		{
			"name": "Animated Drow Statue",
			"source": "OotA",
			"page": 96,
			"_copy": {
				"name": "Animated Armor",
				"source": "MM",
				"_mod": {
					"*": [
						{
							"mode": "replaceTxt",
							"replace": "suit of armor",
							"with": "statue"
						},
						{
							"mode": "replaceTxt",
							"replace": "armor",
							"with": "statue"
						}
					]
				}
			},
			"type": "elemental",
			"hasToken": true
		},
		{
			"name": "Awakened Zurkhwood",
			"source": "OotA",
			"page": 230,
			"size": "H",
			"type": "plant",
			"alignment": [
				"U"
			],
			"ac": [
				{
					"ac": 13,
					"from": [
						"natural armor"
					]
				}
			],
			"hp": {
				"average": 59,
				"formula": "7d12 + 14"
			},
			"speed": {
				"walk": 20
			},
			"str": 19,
			"dex": 6,
			"con": 15,
			"int": 10,
			"wis": 10,
			"cha": 7,
			"senses": [
				"darkvision 120 ft."
			],
			"passive": 10,
			"resist": [
				"bludgeoning",
				"piercing"
			],
			"vulnerable": [
				"fire"
			],
			"languages": [
				"one language known by its creator"
			],
			"cr": "2",
			"trait": [
				{
					"name": "False Appearance",
					"entries": [
						"While the tree remains motionless, it is indistinguishable from a normal zurkhwood mushroom."
					]
				},
				{
					"name": "Mute",
					"entries": [
						"If the awakened zurkhwood was created by a myconid sovereign, it can't speak."
					]
				}
			],
			"action": [
				{
					"name": "Slam",
					"entries": [
						"{@atk mw} {@hit 6} to hit, reach 10 ft., one target. {@h}14 ({@damage 3d6 + 4}) bludgeoning damage."
					]
				}
			],
			"hasToken": true,
			"traitTags": [
				"False Appearance"
			],
			"senseTags": [
				"SD"
			],
			"damageTags": [
				"B"
			],
			"miscTags": [
				"MW",
				"RCH"
			],
			"hasFluff": true
		},
		{
			"name": "Blurg",
			"isNpc": true,
			"source": "OotA",
			"page": 29,
			"_copy": {
				"name": "Orog",
				"source": "MM",
				"_mod": {
					"*": {
						"mode": "replaceTxt",
						"replace": "the orog",
						"with": "Blurg",
						"flags": "i"
					}
				}
			},
			"hasToken": true
		},
		{
			"name": "Bridesmaid of Zuggtmoy",
			"source": "OotA",
			"page": 230,
			"size": "M",
			"type": "plant",
			"alignment": [
				"C",
				"E"
			],
			"ac": [
				{
					"ac": 13,
					"from": [
						"natural armor"
					]
				}
			],
			"hp": {
				"average": 22,
				"formula": "5d8"
			},
			"speed": {
				"walk": 20
			},
			"str": 14,
			"dex": 11,
			"con": 11,
			"int": 14,
			"wis": 8,
			"cha": 18,
			"senses": [
				"darkvision 60 ft."
			],
			"passive": 9,
			"languages": [
				"understands Abyssal but can't speak"
			],
			"cr": "1/8",
			"trait": [
				{
					"name": "Fungus Stride",
					"entries": [
						"Once on its turn, the bridesmaid can use 10 feet of its movement to step magically into one living mushroom or fungus patch within 5 feet and emerge from another within 60 feet of the first one, appearing in an unoccupied space within 5 feet of the second mushroom or fungus patch. The mushrooms and patches must be large or bigger."
					]
				}
			],
			"action": [
				{
					"name": "Hallucination Spores",
					"entries": [
						"The bridesmaid ejects spores at one creature it can see within 5 feet of it. The target must succeed on a {@dc 10} Constitution saving throw or be {@condition poisoned} for 1 minute. While {@condition poisoned} in this way, the target is {@condition incapacitated}. The target can repeat the saving throw at the end of each of its turns, ending the effect on itself on a success."
					]
				},
				{
					"name": "Infestation Spores (1/Day)",
					"entries": [
						"The bridesmaid releases spores that burst out in a cloud that fills a 10-foot-radius sphere centered on it, and the cloud lingers for 1 minute. Any flesh-and-blood creature in the cloud when it appears, or that enters it later, must make a {@dc 10} Constitution saving throw. On a successful save, the creature can't be infected by these spores for 24 hours. On a failed save, the creature is infected with a disease called the spores of Zuggtmoy and also gains a random form of indefinite madness (determined by rolling on the Madness of Zuggtmoy table in appendix D) that lasts until the creature is cured of the disease or dies. While infected in this way, the creature can't be reinfected, and it must be repeat the saving throw at the end of every 24 hours, ending the infection on a success. On a failure, the infected creature's body is slowly taken over by fungal growth, and after three such failed saves, the creature dies and is reanimated as a spore servant if it's a type of creature that can be (see the \"Myconids\" entry in the Monster Manual)."
					]
				}
			],
			"hasToken": true,
			"senseTags": [
				"D"
			],
			"languageTags": [
				"AB",
				"CS"
			],
			"miscTags": [
				"AOE"
			],
			"conditionInflict": [
				"incapacitated",
				"poisoned"
			]
		},
		{
			"name": "Buppido",
			"isNpc": true,
			"source": "OotA",
			"page": 6,
			"_copy": {
				"name": "Derro",
				"source": "MTF",
				"_mod": {
					"*": {
						"mode": "replaceTxt",
						"replace": "the derro",
						"with": "Buppido",
						"flags": "i"
					}
				}
			},
			"hasToken": true
		},
		{
			"name": "Cave Badger",
			"source": "OotA",
			"page": 96,
			"_copy": {
				"name": "Giant Badger",
				"source": "MM"
			},
			"ac": [
				{
					"ac": 12,
					"from": [
						"natural armor"
					]
				}
			],
			"speed": {
				"walk": 30,
				"burrow": 15
			},
			"senses": [
				"darkvision 30 ft.",
				"tremorsense 60 ft."
			],
			"senseTags": [
				"D",
				"T"
			]
		},
		{
			"name": "Chamberlain of Zuggtmoy",
			"source": "OotA",
			"page": 230,
			"size": "L",
			"type": "plant",
			"alignment": [
				"C",
				"E"
			],
			"ac": [
				{
					"ac": 13,
					"from": [
						"natural armor"
					]
				}
			],
			"hp": {
				"average": 45,
				"formula": "6d10 + 12"
			},
			"speed": {
				"walk": 20
			},
			"str": 17,
			"dex": 7,
			"con": 14,
			"int": 11,
			"wis": 8,
			"cha": 12,
			"senses": [
				"darkvision 60 ft."
			],
			"passive": 9,
			"resist": [
				"bludgeoning",
				"piercing"
			],
			"languages": [
				"Abyssal",
				"Undercommon"
			],
			"cr": "2",
			"trait": [
				{
					"name": "Mushroom Portal",
					"entries": [
						"The chamberlain counts as a mushroom for the Fungus Stride feature of the bridesmaid of Zuggtmoy."
					]
				},
				{
					"name": "Poison Spores",
					"entries": [
						"Whenever the chamberlain takes damage, it releases a cloud of spores. Creatures within 5 feet of the chamberlain when this happens must succeed on a {@dc 12} Constitution saving throw or be {@condition poisoned} for 1 minute. A creature can repeat the saving throw at the end of each of its turns, ending the effect on a success."
					]
				}
			],
			"action": [
				{
					"name": "Multiattack",
					"entries": [
						"The chamberlain makes two slam attacks."
					]
				},
				{
					"name": "Slam",
					"entries": [
						"{@atk mw} {@hit 5} to hit, reach 5 ft., one target. {@h}10 ({@damage 2d6 + 3}) bludgeoning damage."
					]
				},
				{
					"name": "Infestation Spores (1/Day)",
					"entries": [
						"The chamberlain releases spores that burst out in a cloud that fills a 10-foot-radius sphere centered on it, and the cloud lingers for 1 minute. Any flesh-and-blood creature in the cloud when it appears, or that enters it later, must make a {@dc 12} Constitution saving throw. On a successful save, the creature can't be infected by these spores for 24 hours. On a failed save, the creature is infected with a disease called the spores of Zuggtmoy and also gains a random form of indefinite madness (determined by rolling on the Madness of Zuggtmoy table in appendix D) that lasts until the creature is cured of the disease or dies. While infected in this way, the creature can't be reinfected, and it must be repeat the saving throw at the end of every 24 hours, ending the infection on a success. On a failure, the infected creature's body is slowly taken over by fungal growth, and after three such failed saves, the creature dies and is reanimated as a spore servant if it's a type of creature that can be (see the \"Myconids\" entry in the Monster Manual)."
					]
				}
			],
			"hasToken": true,
			"senseTags": [
				"D"
			],
			"actionTags": [
				"Multiattack"
			],
			"languageTags": [
				"AB",
				"U"
			],
			"damageTags": [
				"B"
			],
			"miscTags": [
				"AOE",
				"MW"
			],
			"conditionInflict": [
				"poisoned"
			]
		},
		{
			"name": "Chuul Spore Servant",
			"source": "OotA",
			"page": 228,
			"size": "L",
			"type": "plant",
			"alignment": [
				"U"
			],
			"ac": [
				{
					"ac": 16,
					"from": [
						"natural armor"
					]
				}
			],
			"hp": {
				"average": 93,
				"formula": "11d10 + 33"
			},
			"speed": {
				"walk": 30,
				"swim": 30
			},
			"str": 19,
			"dex": 10,
			"con": 16,
			"int": 2,
			"wis": 6,
			"cha": 1,
			"senses": [
				"blindsight 30 ft. (blind beyond this radius)"
			],
			"passive": 8,
			"immune": [
				"poison"
			],
			"conditionImmune": [
				"blinded",
				"charmed",
				"frightened",
				"paralyzed",
				"poisoned"
			],
			"cr": "4",
			"action": [
				{
					"name": "Multiattack",
					"entries": [
						"The spore servant makes two pincer attacks."
					]
				},
				{
					"name": "Pincer",
					"entries": [
						"{@atk mw} {@hit 6} to hit, reach 10 ft., one target. {@h}11 ({@damage 2d6 + 4}) bludgeoning damage. The target is {@condition grappled} (Escape {@dc 14}) if it is a Large or smaller creature and the spore servant doesn't have two other creatures {@condition grappled}."
					]
				}
			],
			"hasToken": true,
			"senseTags": [
				"B"
			],
			"actionTags": [
				"Multiattack"
			],
			"damageTags": [
				"B"
			],
			"miscTags": [
				"MW",
				"RCH"
			],
			"conditionInflict": [
				"grappled"
			]
		},
		{
			"name": "Deepking Horgar Steelshadow V",
			"isNpc": true,
			"source": "OotA",
			"page": 82,
			"size": "M",
			"type": {
				"type": "humanoid",
				"tags": [
					"dwarf"
				]
			},
			"alignment": [
				"L",
				"E"
			],
			"ac": [
				{
					"ac": 20,
					"from": [
						"{@item dwarven plate}"
					]
				}
			],
			"hp": {
				"average": 52,
				"formula": "8d8 + 16"
			},
			"speed": {
				"walk": 30
			},
			"str": 19,
			"dex": 11,
			"con": 14,
			"int": 11,
			"wis": 11,
			"cha": 15,
			"save": {
				"con": "+4",
				"wis": "+2"
			},
			"passive": 10,
			"languages": [
				"Draconic",
				"Giant",
				"Dwarvish"
			],
			"cr": "3",
			"trait": [
				{
					"name": "(Optional) Indefinite Madness",
					"entries": [
						{
							"type": "inline",
							"entries": [
								"Horgar has been affected by the demon lords let loose in the Abyss during the Rage of Demons storyline. Roll on the ",
								{
									"type": "link",
									"href": {
										"type": "internal",
										"path": "variantrules.html",
										"hash": "madness_dmg"
									},
									"text": "Indefinite Madness table"
								},
								" to determine Horgar's flaw."
							]
						}
					]
				},
				{
					"name": "Duergar Resilience",
					"entries": [
						"Horgar has advantage on saving throws against poison, spells, and illusions, as well as to resist being {@condition charmed} or {@condition paralyzed}."
					]
				},
				{
					"name": "Sunlight Sensitivity",
					"entries": [
						"While in sunlight, Horgar has disadvantage on attack rolls, as well as on Wisdom ({@skill Perception}) checks that rely on sight."
					]
				},
				{
					"name": "Gauntlets of Ogre Power",
					"entries": [
						"Horgar wields {@item Gauntlets of Ogre Power} giving him a Strength score of 19 (+4)."
					]
				},
				{
					"name": "Brave",
					"entries": [
						"Horgar has advantage on saving throws against being {@condition frightened}."
					]
				}
			],
			"action": [
				{
					"name": "Enlarge (Recharges after a Short or Long Rest)",
					"entries": [
						"For 1 minute, Horgar magically increases in size, along with anything he is wearing or carrying. While enlarged, Horgar is Large, doubles his damage dice on Strength-based weapon attacks (included in the attacks), and makes Strength checks and Strength saving throws with advantage. If Horgar lacks the room to become Large, he attains the maximum size possible in the space available."
					]
				},
				{
					"name": "Invisibility (Recharges after a Short or Long Rest)",
					"entries": [
						"Horgar magically turns {@condition invisible} until he attacks, casts a spell, or uses his Enlarge, or until his concentration is broken, up to 1 hour (as if concentrating on a spell). Any equipment Horgar wears or carries is {@condition invisible} with him."
					]
				},
				{
					"name": "Multiattack",
					"entries": [
						"Horgar makes two melee attacks."
					]
				},
				{
					"name": "+2 Warhammer",
					"entries": [
						"{@atk mw} {@hit 8} to hit, reach 5 ft., one target. {@h}10 ({@damage 1d8 + 6}) bludgeoning damage, or 11 ({@damage 1d10 + 6}) bludgeoning damage if used with two hands. While Horgar is enlarged, the damage increases to 15 ({@dice 2d8 + 6}) or 17 ({@damage 2d10 + 6}) bludgeoning damage, respectively."
					]
				},
				{
					"name": "Heavy Crossbow",
					"entries": [
						"{@atk rw} {@hit 2} to hit, range 100/400 ft., one target. {@h}5 ({@damage 1d10}) piercing damage."
					]
				},
				{
					"name": "Leadership (Recharges after a Short or Long Rest)",
					"entries": [
						"For 1 minute, Horgar can utter a special command or warning whenever a nonhostile creature that he can see within 30 feet of Horgar makes an attack roll or a saving throw. The creature can add a {@dice d4} to its roll provided it can hear and understand Horgar. A creature can benefit from only one Leadership die at a time. This effect ends if Horgar is {@condition incapacitated}."
					]
				}
			],
			"reaction": [
				{
					"name": "Parry",
					"entries": [
						"Horgar adds 2 to its AC against one melee attack that would hit him. To do so, Horgar must see the attacker and be wielding a melee weapon."
					]
				}
			],
			"hasToken": true,
			"traitTags": [
				"Sunlight Sensitivity"
			],
			"actionTags": [
				"Multiattack",
				"Parry"
			],
			"languageTags": [
				"D",
				"DR",
				"GI"
			],
			"damageTags": [
				"B",
				"P"
			],
			"miscTags": [
				"MW",
				"RNG",
				"RW"
			]
		},
		{
			"name": "Droki",
			"isNpc": true,
			"source": "OotA",
			"page": 231,
			"size": "S",
			"type": {
				"type": "humanoid",
				"tags": [
					"derro"
				]
			},
			"alignment": [
				"C",
				"E"
			],
			"ac": [
				{
					"ac": 15,
					"from": [
						"{@item studded leather armor|phb}"
					]
				}
			],
			"hp": {
				"average": 31,
				"formula": "7d6 + 7"
			},
			"speed": {
				"walk": {
					"number": 30,
					"condition": "(60 ft. with boots of speed)"
				}
			},
			"str": 11,
			"dex": 16,
			"con": 13,
			"int": 10,
			"wis": 5,
			"cha": 16,
			"skill": {
				"stealth": "+5"
			},
			"senses": [
				"darkvision 120 ft."
			],
			"passive": 7,
			"languages": [
				"Dwarvish",
				"Undercommon"
			],
			"cr": "2",
			"spellcasting": [
				{
					"name": "Innate Spellcasting",
					"headerEntries": [
						"Droki's innate spellcasting ability is Charisma (spell save {@dc 13}). He can innately cast the following spells, requiring no material components:"
					],
					"will": [
						"{@spell minor illusion}"
					],
					"daily": {
						"1e": [
							"{@spell darkness}",
							"{@spell fear}",
							"{@spell shatter}"
						]
					},
					"ability": "cha"
				}
			],
			"trait": [
				{
					"name": "Special Equipment",
					"entries": [
						"Droki wears {@item boots of speed}."
					]
				},
				{
					"name": "Insanity",
					"entries": [
						"Droki has advantage on saving throws against being {@condition charmed} or {@condition frightened}."
					]
				},
				{
					"name": "Sneak Attack (1/Turn)",
					"entries": [
						"Droki deals an extra 7 ({@dice 2d6}) damage when he hits a target with a weapon attack and has advantage on the attack roll, or when the target is within 5 feet of an ally of Droki that isn't {@condition incapacitated} and Droki doesn't have disadvantage on the attack roll."
					]
				},
				{
					"name": "Magic Resistance",
					"entries": [
						"The derro has advantage on saving throws against spells and other magical effects."
					]
				},
				{
					"name": "Sunlight Sensitivity",
					"entries": [
						"While in sunlight, the derro has disadvantage on attack rolls, as well as on Wisdom ({@skill Perception}) checks that rely on sight."
					]
				}
			],
			"action": [
				{
					"name": "Multiattack",
					"entries": [
						"Droki makes two attacks with his shortsword"
					]
				},
				{
					"name": "Shortsword",
					"entries": [
						"{@atk mw} {@hit 5} to hit, reach 5 ft., one target. {@h}6 ({@damage 1d6 + 3}) piercing damage. The sword is coated with serpent venom that wears off after the first hit. A target subjected to the venom must make a {@dc 11} Constitution saving throw, taking 10 ({@damage 3d6}) poison damage on a failed save, or half as much damage on a successful one."
					]
				}
			],
			"reaction": [
				{
					"name": "Parry",
					"entries": [
						"Droki adds 3 to his AC against one melee attack that would hit him. To do so, Droki must see the attacker and be wielding a melee weapon."
					]
				}
			],
			"hasToken": true,
			"traitTags": [
				"Magic Resistance",
				"Sneak Attack",
				"Sunlight Sensitivity"
			],
			"senseTags": [
				"SD"
			],
			"actionTags": [
				"Multiattack",
				"Parry"
			],
			"languageTags": [
				"D",
				"U"
			],
			"damageTags": [
				"I",
				"P"
			],
			"spellcastingTags": [
				"I"
			],
			"miscTags": [
				"MW"
			],
			"conditionInflictSpell": [
				"frightened"
			],
			"hasFluff": true,
			"hasFluffImages": true
		},
		{
			"name": "Drow Acolyte",
			"source": "OotA",
			"page": 201,
			"_copy": {
				"name": "Acolyte",
				"source": "MM",
				"_trait": {
					"name": "Drow",
					"source": "PHB"
				}
			},
			"hasToken": true,
			"traitTags": [
				"Fey Ancestry",
				"Sunlight Sensitivity"
			],
			"spellcastingTags": [
				"CC",
				"I"
			]
		},
		{
			"name": "Drow Bandit",
			"source": "OotA",
			"page": 194,
			"_copy": {
				"name": "Bandit",
				"source": "MM",
				"_trait": {
					"name": "Drow",
					"source": "PHB"
				}
			},
			"hasToken": true,
			"traitTags": [
				"Fey Ancestry",
				"Sunlight Sensitivity"
			],
			"spellcastingTags": [
				"I"
			]
		},
		{
			"name": "Drow Commoner",
			"source": "OotA",
			"page": 194,
			"_copy": {
				"name": "Commoner",
				"source": "MM",
				"_trait": {
					"name": "Drow",
					"source": "PHB"
				}
			},
			"hasToken": true,
			"traitTags": [
				"Fey Ancestry",
				"Sunlight Sensitivity"
			],
			"spellcastingTags": [
				"I"
			]
		},
		{
			"name": "Drow Cultist",
			"source": "OotA",
			"page": 196,
			"_copy": {
				"name": "Cultist",
				"source": "MM",
				"_trait": {
					"name": "Drow",
					"source": "PHB"
				}
			},
			"hasToken": true,
			"traitTags": [
				"Fey Ancestry",
				"Sunlight Sensitivity"
			],
			"spellcastingTags": [
				"I"
			]
		},
		{
			"name": "Drow Guard",
			"source": "OotA",
			"page": 195,
			"_copy": {
				"name": "Guard",
				"source": "MM",
				"_trait": {
					"name": "Drow",
					"source": "PHB"
				}
			},
			"hasToken": true,
			"traitTags": [
				"Fey Ancestry",
				"Sunlight Sensitivity"
			],
			"spellcastingTags": [
				"I"
			]
		},
		{
			"name": "Drow Noble",
			"source": "OotA",
			"page": 196,
			"_copy": {
				"name": "Noble",
				"source": "MM",
				"_trait": {
					"name": "Drow",
					"source": "PHB"
				}
			},
			"hasToken": true,
			"traitTags": [
				"Fey Ancestry",
				"Sunlight Sensitivity"
			],
			"spellcastingTags": [
				"I"
			]
		},
		{
			"name": "Drow Scout",
			"source": "OotA",
			"page": 191,
			"_copy": {
				"name": "Scout",
				"source": "MM",
				"_trait": {
					"name": "Drow",
					"source": "PHB"
				}
			},
			"hasToken": true,
			"traitTags": [
				"Fey Ancestry",
				"Keen Senses",
				"Sunlight Sensitivity"
			],
			"spellcastingTags": [
				"I"
			]
		},
		{
			"name": "Drow Spore Servant",
			"source": "OotA",
			"page": 229,
			"size": "M",
			"type": "plant",
			"alignment": [
				"U"
			],
			"ac": [
				{
					"ac": 15,
					"from": [
						"{@item chain shirt|phb}"
					]
				}
			],
			"hp": {
				"average": 13,
				"formula": "3d8"
			},
			"speed": {
				"walk": 20
			},
			"str": 10,
			"dex": 14,
			"con": 10,
			"int": 2,
			"wis": 6,
			"cha": 1,
			"senses": [
				"blindsight 30 ft. (blind beyond this radius)"
			],
			"passive": 8,
			"conditionImmune": [
				"blinded",
				"charmed",
				"frightened",
				"paralyzed"
			],
			"cr": "1/8",
			"action": [
				{
					"name": "Shortsword",
					"entries": [
						"{@atk mw} {@hit 4} to hit, reach 5 ft., one target. {@h}5 ({@damage 1d6 + 2}) piercing damage."
					]
				}
			],
			"hasToken": true,
			"senseTags": [
				"B"
			],
			"damageTags": [
				"P"
			],
			"miscTags": [
				"MW"
			]
		},
		{
			"name": "Drow Spy",
			"source": "OotA",
			"page": 195,
			"_copy": {
				"name": "Spy",
				"source": "MM",
				"_trait": {
					"name": "Drow",
					"source": "PHB"
				}
			},
			"hasToken": true,
			"traitTags": [
				"Fey Ancestry",
				"Sneak Attack",
				"Sunlight Sensitivity"
			],
			"spellcastingTags": [
				"I"
			]
		},
		{
			"name": "Duergar Alchemist",
			"source": "OotA",
			"page": 76,
			"_copy": {
				"name": "Duergar",
				"source": "MM",
				"_mod": {
					"action": {
						"mode": "replaceArr",
						"replace": "Javelin",
						"items": [
							{
								"name": "Acid Vial",
								"entries": [
									"{@atk rw} {@hit 4} to hit, range 20 ft., one target. {@h}7 ({@damage 2d6}) acid damage."
								]
							},
							{
								"name": "Alchemist's Fire",
								"entries": [
									"{@atk rw} {@hit 4} to hit, range 20 ft., one target. {@h}2 ({@damage 1d4}) fire damage at the start of each of the target's turns. A creature can end this damage by using its action to make a successful {@dc 10} Dexterity check to extinguish the flames."
								]
							}
						]
					}
				}
			},
			"hasToken": true,
			"damageTags": [
				"A",
				"F",
				"P"
			]
		},
		{
			"name": "Duergar Darkhaft",
			"source": "OotA",
			"page": 226,
			"size": "M",
			"type": {
				"type": "humanoid",
				"tags": [
					"dwarf"
				]
			},
			"alignment": [
				"L",
				"E"
			],
			"ac": [
				{
					"ac": 16,
					"from": [
						"{@item scale mail|phb}",
						"{@item shield|phb}"
					]
				}
			],
			"hp": {
				"average": 26,
				"formula": "4d8 + 4"
			},
			"speed": {
				"walk": 25
			},
			"str": 14,
			"dex": 11,
			"con": 14,
			"int": 11,
			"wis": 10,
			"cha": 9,
			"senses": [
				"darkvision 120 ft."
			],
			"passive": 10,
			"resist": [
				"poison"
			],
			"languages": [
				"Dwarvish",
				"Undercommon"
			],
			"cr": "2",
			"spellcasting": [
				{
					"name": "Innate Spellcasting (Psionics)",
					"headerEntries": [
						"The darkhaft's innate spellcasting ability is Intelligence (spell save {@dc 10}) it can innately cast the following spells, requiring no components:"
					],
					"will": [
						"{@spell friends}",
						"{@spell mage hand}"
					],
					"daily": {
						"1e": [
							"{@spell disguise self}",
							"{@spell sleep}"
						]
					},
					"ability": "int"
				}
			],
			"trait": [
				{
					"name": "Duergar Resilience",
					"entries": [
						"The duergar has advantage on saving throws against poison, spells, and illusions, as well as to resist being {@condition charmed} or {@condition paralyzed}."
					]
				},
				{
					"name": "Sunlight Sensitivity",
					"entries": [
						"While in sunlight, the duergar has disadvantage on attack rolls, as well as on Wisdom ({@skill Perception}) checks that rely on sight."
					]
				}
			],
			"action": [
				{
					"name": "Enlarge (Recharges after a Short or Long Rest)",
					"entries": [
						"For 1 minute, the duergar magically increases in size, along with anything it is wearing or carrying. While enlarged, the duergar is Large, doubles its damage dice on Strength-based weapon attacks (included in the attacks), and makes Strength checks and Strength saving throws with advantage. If the duergar lacks the room to become Large, it attains the maximum size possible in the space available."
					]
				},
				{
					"name": "War Pick",
					"entries": [
						"{@atk mw} {@hit 4} to hit, reach 5 ft., one target. {@h}6 ({@damage 1d8 + 2}) piercing damage, or 11 ({@damage 2d8 + 2}) piercing damage while enlarged."
					]
				},
				{
					"name": "Javelin",
					"entries": [
						"{@atk mw,rw} {@hit 4} to hit, reach 5 ft. or range 30/120 ft., one target. {@h}5 ({@damage 1d6 + 2}) piercing damage, or 9 ({@damage 2d6 + 2}) piercing damage while enlarged."
					]
				},
				{
					"name": "Invisibility (Recharges after a Short or Long Rest)",
					"entries": [
						"The duergar magically turns {@condition invisible} until it attacks, casts a spell, or uses its Enlarge, or until its concentration is broken, up to 1 hour (as if concentrating on a spell). Any equipment the duergar wears or carries is {@condition invisible} with it."
					]
				}
			],
			"hasToken": true,
			"traitTags": [
				"Sunlight Sensitivity"
			],
			"senseTags": [
				"SD"
			],
			"languageTags": [
				"D",
				"U"
			],
			"damageTags": [
				"P"
			],
			"spellcastingTags": [
				"I",
				"P"
			],
			"miscTags": [
				"MW",
				"RW",
				"THW"
			],
			"conditionInflictSpell": [
				"unconscious"
			],
			"hasFluff": true
		},
		{
			"name": "Duergar Keeper of the Flame",
			"source": "OotA",
			"page": 226,
			"size": "M",
			"type": {
				"type": "humanoid",
				"tags": [
					"dwarf"
				]
			},
			"alignment": [
				"L",
				"E"
			],
			"ac": [
				{
					"ac": 16,
					"from": [
						"{@item scale mail|phb}",
						"{@item shield|phb}"
					]
				}
			],
			"hp": {
				"average": 26,
				"formula": "4d8 + 4"
			},
			"speed": {
				"walk": 25
			},
			"str": 14,
			"dex": 11,
			"con": 14,
			"int": 11,
			"wis": 10,
			"cha": 9,
			"senses": [
				"darkvision 120 ft."
			],
			"passive": 10,
			"resist": [
				"poison"
			],
			"languages": [
				"Dwarvish",
				"Undercommon"
			],
			"cr": "2",
			"spellcasting": [
				{
					"name": "Innate Spellcasting (Psionics)",
					"headerEntries": [
						"The Keeper of the Flame's innate spellcasting ability is Wisdom (spell save {@dc 12}.) It can innately cast the following spells, requiring no components:"
					],
					"will": [
						"{@spell friends}",
						"{@spell message}"
					],
					"daily": {
						"1e": [
							"{@spell command}"
						]
					},
					"ability": "wis"
				},
				{
					"name": "Spellcasting",
					"headerEntries": [
						"The Keeper of the Flame is a 3rd-level spellcaster. Its spellcasting ability is Wisdom (spell save {@dc 12}, {@hit 4} to hit with spell attacks). The Keeper of the Flame has the following cleric spells prepared:"
					],
					"spells": {
						"0": {
							"spells": [
								"{@spell guidance}",
								"{@spell mending}",
								"{@spell sacred flame}"
							]
						},
						"1": {
							"slots": 4,
							"spells": [
								"{@spell bane}",
								"{@spell inflict wounds}",
								"{@spell shield of faith}"
							]
						},
						"2": {
							"slots": 2,
							"spells": [
								"{@spell enhance ability}",
								"{@spell spiritual weapon}"
							]
						}
					},
					"ability": "wis"
				}
			],
			"trait": [
				{
					"name": "Duergar Resilience",
					"entries": [
						"The duergar has advantage on saving throws against poison, spells, and illusions, as well as to resist being {@condition charmed} or {@condition paralyzed}."
					]
				},
				{
					"name": "Sunlight Sensitivity",
					"entries": [
						"While in sunlight, the duergar has disadvantage on attack rolls, as well as on Wisdom ({@skill Perception}) checks that rely on sight."
					]
				}
			],
			"action": [
				{
					"name": "Enlarge (Recharges after a Short or Long Rest)",
					"entries": [
						"For 1 minute, the duergar magically increases in size, along with anything it is wearing or carrying. While enlarged, the duergar is Large, doubles its damage dice on Strength-based weapon attacks (included in the attacks), and makes Strength checks and Strength saving throws with advantage. If the duergar lacks the room to become Large, it attains the maximum size possible in the space available."
					]
				},
				{
					"name": "War Pick",
					"entries": [
						"{@atk mw} {@hit 4} to hit, reach 5 ft., one target. {@h}6 ({@damage 1d8 + 2}) piercing damage, or 11 ({@damage 2d8 + 2}) piercing damage while enlarged."
					]
				},
				{
					"name": "Javelin",
					"entries": [
						"{@atk mw,rw} {@hit 4} to hit, reach 5 ft. or range 30/120 ft., one target. {@h}5 ({@damage 1d6 + 2}) piercing damage, or 9 ({@damage 2d6 + 2}) piercing damage while enlarged."
					]
				},
				{
					"name": "Invisibility (Recharges after a Short or Long Rest)",
					"entries": [
						"The duergar magically turns {@condition invisible} until it attacks, casts a spell, or uses its Enlarge, or until its concentration is broken, up to 1 hour (as if concentrating on a spell). Any equipment the duergar wears or carries is {@condition invisible} with it."
					]
				}
			],
			"hasToken": true,
			"traitTags": [
				"Sunlight Sensitivity"
			],
			"senseTags": [
				"SD"
			],
			"languageTags": [
				"D",
				"U"
			],
			"damageTags": [
				"P"
			],
			"spellcastingTags": [
				"CC",
				"I",
				"P"
			],
			"miscTags": [
				"MW",
				"RW",
				"THW"
			],
			"conditionInflictSpell": [
				"prone"
			],
			"hasFluff": true
		},
		{
			"name": "Duergar Spore Servant",
			"source": "OotA",
			"page": 229,
			"size": "M",
			"type": "plant",
			"alignment": [
				"U"
			],
			"ac": [
				{
					"ac": 16,
					"from": [
						"{@item scale mail|phb}",
						"{@item shield|phb}"
					]
				}
			],
			"hp": {
				"average": 26,
				"formula": "4d8 + 8"
			},
			"speed": {
				"walk": 15
			},
			"str": 14,
			"dex": 11,
			"con": 14,
			"int": 2,
			"wis": 6,
			"cha": 1,
			"senses": [
				"blindsight 30 ft. (blind beyond this radius)"
			],
			"passive": 8,
			"resist": [
				"poison"
			],
			"conditionImmune": [
				"blinded",
				"charmed",
				"frightened",
				"paralyzed"
			],
			"cr": "1/2",
			"action": [
				{
					"name": "War Pick",
					"entries": [
						"{@atk mw} {@hit 4} to hit, reach 5 ft., one target. {@h}6 ({@damage 1d8 + 2}) piercing damage."
					]
				}
			],
			"hasToken": true,
			"senseTags": [
				"B"
			],
			"damageTags": [
				"P"
			],
			"miscTags": [
				"MW"
			]
		},
		{
			"name": "Eldeth Feldrun",
			"isNpc": true,
			"source": "OotA",
			"page": 6,
			"_copy": {
				"name": "Scout",
				"source": "MM",
				"_trait": {
					"name": "Mountain Dwarf",
					"source": "PHB"
				},
				"_mod": {
					"*": {
						"mode": "replaceTxt",
						"replace": "the scout",
						"with": "Eldeth",
						"flags": "i"
					}
				}
			},
			"hasToken": true,
			"senseTags": [
				"D"
			],
			"languageTags": [
				"C",
				"D",
				"X"
			]
		},
		{
			"name": "Emerald Enclave Scout",
			"source": "OotA",
			"page": 130,
			"size": "M",
			"type": {
				"type": "humanoid",
				"tags": [
					"dwarf"
				]
			},
			"alignment": [
				"L",
				"N"
			],
			"ac": [
				{
					"ac": 16,
					"from": [
						"{@item breastplate|phb}"
					]
				}
			],
			"hp": {
				"average": 19,
				"formula": "3d8 + 6"
			},
			"speed": {
				"walk": 25
			},
			"str": 11,
			"dex": 14,
			"con": 14,
			"int": 11,
			"wis": 13,
			"cha": 11,
			"skill": {
				"nature": "+4",
				"perception": "+5",
				"stealth": "+6",
				"survival": "+5"
			},
			"senses": [
				"darkvision 60 ft."
			],
			"passive": 15,
			"resist": [
				"poison"
			],
			"languages": [
				"Common",
				"Dwarvish"
			],
			"cr": "1/2",
			"trait": [
				{
					"name": "Dwarven Resilience",
					"entries": [
						"The scout has advantage on saving throws against poison."
					]
				},
				{
					"name": "Keen Hearing and Sight",
					"entries": [
						"The scout has advantage on Wisdom ({@skill Perception}) checks that rely on hearing or sight."
					]
				}
			],
			"action": [
				{
					"name": "Multiattack",
					"entries": [
						"The scout makes two melee attacks."
					]
				},
				{
					"name": "War Pick",
					"entries": [
						"{@atk mw} {@hit 4} to hit, reach 5 ft., one target. {@h}7 ({@damage 1d8 + 3}) piercing damage."
					]
				},
				{
					"name": "Heavy Crossbow",
					"entries": [
						"{@atk rw} {@hit 3} to hit, range 100/400 ft., one target. {@h}5 ({@damage 1d10}) piercing damage."
					]
				}
			],
			"hasToken": true,
			"traitTags": [
				"Keen Senses"
			],
			"senseTags": [
				"D"
			],
			"actionTags": [
				"Multiattack"
			],
			"languageTags": [
				"C",
				"D"
			],
			"damageTags": [
				"P"
			],
			"miscTags": [
				"MW",
				"RNG",
				"RW"
			]
		},
		{
			"name": "Fiendish Giant Spider",
			"source": "OotA",
			"page": 97,
			"_copy": {
				"name": "Giant Wolf Spider",
				"source": "MM"
			},
			"resist": [
				"cold",
				"fire",
				"lightning"
			],
			"immune": [
				"poison"
			],
			"conditionImmune": [
				"poisoned"
			],
			"cr": "1/2",
			"hasToken": true
		},
		{
			"name": "Four-Armed Statue",
			"source": "OotA",
			"page": 206,
			"_copy": {
				"name": "Stone Golem",
				"source": "MM",
				"_mod": {
					"*": {
						"mode": "replaceTxt",
						"replace": "golem",
						"with": "statue"
					},
					"action": [
						{
							"mode": "replaceArr",
							"replace": "Multiattack",
							"items": {
								"name": "Multiattack",
								"entries": [
									"The statue makes four sword attacks."
								]
							}
						},
						{
							"mode": "replaceArr",
							"replace": "Slam",
							"items": {
								"name": "Sword",
								"entries": [
									"{@atk mw} {@hit 10} to hit, reach 5 ft., one target. {@h}10 ({@damage 1d8 + 6}) slashing damage."
								]
							}
						}
					]
				}
			},
			"hasToken": true,
			"damageTags": [
				"S"
			]
		},
		{
			"name": "Gash",
			"isNpc": true,
			"source": "OotA",
			"page": 181,
			"_copy": {
				"name": "Gnoll",
				"source": "MM",
				"_mod": {
					"*": {
						"mode": "replaceTxt",
						"replace": "the gnoll",
						"with": "Gash",
						"flags": "i"
					},
					"trait": {
						"mode": "appendArr",
						"items": {
							"name": "Wretched",
							"entries": [
								"Gash has disadvantage on Wisdom checks and Wisdom saving throws because of the physical and mental abuse he has suffered. A lesser restoration spell rids him of these effects."
							]
						}
					}
				}
			},
			"hp": {
				"average": 11,
				"formula": "5d8"
			},
			"speed": {
				"walk": 25
			},
			"hasToken": true
		},
		{
			"name": "Ghazrim DuLoc",
			"isNpc": true,
			"source": "OotA",
			"page": 141,
			"_copy": {
				"name": "Noble",
				"source": "MM",
				"_mod": {
					"*": {
						"mode": "replaceTxt",
						"replace": "the noble",
						"with": "Ghazrim",
						"flags": "i"
					}
				}
			},
			"type": {
				"type": "humanoid",
				"tags": [
					"human"
				]
			},
			"hasToken": true
		},
		{
			"name": "Giant Riding Lizard",
			"source": "OotA",
			"page": 131,
			"size": "L",
			"type": "beast",
			"alignment": [
				"U"
			],
			"ac": [
				{
					"ac": 12,
					"from": [
						"natural armor"
					]
				}
			],
			"hp": {
				"average": 19,
				"formula": "3d10 + 3"
			},
			"speed": {
				"walk": 30,
				"climb": 30
			},
			"str": 15,
			"dex": 12,
			"con": 13,
			"int": 2,
			"wis": 10,
			"cha": 5,
			"senses": [
				"darkvision 30 ft."
			],
			"passive": 10,
			"cr": "1/4",
			"trait": [
				{
					"name": "Spider Climb",
					"entries": [
						"The lizard can climb difficult surfaces, including upside down on ceilings, without needing to make an ability check."
					]
				}
			],
			"action": [
				{
					"name": "Bite",
					"entries": [
						"{@atk mw} {@hit 4} to hit, reach 5 ft., one target. {@h}6 ({@damage 1d8 + 2}) piercing damage."
					]
				}
			],
			"hasToken": true,
			"traitTags": [
				"Spider Climb"
			],
			"senseTags": [
				"D"
			],
			"damageTags": [
				"P"
			],
			"miscTags": [
				"MW"
			]
		},
		{
			"name": "Giant Rocktopus",
			"source": "OotA",
			"page": 28,
			"_copy": {
				"name": "Giant Octopus",
				"source": "MM",
				"_mod": {
					"trait": [
						{
							"mode": "replaceArr",
							"replace": "Underwater Camouflage",
							"items": {
								"name": "Camouflage",
								"entries": [
									"The octopus has advantage on Dexterity (Stealth) checks."
								]
							}
						},
						{
							"mode": "removeArr",
							"names": "Hold Breath"
						}
					]
				}
			},
			"speed": {
				"walk": 20,
				"climb": 10
			},
			"hasToken": true,
			"traitTags": [
				"Water Breathing"
			]
		},
		{
			"name": "Glabbagool",
			"isNpc": true,
			"source": "OotA",
			"page": 35,
			"_copy": {
				"name": "Gelatinous Cube",
				"source": "MM",
				"_mod": {
					"*": {
						"mode": "replaceTxt",
						"replace": "the cube",
						"with": "Glabbagool",
						"flags": "i"
					}
				}
			},
			"int": 10,
			"languages": [
				"telepathy 60 ft."
			],
			"hasToken": true
		},
		{
			"name": "Grazilaxx",
			"isNpc": true,
			"source": "OotA",
			"page": 29,
			"_copy": {
				"name": "Mind Flayer",
				"source": "MM",
				"_mod": {
					"*": {
						"mode": "replaceTxt",
						"replace": "the mind flayer",
						"with": "Grazilaxx",
						"flags": "i"
					}
				}
			},
			"hasToken": true
		},
		{
			"name": "Grisha",
			"isNpc": true,
			"source": "OotA",
			"page": 232,
			"size": "M",
			"type": {
				"type": "humanoid",
				"tags": [
					{
						"tag": "human",
						"prefix": "Damaran"
					}
				]
			},
			"alignment": [
				"C",
				"E"
			],
			"ac": [
				{
					"ac": 18,
					"from": [
						"{@item chain mail|phb}",
						"{@item shield|phb}"
					]
				}
			],
			"hp": {
				"average": 33,
				"formula": "6d8 + 6"
			},
			"speed": {
				"walk": 30
			},
			"str": 14,
			"dex": 12,
			"con": 12,
			"int": 11,
			"wis": 14,
			"cha": 16,
			"save": {
				"wis": "+4",
				"cha": "+5"
			},
			"skill": {
				"persuasion": "+5",
				"religion": "+2"
			},
			"passive": 12,
			"languages": [
				"Common",
				"Undercommon"
			],
			"cr": "2",
			"spellcasting": [
				{
					"name": "Spellcasting",
					"headerEntries": [
						"Grisha is a 6th-level-spellcaster. His spellcasting ability is Wisdom (spell save {@dc 12}, {@hit 4} to hit with spell attacks). He has the following cleric spells prepared:"
					],
					"spells": {
						"0": {
							"spells": [
								"{@spell guidance}",
								"{@spell light}",
								"{@spell sacred flame}",
								"{@spell thaumaturgy}"
							]
						},
						"1": {
							"slots": 4,
							"spells": [
								"{@spell cure wounds}",
								"{@spell divine favor}",
								"{@spell inflict wounds}",
								"{@spell protection from evil and good}",
								"{@spell shield of faith}"
							]
						},
						"2": {
							"slots": 3,
							"spells": [
								"{@spell continual flame}",
								"{@spell hold person}",
								"{@spell magic weapon}",
								"{@spell spiritual weapon}"
							]
						},
						"3": {
							"slots": 3,
							"spells": [
								"{@spell bestow curse}",
								"{@spell dispel magic}",
								"{@spell spirit guardians}"
							]
						}
					},
					"ability": "wis"
				}
			],
			"action": [
				{
					"name": "Multiattack",
					"entries": [
						"Grisha makes two attacks with his +1 flail."
					]
				},
				{
					"name": "+1 Flail",
					"entries": [
						"{@atk mw} {@hit 5} to hit, reach 5 ft., one target. {@h}7 ({@damage 1d8 + 3}) bludgeoning damage"
					]
				}
			],
			"hasToken": true,
			"actionTags": [
				"Multiattack"
			],
			"languageTags": [
				"C",
				"U"
			],
			"damageTags": [
				"B"
			],
			"spellcastingTags": [
				"CC"
			],
			"miscTags": [
				"MW"
			]
		},
		{
			"name": "Hook Horror Spore Servant",
			"source": "OotA",
			"page": 68,
			"size": "M",
			"type": "plant",
			"alignment": [
				"U"
			],
			"ac": [
				{
					"ac": 15,
					"from": [
						"natural armor"
					]
				}
			],
			"hp": {
				"average": 75,
				"formula": "10d10 + 10"
			},
			"speed": {
				"walk": 20,
				"climb": 20
			},
			"str": 18,
			"dex": 10,
			"con": 15,
			"int": 2,
			"wis": 6,
			"cha": 1,
			"senses": [
				"blindsight 30 ft. (blind beyond this radius)"
			],
			"passive": 8,
			"resist": [
				"poison"
			],
			"conditionImmune": [
				"blinded",
				"charmed",
				"frightened",
				"paralyzed"
			],
			"cr": "3",
			"action": [
				{
					"name": "Multiattack",
					"entries": [
						"The spore servant makes two hook attacks."
					]
				},
				{
					"name": "Hook",
					"entries": [
						"{@atk mw} {@hit 6} to hit, reach 10 ft., one target. {@h}11 ({@damage 2d6 + 4}) piercing damage."
					]
				}
			],
			"hasToken": true,
			"senseTags": [
				"B"
			],
			"actionTags": [
				"Multiattack"
			],
			"damageTags": [
				"P"
			],
			"miscTags": [
				"MW",
				"RCH"
			]
		},
		{
			"name": "Ilvara Mizzrym",
			"isNpc": true,
			"source": "OotA",
			"page": 9,
			"_copy": {
				"name": "Drow Priestess of Lolth",
				"source": "MM",
				"_mod": {
					"*": {
						"mode": "replaceTxt",
						"replace": "the drow",
						"with": "Ilvara",
						"flags": "i"
					},
					"trait": {
						"mode": "prependArr",
						"items": {
							"name": "Special Equipment",
							"entries": [
								"Ilvara wields a {@item tentacle rod} in addition to her scourge."
							]
						}
					}
				}
			},
			"hasToken": true
		},
		{
			"name": "Infant Basilisk",
			"source": "OotA",
			"page": 100,
			"_copy": {
				"name": "Basilisk",
				"source": "MM"
			},
			"size": "T",
			"ac": [
				{
					"ac": 11,
					"from": [
						"natural armor"
					]
				}
			],
			"hp": {
				"average": 4,
				"formula": "1d4 + 2"
			},
			"speed": {
				"walk": 10
			},
			"str": 10,
			"cr": "0",
			"trait": null,
			"action": [
				{
					"name": "Bite",
					"entries": [
						"{@atk mw} {@hit 2} to hit, reach 5 ft., one target. {@h}1 piercing damage plus 1 poison damage."
					]
				}
			],
			"hasToken": true,
			"conditionInflict": []
		},
		{
			"name": "Infant Hook Horror",
			"source": "OotA",
			"page": 34,
			"_copy": {
				"name": "Hook Horror",
				"source": "MM"
			},
			"size": "T",
			"ac": [
				{
					"ac": 10,
					"from": [
						"natural armor"
					]
				}
			],
			"hp": {
				"average": 4,
				"formula": "1d4 + 2"
			},
			"speed": {
				"walk": 10,
				"climb": 10
			},
			"str": 9,
			"cr": "0",
			"action": null,
			"hasToken": true,
			"actionTags": []
		},
		{
			"name": "Ixitxachitl",
			"source": "OotA",
			"page": 225,
			"size": "S",
			"type": "aberration",
			"alignment": [
				"C",
				"E"
			],
			"ac": [
				{
					"ac": 15,
					"from": [
						"natural armor"
					]
				}
			],
			"hp": {
				"average": 18,
				"formula": "4d6 + 4"
			},
			"speed": {
				"walk": 0,
				"swim": 30
			},
			"str": 12,
			"dex": 16,
			"con": 13,
			"int": 12,
			"wis": 13,
			"cha": 7,
			"senses": [
				"darkvision 60 ft."
			],
			"passive": 11,
			"languages": [
				"Abyssal",
				"Ixitxachitl"
			],
			"cr": "1/4",
			"action": [
				{
					"name": "Bite",
					"entries": [
						"{@atk mw} {@hit 3} to hit, reach 5 ft., one target. {@h}4 ({@damage 1d6 + 1}) piercing damage."
					]
				}
			],
			"reaction": [
				{
					"name": "Barbed Tail",
					"entries": [
						"When a creature provokes an opportunity attack from the ixitxachitl, the ixitxachitl can make the following attack instead of using its bite.",
						"{@atk mw} {@hit 5} to hit, reach 5 ft., one target. {@h}7 ({@damage 1d8 + 3}) piercing damage."
					]
				}
			],
			"hasToken": true,
			"senseTags": [
				"D"
			],
			"languageTags": [
				"AB",
				"OTH"
			],
			"damageTags": [
				"P"
			],
			"miscTags": [
				"MW"
			],
			"hasFluff": true,
			"hasFluffImages": true
		},
		{
			"name": "Ixitxachitl Cleric",
			"source": "OotA",
			"page": 225,
			"size": "S",
			"type": "aberration",
			"alignment": [
				"C",
				"E"
			],
			"ac": [
				{
					"ac": 15,
					"from": [
						"natural armor"
					]
				}
			],
			"hp": {
				"average": 18,
				"formula": "4d6 + 4"
			},
			"speed": {
				"walk": 0,
				"swim": 30
			},
			"str": 12,
			"dex": 16,
			"con": 13,
			"int": 12,
			"wis": 13,
			"cha": 7,
			"senses": [
				"darkvision 60 ft."
			],
			"passive": 11,
			"languages": [
				"Abyssal",
				"Ixitxachitl"
			],
			"cr": "1/4",
			"spellcasting": [
				{
					"name": "Spellcasting",
					"headerEntries": [
						"The ixitxachitl is a 5th-level spellcaster that uses Wisdom as its spellcasting ability (spell save {@dc 11}, {@hit 3} to hit with spell attacks). The ixitxachitl has the following cleric spells prepared:"
					],
					"spells": {
						"0": {
							"spells": [
								"{@spell guidance}",
								"{@spell thaumaturgy}"
							]
						},
						"1": {
							"slots": 4,
							"spells": [
								"{@spell charm person}",
								"{@spell create or destroy water}"
							]
						},
						"2": {
							"slots": 3,
							"spells": [
								"{@spell hold person}",
								"{@spell silence}"
							]
						},
						"3": {
							"slots": 2,
							"spells": [
								"{@spell dispel magic}",
								"{@spell tongues}"
							]
						}
					},
					"ability": "wis"
				}
			],
			"action": [
				{
					"name": "Bite",
					"entries": [
						"{@atk mw} {@hit 3} to hit, reach 5 ft., one target. {@h}4 ({@damage 1d6 + 1}) piercing damage."
					]
				}
			],
			"reaction": [
				{
					"name": "Barbed Tail",
					"entries": [
						"When a creature provokes an opportunity attack from the ixitxachitl, the ixitxachitl can make the following attack instead of using its bite.",
						"{@atk mw} {@hit 5} to hit, reach 5 ft., one target. {@h}7 ({@damage 1d8 + 3}) piercing damage."
					]
				}
			],
			"hasToken": true,
			"senseTags": [
				"D"
			],
			"languageTags": [
				"AB",
				"OTH"
			],
			"damageTags": [
				"P"
			],
			"spellcastingTags": [
				"CC"
			],
			"miscTags": [
				"MW"
			],
			"hasFluff": true
		},
		{
			"name": "Jade Giant Spider",
			"source": "OotA",
			"page": 201,
			"_copy": {
				"name": "Stone Golem",
				"source": "MM",
				"_mod": {
					"*": {
						"mode": "replaceTxt",
						"replace": "golem",
						"with": "spider",
						"flags": "i"
					}
				}
			},
			"hp": {
				"average": 250,
				"formula": "17d10 + 85"
			},
			"speed": {
				"walk": 30,
				"climb": 30
			},
			"senses": [
				"truesight 120 ft."
			],
			"hasToken": true
		},
		{
			"name": "Jimjar",
			"isNpc": true,
			"source": "OotA",
			"page": 6,
			"_copy": {
				"name": "Spy",
				"source": "MM",
				"_trait": {
					"name": "Deep Gnome",
					"source": "DMG"
				},
				"_mod": {
					"*": {
						"mode": "replaceTxt",
						"replace": "the spy",
						"with": "Jimjar",
						"flags": "i"
					}
				}
			},
			"hasToken": true,
			"spellcastingTags": [
				"I"
			]
		},
		{
			"name": "Juvenile Hook Horror",
			"source": "OotA",
			"page": 34,
			"_copy": {
				"name": "Hook Horror",
				"source": "MM",
				"_mod": {
					"action": {
						"mode": "replaceArr",
						"replace": "Hook",
						"items": {
							"name": "Hook",
							"entries": [
								"{@atk mw} {@hit 4} to hit, reach 5 ft., one target. {@h}5 ({@damage 1d6 + 2}) piercing damage."
							]
						}
					}
				}
			},
			"size": "M",
			"ac": [
				{
					"ac": 13,
					"from": [
						"natural armor"
					]
				}
			],
			"hp": {
				"average": 39,
				"formula": "6d8 + 12"
			},
			"speed": {
				"walk": 20,
				"climb": 20
			},
			"str": 15,
			"cr": "2",
			"hasToken": true
		},
		{
			"name": "Khalessa Draga",
			"isNpc": true,
			"source": "OotA",
			"page": 149,
			"_copy": {
				"name": "Spy",
				"source": "MM",
				"_trait": {
					"name": "High Elf",
					"source": "PHB"
				},
				"_mod": {
					"*": {
						"mode": "replaceTxt",
						"replace": "the spy",
						"with": "Khalessa",
						"flags": "i"
					},
					"languages": {
						"mode": "appendIfNotExistsArr",
						"items": "Undercommon"
					},
					"trait": {
						"mode": "prependArr",
						"items": {
							"name": "Special Equipment",
							"entries": [
								"Khalessa owns a {@item hat of disguise}, which she uses to appear as a female drow while in the company of drow."
							]
						}
					}
				}
			},
			"alignment": [
				"N"
			],
			"spellcasting": [
				{
					"name": "Innate Spellcasting",
					"headerEntries": [
						"Khalessa can innately cast the following spell, requiring no material components:"
					],
					"will": [
						"{@spell dancing lights}"
					],
					"ability": "int"
				}
			],
			"hasToken": true,
			"traitTags": [
				"Fey Ancestry",
				"Sneak Attack"
			],
			"spellcastingTags": [
				"I"
			]
		},
		{
			"name": "Kinyel Druu'giir",
			"isNpc": true,
			"source": "OotA",
			"page": 134,
			"_copy": {
				"name": "Assassin",
				"source": "MM",
				"_trait": {
					"name": "Drow",
					"source": "PHB"
				},
				"_mod": {
					"*": {
						"mode": "replaceTxt",
						"replace": "the assassin",
						"with": "Kinyel",
						"flags": "i"
					}
				}
			},
			"hasToken": true,
			"traitTags": [
				"Fey Ancestry",
				"Sneak Attack",
				"Sunlight Sensitivity"
			],
			"spellcastingTags": [
				"I"
			]
		},
		{
			"name": "Kurr",
			"isNpc": true,
			"source": "OotA",
			"page": 179,
			"_copy": {
				"name": "Gnoll Fang of Yeenoghu",
				"source": "MM",
				"_mod": {
					"*": {
						"mode": "replaceTxt",
						"replace": "the gnoll",
						"with": "Kurr",
						"flags": "i"
					}
				}
			},
			"hasToken": true
		},
		{
			"name": "Lords' Alliance Guard",
			"source": "OotA",
			"page": 131,
			"size": "M",
			"type": {
				"type": "humanoid",
				"tags": [
					"dwarf"
				]
			},
			"alignment": [
				"C",
				"G"
			],
			"ac": [
				{
					"ac": 16,
					"from": [
						"{@item chain shirt|phb}",
						"{@item shield|phb}"
					]
				}
			],
			"hp": {
				"average": 11,
				"formula": "2d8 + 2"
			},
			"speed": {
				"walk": 30
			},
			"str": 14,
			"dex": 12,
			"con": 12,
			"int": 10,
			"wis": 11,
			"cha": 10,
			"skill": {
				"perception": "+2"
			},
			"senses": [
				"darkvision 60 ft."
			],
			"passive": 12,
			"cr": "1/4",
			"trait": [
				{
					"name": "Dwarven Resilience",
					"entries": [
						"The guard has advantage on saving throws against poison."
					]
				}
			],
			"action": [
				{
					"name": "Halberd",
					"entries": [
						"{@atk mw} {@hit 4} to hit, reach 10 ft., one target. {@h}7 ({@damage 1d10 + 2}) slashing damage."
					]
				}
			],
			"hasToken": true,
			"senseTags": [
				"D"
			],
			"damageTags": [
				"S"
			],
			"miscTags": [
				"MW",
				"RCH"
			]
		},
		{
			"name": "Lords' Alliance Spy",
			"source": "OotA",
			"page": 131,
			"size": "M",
			"type": {
				"type": "humanoid",
				"tags": [
					"human"
				]
			},
			"alignment": [
				"N"
			],
			"ac": [
				{
					"ac": 13,
					"from": [
						"{@item leather armor|phb}"
					]
				}
			],
			"hp": {
				"average": 27,
				"formula": "6d8"
			},
			"speed": {
				"walk": 30
			},
			"str": 10,
			"dex": 15,
			"con": 10,
			"int": 12,
			"wis": 14,
			"cha": 16,
			"skill": {
				"deception": "+5",
				"insight": "+4",
				"investigation": "+5",
				"perception": "+6",
				"persuasion": "+5",
				"sleight of hand": "+4",
				"stealth": "+4"
			},
			"passive": 16,
			"languages": [
				"Common",
				"Dwarvish"
			],
			"cr": "1",
			"trait": [
				{
					"name": "Cunning Action",
					"entries": [
						"On each of its turns, the spy can use a bonus action to take the Dash, Disengage, or Hide action."
					]
				},
				{
					"name": "Sneak Attack (1/Turn)",
					"entries": [
						"The spy deals an extra 7 ({@dice 2d6}) damage when it hits a target with a weapon attack and has advantage on the attack roll, or when the target is within 5 feet of an ally of the spy that isn't {@condition incapacitated} and the spy doesn't have disadvantage on the attack roll."
					]
				}
			],
			"action": [
				{
					"name": "Multiattack",
					"entries": [
						"The spy makes two melee attacks."
					]
				},
				{
					"name": "Shortsword",
					"entries": [
						"{@atk mw} {@hit 4} to hit, reach 5 ft., one target. {@h}5 ({@damage 1d6 + 2}) piercing damage."
					]
				},
				{
					"name": "Hand Crossbow",
					"entries": [
						"{@atk rw} {@hit 4} to hit, range 30/120 ft., one target. {@h}5 ({@damage 1d6 + 2}) piercing damage."
					]
				}
			],
			"hasToken": true,
			"traitTags": [
				"Sneak Attack"
			],
			"actionTags": [
				"Multiattack"
			],
			"languageTags": [
				"C",
				"D"
			],
			"damageTags": [
				"P"
			],
			"miscTags": [
				"MW",
				"RNG",
				"RW"
			]
		},
		{
			"name": "Lorthuun",
			"isNpc": true,
			"source": "OotA",
			"page": 141,
			"_copy": {
				"name": "Beholder",
				"source": "MM",
				"_mod": {
					"*": {
						"mode": "replaceTxt",
						"replace": "the beholder",
						"with": "Lorthuun",
						"flags": "i"
					},
					"action": {
						"mode": "replaceArr",
						"replace": "Eye Rays",
						"items": {
							"name": "Eye Rays",
							"entries": [
								"The beholder shoots three of the following magical eye rays at random (reroll duplicates), choosing one to three targets it can see within 120 feet of it:",
								{
									"type": "list",
									"style": "list-hang-notitle",
									"items": [
										{
											"type": "item",
											"name": "1. Charm Ray.",
											"style": "italic",
											"entry": "The targeted creature must succeed on a {@dc 16} Wisdom saving throw or be {@condition charmed} by the beholder for 1 hour, or until the beholder harms the creature."
										},
										{
											"type": "item",
											"name": "2. Paralyzing Ray.",
											"style": "italic",
											"entry": "The targeted creature must succeed on a {@dc 16} Constitution saving throw or be {@condition paralyzed} for 1 minute. The target can repeat the saving throw at the end of each of its turns, ending the effect on itself on a success."
										},
										{
											"type": "item",
											"name": "3. Fear Ray.",
											"style": "italic",
											"entry": "The targeted creature must succeed on a {@dc 16} Wisdom saving throw or be {@condition frightened} for 1 minute. The target can repeat the saving throw at the end of each of its turns, ending the effect on itself on a success."
										},
										{
											"type": "item",
											"name": "4. Slowing Ray.",
											"style": "italic",
											"entry": "The targeted creature must succeed on a {@dc 16} Dexterity saving throw. On a failed save, the target's speed is halved for 1 minute. In addition, the creature can't take reactions, and it can take either an action or a bonus action on its turn, not both. The creature can repeat the saving throw at the end of each of its turns, ending the effect on itself on a success."
										},
										{
											"type": "item",
											"name": "5. Enervation Ray.",
											"style": "italic",
											"entry": "The targeted creature must make a {@dc 16} Constitution saving throw, taking 36 ({@damage 8d8}) necrotic damage on a failed save, or half as much damage on a successful one."
										},
										{
											"type": "item",
											"name": "6. Telekinetic Ray.",
											"style": "italic",
											"entries": [
												"If the target is a creature, it must succeed on a {@dc 16} Strength saving throw or the beholder moves it up to 30 feet in any direction. It is {@condition restrained} by the ray's telekinetic grip until the start of the beholder's next turn or until the beholder is {@condition incapacitated}.",
												"If the target is an object weighing 300 pounds or less that isn't being worn or carried, it is moved up to 30 feet in any direction. The beholder can also exert fine control on objects with this ray, such as manipulating a simple tool or opening a door or a container."
											]
										}
									]
								}
							]
						}
					}
				}
			},
			"cr": "9",
			"hasToken": true,
			"damageTags": [
				"N",
				"P"
			]
		},
		{
			"name": "Narrak",
			"isNpc": true,
			"source": "OotA",
			"page": 232,
			"size": "S",
			"type": {
				"type": "humanoid",
				"tags": [
					"derro"
				]
			},
			"alignment": [
				"C",
				"E"
			],
			"ac": [
				12,
				{
					"ac": 15,
					"condition": "with {@spell mage armor}",
					"braces": true
				}
			],
			"hp": {
				"average": 40,
				"formula": "9d6 + 9"
			},
			"speed": {
				"walk": 30
			},
			"str": 9,
			"dex": 14,
			"con": 13,
			"int": 14,
			"wis": 5,
			"cha": 16,
			"skill": {
				"arcana": "+4",
				"stealth": "+4"
			},
			"senses": [
				"darkvision 120 ft."
			],
			"passive": 7,
			"languages": [
				"Dwarvish",
				"Undercommon"
			],
			"cr": "2",
			"spellcasting": [
				{
					"name": "Spellcasting",
					"headerEntries": [
						"Narrak is a 5th-level spellcaster. His spellcasting ability is Charisma (Save {@dc 13}, {@hit 5} to hit with spell attacks) Narrak has two 2nd-level spell slots, which he regains after finishing a short or long rest, and knows the following warlock spells:"
					],
					"spells": {
						"0": {
							"spells": [
								"{@spell eldritch blast}",
								"{@spell friends}",
								"{@spell poison spray}"
							]
						},
						"2": {
							"lower": 1,
							"slots": 2,
							"spells": [
								"{@spell armor of Agathys}",
								"{@spell charm person}",
								"{@spell hex}",
								"{@spell hold person}",
								"{@spell ray of enfeeblement}",
								"{@spell spider climb}"
							]
						}
					},
					"ability": "cha"
				}
			],
			"trait": [
				{
					"name": "Insanity",
					"entries": [
						"Narrak has advantage on saving throws against being {@condition charmed} or {@condition frightened}."
					]
				},
				{
					"name": "Magic Resistance",
					"entries": [
						"Narrak has advantage on saving throws against spells and other magical effects."
					]
				},
				{
					"name": "Sunlight Sensitivity",
					"entries": [
						"While in sunlight, Narrak has disadvantage on attack rolls, as well as on Wisdom ({@skill Perception}) checks that rely on sight."
					]
				}
			],
			"action": [
				{
					"name": "Armor of Shadows (Recharges after a Short or Long Rest)",
					"entries": [
						"Narrak casts mage armor on himself"
					]
				},
				{
					"name": "Shortsword",
					"entries": [
						"{@atk mw} {@hit 4} to hit, reach 5 ft., one target. {@h}5 ({@damage 1d6 + 2}) piercing damage."
					]
				},
				{
					"name": "One with Shadows",
					"entries": [
						"While he is in a dim light or darkness, Narrak can become {@condition invisible}. He remains so until he moves or takes an action or reaction."
					]
				}
			],
			"hasToken": true,
			"traitTags": [
				"Magic Resistance",
				"Sunlight Sensitivity"
			],
			"senseTags": [
				"SD"
			],
			"languageTags": [
				"D",
				"U"
			],
			"damageTags": [
				"P"
			],
			"spellcastingTags": [
				"CL"
			],
			"miscTags": [
				"MW"
			],
			"conditionInflictSpell": [
				"charmed",
				"paralyzed"
			]
		},
		{
			"name": "Ougalop",
			"isNpc": true,
			"source": "OotA",
			"page": 142,
			"_copy": {
				"name": "Kuo-Toa",
				"source": "MM",
				"_mod": {
					"*": {
						"mode": "replaceTxt",
						"replace": "the kuo-toa",
						"with": "Ougalop",
						"flags": "i"
					}
				}
			},
			"hasToken": true
		},
		{
			"name": "Peebles",
			"isNpc": true,
			"source": "OotA",
			"page": 134,
			"_copy": {
				"name": "Spy",
				"source": "MM",
				"_trait": {
					"name": "Deep Gnome",
					"source": "DMG"
				},
				"_mod": {
					"*": {
						"mode": "replaceTxt",
						"replace": "the spy",
						"with": "Peebles",
						"flags": "i"
					}
				}
			},
			"hasToken": true,
			"spellcastingTags": [
				"I"
			]
		},
		{
			"name": "Prince Derendil",
			"isNpc": true,
			"source": "OotA",
			"page": 6,
			"_copy": {
				"name": "Quaggoth",
				"source": "MM",
				"_mod": {
					"*": {
						"mode": "replaceTxt",
						"replace": "the quaggoth",
						"with": "Prince Derendil",
						"flags": "i"
					}
				}
			},
			"hasToken": true
		},
		{
			"name": "Princess Ebonmire",
			"isNpc": true,
			"source": "OotA",
			"page": 111,
			"_copy": {
				"name": "Black Pudding",
				"source": "MM",
				"_mod": {
					"*": {
						"mode": "replaceTxt",
						"replace": "the pudding",
						"with": "Princess Ebonmire",
						"flags": "i"
					}
				}
			},
			"int": 6,
			"action": [
				{
					"name": "Pseudopod",
					"entries": [
						"{@atk mw,rw} {@hit 5} to hit, reach 5 ft. or 30 ft., one target. {@h}6 ({@damage 1d6 + 3}) bludgeoning damage plus 18 ({@damage 4d8}) acid damage. In addition, nonmagical armor worn by the target is partly dissolved and takes a permanent and cumulative \u22121 penalty to the AC it offers. The armor is destroyed if the penalty reduces its AC to 10."
					]
				}
			],
			"hasToken": true
		},
		{
			"name": "Regenerating Black Pudding",
			"source": "OotA",
			"page": 211,
			"_copy": {
				"name": "Black Pudding",
				"source": "MM",
				"_mod": {
					"trait": {
						"mode": "appendArr",
						"items": {
							"name": "Regeneration",
							"entries": [
								"The pudding regains 10 hit points at the start of its turn. If the pudding takes fire damage, this trait doesn't function at the start of the pudding's next turn. The pudding dies only if it starts its turn with 0 hit points and doesn't regenerate."
							]
						}
					}
				}
			},
			"int": 6,
			"cr": "5",
			"hasToken": true,
			"traitTags": [
				"Amorphous",
				"Regeneration",
				"Spider Climb"
			]
		},
		{
			"name": "Ront",
			"isNpc": true,
			"source": "OotA",
			"page": 7,
			"_copy": {
				"name": "Orc",
				"source": "MM",
				"_mod": {
					"*": {
						"mode": "replaceTxt",
						"replace": "the orc",
						"with": "Ront",
						"flags": "i"
					}
				}
			},
			"hasToken": true
		},
		{
			"name": "Rumpadump",
			"isNpc": true,
			"source": "OotA",
			"page": 72,
			"_copy": {
				"name": "Myconid Sprout",
				"source": "MM",
				"_mod": {
					"*": {
						"mode": "replaceTxt",
						"replace": "the myconid",
						"with": "Rumpadump",
						"flags": "i"
					}
				}
			},
			"hasToken": true
		},
		{
			"name": "Rystia Zav",
			"isNpc": true,
			"source": "OotA",
			"page": 135,
			"_copy": {
				"name": "Spy",
				"source": "MM",
				"_mod": {
					"*": {
						"mode": "replaceTxt",
						"replace": "the spy",
						"with": "Rystia",
						"flags": "i"
					}
				}
			},
			"type": {
				"type": "humanoid",
				"tags": [
					"human"
				]
			},
			"alignment": [
				"C",
				"G"
			],
			"hasToken": true
		},
		{
			"name": "Sarith Kzekarit",
			"isNpc": true,
			"source": "OotA",
			"page": 7,
			"_copy": {
				"name": "Drow",
				"source": "MM",
				"_mod": {
					"*": {
						"mode": "replaceTxt",
						"replace": "the drow",
						"with": "Sarith",
						"flags": "i"
					}
				}
			},
			"hasToken": true
		},
		{
			"name": "Shedrak",
			"isNpc": true,
			"source": "OotA",
			"page": 176,
			"_copy": {
				"name": "Mage",
				"source": "MM",
				"_mod": {
					"*": {
						"mode": "replaceTxt",
						"replace": "the mage",
						"with": "Shedrak",
						"flags": "i"
					}
				}
			},
			"type": {
				"type": "humanoid",
				"tags": [
					"human"
				]
			},
			"alignment": [
				"C",
				"E"
			],
			"trait": [
				{
					"name": "Eye Tattoos",
					"entries": [
						"Shedrak has ten small eyes tattooed on his bald head that allow him to see invisible creatures and objects as if they were visible."
					]
				}
			],
			"hasToken": true
		},
		{
			"name": "Shuushar the Awakened",
			"isNpc": true,
			"source": "OotA",
			"page": 7,
			"_copy": {
				"name": "Kuo-Toa",
				"source": "MM",
				"_mod": {
					"*": {
						"mode": "replaceTxt",
						"replace": "the kuo-toa",
						"with": "Shuushar",
						"flags": "i"
					}
				}
			},
			"hasToken": true
		},
		{
			"name": "Skriss",
			"isNpc": true,
			"source": "OotA",
			"page": 29,
			"_copy": {
				"name": "Troglodyte",
				"source": "MM",
				"_mod": {
					"*": {
						"mode": "replaceTxt",
						"replace": "the troglodyte",
						"with": "Skriss",
						"flags": "i"
					}
				}
			},
			"hasToken": true
		},
		{
			"name": "Sladis Vadir",
			"isNpc": true,
			"source": "OotA",
			"page": 135,
			"_copy": {
				"name": "Druid",
				"source": "MM",
				"_trait": {
					"name": "High Elf",
					"source": "PHB"
				},
				"_mod": {
					"*": {
						"mode": "replaceTxt",
						"replace": "the druid",
						"with": "Sladis",
						"flags": "i"
					},
					"languages": {
						"mode": "appendIfNotExistsArr",
						"items": "Undercommon"
					}
				}
			},
			"alignment": [
				"N",
				"G"
			],
			"hasToken": true,
			"traitTags": [
				"Fey Ancestry"
			]
		},
		{
			"name": "Sloopidoop",
			"isNpc": true,
			"source": "OotA",
			"page": 29,
			"_copy": {
				"name": "Kuo-toa Archpriest",
				"source": "MM",
				"_mod": {
					"*": {
						"mode": "replaceTxt",
						"replace": "the kuo-toa",
						"with": "Sloopidoop",
						"flags": "i"
					}
				}
			},
			"hasToken": true
		},
		{
			"name": "Sovereign Basidia",
			"isNpc": true,
			"source": "OotA",
			"page": 88,
			"_copy": {
				"name": "Myconid Sovereign",
				"source": "MM",
				"_mod": {
					"*": {
						"mode": "replaceTxt",
						"replace": "the myconid",
						"with": "Basidia",
						"flags": "i"
					}
				}
			},
			"hasToken": true,
			"damageTags": [
				"B",
				"I"
			],
			"conditionInflict": [
				"incapacitated",
				"poisoned",
				"stunned"
			]
		},
		{
			"name": "Spider King",
			"isNpc": true,
			"source": "OotA",
			"page": 74,
			"_copy": {
				"name": "Giant Spider",
				"source": "MM",
				"_mod": {
					"trait": {
						"mode": "appendArr",
						"items": {
							"name": "Two Heads",
							"entries": [
								"Because of its two heads, the Spider King has advantage on Wisdom ({@skill Perception}) checks and on saving throws against being {@condition blinded}, {@condition charmed}, {@condition deafened}, {@condition frightened}, {@condition stunned}, and knocked {@condition unconscious}."
							]
						}
					}
				}
			},
			"hp": {
				"average": 44,
				"formula": "4d10 + 4"
			},
			"save": {
				"con": "+3",
				"wis": "+2"
			},
			"skill": {
				"stealth": "+7",
				"perception": "+4"
			},
			"passive": 14,
			"hasToken": true,
			"traitTags": [
				"Spider Climb",
				"Web Sense",
				"Web Walker"
			],
			"senseTags": [
				"B",
				"D"
			]
		},
		{
			"name": "Spiderbait",
			"isNpc": true,
			"source": "OotA",
			"page": 31,
			"_copy": {
				"name": "Goblin",
				"source": "MM",
				"_mod": {
					"*": {
						"mode": "replaceTxt",
						"replace": "the goblin",
						"with": "Spiderbait",
						"flags": "i"
					}
				}
			},
			"alignment": [
				"N"
			],
			"skill": {
				"acrobatics": "+3",
				"athletics": "+3",
				"stealth": "+6"
			},
			"hasToken": true
		},
		{
			"name": "Stool",
			"isNpc": true,
			"source": "OotA",
			"page": 7,
			"_copy": {
				"name": "Myconid Sprout",
				"source": "MM",
				"_mod": {
					"*": {
						"mode": "replaceTxt",
						"replace": "the myconid",
						"with": "Stool",
						"flags": "i"
					}
				}
			},
			"hasToken": true
		},
		{
			"name": "The Pudding King",
			"isNpc": true,
			"source": "OotA",
			"page": 233,
			"size": "S",
			"type": {
				"type": "humanoid",
				"tags": [
					"gnome",
					"shapechanger"
				]
			},
			"alignment": [
				"C",
				"E"
			],
			"ac": [
				13,
				{
					"ac": 16,
					"condition": "with {@spell mage armor}",
					"braces": true
				}
			],
			"hp": {
				"average": 49,
				"formula": "9d6 + 18"
			},
			"speed": {
				"walk": 30
			},
			"str": 10,
			"dex": 16,
			"con": 14,
			"int": 12,
			"wis": 8,
			"cha": 17,
			"save": {
				"con": "+6",
				"cha": "+7"
			},
			"skill": {
				"arcana": "+5",
				"perception": "+3",
				"stealth": "+7",
				"survival": "+3"
			},
			"senses": [
				"darkvision 60 ft."
			],
			"passive": 12,
			"resist": [
				"acid",
				"poison"
			],
			"conditionImmune": [
				"poisoned"
			],
			"languages": [
				"Abyssal",
				"Gnomish",
				"Terran",
				"Undercommon"
			],
			"cr": "4",
			"spellcasting": [
				{
					"name": "Innate Spellcasting",
					"headerEntries": [
						"The Pudding King's innate spellcasting ability is Intelligence (spell save {@dc 12}). He can innately cast the following spells, requiring no material components:"
					],
					"will": [
						"{@spell nondetection} (self only)"
					],
					"daily": {
						"1e": [
							"{@spell blindness/deafness}",
							"{@spell blur}",
							"{@spell disguise self}"
						]
					},
					"ability": "int"
				},
				{
					"name": "Spellcasting",
					"headerEntries": [
						"The Pudding King is a 9th-level spellcaster. His spellcasting ability is Charisma (spell save {@dc 14}, {@hit 6} to hit with spell attacks). The Pudding King knows the following sorcerer spells:"
					],
					"spells": {
						"0": {
							"spells": [
								"{@spell acid splash}",
								"{@spell light}",
								"{@spell mage hand}",
								"{@spell poison spray}",
								"{@spell prestidigitation}"
							]
						},
						"1": {
							"slots": 4,
							"spells": [
								"{@spell false life}",
								"{@spell mage armor}",
								"{@spell ray of sickness}",
								"{@spell shield}"
							]
						},
						"2": {
							"slots": 3,
							"spells": [
								"{@spell crown of madness}",
								"{@spell misty step}"
							]
						},
						"3": {
							"slots": 3,
							"spells": [
								"{@spell gaseous form}",
								"{@spell stinking cloud}"
							]
						},
						"4": {
							"slots": 3,
							"spells": [
								"{@spell blight}",
								"{@spell confusion}"
							]
						},
						"5": {
							"slots": 1,
							"spells": [
								"{@spell cloudkill}"
							]
						}
					},
					"ability": "cha"
				}
			],
			"trait": [
				{
					"name": "Stone Camouflage",
					"entries": [
						"The Pudding King has advantage on Dexterity (Stealth) checks made to hide in rocky terrain."
					]
				},
				{
					"name": "Gnome Cunning",
					"entries": [
						"The Pudding King has advantage on Intelligence, Wisdom, and Charisma saving throws against magic."
					]
				},
				{
					"name": "Insanity",
					"entries": [
						"The Pudding King has advantage on saving throws against being {@condition charmed} or {@condition frightened}."
					]
				}
			],
			"action": [
				{
					"name": "War Pick",
					"entries": [
						"{@atk mw} {@hit 3} to hit, reach 5 ft., one target. {@h}4 ({@damage 1d8}) piercing damage."
					]
				},
				{
					"name": "Change Shape",
					"entries": [
						"The Pudding King magically transforms into an {@filter ooze|bestiary|type=ooze}, or back into his true form. He reverts to his true form if he dies. Any equipment he is wearing or carrying is absorbed by the new form. In ooze form, the Pudding King retains his alignment, hit points, Hit Dice, and Intelligence, Wisdom, and Charisma scores, as well as this action. His statistics and capabilities are otherwise replaced by those of the new form."
					]
				},
				{
					"name": "Create Green Slime (Recharges after a Long Rest)",
					"entries": [
						"The Pudding King creates a patch of green slime (see \"Dungeon Hazards\" in chapter 5 of the Dungeon Master's Guide). The slime appears on a section of wall, ceiling, or floor within 30 feet of the Pudding King."
					]
				}
			],
			"hasToken": true,
			"senseTags": [
				"D"
			],
			"actionTags": [
				"Shapechanger"
			],
			"languageTags": [
				"AB",
				"G",
				"T",
				"U"
			],
			"damageTags": [
				"P"
			],
			"spellcastingTags": [
				"CS",
				"I"
			],
			"miscTags": [
				"MW"
			],
			"conditionInflictSpell": [
				"blinded",
				"charmed",
				"deafened",
				"poisoned"
			],
			"hasFluffImages": true
		},
		{
			"name": "Themberchaud",
			"isNpc": true,
			"source": "OotA",
			"page": 53,
			"_copy": {
				"name": "Adult Red Dragon",
				"source": "MM",
				"_mod": {
					"*": {
						"mode": "replaceTxt",
						"replace": "the dragon",
						"with": "Themberchaud",
						"flags": "i"
					}
				}
			},
			"hasToken": true
		},
		{
			"name": "Topsy",
			"isNpc": true,
			"source": "OotA",
			"page": 8,
			"_copy": {
				"name": "Wererat",
				"source": "MM",
				"_mod": {
					"*": {
						"mode": "replaceTxt",
						"replace": "the wererat",
						"with": "Topsy",
						"flags": "i"
					}
				}
			},
			"hasToken": true
		},
		{
			"name": "Troglodyte Champion of Laogzed",
			"source": "OotA",
			"page": 229,
			"size": "M",
			"type": {
				"type": "humanoid",
				"tags": [
					"troglodyte"
				]
			},
			"alignment": [
				"C",
				"E"
			],
			"ac": [
				{
					"ac": 14,
					"from": [
						"natural armor"
					]
				}
			],
			"hp": {
				"average": 59,
				"formula": "7d8 + 28"
			},
			"speed": {
				"walk": 30
			},
			"str": 18,
			"dex": 12,
			"con": 18,
			"int": 8,
			"wis": 12,
			"cha": 12,
			"skill": {
				"athletics": "+6",
				"intimidation": "+3",
				"stealth": "+3"
			},
			"senses": [
				"darkvision 60 ft."
			],
			"passive": 11,
			"languages": [
				"Troglodyte"
			],
			"cr": "3",
			"trait": [
				{
					"name": "Chameleon Skin",
					"entries": [
						"The troglodyte has advantage on Dexterity (Stealth) checks made to hide."
					]
				},
				{
					"name": "Stench",
					"entries": [
						"Any creature other than a troglodyte that starts its turn within 5 feet of the troglodyte must succeed on a {@dc 14} Constitution saving throw or be {@condition poisoned} until the start of the creature's next turn. On a successful saving throw, the creature is immune to the stench of all troglodytes for 1 hour."
					]
				},
				{
					"name": "Sunlight Sensitivity",
					"entries": [
						"While in sunlight, the troglodyte has disadvantage on attack rolls, as well as on Wisdom ({@skill Perception}) checks that rely on sight."
					]
				}
			],
			"action": [
				{
					"name": "Multiattack",
					"entries": [
						"The troglodyte makes three attacks: one with its bite and two with either its claws or its greatclub."
					]
				},
				{
					"name": "Bite",
					"entries": [
						"{@atk mw} {@hit 6} to hit, reach 5 ft., one target. {@h}6 ({@damage 1d4 + 4}) piercing damage."
					]
				},
				{
					"name": "Claw",
					"entries": [
						"{@atk mw} {@hit 6} to hit, reach 5 ft., one target. {@h}6 ({@damage 1d4 + 4}) slashing damage."
					]
				},
				{
					"name": "Greatclub",
					"entries": [
						"{@atk mw} {@hit 6} to hit, reach 5 ft., one target. {@h}8 ({@damage 1d8 + 4}) bludgeoning damage."
					]
				},
				{
					"name": "Acid Spray {@recharge}",
					"entries": [
						"The troglodyte spits acid in a line 15 feet long and 5 feet wide. Each creature in that line must make a {@dc 14} Dexterity saving throw, taking 10 ({@damage 3d6}) acid damage on a failed save, or half as much damage on a successful one."
					]
				}
			],
			"traitTags": [
				"Sunlight Sensitivity"
			],
			"senseTags": [
				"D"
			],
			"actionTags": [
				"Multiattack"
			],
			"languageTags": [
				"OTH"
			],
			"damageTags": [
				"A",
				"B",
				"P",
				"S"
			],
			"miscTags": [
				"MW"
			],
			"conditionInflict": [
				"poisoned"
			],
			"hasFluff": true
		},
		{
			"name": "Turvy",
			"isNpc": true,
			"source": "OotA",
			"page": 8,
			"_copy": {
				"name": "Wererat",
				"source": "MM",
				"_mod": {
					"*": {
						"mode": "replaceTxt",
						"replace": "the wererat",
						"with": "Turvy",
						"flags": "i"
					}
				}
			},
			"hasToken": true
		},
		{
			"name": "Vampiric Ixitxachitl",
			"source": "OotA",
			"page": 226,
			"size": "M",
			"type": "aberration",
			"alignment": [
				"C",
				"E"
			],
			"ac": [
				{
					"ac": 16,
					"from": [
						"natural armor"
					]
				}
			],
			"hp": {
				"average": 44,
				"formula": "8d8 + 8"
			},
			"speed": {
				"walk": 0,
				"swim": 30
			},
			"str": 14,
			"dex": 18,
			"con": 13,
			"int": 12,
			"wis": 13,
			"cha": 7,
			"senses": [
				"darkvision 60 ft."
			],
			"passive": 11,
			"languages": [
				"Abyssal",
				"Ixitxachitl"
			],
			"cr": "2",
			"action": [
				{
					"name": "Vampiric Bite",
					"entries": [
						"{@atk mw} {@hit 4} to hit, reach 5 ft., one target. {@h}6 ({@damage 1d8 + 2}) piercing damage. The target must succeed on a {@dc 11} Constitution saving throw or its hit point maximum is reduced by an amount equal to the damage taken, and the ixitxachitl regains hit points equal to that amount. The reduction lasts until the target finishes a long rest. The target dies if its hit point maximum is reduced to 0."
					]
				}
			],
			"reaction": [
				{
					"name": "Barbed Tail",
					"entries": [
						"When a creature provokes an opportunity attack from the ixitxachitl, the ixitxachitl can make the following attack instead of using its bite.",
						"{@atk mw} {@hit 6} to hit, reach 5 ft., one target. {@h}9 ({@damage 1d10 + 4}) piercing damage."
					]
				}
			],
			"hasToken": true,
			"senseTags": [
				"D"
			],
			"languageTags": [
				"AB",
				"OTH"
			],
			"damageTags": [
				"P"
			],
			"miscTags": [
				"MW"
			],
			"hasFluff": true
		},
		{
			"name": "Vampiric Ixitxachitl Cleric",
			"source": "OotA",
			"page": 226,
			"size": "M",
			"type": "aberration",
			"alignment": [
				"C",
				"E"
			],
			"ac": [
				{
					"ac": 16,
					"from": [
						"natural armor"
					]
				}
			],
			"hp": {
				"average": 44,
				"formula": "8d8 + 8"
			},
			"speed": {
				"walk": 0,
				"swim": 30
			},
			"str": 14,
			"dex": 18,
			"con": 13,
			"int": 12,
			"wis": 13,
			"cha": 7,
			"senses": [
				"darkvision 60 ft."
			],
			"passive": 11,
			"languages": [
				"Abyssal",
				"Ixitxachitl"
			],
			"cr": "2",
			"spellcasting": [
				{
					"name": "Spellcasting",
					"headerEntries": [
						"The ixitxachitl is a 5th-level spellcaster that uses Wisdom as its spellcasting ability (Spell save {@dc 11}, {@hit 3} to hit with spell attacks). The ixitxachitl has the following cleric spells prepared:"
					],
					"spells": {
						"0": {
							"spells": [
								"{@spell guidance}",
								"{@spell thaumaturgy}"
							]
						},
						"1": {
							"slots": 4,
							"spells": [
								"{@spell charm person}",
								"{@spell create or destroy water}"
							]
						},
						"2": {
							"slots": 3,
							"spells": [
								"{@spell hold person}",
								"{@spell silence}"
							]
						},
						"3": {
							"slots": 2,
							"spells": [
								"{@spell dispel magic}",
								"{@spell tongues}"
							]
						}
					},
					"ability": "wis"
				}
			],
			"action": [
				{
					"name": "Vampiric Bite",
					"entries": [
						"{@atk mw} {@hit 4} to hit, reach 5 ft., one target. {@h}6 ({@damage 1d8 + 2}) piercing damage. The target must succeed on a {@dc 11} Constitution saving throw or its hit point maximum is reduced by an amount equal to the damage taken, and the ixitxachitl regains hit points equal to that amount. The reduction lasts until the target finishes a long rest. The target dies if its hit point maximum is reduced to 0."
					]
				}
			],
			"reaction": [
				{
					"name": "Barbed Tail",
					"entries": [
						"When a creature provokes an opportunity attack from the ixitxachitl, the ixitxachitl can make the following attack instead of using its bite.",
						"{@atk mw} {@hit 6} to hit, reach 5 ft., one target. {@h}9 ({@damage 1d10 + 4}) piercing damage."
					]
				}
			],
			"hasToken": true,
			"senseTags": [
				"D"
			],
			"languageTags": [
				"AB",
				"OTH"
			],
			"damageTags": [
				"P"
			],
			"spellcastingTags": [
				"CC"
			],
			"miscTags": [
				"MW"
			],
			"hasFluff": true
		},
		{
			"name": "Veldyskar",
			"isNpc": true,
			"source": "OotA",
			"page": 151,
			"_copy": {
				"name": "Basilisk",
				"source": "MM",
				"_mod": {
					"*": {
						"mode": "replaceTxt",
						"replace": "the basilisk",
						"with": "Veldyskar",
						"flags": "i"
					}
				}
			},
			"int": 10,
			"languages": [
				"Common",
				"Dwarvish",
				"Giant",
				"Undercommon"
			],
			"spellcasting": [
				{
					"name": "Innate Spellcasting",
					"headerEntries": [
						"Veldyskar can innately cast the following spell, requiring no material components:"
					],
					"daily": {
						"1": [
							"{@spell greater restoration}"
						]
					}
				}
			],
			"spellcastingTags": [
				"I"
			]
		},
		{
			"name": "Veteran of the Gauntlet",
			"source": "OotA",
			"page": 130,
			"size": "M",
			"type": {
				"type": "humanoid",
				"tags": [
					"human"
				]
			},
			"alignment": [
				"L",
				"G"
			],
			"ac": [
				{
					"ac": 17,
					"from": [
						"{@item splint armor|phb}"
					]
				}
			],
			"hp": {
				"average": 58,
				"formula": "9d8 + 18"
			},
			"speed": {
				"walk": 30
			},
			"str": 16,
			"dex": 13,
			"con": 14,
			"int": 10,
			"wis": 11,
			"cha": 10,
			"skill": {
				"athletics": "+5",
				"perception": "+2"
			},
			"passive": 12,
			"languages": [
				"Common",
				"Dwarvish"
			],
			"cr": "3",
			"action": [
				{
					"name": "Multiattack",
					"entries": [
						"The veteran makes two longsword attacks. If it has a shortsword drawn, it can also make a shortsword attack."
					]
				},
				{
					"name": "Longsword",
					"entries": [
						"{@atk mw} {@hit 5} to hit, reach 5 ft., one target. {@h}7 ({@damage 1d8 + 3}) slashing damage, or 8 ({@damage 1d10 + 3}) slashing damage if used with two hands."
					]
				},
				{
					"name": "Shortsword",
					"entries": [
						"{@atk mw} {@hit 5} to hit, reach 5 ft., one target. {@h}6 ({@damage 1d6 + 3}) piercing damage."
					]
				},
				{
					"name": "Heavy Crossbow",
					"entries": [
						"{@atk rw} {@hit 3} to hit, range 100/400 ft., one target. {@h}6 ({@damage 1d10 + 1}) piercing damage."
					]
				}
			],
			"hasToken": true,
			"actionTags": [
				"Multiattack"
			],
			"languageTags": [
				"C",
				"D"
			],
			"damageTags": [
				"P",
				"S"
			],
			"miscTags": [
				"MW",
				"RNG",
				"RW"
			]
		},
		{
			"name": "Vizeran DeVir",
			"isNpc": true,
			"source": "OotA",
			"page": 155,
			"_copy": {
				"name": "Archmage",
				"source": "MM",
				"_trait": {
					"name": "Drow",
					"source": "PHB"
				},
				"_mod": {
					"*": {
						"mode": "replaceTxt",
						"replace": "the archmage",
						"with": "Vizeran",
						"flags": "i"
					}
				}
			},
			"alignment": [
				"N",
				"E"
			],
			"hasToken": true,
			"traitTags": [
				"Fey Ancestry",
				"Magic Resistance",
				"Sunlight Sensitivity"
			],
			"spellcastingTags": [
				"CW",
				"I"
			]
		},
		{
			"name": "Xazax the Eyemonger",
			"isNpc": true,
			"source": "OotA",
			"page": 142,
			"_copy": {
				"name": "Beholder",
				"source": "MM",
				"_mod": {
					"*": {
						"mode": "replaceTxt",
						"replace": "the beholder",
						"with": "Xazax",
						"flags": "i"
					}
				}
			},
			"hasToken": true
		},
		{
			"name": "Y",
			"isNpc": true,
			"source": "OotA",
			"page": 29,
			"_copy": {
				"name": "Derro Savant",
				"source": "MTF",
				"_mod": {
					"*": {
						"mode": "replaceTxt",
						"replace": "the derro savant",
						"with": "Y",
						"flags": "i"
					}
				}
			},
			"hasToken": true
		},
		{
			"name": "Yestabrod",
			"isNpc": true,
			"isNamedCreature": true,
			"source": "OotA",
			"page": 233,
			"size": "L",
			"type": "monstrosity",
			"alignment": [
				"C",
				"E"
			],
			"ac": [
				{
					"ac": 15,
					"from": [
						"natural armor"
					]
				}
			],
			"hp": {
				"average": 75,
				"formula": "10d10 + 20"
			},
			"speed": {
				"walk": 30
			},
			"str": 12,
			"dex": 10,
			"con": 14,
			"int": 13,
			"wis": 15,
			"cha": 10,
			"senses": [
				"darkvision 120 ft."
			],
			"passive": 12,
			"immune": [
				"poison"
			],
			"conditionImmune": [
				"poisoned"
			],
			"languages": [
				"Abyssal",
				"telepathy 60 ft."
			],
			"cr": "4",
			"trait": [
				{
					"name": "Legendary Resistance (1/Day)",
					"entries": [
						"If Yestabrod fails a saving throw, it can choose to succeed instead."
					]
				}
			],
			"action": [
				{
					"name": "Slam",
					"entries": [
						"{@atk mw} {@hit 3} to hit, reach 5 ft., one target. {@h}8 ({@damage 3d4 + 1}) bludgeoning damage plus 7 ({@damage 3d4}) poison damage."
					]
				},
				{
					"name": "Caustic Spores (1/Day)",
					"entries": [
						"Yestabrod releases spores in a 30-foot cone. Each creature in that area must succeed on a {@dc 12} Dexterity saving throw or take {@dice 1d6} acid damage at the start of each of Yestabrod's turns. A creature can repeat the saving throw at the end of each of its turn, ending the effect on itself on a success."
					]
				},
				{
					"name": "Infestation Spores (1/Day)",
					"entries": [
						"Yestabrod releases spores that burst out in a cloud that fills a 10-foot-radius sphere centered on it, and the cloud lingers for 1 minute. Any flesh-and-blood creature in the cloud when it appears, or that enters it later, must make a {@dc 12} Constitution saving throw. On a successful save, the creature can't be infected by these spores for 24 hours. On a failed save, the creature is infected with a disease called the spores of Zuggtmoy and also gains a random form of indefinite madness (determined by rolling on the Madness of Zuggtmoy table in appendix D) that lasts until the creature is cured of the disease or dies. While infected in this way, the creature can't be reinfected, and it must be repeat the saving throw at the end of every 24 hours, ending the infection on a success. On a failure, the infected creature's body is slowly taken over by fungal growth, and after three such failed saves, the creature dies and is reanimated as a spore servant if it's a type of creature that can be (see the \"Myconids\" entry in the Monster Manual)."
					]
				}
			],
			"legendaryActions": 2,
			"legendary": [
				{
					"name": "Corpse Burst",
					"entries": [
						"Gore, offal, and acid erupt from a corpse within 20 feet of Yestabrod. Creatures within 10 feet of the corpse must succeed on a {@dc 12} Dexterity saving throw or take 7 ({@damage 2d6}) acid damage."
					]
				},
				{
					"name": "Foul Absorption",
					"entries": [
						"Yestabrod absorbs putrescence from a corpse within 5 feet of it, regaining {@dice 1d8 + 2} hit points"
					]
				}
			],
			"hasToken": true,
			"traitTags": [
				"Legendary Resistances"
			],
			"senseTags": [
				"SD"
			],
			"languageTags": [
				"AB",
				"TP"
			],
			"damageTags": [
				"A",
				"B",
				"I"
			],
			"miscTags": [
				"AOE",
				"MW"
			],
			"hasFluffImages": true
		},
		{
			"name": "Young Basilisk",
			"source": "OotA",
			"page": 100,
			"_copy": {
				"name": "Basilisk",
				"source": "MM"
			},
			"size": "S",
			"ac": [
				{
					"ac": 13,
					"from": [
						"natural armor"
					]
				}
			],
			"hp": {
				"average": 22,
				"formula": "4d6 + 8"
			},
			"speed": {
				"walk": 15
			},
			"str": 13,
			"cr": "1",
			"trait": [
				{
					"name": "Petrifying Gaze",
					"entries": [
						"If a creature starts its turn within 15 feet of the basilisk and the two of them can see each other, the basilisk can force the creature to make a {@dc 12} Constitution saving throw if the basilisk isn't {@condition incapacitated}. On a failed save, the creature magically begins to turn to stone and is {@condition restrained}. It must repeat the saving throw at the end of its next turn. On a success, the effect ends. On a failure, the creature is {@condition petrified} until freed by the  {@spell greater restoration} spell or other magic.",
						"A creature that isn't surprised can avert its eyes to avoid the saving throw at the start of its turn. If it does so, it can't see the basilisk until the start of its next turn, when it can avert its eyes again. If it looks at the basilisk in the meantime, it must immediately make the save.",
						"If the basilisk sees its reflection within 30 feet of it in bright light, it mistakes itself for a rival and targets itself with its gaze."
					]
				}
			],
			"action": [
				{
					"name": "Bite",
					"entries": [
						"{@atk mw} {@hit 3} to hit, reach 5 ft., one target. {@h}3 ({@damage 1d4 + 1}) piercing damage plus 2 ({@damage 1d4}) poison damage."
					]
				}
			],
			"hasToken": true
		},
		{
			"name": "Young Hook Horror",
			"source": "OotA",
			"page": 34,
			"_copy": {
				"name": "Hook Horror",
				"source": "MM",
				"_mod": {
					"action": {
						"mode": "replaceArr",
						"replace": "Hook",
						"items": {
							"name": "Hook",
							"entries": [
								"{@atk mw} {@hit 3} to hit, reach 5 ft., one target. {@h}3 ({@damage 1d4 + 1}) piercing damage."
							]
						}
					}
				}
			},
			"size": "S",
			"ac": [
				{
					"ac": 11,
					"from": [
						"natural armor"
					]
				}
			],
			"hp": {
				"average": 11,
				"formula": "2d6 + 4"
			},
			"speed": {
				"walk": 15,
				"climb": 15
			},
			"str": 12,
			"cr": "1/4",
			"hasToken": true
		},
		{
			"name": "Yuk Yuk",
			"isNpc": true,
			"source": "OotA",
			"page": 31,
			"_copy": {
				"name": "Goblin",
				"source": "MM",
				"_mod": {
					"*": {
						"mode": "replaceTxt",
						"replace": "the goblin",
						"with": "Yuk Yuk",
						"flags": "i"
					}
				}
			},
			"alignment": [
				"N"
			],
			"skill": {
				"acrobatics": "+3",
				"athletics": "+3",
				"stealth": "+6"
			},
			"hasToken": true
		},
		{
			"name": "Zhentarim Thug",
			"source": "OotA",
			"page": 131,
			"size": "M",
			"type": {
				"type": "humanoid",
				"tags": [
					"human"
				]
			},
			"alignment": [
				"N"
			],
			"ac": [
				{
					"ac": 11,
					"from": [
						"{@item leather armor|phb}"
					]
				}
			],
			"hp": {
				"average": 32,
				"formula": "5d8 + 10"
			},
			"speed": {
				"walk": 30
			},
			"str": 15,
			"dex": 11,
			"con": 14,
			"int": 10,
			"wis": 10,
			"cha": 11,
			"skill": {
				"intimidation": "+2"
			},
			"passive": 10,
			"languages": [
				"Common"
			],
			"cr": "1/2",
			"trait": [
				{
					"name": "Pack Tactics",
					"entries": [
						"The thug has advantage on an attack roll against a creature if at least one of the thug's allies is within 5 feet of the creature and the ally isn't {@condition incapacitated}."
					]
				}
			],
			"action": [
				{
					"name": "Multiattack",
					"entries": [
						"The thug makes two melee attacks"
					]
				},
				{
					"name": "Mace",
					"entries": [
						"{@atk mw} {@hit 4} to hit, reach 5 ft., one target. {@h}5 ({@damage 1d6 + 2}) bludgeoning damage."
					]
				},
				{
					"name": "Heavy Crossbow",
					"entries": [
						"{@atk rw} {@hit 2} to hit, range 100/400 ft., one target. {@h}5 ({@damage 1d10}) piercing damage."
					]
				}
			],
			"hasToken": true,
			"traitTags": [
				"Pack Tactics"
			],
			"actionTags": [
				"Multiattack"
			],
			"languageTags": [
				"C"
			],
			"damageTags": [
				"B",
				"P"
			],
			"miscTags": [
				"MW",
				"RNG",
				"RW"
			]
		},
		{
			"name": "Zilchyn Q'Leptin",
			"isNpc": true,
			"source": "OotA",
			"page": 137,
			"_copy": {
				"name": "Mage",
				"source": "MM",
				"_trait": {
					"name": "Drow",
					"source": "PHB"
				},
				"_mod": {
					"*": {
						"mode": "replaceTxt",
						"replace": "the mage",
						"with": "Zilchyn",
						"flags": "i"
					}
				}
			},
			"hasToken": true,
			"traitTags": [
				"Fey Ancestry",
				"Sunlight Sensitivity"
			],
			"spellcastingTags": [
				"CW",
				"I"
			]
		}
	]
}
