{
	"_meta": {
		"otherSources": {
			"monster": {
				"MTF": "TTP"
			}
		},
		"dependencies": {
			"monster": [
				"MM"
			]
		}
	},
	"monster": [
		{
			"name": "Decapus",
			"source": "TTP",
			"page": 21,
			"size": "L",
			"type": "monstrosity",
			"alignment": [
				"U"
			],
			"ac": [
				{
					"ac": 14,
					"from": [
						"natural armor"
					]
				}
			],
			"hp": {
				"average": 75,
				"formula": "10d10 + 20"
			},
			"speed": {
				"walk": 15,
				"climb": 30
			},
			"str": 15,
			"dex": 14,
			"con": 14,
			"int": 4,
			"wis": 10,
			"cha": 7,
			"skill": {
				"athletics": "+4",
				"perception": "+2",
				"stealth": "+4"
			},
			"senses": [
				"darkvision 60 ft."
			],
			"passive": 12,
			"cr": "4",
			"action": [
				{
					"name": "Multiattack",
					"entries": [
						"The decapus makes two attacks: one with its bite and one with its tentacles."
					]
				},
				{
					"name": "Bite",
					"entries": [
						"{@atk mw} {@hit 4} to hit, reach 5 ft., one creature {@condition grappled} by the decapus. {@h}7 ({@damage 2d4 + 2}) piercing damage."
					]
				},
				{
					"name": "Tentacles",
					"entries": [
						"{@atk mw} {@hit 4} to hit, reach 10 ft., one target. {@h}24 ({@damage 9d4 + 2}) bludgeoning damage or 14 ({@damage 5d4 + 2}) bludgeoning damage if the decapus is grappling a creature other than the target or if the decapus is on the ground or floor. The target is also {@condition grappled} (escape {@dc 14}) unless the decapus is already grappling a creature. Until this grapple ends, the target is {@condition restrained}."
					]
				}
			],
			"senseTags": [
				"D"
			],
			"actionTags": [
				"Multiattack",
				"Tentacles"
			],
			"damageTags": [
				"B",
				"P"
			],
			"miscTags": [
				"MW",
				"RCH"
			],
			"conditionInflict": [
				"grappled",
				"restrained"
			],
			"hasToken": true,
			"hasFluff": true,
			"hasFluffImages": true
		},
		{
			"name": "Geonid",
			"source": "TTP",
			"page": 22,
			"size": "S",
			"type": "elemental",
			"alignment": [
				"N"
			],
			"ac": [
				{
					"ac": 17,
					"from": [
						"natural armor"
					]
				}
			],
			"hp": {
				"average": 26,
				"formula": "4d6 + 12"
			},
			"speed": {
				"walk": 30
			},
			"str": 12,
			"dex": 10,
			"con": 16,
			"int": 9,
			"wis": 14,
			"cha": 11,
			"skill": {
				"perception": "+4",
				"stealth": "+2"
			},
			"senses": [
				"darkvision 60 ft.",
				"tremorsense 30 ft."
			],
			"passive": 14,
			"cr": "1/4",
			"trait": [
				{
					"name": "Boulder Guise",
					"entries": [
						"While fully withdrawn into its shell, the geonid can't see and is indistinguishable from a small boulder"
					]
				}
			],
			"action": [
				{
					"name": "Club",
					"entries": [
						"{@atk mw} {@hit 3} to hit, reach 5 ft., one target. {@h}3 ({@damage 1d4 + 1}) bludgeoning damage."
					]
				},
				{
					"name": "Stone Tell",
					"entries": [
						"The geonid touches a stone object or surface and knows what types of creatures have been within 10 feet of that stone in the past 24 hours. The geonid can also determine the number of creatures of each type, but not their identities."
					]
				}
			],
			"senseTags": [
				"D",
				"T"
			],
			"damageTags": [
				"B"
			],
			"miscTags": [
				"MW"
			],
			"hasToken": true,
			"hasFluff": true,
			"hasFluffImages": true
		},
		{
			"name": "Giant Slug",
			"source": "TTP",
			"page": 18,
			"size": "L",
			"type": "monstrosity",
			"alignment": [
				"U"
			],
			"ac": [
				{
					"ac": 13,
					"from": [
						"natural armor"
					]
				}
			],
			"hp": {
				"average": 66,
				"formula": "6d10 + 18"
			},
			"speed": {
				"walk": 10,
				"climb": 10
			},
			"str": 14,
			"dex": 13,
			"con": 16,
			"int": 1,
			"wis": 12,
			"cha": 5,
			"skill": {
				"perception": "+3"
			},
			"senses": [
				"darkvision 60 ft."
			],
			"passive": 13,
			"languages": [
				"Abyssal",
				"Aquan",
				"Common"
			],
			"cr": "3",
			"spellcasting": [
				{
					"name": "Innate Spellcasting",
					"headerEntries": [
						"The slug's innate spellcasting ability is Wisdom (spell save {@dc 11}, {@hit 3} to hit with spell attacks). It can innately cast the following spells, requiring no material components:"
					],
					"daily": {
						"1e": [
							"{@spell guiding bolt}",
							"{@spell sanctuary}",
							"{@spell spiritual weapon}"
						]
					},
					"ability": "wis"
				}
			],
			"trait": [
				{
					"name": "Keen Smell",
					"entries": [
						"The slug has advantage on Wisdom ({@skill Perception}) checks that rely on smell."
					]
				},
				{
					"name": "Spider Climb",
					"entries": [
						"The slug can climb difficult surfaces, including upside down on ceilings, without needing to make an ability check."
					]
				}
			],
			"action": [
				{
					"name": "Multiattack",
					"entries": [
						"The slug makes two attacks: one with its tentacles and one with its bite."
					]
				},
				{
					"name": "Tentacles",
					"entries": [
						"{@atk mw} {@hit 8} to hit, reach 10 ft., one creature. {@h}4 ({@damage 1d4 + 2}) poison damage, and the target must succeed on a {@dc 13} Constitution saving throw or be {@condition poisoned} for 1 minute. Until this poison ends, the target is {@condition paralyzed}. The target can repeat the saving throw at the end of each of its turns, ending the poison on itself on a success."
					]
				},
				{
					"name": "Bite",
					"entries": [
						"{@atk mw} {@hit 4} to hit, reach 5 ft., one target. {@h}7 ({@damage 2d4 + 2}) piercing damage."
					]
				}
			],
			"reaction": [
				{
					"name": "Animate Tentacle",
					"entries": [
						"When the slug takes damage in this cave ({@adventure Shrine of Umberlee|ttp|3|24. Shrine of Umberlee}), it can use its reaction to animate one of the tentacles of the kraken statue and cause it to   make a melee weapon attack ({@hit 3} to hit) against one creature within 20 feet of the statue that the slug can see. The tentacle deals 8 ({@damage 1d8 + 4}) bludgeoning damage on a hit."
					]
				}
			],
			"traitTags": [
				"Keen Senses",
				"Spider Climb"
			],
			"senseTags": [
				"D"
			],
			"actionTags": [
				"Multiattack",
				"Tentacles"
			],
			"languageTags": [
				"AB",
				"AQ",
				"C"
			],
			"damageTags": [
				"B",
				"I",
				"P"
			],
			"spellcastingTags": [
				"I"
			],
			"miscTags": [
				"MW",
				"RCH"
			],
			"hasToken": true,
			"conditionInflict": [
				"paralyzed",
				"poisoned"
			]
		},
		{
			"name": "Topi",
			"source": "TTP",
			"page": 22,
			"size": "S",
			"type": "undead",
			"alignment": [
				"C",
				"E"
			],
			"ac": [
				{
					"ac": 13,
					"from": [
						"natural armor"
					]
				}
			],
			"hp": {
				"average": 13,
				"formula": "3d6 + 3"
			},
			"speed": {
				"walk": 30
			},
			"str": 7,
			"dex": 15,
			"con": 12,
			"int": 6,
			"wis": 10,
			"cha": 5,
			"senses": [
				"darkvision 60 ft."
			],
			"passive": 10,
			"resist": [
				"bludgeoning"
			],
			"immune": [
				"poison"
			],
			"conditionImmune": [
				"poisoned"
			],
			"languages": [
				"understands the languages it knew in life but can't speak"
			],
			"cr": "1/2",
			"trait": [
				{
					"name": "Turn Resistance",
					"entries": [
						"The topi has advantage on saving throws against any effect that turns undead."
					]
				},
				{
					"name": "Undead Fortitude",
					"entries": [
						"If damage reduces the topi to 0 hit points, it must make a Constitution saving throw with a DC of 5+the damage taken, unless the damage is radiant or from a critical hit. On a success, the topi drops to 1 hit point instead."
					]
				}
			],
			"action": [
				{
					"name": "Venomous Claws",
					"entries": [
						"{@atk mw} {@hit 4} to hit, reach 5 ft., one target. {@h}4 ({@damage 1d4 + 2}) slashing damage plus 2 ({@damage 1d4}) poison damage, and the target must succeed on a {@dc 11} Constitution saving throw or be {@condition poisoned} until the end of the target's next turn."
					]
				}
			],
			"traitTags": [
				"Turn Resistance",
				"Undead Fortitude"
			],
			"senseTags": [
				"D"
			],
			"languageTags": [
				"CS",
				"LF"
			],
			"damageTags": [
				"I",
				"S"
			],
			"miscTags": [
				"MW"
			],
			"conditionInflict": [
				"poisoned"
			],
			"hasToken": true,
			"hasFluff": true,
			"hasFluffImages": true
		},
		{
			"name": "Two-Headed Plesiosaurus",
			"source": "TTP",
			"page": 18,
			"_copy": {
				"name": "Plesiosaurus",
				"source": "MM",
				"_mod": {
					"trait": [
						{
							"mode": "prependArr",
							"items": {
								"name": "Two Heads",
								"entries": [
									"The two-headed plesiosaurus has advantage on Wisdom ({@skill Perception}) checks and on saving throws against being {@condition blinded}, {@condition charmed}, {@condition deafened}, {@condition frightened}, {@condition stunned}, and knocked {@condition unconscious}."
								]
							}
						}
					],
					"action": [
						{
							"mode": "prependArr",
							"items": {
								"name": "Multiattack",
								"entries": [
									"The two-headed plesiosaurus makes two bite attacks."
								]
							}
						}
					]
				}
			},
			"hp": {
				"average": 100,
				"formula": "8d10 + 24"
			},
			"cr": "4",
			"actionTags": [
				"Multiattack"
			],
			"hasToken": true,
			"hasFluff": true,
			"hasFluffImages": true
		}
	]
}
