{
	"data": [
		{
			"type": "section",
			"name": "Note from the Author",
			"page": 2,
			"entries": [
				"To say this is a loosely constructed adventure may be an exaggeration of some degree. However, some patron saint of children requested a pdf of my adventure notes. So, here we are. I've use one version or another of this adventure to introduce people to the D&D experience as it has all the elements of a good game with very little ramp up time needed. The adventure structure is created in such a way to allow for as much or as little combat is desired. Encounters can be changed to suit a lvl1 campaign, and with a little imagination I imagine one could have fun altering it for a party in the high teens. Some nice paintings of Ancient Dragons and Neoliths may be in order.",
				"Have fun with it. Change, add, or remove monsters, items, and characters as you see fit.",
				"A special thanks to the wonderful donors of the Extra Life Charity and the Dungeons and Dragons Team. Together we can manage to do a little bit of good in this mind-flayer-run world.",
				{
					"type": "image",
					"href": {
						"type": "internal",
						"path": "adventure/TLK/001.webp"
					},
					"width": 1165,
					"height": 1190
				},
				{
					"type": "section",
					"name": "Wizard of Weirding",
					"page": 3,
					"entries": [
						{
							"type": "entries",
							"entries": [
								{
									"type": "entries",
									"name": "Mind Flayer Alhoon",
									"page": 3,
									"entries": [
										{
											"type": "image",
											"href": {
												"type": "internal",
												"path": "adventure/TLK/002.webp"
											},
											"width": 723,
											"height": 807
										},
										"The Wizard Weirding is a mind flayer alhoon in disguise. It uses disguise self to appear as a male human wizard named Weirding. Long ago, it left the hive in search of power and immortality through magic. To blend in with the general population of Faerûn, the alhoon married a human woman and adopted her child as his own. Over time, the alhoon was discovered by his wife, and was forced to eat her brain. Currently the alhoon runs the outpost of Weirding where he mines the local mountains for minerals to fund his research. The Wizard Weirding uses the people of Weirding as the subjects of his mind experiments.",
										"The Wizard Weirding will attempt to capture new and interesting adventurers and either devour their brains, or preform experiments on them. If confronted violently the Wizard Weirding will attack the party and use the mind controlled population of the outpost to prevent anyone from escaping.",
										"The {@creature alhoon|VGM|mind flayer alhoon} stat block can be found in Volo's Guide to Monsters."
									],
									"id": "003"
								}
							],
							"id": "002"
						}
					],
					"id": "001"
				},
				{
					"type": "section",
					"name": "Mez Kara",
					"page": 3,
					"entries": [
						{
							"type": "entries",
							"entries": [
								{
									"type": "entries",
									"name": "Sun Elf Apprentice",
									"page": 3,
									"entries": [
										{
											"type": "image",
											"href": {
												"type": "internal",
												"path": "adventure/TLK/003.webp"
											},
											"width": 671,
											"height": 748
										},
										"Mez Kara is an elven {@creature apprentice wizard|VGM|apprentice} to the Wizard Weirding. In reality, she is one of his mind controlled thralls. She doesn't know the wizard is an alhoon, but she knows he has granted her power.",
										"She serves him willingly and is always looking for ways to please him. She will find powerful adventurers of great interest and convince them to stay at the manor house and meet the Wizard Weirding himself.",
										"The apprentice stat block can be found in Volo's Guide to Monsters. Additionally, Mez Kara can cast friendship and charm person at Level 1."
									],
									"id": "006"
								}
							],
							"id": "005"
						}
					],
					"id": "004"
				},
				{
					"type": "section",
					"name": "Gregor Forskog",
					"page": 4,
					"entries": [
						{
							"type": "entries",
							"entries": [
								{
									"type": "entries",
									"name": "Thug and Bookie",
									"page": 4,
									"entries": [
										{
											"type": "image",
											"href": {
												"type": "internal",
												"path": "adventure/TLK/005.webp"
											},
											"width": 649,
											"height": 698
										},
										"Gregor is a miner and bookie. He and his gang take bets from the locals on just about everything. Currently, he is getting ready to make an example of Gnator Gnimmcap for not paying his debts by feeding Gnator's fingers to his lizard folk thug.",
										"Gregor's gang consists of himself, a male lizard folk named Tooth, and a female goliath barbarian named Cat Keeper. Tooth can be distracted by tasty meats. Cat keeper has a weakness for cats. Otherwise they are brutes that will do anything Gregor asks of them. Gregor dreams of being part of a proper gang like the Zhentarim.",
										"Use the {@creature bandit captain} and {@creature bandit} stats found in the Monster Manual for Gregor and his gang."
									],
									"id": "009"
								}
							],
							"id": "008"
						}
					],
					"id": "007"
				},
				{
					"type": "section",
					"name": "Gnator Gnimmcap",
					"page": 4,
					"entries": [
						{
							"type": "entries",
							"entries": [
								{
									"type": "entries",
									"name": "Grounds Keeper",
									"entries": [
										{
											"type": "image",
											"href": {
												"type": "internal",
												"path": "adventure/TLK/010.webp"
											},
											"width": 442,
											"height": 534
										},
										"Gnator Gnimmcap is the grounds keeper at the Weirding mansion. He has taken to drinking and gambling in order to escape the nightmares brought on by the experimentation of the Wizard Weirding. He has acquired a sizable debt to the bookie Gregor Forskog and is overdue in his payments.",
										"Gantor Gnimmcap told Cawkrin Jones how to get into the mansion through the cellar in exchange for a 30 gold pieces (which he has now gambled away). In exchange for helping with his gambling debts, Gnator will gladly help adventurers, as long as it doesn't put him in danger."
									],
									"id": "00c"
								}
							],
							"id": "00b"
						}
					],
					"id": "00a"
				},
				{
					"type": "section",
					"name": "Tonk Hammertoes",
					"page": 4,
					"entries": [
						{
							"type": "entries",
							"entries": [
								{
									"type": "entries",
									"name": "Bartender",
									"page": 4,
									"entries": [
										{
											"type": "image",
											"href": {
												"type": "internal",
												"path": "adventure/TLK/004.webp"
											},
											"width": 604,
											"height": 555
										},
										"Tonk Hammertoes is the bartender and owner of Bucket's Bottom. Tonk has been experimented on a little too much. He is short on words and intelligence. He will gladly serve ale, but getting useful information out of him is difficult. He has seen a Kenku, but when, where, and who the Kenku was exactly escapes his memory."
									],
									"id": "00f"
								}
							],
							"id": "00e"
						}
					],
					"id": "00d"
				},
				{
					"type": "section",
					"name": "Celest Weirding",
					"page": 5,
					"entries": [
						{
							"type": "entries",
							"entries": [
								{
									"type": "entries",
									"name": "Daughter of the Wizard Weirding",
									"entries": [
										{
											"type": "image",
											"href": {
												"type": "internal",
												"path": "adventure/TLK/006.webp"
											},
											"width": 629,
											"height": 678
										},
										"Celest refuses to speak with her father and spends most of her time in her room crying. She is desperate to escape and will bargain with the players if she is convinced they will help her.",
										"Celeste is the step daughter of the Wizard Weirding. She wants to leave the the manor and the village to explore the world on her own. Her dream is to visit the great city of Waterdeep with her boyfriend, Dicky Whit. Three nights ago Dicky helped her escape through her window, but they were caught by her father. She hasn't seen Dicky since and worries that her father has scared him off. She can't escape on her own due to the {@creature kamadan|ToA}",
										"roaming the grounds. Celest also sufferers from chronic headaches as a result of the experiments her father does on her. Celest is unaware of the experiments performed, but a perception {@dc 15} can see that Celest wears a wig. If the wig is removed scars in an arcane pattern can be seen etched all over her scalp.",
										"Unlike the many of his other experiments, wizard weirding has been trying to alter his daughters brain to become a powerful psionicist.",
										"Celest can cast Mind Blast once a day."
									],
									"id": "012"
								}
							],
							"id": "011"
						}
					],
					"id": "010"
				},
				{
					"type": "section",
					"name": "Cawkrin Jones",
					"page": 5,
					"entries": [
						{
							"type": "entries",
							"entries": [
								{
									"type": "entries",
									"name": "The Lost Kenku",
									"page": 5,
									"entries": [
										{
											"type": "image",
											"href": {
												"type": "internal",
												"path": "adventure/TLK/007.webp"
											},
											"width": 665,
											"height": 712
										},
										"Cawkrin is currently trapped in an enchanted painting in the Wizard's Study. When he touched one of the Glass Cases, he was magically transported into the painting. Cawkrin is a Kenku and thief. If released, he will help the party in whatever way possible. He does not know Weirding's secret.",
										"Use the {@creature master thief|VGM} stat block from Volos Guide To Monsters for Cawkrin's stats."
									],
									"id": "015"
								}
							],
							"id": "014"
						}
					],
					"id": "013"
				},
				{
					"type": "section",
					"name": "The Outpost of Weirding",
					"page": 6,
					"entries": [
						"Weirding is a small village outpost protected by tall 12' stone walls. The village consists of a small residential district, mining district, small commercial district, and the Manor of Weirding. Most of the population of Weirding has been subject to the Wizard's experimentation and will become thralls at his mental command. The signs of the experimentation can sometimes be seen ({@skill Perception} {@dc 17} or higher) as small scars around the temples and scalp.",
						{
							"type": "entries",
							"name": "Residential District",
							"page": 6,
							"entries": [
								"A handful of single family homes, small gardens, and small to medium sized livestock."
							],
							"id": "017"
						},
						{
							"type": "entries",
							"name": "Mining District",
							"page": 6,
							"entries": [
								"This area consists of mining barracks, equipment sheds, blacksmiths, and a large warehouse where minerals are stored.",
								"Players will encounter miners coming and going from the mines.",
								{
									"type": "entries",
									"name": "What the Miners Know",
									"page": 6,
									"entries": [
										"Weirding pays well for six month contracts, after which they get to return to their homeland.",
										{
											"type": "list",
											"items": [
												"The mountain behind the village is rich with gemstones and gold.",
												"There are occasional adventurers or traders that pass through.",
												"They have not seen a Kenku.",
												"Most recommend going to the tavern if the party wants to hear rumors."
											]
										},
										"Equipment such as rope, shovels, pickaxes, and torches may be found in the equipment sheds."
									],
									"id": "019"
								}
							],
							"id": "018"
						},
						{
							"type": "entries",
							"name": "Commercial District",
							"page": 6,
							"entries": [
								"Local trade is done in the commercial District. The largest building in the commercial district is the tavern inn, Bucket's Bottom. Other areas are a sundrie shop, general store, and butcher's shop.",
								{
									"type": "entries",
									"name": "Further Exploration",
									"page": 6,
									"entries": [
										{
											"type": "list",
											"style": "list-hang-notitle",
											"items": [
												{
													"type": "item",
													"name": "Sundrie Shop:",
													"entry": "Ballick's Goods run by Ballick the Gnome. Ballick sells various sundries and general goods. If asked, Ballick will inform the party that a kenku came through five days ago and bought his entire stock of sunflower seeds. The party would know that Cawkrin Jones had a weakness for sunflower seeds."
												},
												{
													"type": "item",
													"name": "Butcher Shop:",
													"entry": "Nard's Meat Shop, ran by Nard, a female human, who sells various meats. Most meats are from various dinosaurs. A kenku came through five days ago and bought three raw dino-steaks. (Cawkrin later used the stakes to distract the Kamadan patrolling the Manor lawn.)"
												},
												{
													"type": "item",
													"name": "Tavern:",
													"entries": [
														"The Bucket's Bottom is always busy, no matter the time of day. The large tavern is filled with locals relaxing and working off steam from a long day (or nights) at the mine. There is also a small boxing/wrestling ring in the tavern where the locals gamble on fights between boxers. While there are plenty of characters about, a few jump out to the party:",
														{
															"type": "list",
															"style": "list-hang-notitle",
															"items": [
																{
																	"type": "item",
																	"name": "Mez Kara",
																	"entry": "drinking wine at a quiet corner table. Silently watching the patrons of the tavern.",
																	"nameDot": false
																},
																{
																	"type": "item",
																	"name": "Gnator Gnimmcap",
																	"entry": "looking worried and anxious as the fight he is gambling on seems not be going his way.",
																	"nameDot": false
																},
																{
																	"type": "item",
																	"name": "Gregor Forskog",
																	"entry": "and his thugs are taking bets and collecting debts among the crowd around the fighting ring. Very soon he will confront Gnator about paying his debts.",
																	"nameDot": false
																},
																{
																	"type": "item",
																	"name": "Tonk Hammertoes,",
																	"entry": "strange and oddly distant, quietly tends bar."
																}
															]
														}
													]
												}
											]
										}
									],
									"id": "01b"
								}
							],
							"id": "01a"
						}
					],
					"id": "016"
				},
				{
					"type": "section",
					"name": "Manor Of Weirding",
					"entries": [
						"The Manor of Weirding is a large, three story stone manor located on a hill near the back of the village. A stone wall 10 feet in height surrounds the Manor. A large iron gate acts as the only access through the wall. It is guarded by four humanoid guards. The stone walls are covered in vines that have bright yellow blossoms that glow in the dark.",
						{
							"type": "entries",
							"entries": [
								{
									"type": "entries",
									"name": "The Vines",
									"page": 6,
									"entries": [
										"The vines have thorns and are poisonous. If pricked, an adventurer will take {@damage 1d4} poison damage. A character can scale the wall and avoid the vines if they make a Dexterity check of DC15."
									],
									"id": "01e"
								},
								{
									"type": "entries",
									"name": "The Gate",
									"page": 6,
									"entries": [
										"The Large Iron gate is closed. It is guarded by four Guards that will refuse entry unless escorted by the apprentice Mez or the grounds keeper Gnator Gnimmcap. Use the Guard Stat Block in the Monster Manual."
									],
									"id": "01f"
								},
								{
									"type": "entries",
									"name": "The Yard",
									"page": 6,
									"entries": [
										"A small yard consisting of dirt, grass, and the occasion flower seperates the main manor house from the sturrounding wall. Three trained Kamadan roam the yard, guarding against intruders. Use Kamadan stat block in Tomb of Annihilation."
									],
									"id": "020"
								}
							],
							"id": "01d"
						},
						{
							"type": "entries",
							"name": "Entrances into the Manor",
							"page": 6,
							"entries": [
								"The main entrance to the manor is a large set of double doors made of solid wood. They are shut and locked in the evening and night. The door can be broken open with a Strength check of {@dc 18}. The lock can be picked with a {@skill Sleight of Hand} check of {@dc 17}. Entry through the Front Doors leads to the Foyer.",
								"The cellar doors are located at the rear of the Manor, and lead to the cellar below the manor. A strength check of {@dc 16} can break them open. {@skill Sleight of Hand} {@dc 13} check will pick the lock. The cellar doors lead to the Cellar.",
								"Windows to various rooms can be seen on the mansion. Most of them are protected with iron grates. The Iron grates are attached directly into the iron window frame and cannot be opened or removed without the use of force (or a hack saw). A {@dc 24} Strength check is required to remove the iron window grates. One window's iron grates are bent open, leading to Celest Weirding's Room."
							],
							"id": "021"
						}
					],
					"id": "01c"
				},
				{
					"type": "section",
					"name": "Manor Rooms",
					"page": 7,
					"entries": [
						{
							"type": "entries",
							"name": "1st Floor",
							"page": 7,
							"entries": [
								{
									"type": "entries",
									"name": "Foyer",
									"page": 7,
									"entries": [
										"The foyer is ornately decorated with a large painting of the Wizard Weirding looking off to the side, hand raised, beginning to cast a spell. Around him are white daisies and bunny rabbits. The floor is an abstract mosaic pattern made of gray and orange stones. A small bench is located outside the door to sit on and remove one's shoes which is required if characters are invited in by someone from the manor. Halls lead to the left (west) and right (east), with a grand stair case leading up to a second-floor landing."
									],
									"id": "024"
								},
								{
									"type": "entries",
									"name": "The West Hall",
									"page": 7,
									"entries": [
										"The west hall has one door leading to the Washroom and the hallway ends with an entrance to the Dining Hall."
									],
									"id": "025"
								},
								{
									"type": "entries",
									"name": "West Hall - Wash Room",
									"page": 7,
									"entries": [
										"A small tiled room. A small pedestal filled with water. A mirror. An enchanted porcelain toilet/bidet. Anything dropped into the bowl is plane shifted to a random plane."
									],
									"id": "026"
								},
								{
									"type": "entries",
									"name": "West Hall - Dining Hall",
									"page": 7,
									"entries": [
										"The dining hall is a long room with an oversized dining table long enough to seat six on each side. Above the table is a large crystal chandelier. As well as an exit to the west hall, there is a door leading to the Kitchen and Servant's Landing"
									],
									"id": "027"
								},
								{
									"type": "entries",
									"name": "Servants' Landing",
									"page": 7,
									"entries": [
										"Past the dining hall is a large door leading to a small room connecting to the kitchen, stairs to the cellar, and servant stairs to the second floor."
									],
									"id": "028"
								},
								{
									"type": "entries",
									"name": "Kitchen",
									"page": 7,
									"entries": [
										"Large, well stocked kitchen. Wood stoves and ovens. Full pantry."
									],
									"id": "029"
								},
								{
									"type": "entries",
									"name": "The East Hall",
									"page": 7,
									"entries": [
										"The east hall has a door leading to the Library, and ends with an entrance to the Parlor."
									],
									"id": "02a"
								},
								{
									"type": "entries",
									"name": "East Hall - Library",
									"page": 7,
									"entries": [
										"A large room with books lining the walls. A set of comfortable reading chairs, and a nice fire place. Upon investigation, the library is filled with mundane books. Examples include; Lord of the Earrings, The Sword of Sahara, Shame of the Wind, The Dark Flower, and The Wheel of Thyme, A Story of Herbs and Other Flavors."
									],
									"id": "02b"
								},
								{
									"type": "entries",
									"name": "East Hall - Parlor",
									"page": 7,
									"entries": [
										"A cozy room, with a view of the topiary garden from large picture windows. Candles decorate shelves along with small animal figurines. Five overstuffed chairs surround a large fireplace. A large harp stands in the corner."
									],
									"id": "02c"
								}
							],
							"id": "023"
						},
						{
							"type": "entries",
							"name": "2nd Floor",
							"entries": [
								{
									"type": "entries",
									"name": "East Hall - Guest Rooms",
									"page": 7,
									"entries": [
										"Four guest rooms, each with a bed, chest of drawers, and vanity can be accessed via the East Hall."
									],
									"id": "02e"
								},
								{
									"type": "entries",
									"name": "East Hall - Wash Room",
									"page": 7,
									"entries": [
										"A small tiled room. A small pedestal filled with water. A mirror. An enchanted Copper Tub that heats water inside. An enchanted porcelain toilet/bidet. Anything dropped into the bowl is plane shifted to a random plane."
									],
									"id": "02f"
								},
								{
									"type": "entries",
									"name": "West Hall - Servants Quarters",
									"page": 7,
									"entries": [
										"Four rooms housing the chef, maid, and grounds keeper can be accessed via the West Hall. The West Hall ends with an entrance to the servants landing."
									],
									"id": "030"
								},
								{
									"type": "entries",
									"name": "West Hall - Servants Landing",
									"page": 7,
									"entries": [
										"At the end of the west hall there is a landing with servant stairs leading down to the servants landing on the first floor."
									],
									"id": "031"
								},
								{
									"type": "entries",
									"name": "Second Floor Landing",
									"page": 7,
									"entries": [
										"In the middle of the second floor is a main landing with stairs leading to the first floor Foyer and stairs leading to the Third Floor Landing."
									],
									"id": "032"
								}
							],
							"id": "02d"
						},
						{
							"type": "entries",
							"name": "3rd Floor",
							"page": 7,
							"entries": [
								{
									"type": "entries",
									"name": "Gallery Hall",
									"page": 7,
									"entries": [
										"Large life-like paintings fill the Hall. Each depicting different monsters. The Paintings include: a flail snail, a girallon, a chuul, flame skull, and a minotaur.",
										"The paintings are magical, and act as a last resort security system. The Wizard Weirding may trigger the paintings to release the monsters at will. If the painting's frame is broken, or dispelled, their contents will be released. Doors line the Gallery hall leading to the Wizard's Study Lab, Celest's Room, Weirding's Room, and Wizard's Study Library."
									],
									"id": "034"
								},
								{
									"type": "entries",
									"name": "Wizard's Study Lab",
									"page": 7,
									"entries": [
										"An all-stone room with a drain in the middle. Upon the walls are various bodies. Their skin peel back exposing layers of muscle, organs, and bone. Each meticulously labeled. Each body's head has a small round hole located at the top of the skull. Bodies include: a bug bear, a goblin, a male human, and a mind flayer. The male human is still dripping blood. A shelf filled with organs in jars. One of the shelves is a fomorian eye that will curse anyone it sees with the \"Evil Eye\" (the description of the Evil Eye can be found in the {@creature fomorian} entry in the Monster Manual)."
									],
									"id": "035"
								},
								{
									"type": "entries",
									"name": "Celest's Room",
									"page": 7,
									"entries": [
										"Celest Weirding is crying in the room, upset that her father does not let her leave and keeps her trapped in the Village Weirding. The window to Celest's room has the Iron bars bent forward from a previous attempt at escape."
									],
									"id": "036"
								},
								{
									"type": "entries",
									"name": "Weirding's Room",
									"page": 8,
									"entries": [
										"The room contains a bed, and wardrobe filled with robes. One of the robes is a Robe of Stars. On a shelf next to the bed is a of Ring Invisibility.",
										"The Robe of Stars and Ring of Invisibility descriptions can be found in the Dungeon Masters Guide."
									],
									"id": "037"
								},
								{
									"type": "entries",
									"name": "Wizard's Study Library",
									"page": 8,
									"entries": [
										"A small room with a lectern in the center. Three locked glass cases line the walls, each filled with books and various items. On the back wall is a painting of the Study Library with everything identical to what the players see, except a Kenku, Cawkrin Jones, is depicted crouched down in front of one of the glass cases. The doorway to the room is magical. Any item taken through the door way will trigger the spell {@spell Alarm}.",
										"The glass cases can be opened by picking the locks ({@dc 15}) or breaking the glass. If the lock pick fails or the glass is touched by anyone but the Wizard Weirding, the player attempting to open the case will be magically teleported into the painting in the room and appear next to the kenku, Cawkrin Jones."
									],
									"id": "038"
								},
								{
									"type": "entries",
									"name": "Items of Interest",
									"page": 8,
									"entries": [
										{
											"type": "list",
											"items": [
												"The painting is a magical prison triggered by anyone trying to break into the glass cases. The painting can be disenchanted or disabled by destroying the frame of the painting. Doing so will also release the inhabitants of the painting. An investigation check of {@dc 14} will uncover magical runes etched into the frame of the painting.",
												"The Book: Brain Dead, a Psionic's Guide to Necromancy can be found in one of the locked Glass Cases.",
												"A Deck of Many Things can be found in one of the locked glass cases (see \"Deck of Many Things\", page 162 of the Dungeon Masters Guide)",
												"A Scroll of Fireball can be found in one of the locked glass cases.",
												"A Potion of Greater Healing can be found in one of the locked glass cases."
											]
										}
									],
									"id": "039"
								}
							],
							"id": "033"
						},
						{
							"type": "entries",
							"name": "Cellar",
							"page": 8,
							"entries": [
								"A large stone-lined cellar spans the manor. Inside the cellar are rows of wine racks. Near the back of the cellar are iron cages, all empty save one which contains a kobold named Quinn Quinn.",
								"The walls of the cellar look different than that of the manor. Some still have old hieroglyphs depicting Chultan dwarves. A history check of {@dc 14} will reveal that the manor was built on a much older foundation. Along one of the walls there is wine rack that is out of line with the rest in the cellar. Pushing it aside reveals a secret passage that leads outside, opening behind the Bucket's Bottom.",
								"Mez Kara may also be in the cellar preparing to bring up Quinn Quinn for experimentation."
							],
							"id": "03a"
						},
						{
							"type": "entries",
							"name": "Encounters of Manor Weirding",
							"page": 8,
							"entries": [
								"The players may run into one of the servants of the Manor Weirding during any exploration. The servants all suffer one form of disability or another from the wizard's overzealous experimentation. Examples include: constantly drooling, seeming half asleep, zombie-like behavior, high paranoia, and the inability to control the volume of their voice.",
								"Celeste can only be encountered in her room, but may choose to follow the party in order to escape. The Wizard Weirding does not sleep or eat (anything but brains) and often wanders the mansion. If the players see him and the Wizard is unaware of their presence, he will be levitating in the manner of a mind flayer rather than walking. If an alarm of any kind is raised, the Wizard will show up.",
								{
									"type": "entries",
									"name": "Nut Puncher Quinn Quinn",
									"page": 8,
									"entries": [
										{
											"type": "image",
											"href": {
												"type": "internal",
												"path": "adventure/TLK/008.webp"
											},
											"width": 549,
											"height": 650
										},
										"{@creature Kobold} who specializes in punching folks in the nuts. He is covered in dragon feces. If released from his iron cage Quinn Quinn will attempt to punch any male in the gonads while screaming, \"I'm Nut Puncher Quinn Quinn!\" and then run away."
									],
									"id": "03c"
								},
								{
									"type": "inset",
									"name": "Author's Note",
									"page": 8,
									"entries": [
										"Remember, this was a charity game. I did it for the kids."
									],
									"id": "03d"
								}
							],
							"id": "03b"
						}
					],
					"id": "022"
				},
				{
					"type": "image",
					"href": {
						"type": "internal",
						"path": "adventure/TLK/009.webp"
					},
					"width": 1153,
					"height": 1503
				}
			],
			"id": "000"
		},
		{
			"type": "section",
			"name": "Credits",
			"entries": [
				{
					"type": "list",
					"style": "list-hang-notitle",
					"items": [
						"{@b Illustrated and Written By} Shawn Wood"
					]
				}
			],
			"id": "03e"
		}
	]
}
