{
	"_meta": {
		"dependencies": {
			"monster": [
				"MM"
			]
		},
		"otherSources": {
			"monster": {
				"NRH-TCMC": "NRH-AWoL",
				"MM": "NRH-AWoL"
			}
		}
	},
	"monster": [
		{
			"name": "Szikzith",
			"isNpc": true,
			"isNamedCreature": true,
			"source": "NRH-AWoL",
			"page": 6,
			"_copy": {
				"name": "Giant Wolf Spider",
				"source": "MM",
				"_mod": {
					"*": {
						"mode": "replaceTxt",
						"replace": "the spider",
						"with": "Szikzith",
						"flags": "i"
					}
				}
			},
			"int": 8,
			"hasToken": true
		}
	]
}
