{
	"monster": [
		{
			"name": "Dirt-Under-Nails",
			"isNpc": true,
			"isNamedCreature": true,
			"source": "RtG",
			"page": 32,
			"size": [
				"M"
			],
			"type": "plant",
			"alignment": [
				"N",
				"E"
			],
			"ac": [
				12
			],
			"hp": {
				"average": 78,
				"formula": "12d8 + 24"
			},
			"speed": {
				"walk": 30
			},
			"str": 10,
			"dex": 14,
			"con": 15,
			"int": 12,
			"wis": 12,
			"cha": 18,
			"save": {
				"wis": "+4",
				"cha": "+7"
			},
			"skill": {
				"arcana": "+4",
				"deception": "+7",
				"persuasion": "+7",
				"religion": "+4"
			},
			"senses": [
				"darkvision 60 ft."
			],
			"passive": 11,
			"resist": [
				{
					"resist": [
						"bludgeoning",
						"piercing",
						"slashing"
					],
					"note": "from nonmagical attacks that aren't silvered",
					"cond": true
				}
			],
			"immune": [
				"poison"
			],
			"vulnerable": [
				"fire"
			],
			"conditionImmune": [
				"poisoned"
			],
			"languages": [
				"telepathy 60 ft."
			],
			"cr": "7",
			"spellcasting": [
				{
					"name": "Innate Spellcasting",
					"headerEntries": [
						"The warlock's innate spellcasting ability is Charisma. It can innately cast the following spells (spell save {@dc 15}), requiring no material components:"
					],
					"will": [
						"{@spell alter self}",
						"{@spell false life}",
						"{@spell levitate} (self only)",
						"{@spell mage armor} (self only)",
						"{@spell silent image}"
					],
					"daily": {
						"1e": [
							"{@spell feeblemind}",
							"{@spell finger of death}",
							"{@spell plane shift}"
						]
					},
					"ability": "cha"
				},
				{
					"name": "Spellcasting",
					"headerEntries": [
						"Dirt-Under-Nails is a 17th level spellcaster. His spellcasting ability is Charisma (spell save {@dc 17}, {@hit 9} to hit with spell attacks). He regains his expended spell slots when he finishes a short or long rest. He knows the following warlock spells:"
					],
					"spells": {
						"0": {
							"spells": [
								"{@spell chill touch}",
								"{@spell eldritch blast}",
								"{@spell friends}",
								"{@spell mage hand}",
								"{@spell minor illusion}",
								"{@spell prestidigitation}",
								"{@spell shocking grasp}"
							]
						},
						"5": {
							"lower": 1,
							"slots": 4,
							"spells": [
								"{@spell armor of Agathys}",
								"{@spell banishment}",
								"{@spell burning hands}",
								"{@spell cloudkill}",
								"{@spell flame strike}",
								"{@spell magic circle}",
								"{@spell scorching ray}",
								"{@spell scrying}",
								"{@spell stinking cloud}",
								"{@spell suggestion}"
							]
						}
					},
					"ability": "cha"
				}
			],
			"trait": [
				{
					"name": "Dark One's Own Luck (Recharges after a Short or Long Rest)",
					"entries": [
						"When the warlock makes an ability check or saving throw, it can add a {@dice d10} to the roll. It can do this after the roll is made but before any of the roll's effects occur."
					]
				},
				{
					"name": "Regeneration",
					"entries": [
						"Dirt-Under-Nails regains 10 hit points at the start of his turn if he is in contact with the ground. If Dirt-Under-Nails takes fire damage, this trait doesn't function at the start of his next turn. Dirt-Under-Nails dies only if he starts his turn with 0 hit points and doesn't regenerate."
					]
				},
				{
					"name": "Shared Senses",
					"entries": [
						"Dirt-Under-Nails can see and hear what any plant within 120 ft can see and hear. In addition, Dirt-Under- Nails can communicate telepathically with any plant within this range."
					]
				},
				{
					"name": "Special Equipment (+2 Rod of the Pact Keeper)",
					"entries": [
						"While holding this {@item +2 Rod of the Pact Keeper||rod}, Dirt-Under-Nails gains a +2 bonus to spell attack rolls and to the saving throw DCs of his warlock spells (included in modifications, below). In addition, he can regain 1 warlock spell slot as an action while holding the rod. He can't use this property again until he finishes a long rest."
					]
				},
				{
					"name": "Tree Stride",
					"entries": [
						"Once on each of its turns, Dirt-Under-Nails can use 10 feet of his movement to step magically into one copse of mushrooms within 5 feet of him and emerge from a second copse of mushrooms within 60 feet of it, appearing in an unoccupied space within 5 feet of the second copse. Both copses of mushrooms must be Large or bigger. Dirt-Under-Nails doesn't need to be able to see the second copse to use this ability."
					]
				}
			],
			"action": [
				{
					"name": "Mace",
					"entries": [
						"{@atk mw} {@hit 3} to hit, reach 5 ft., one target. {@h}3 ({@damage 1d6}) bludgeoning damage plus 10 ({@damage 3d6}) fire damage."
					]
				}
			],
			"attachedItems": [
				"mace|phb"
			],
			"traitTags": [
				"Regeneration",
				"Tree Stride"
			],
			"senseTags": [
				"D"
			],
			"languageTags": [
				"TP"
			],
			"damageTags": [
				"B",
				"F"
			],
			"damageTagsSpell": [
				"B",
				"C",
				"F",
				"I",
				"L",
				"N",
				"O",
				"P",
				"R",
				"S",
				"Y"
			],
			"spellcastingTags": [
				"CL",
				"I"
			],
			"miscTags": [
				"MW"
			],
			"conditionInflictSpell": [
				"incapacitated"
			],
			"savingThrowForcedSpell": [
				"charisma",
				"constitution",
				"dexterity",
				"intelligence",
				"wisdom"
			],
			"hasToken": true
		},
		{
			"name": "Rotter",
			"source": "RtG",
			"page": 34,
			"size": [
				"M"
			],
			"type": "construct",
			"alignment": [
				"U"
			],
			"ac": [
				{
					"ac": 18,
					"from": [
						"natural armor",
						"{@item shield|PHB}"
					]
				}
			],
			"hp": {
				"average": 75,
				"formula": "10d8 + 30"
			},
			"speed": {
				"walk": 30,
				"climb": 30
			},
			"str": 18,
			"dex": 12,
			"con": 16,
			"int": 10,
			"wis": 13,
			"cha": 8,
			"skill": {
				"athletics": "+7",
				"perception": "+4",
				"stealth": "+4"
			},
			"senses": [
				"darkvision 60 ft."
			],
			"passive": 14,
			"resist": [
				"bludgeoning",
				"piercing"
			],
			"immune": [
				"poison"
			],
			"vulnerable": [
				"fire"
			],
			"conditionImmune": [
				"charmed",
				"frightened",
				"poisoned"
			],
			"languages": [
				"telepathy 60 ft."
			],
			"cr": "5",
			"trait": [
				{
					"name": "Magic Club",
					"entries": [
						"In the rotter's hand, its club is magical and deals 7 ({@damage 3d4}) extra damage (included in its attacks)."
					]
				},
				{
					"name": "Plant Camouflage",
					"entries": [
						"The rotter has advantage on Dexterity (Stealth) checks it makes in terrain with ample obscuring plant life."
					]
				},
				{
					"name": "Regeneration",
					"entries": [
						"The rotter regains 10 hit points at the start of its turn if it is in contact with the ground. If the rotter takes fire damage, this trait doesn't function at the start of the rotter's next turn. The rotter dies only if it starts its turn with 0 hit points and doesn't regenerate."
					]
				},
				{
					"name": "Shared Senses",
					"entries": [
						"The rotter can see and hear what any plant within 120 ft can see and hear. In addition, the rotter can communicate telepathically with any plant within this range."
					]
				},
				{
					"name": "Tree Stride",
					"entries": [
						"Once on each of its turns, the rotter can use 10 feet of its movement to step magically into one copse of mushrooms within 5 feet of it and emerge from a second copse of mushrooms within 60 feet of it, appearing in an unoccupied space within 5 feet of the second copse. Both copses of mushrooms must be Large or bigger. The rotter doesn't need to be able to see the second copse to use this ability."
					]
				}
			],
			"action": [
				{
					"name": "Multiattack",
					"entries": [
						"The rotter makes two attacks with its club."
					]
				},
				{
					"name": "Club",
					"entries": [
						"{@atk mw} {@hit 7} to hit, reach 5 ft., one target. {@h}14 ({@damage 4d4 + 4}) bludgeoning damage."
					]
				}
			],
			"attachedItems": [
				"club|phb"
			],
			"traitTags": [
				"Regeneration",
				"Tree Stride"
			],
			"senseTags": [
				"D"
			],
			"actionTags": [
				"Multiattack"
			],
			"languageTags": [
				"TP"
			],
			"damageTags": [
				"B"
			],
			"miscTags": [
				"MW"
			],
			"hasToken": true
		}
	]
}
