{
	"monster": [
		{
			"name": "Coral",
			"isNamedCreature": true,
			"source": "MisMV1",
			"page": 4,
			"size": [
				"L"
			],
			"type": "fey",
			"alignment": [
				"C",
				"G"
			],
			"ac": [
				{
					"ac": 17,
					"from": [
						"natural armor"
					]
				}
			],
			"hp": {
				"average": 135,
				"formula": "18d10 + 36"
			},
			"speed": {
				"walk": 10,
				"fly": 60,
				"swim": 60
			},
			"str": 20,
			"dex": 13,
			"con": 15,
			"int": 14,
			"wis": 18,
			"cha": 19,
			"save": {
				"dex": "+5",
				"con": "+6",
				"wis": "+8",
				"cha": "+8"
			},
			"skill": {
				"arcana": "+6",
				"insight": "+8",
				"perception": "+8"
			},
			"senses": [
				"blindsight 60 ft."
			],
			"passive": 18,
			"immune": [
				"poison"
			],
			"conditionImmune": [
				"poisoned"
			],
			"languages": [
				"Common",
				"Primordial",
				"Sylvan"
			],
			"cr": "9",
			"trait": [
				{
					"name": "Magic Resistance",
					"entries": [
						"Coral has advantage on saving throws against spells and other magical effects."
					]
				}
			],
			"action": [
				{
					"name": "Multiattack",
					"entries": [
						"Coral makes two Hoof attacks and uses Tail Thump."
					]
				},
				{
					"name": "Hoof",
					"entries": [
						"{@atk mw} {@hit 9} to hit, reach 5 ft., one target. {@h}12 ({@damage 2d6 + 5}) bludgeoning damage."
					]
				},
				{
					"name": "Tail Thump",
					"entries": [
						"Coral slams her tail down, unleashing a burst of magical force toward one creature she can see within 60 feet of her. The target must make a {@dc 16} Dexterity saving throw. On a failed save, the target takes 22 ({@damage 4d10}) force damage and has the {@condition prone} condition. On a successful save, the target takes half as much damage only. If this damage reduces the target to 0 hit points, the target dies, and its body is reduced to fine dust."
					]
				}
			],
			"bonus": [
				{
					"name": "Bubbles of Whimsy (2/Day)",
					"entries": [
						"Coral produces a stream of magical bubbles from her horn. These bubbles float toward a creature Coral can see within 60 feet of herself. Roll a {@dice d6} to determine the bubbles' effect:",
						{
							"type": "list",
							"items": [
								{
									"name": "1-2: Bolstering Treat",
									"type": "item",
									"entries": [
										"The bubbles transform into {@dice 1d4} cookies that appear in the target's space. The target gains 11 ({@dice 2d8 + 2}) temporary hit points if it immediately uses its reaction to eat one of the cookies. Any leftover cookies are delicious but confer no benefits."
									]
								},
								{
									"name": "3-4: Sparkle Burst",
									"type": "item",
									"entries": [
										"The bubbles transform into glitter that swirls around the target before bursting outward. Each creature within 5 feet of the target must succeed on a {@dc 16} Constitution saving throw or have the {@condition blinded} condition until the start of Coral's next turn."
									]
								},
								{
									"name": "5-6: Stink Bomb Shield",
									"type": "item",
									"entries": [
										"The bubbles transform into a foul-smelling cloud of gas that surrounds and shields the target. The target has {@quickref Cover||3||half cover} until the gas disappears at the start of Coral's next turn."
									]
								}
							]
						}
					]
				},
				{
					"name": "Gift of Speech (1/Day)",
					"entries": [
						"Coral targets one Beast she can see within 10 feet of herself. The target gains the ability to understand and speak Common or Sylvan (Coral's choice) for 10 minutes."
					]
				}
			],
			"traitTags": [
				"Magic Resistance"
			],
			"senseTags": [
				"B"
			],
			"actionTags": [
				"Multiattack"
			],
			"languageTags": [
				"C",
				"P",
				"S"
			],
			"damageTags": [
				"B",
				"O"
			],
			"miscTags": [
				"AOE",
				"MW"
			],
			"conditionInflict": [
				"blinded",
				"prone"
			],
			"savingThrowForced": [
				"constitution",
				"dexterity"
			],
			"hasToken": true,
			"hasFluff": true,
			"hasFluffImages": true
		},
		{
			"name": "Dandylion",
			"source": "MisMV1",
			"page": 6,
			"size": [
				"L"
			],
			"type": "fey",
			"alignment": [
				"C",
				"N"
			],
			"alignmentPrefix": "typically ",
			"ac": [
				14
			],
			"hp": {
				"average": 90,
				"formula": "12d10 + 24"
			},
			"speed": {
				"walk": 50
			},
			"str": 22,
			"dex": 19,
			"con": 14,
			"int": 16,
			"wis": 17,
			"cha": 18,
			"save": {
				"str": "+9",
				"cha": "+7"
			},
			"skill": {
				"nature": "+9",
				"perception": "+6",
				"survival": "+6"
			},
			"senses": [
				"darkvision 60 ft."
			],
			"passive": 16,
			"languages": [
				"Common",
				"Sylvan"
			],
			"cr": "6",
			"spellcasting": [
				{
					"name": "Spellcasting",
					"type": "spellcasting",
					"headerEntries": [
						"The dandylion casts one of the following spells, requiring no material components and using Charisma as the spellcasting ability (spell save {@dc 15}):"
					],
					"will": [
						"{@spell druidcraft}",
						"{@spell guidance}",
						"{@spell purify food and drink}"
					],
					"daily": {
						"1": [
							"{@spell speak with plants}"
						],
						"2e": [
							"{@spell entangle}",
							"{@spell goodberry}"
						]
					},
					"ability": "cha",
					"displayAs": "action"
				}
			],
			"trait": [
				{
					"name": "Magic Resistance",
					"entries": [
						"The dandylion has advantage on saving throws against spells and other magical effects."
					]
				},
				{
					"name": "Pack Tactics",
					"entries": [
						"The dandylion has advantage on an attack roll against a creature if at least one of the dandylion's allies is within 5 feet of the creature and the ally doesn't have the {@condition incapacitated} condition."
					]
				}
			],
			"action": [
				{
					"name": "Multiattack",
					"entries": [
						"The dandylion makes one Bite attack and one Claws attack."
					]
				},
				{
					"name": "Bite",
					"entries": [
						"{@atk mw} {@hit 9} to hit, reach 5 ft., one target. {@h}13 ({@damage 2d6 + 6}) piercing damage."
					]
				},
				{
					"name": "Claws",
					"entries": [
						"{@atk mw} {@hit 9} to hit, reach 5 ft., one target. {@h}20 ({@damage 4d6 + 6}) slashing damage. If the dandylion moved at least 20 feet straight toward the target immediately before the hit, the target must succeed on a {@dc 17} Strength saving throw or have the {@condition prone} condition. If the target has the {@condition prone} condition, the dandylion can make one Bite attack against it as a bonus action."
					]
				},
				{
					"name": "Rejuvenating Seedpods (2/Day)",
					"entries": [
						"The dandylion releases a burst of seedpods from its tail, filling a 10-foot-radius sphere centered on itself. Each creature of the dandylion's choice in the sphere can immediately end one of the following conditions on itself (creature's choice): {@condition blinded}, {@condition deafened}, {@condition paralyzed}, or {@condition poisoned}. In addition, all soil in the sphere's area is enriched, restoring withered vegetation in the area to full health and causing all crops in the area to produce twice the normal harvest for the next year."
					]
				}
			],
			"reaction": [
				{
					"name": "Roar of Pride",
					"entries": [
						"When a creature within 60 feet of the dandylion hits it with an attack roll, the dandylion can unleash a furious roar. The creature that triggered this reaction must succeed on a {@dc 15} Wisdom saving throw or have the {@condition frightened} condition until the end of the dandylion's next turn."
					]
				}
			],
			"traitTags": [
				"Magic Resistance",
				"Pack Tactics"
			],
			"senseTags": [
				"D"
			],
			"actionTags": [
				"Multiattack"
			],
			"languageTags": [
				"C",
				"S"
			],
			"damageTags": [
				"P",
				"S"
			],
			"spellcastingTags": [
				"O"
			],
			"miscTags": [
				"AOE",
				"MW"
			],
			"conditionInflict": [
				"prone"
			],
			"conditionInflictSpell": [
				"restrained"
			],
			"savingThrowForced": [
				"strength",
				"wisdom"
			],
			"savingThrowForcedSpell": [
				"strength"
			],
			"hasToken": true,
			"hasFluff": true,
			"hasFluffImages": true
		},
		{
			"name": "Rain",
			"isNamedCreature": true,
			"source": "MisMV1",
			"page": 8,
			"size": [
				"S"
			],
			"type": "celestial",
			"alignment": [
				"L",
				"G"
			],
			"ac": [
				{
					"ac": 15,
					"from": [
						"natural armor"
					]
				}
			],
			"hp": {
				"average": 60,
				"formula": "11d6 + 22"
			},
			"speed": {
				"walk": 30,
				"fly": 120
			},
			"str": 10,
			"dex": 11,
			"con": 14,
			"int": 14,
			"wis": 18,
			"cha": 15,
			"save": {
				"dex": "+3",
				"con": "+5",
				"wis": "+7"
			},
			"skill": {
				"acrobatics": "+3",
				"insight": "+7",
				"stealth": "+3"
			},
			"passive": 14,
			"resist": [
				{
					"resist": [
						"bludgeoning",
						"piercing",
						"slashing"
					],
					"note": "from nonmagical attacks",
					"cond": true
				}
			],
			"immune": [
				"fire",
				"poison",
				"radiant"
			],
			"conditionImmune": [
				"charmed",
				"paralyzed",
				"poisoned"
			],
			"languages": [
				"Celestial",
				"Common"
			],
			"cr": "5",
			"trait": [
				{
					"name": "Fiery Wings",
					"entries": [
						"Rain's wings are made of flame, and they shed bright light out to 15 feet and dim light for an additional 15 feet. At the start of each of Rain's turns, each creature of Rain's choice within 5 feet of her takes 3 ({@damage 1d6}) fire damage. A creature that hits Rain with a melee attack takes 3 ({@damage 1d6}) fire damage."
					]
				},
				{
					"name": "Magic Resistance",
					"entries": [
						"Rain has advantage on saving throws against spells and other magical effects."
					]
				}
			],
			"action": [
				{
					"name": "Multiattack",
					"entries": [
						"Rain makes two Hoof attacks."
					]
				},
				{
					"name": "Hoof",
					"entries": [
						"{@atk mw} {@hit 3} to hit, reach 5 ft., one target. {@h}5 ({@damage 2d4}) bludgeoning damage."
					]
				},
				{
					"name": "Haloed Horn Burst {@recharge 5}",
					"entries": [
						"Rain uses her haloed horn to produce one of the following magical effects:"
					]
				},
				{
					"name": "Glitterstorm",
					"entries": [
						"Rain emits a rainbow beam in a 30-foot line that is 5 feet wide. Each creature in that area must make a {@dc 15} Dexterity saving throw, taking 21 ({@damage 6d6}) radiant damage on a failed saving throw, or half as much damage on a successful one; creatures of evil alignment have disadvantage on this saving throw. If the damage from this effect reduces a creature to 0 hit points, the creature dies, and its body turns into glittery flowers."
					]
				},
				{
					"name": "Healing Rainbows",
					"entries": [
						"Rain releases a wave of rejuvenating multicolored light in a 30-foot cone. Each creature of Rain's choice in that area regains 18 ({@dice 4d8}) hit points."
					]
				}
			],
			"bonus": [
				{
					"name": "Nimble Escape",
					"entries": [
						"Rain takes either the {@action Disengage} or the {@action Hide} action."
					]
				}
			],
			"traitTags": [
				"Magic Resistance"
			],
			"actionTags": [
				"Multiattack"
			],
			"languageTags": [
				"C",
				"CE"
			],
			"damageTags": [
				"B",
				"F",
				"R"
			],
			"miscTags": [
				"AOE",
				"MW"
			],
			"savingThrowForced": [
				"dexterity"
			],
			"hasToken": true,
			"hasFluff": true,
			"hasFluffImages": true
		},
		{
			"name": "Scrapper",
			"source": "MisMV1",
			"page": 10,
			"size": [
				"L"
			],
			"type": "construct",
			"alignment": [
				"U"
			],
			"ac": [
				{
					"ac": 18,
					"from": [
						"natural armor"
					]
				}
			],
			"hp": {
				"average": 126,
				"formula": "12d10 + 60"
			},
			"speed": {
				"walk": 30
			},
			"str": 20,
			"dex": 10,
			"con": 20,
			"int": 3,
			"wis": 10,
			"cha": 1,
			"skill": {
				"perception": "+6"
			},
			"senses": [
				"darkvision 120 ft."
			],
			"passive": 16,
			"resist": [
				"lightning"
			],
			"immune": [
				"poison",
				"psychic"
			],
			"conditionImmune": [
				"charmed",
				"exhaustion",
				"frightened",
				"paralyzed",
				"petrified",
				"poisoned"
			],
			"languages": [
				"understands the languages of its creator but can't speak"
			],
			"cr": "8",
			"trait": [
				{
					"name": "Electrified Chassis",
					"entries": [
						"A creature that hits the scrapper with a melee attack while within 5 feet of it takes 19 ({@damage 3d12}) lightning damage."
					]
				}
			],
			"action": [
				{
					"name": "Multiattack",
					"entries": [
						"The scrapper makes two Spike Punch attacks. It can replace one of those with a Wires attack."
					]
				},
				{
					"name": "Spike Punch",
					"entries": [
						"{@atk mw} {@hit 8} to hit, reach 5 ft., one target. {@h}14 ({@damage 2d8 + 5}) bludgeoning damage plus 5 ({@damage 1d10}) piercing damage."
					]
				},
				{
					"name": "Wires",
					"entries": [
						"{@atk mw} {@hit 8} to hit, reach 20 ft., one Large or smaller creature. {@h}The target has the {@condition grappled} condition (escape {@dc 16}) and must succeed on a {@dc 16} Strength saving throw or be pulled into an unoccupied space within 5 feet of the scrapper and take 19 ({@damage 3d12}) lightning damage. The scrapper can have only one creature {@condition grappled} in this way at a time."
					]
				},
				{
					"name": "Eye Beam {@recharge 5}",
					"entries": [
						"The scrapper shoots a magical beam from its extended eye at one creature it can see within 120 feet of itself. The target must make a {@dc 16} Dexterity saving throw, taking 44 ({@damage 8d10}) force damage on a failed save, or half as much damage on a successful one."
					]
				}
			],
			"senseTags": [
				"SD"
			],
			"actionTags": [
				"Multiattack"
			],
			"languageTags": [
				"CS"
			],
			"damageTags": [
				"B",
				"L",
				"O",
				"P"
			],
			"miscTags": [
				"MW",
				"RCH"
			],
			"savingThrowForced": [
				"dexterity",
				"strength"
			],
			"hasToken": true,
			"hasFluff": true,
			"hasFluffImages": true
		},
		{
			"name": "Seth the Shapeshifting Dragon",
			"isNamedCreature": true,
			"source": "MisMV1",
			"page": 12,
			"size": [
				"M"
			],
			"type": "dragon",
			"alignment": [
				"N"
			],
			"ac": [
				17
			],
			"hp": {
				"average": 153,
				"formula": "18d8 + 72"
			},
			"speed": {
				"walk": 50,
				"swim": 50
			},
			"str": 16,
			"dex": 25,
			"con": 19,
			"int": 13,
			"wis": 15,
			"cha": 14,
			"save": {
				"str": "+7",
				"dex": "+11",
				"con": "+8"
			},
			"skill": {
				"perception": "+6",
				"stealth": "+11"
			},
			"senses": [
				"blindsight 30 ft.",
				"darkvision 120 ft."
			],
			"passive": 16,
			"resist": [
				"cold",
				"fire"
			],
			"immune": [
				"poison"
			],
			"conditionImmune": [
				"grappled",
				"poisoned",
				"restrained"
			],
			"languages": [
				"Aquan",
				"Common",
				"Draconic"
			],
			"cr": "10",
			"trait": [
				{
					"name": "Amphibious",
					"entries": [
						"Seth can breathe air and water."
					]
				},
				{
					"name": "Invisible in Water",
					"entries": [
						"Seth has the {@condition invisible} condition while fully immersed in water."
					]
				}
			],
			"action": [
				{
					"name": "Multiattack",
					"entries": [
						"Seth makes one Bite attack and two Claw attacks."
					]
				},
				{
					"name": "Bite",
					"entries": [
						"{@atk mw} {@hit 11} to hit, reach 10 ft., one target. {@h}10 ({@damage 1d6 + 7}) piercing damage plus 9 ({@damage 2d8}) cold damage."
					]
				},
				{
					"name": "Claw",
					"entries": [
						"{@atk mw} {@hit 11} to hit, reach 5 ft., one target. {@h}14 ({@damage 2d6 + 7}) slashing damage."
					]
				},
				{
					"name": "Riptide Breath {@recharge 5}",
					"entries": [
						"Seth exhales a torrent of frigid water in a 30-foot cone. Each creature in that area must make a {@dc 16} Constitution saving throw. On a failed save, the creature takes 36 ({@damage 8d8}) cold damage and has the {@condition incapacitated} condition until the end of its next turn. On a successful save, the creature takes half as much damage only."
					]
				}
			],
			"bonus": [
				{
					"name": "Change Shape",
					"entries": [
						"Seth magically transforms into a Small Humanoid or a Beast that is Tiny or Small, while retaining his game statistics (other than his size). This transformation ends if Seth is reduced to 0 hit points or uses another bonus action to end it."
					]
				},
				{
					"name": "Superspeed (2/Day)",
					"entries": [
						"Seth's speed is doubled for as long as he maintains {@status concentration} (as if {@status concentration||concentrating} on a spell). While his speed is increased in this way, all attack rolls against him are made with disadvantage, and he becomes partially incorporeal, allowing him to move through creatures and objects as if they were difficult terrain. Seth takes 5 ({@damage 1d10}) force damage if he ends his turn inside an object."
					]
				}
			],
			"traitTags": [
				"Amphibious"
			],
			"senseTags": [
				"B",
				"SD"
			],
			"actionTags": [
				"Breath Weapon",
				"Multiattack",
				"Shapechanger"
			],
			"languageTags": [
				"AQ",
				"C",
				"DR"
			],
			"damageTags": [
				"C",
				"O",
				"P",
				"S"
			],
			"miscTags": [
				"AOE",
				"MW",
				"RCH"
			],
			"conditionInflict": [
				"incapacitated"
			],
			"savingThrowForced": [
				"constitution"
			],
			"hasToken": true,
			"hasFluff": true,
			"hasFluffImages": true
		},
		{
			"name": "Sheldon the Blueberry Dragon",
			"isNamedCreature": true,
			"source": "MisMV1",
			"page": 14,
			"size": [
				"L"
			],
			"type": "dragon",
			"alignment": [
				"N",
				"G"
			],
			"ac": [
				{
					"ac": 16,
					"from": [
						"natural armor"
					]
				}
			],
			"hp": {
				"average": 142,
				"formula": "15d10 + 60"
			},
			"speed": {
				"walk": 30,
				"fly": 60
			},
			"str": 19,
			"dex": 13,
			"con": 18,
			"int": 17,
			"wis": 14,
			"cha": 16,
			"save": {
				"dex": "+4",
				"con": "+7",
				"int": "+6"
			},
			"skill": {
				"acrobatics": "+7",
				"athletics": "+7",
				"performance": "+6"
			},
			"senses": [
				"blindsight 30 ft.",
				"darkvision 120 ft."
			],
			"passive": 12,
			"resist": [
				"force",
				"psychic"
			],
			"languages": [
				"Common",
				"Draconic",
				"telepathy 120 ft."
			],
			"cr": "7",
			"spellcasting": [
				{
					"name": "Spellcasting (Psionics)",
					"type": "spellcasting",
					"headerEntries": [
						"Sheldon casts one of the following spells, requiring no spell components and using Intelligence as the spellcasting ability (spell save {@dc 14}):"
					],
					"will": [
						"{@spell light}",
						"{@spell mage hand} (the hand is invisible)"
					],
					"daily": {
						"1e": [
							"{@spell dimension door}",
							"{@spell telekinesis}"
						]
					},
					"ability": "int",
					"displayAs": "action"
				}
			],
			"trait": [
				{
					"name": "Space Dweller",
					"entries": [
						"Sheldon can breathe normally in a vacuum."
					]
				}
			],
			"action": [
				{
					"name": "Multiattack",
					"entries": [
						"Sheldon makes either two Bite attacks, two Blueberry Fling attacks, or one of each."
					]
				},
				{
					"name": "Bite",
					"entries": [
						"{@atk mw} {@hit 7} to hit, reach 5 ft., one target. {@h}7 ({@damage 1d6 + 4}) piercing damage plus 4 ({@damage 1d8}) psychic damage."
					]
				},
				{
					"name": "Blueberry Fling",
					"entries": [
						"{@atk rw} {@hit 7} to hit, range 30 ft., one creature. {@h}11 ({@damage 2d6 + 4}) blueberry damage."
					]
				},
				{
					"name": "Jetstream Breath {@recharge 5}",
					"entries": [
						"Sheldon exhales a line of magical wind that is 60 feet long and 5 feet wide. Each creature in that area must make a {@dc 15} Strength saving throw. On a failed save, the creature takes 21 ({@damage 6d6}) force damage, is pushed 15 feet away from Sheldon, and has the {@condition prone} condition. On a successful save, the creature takes half as much damage only."
					]
				}
			],
			"bonus": [
				{
					"name": "Wind Dash (2/Day)",
					"entries": [
						"Sheldon summons a powerful gust of wind and flies up to his speed. This movement doesn't provoke opportunity attacks. At the end of this movement, each creature within 5 feet of Sheldon must succeed on a {@dc 15} Strength saving throw or have the {@condition prone} condition, as the wind bursts around Sheldon."
					]
				}
			],
			"senseTags": [
				"B",
				"SD"
			],
			"actionTags": [
				"Breath Weapon",
				"Multiattack"
			],
			"languageTags": [
				"C",
				"DR",
				"TP"
			],
			"damageTags": [
				"O",
				"P",
				"Y"
			],
			"damageTagsSpell": [
				"O"
			],
			"spellcastingTags": [
				"P"
			],
			"miscTags": [
				"AOE",
				"MW",
				"RW"
			],
			"conditionInflict": [
				"prone"
			],
			"conditionInflictSpell": [
				"restrained"
			],
			"savingThrowForced": [
				"strength"
			],
			"savingThrowForcedSpell": [
				"dexterity"
			],
			"hasToken": true,
			"hasFluff": true,
			"hasFluffImages": true
		}
	]
}
