{
	"_meta": {
		"otherSources": {
			"monster": {
				"XMM": "EFA",
				"ERLW": "EFA"
			}
		}
	},
	"monster": [
		{
			"name": "Boromar Smuggler",
			"source": "EFA",
			"page": 57,
			"size": [
				"S"
			],
			"type": {
				"type": "humanoid",
				"tags": [
					"Halfling"
				]
			},
			"alignment": [
				"N",
				"E"
			],
			"ac": [
				13
			],
			"hp": {
				"average": 27,
				"formula": "6d6 + 6"
			},
			"speed": {
				"walk": 40
			},
			"initiative": {
				"proficiency": 1
			},
			"str": 11,
			"dex": 15,
			"con": 12,
			"int": 11,
			"wis": 10,
			"cha": 14,
			"save": {
				"dex": "+4",
				"wis": "+2"
			},
			"skill": {
				"perception": "+2",
				"sleight of hand": "+6",
				"stealth": "+6"
			},
			"passive": 12,
			"languages": [
				"Common",
				"Halfling",
				"Thieves' cant"
			],
			"cr": "1/2",
			"gear": [
				"leather armor|xphb",
				"pistol|xphb",
				"shortsword|xphb"
			],
			"trait": [
				{
					"name": "Hustle",
					"entries": [
						"The smuggler can move through the space of any creature that is of a larger size, but it can't stop there."
					]
				}
			],
			"action": [
				{
					"name": "Shortsword",
					"entries": [
						"{@atkr m} {@hit 4}, reach 5 ft. {@h}5 ({@damage 1d6 + 2}) Piercing damage plus 2 ({@damage 1d4}) Poison damage."
					]
				},
				{
					"name": "Pistol",
					"entries": [
						"{@atkr r} {@hit 4}, range 30/90 ft. {@h}7 ({@damage 1d10 + 2}) Piercing damage."
					]
				}
			],
			"languageTags": [
				"C",
				"H",
				"TC"
			],
			"damageTags": [
				"I",
				"P"
			],
			"miscTags": [
				"MA",
				"MLW",
				"RA",
				"RNG"
			],
			"hasFluff": true,
			"hasFluffImages": true
		},
		{
			"name": "Boromar Underboss",
			"source": "EFA",
			"page": 57,
			"size": [
				"S"
			],
			"type": {
				"type": "humanoid",
				"tags": [
					"Halfling"
				]
			},
			"alignment": [
				"L",
				"E"
			],
			"ac": [
				16
			],
			"hp": {
				"average": 104,
				"formula": "19d6 + 38"
			},
			"speed": {
				"walk": 30
			},
			"initiative": {
				"proficiency": 1
			},
			"str": 10,
			"dex": 18,
			"con": 15,
			"int": 12,
			"wis": 14,
			"cha": 17,
			"save": {
				"dex": "+7",
				"con": "+5",
				"wis": "+5"
			},
			"skill": {
				"insight": "+5",
				"perception": "+8",
				"sleight of hand": "+10"
			},
			"passive": 18,
			"resist": [
				"poison"
			],
			"languages": [
				"Common",
				"Halfling",
				"Thieves' cant"
			],
			"cr": "8",
			"gear": [
				"studded leather armor|xphb"
			],
			"trait": [
				{
					"name": "Hustle",
					"entries": [
						"The underboss can move through the space of any creature that is of a larger size, but it can't stop there."
					]
				}
			],
			"action": [
				{
					"name": "Multiattack",
					"entries": [
						"The underboss makes three attacks, using {@condition Poisoned|XPHB} Blade or Arcane Firearm in any combination."
					]
				},
				{
					"name": "Poisoned Blade",
					"entries": [
						"{@atkr m} {@hit 7}, reach 5 ft. {@h}13 ({@damage 2d8 + 4}) Slashing damage plus 7 ({@damage 2d6}) Poison damage, and the target has the {@condition Poisoned|XPHB} condition until the start of the underboss's next turn. If the target is already {@condition Poisoned|XPHB}, it instead takes an extra 7 ({@damage 2d6}) Poison damage."
					]
				},
				{
					"name": "Arcane Firearm",
					"entries": [
						"{@atkr r} {@hit 7}, range 30/90 ft. {@h}26 ({@damage 4d10 + 4}) Force damage."
					]
				}
			],
			"reaction": [
				{
					"name": "Uncanny Dodge",
					"entries": [
						"{@actTrigger} The underboss is hit by an attack roll. {@actResponse} The underboss halves the damage (round down) it takes from that attack."
					]
				}
			],
			"actionTags": [
				"Multiattack"
			],
			"languageTags": [
				"C",
				"H",
				"TC"
			],
			"damageTags": [
				"I",
				"O",
				"S"
			],
			"miscTags": [
				"MA",
				"RA"
			],
			"conditionInflict": [
				"poisoned"
			],
			"hasFluff": true,
			"hasFluffImages": true
		},
		{
			"name": "Cannith Artificer",
			"source": "EFA",
			"page": 80,
			"size": [
				"S",
				"M"
			],
			"type": {
				"type": "humanoid",
				"tags": [
					"Human"
				]
			},
			"alignment": [
				"N"
			],
			"ac": [
				16
			],
			"hp": {
				"average": 71,
				"formula": "11d8 + 22"
			},
			"speed": {
				"walk": 30
			},
			"str": 13,
			"dex": 13,
			"con": 14,
			"int": 18,
			"wis": 14,
			"cha": 11,
			"save": {
				"con": "+4",
				"int": "+6"
			},
			"skill": {
				"arcana": "+6",
				"perception": "+4",
				"sleight of hand": "+3"
			},
			"passive": 14,
			"languages": [
				"Common plus two other languages"
			],
			"cr": "4",
			"gear": [
				"chain mail|xphb",
				"mace|xphb",
				"tinker's tools|xphb"
			],
			"spellcasting": [
				{
					"name": "Spellcasting",
					"type": "spellcasting",
					"headerEntries": [
						"The artificer casts one of the following spells, using its Tinker's Tools as an Arcane Focus and using Intelligence as the spellcasting ability (spell save {@dc 14}):"
					],
					"will": [
						"{@spell Burning Hands|XPHB} (level 3 version)",
						"{@spell Mending|XPHB}",
						"{@spell Thunderwave|XPHB} (level 3 version)"
					],
					"daily": {
						"1e": [
							"{@spell Cure Wounds|XPHB}",
							"{@spell Invisibility|XPHB}"
						]
					},
					"ability": "int",
					"displayAs": "action"
				}
			],
			"action": [
				{
					"name": "Multiattack",
					"entries": [
						"The artificer makes two attacks, using Battering Mace or Artillery Strike in any combination."
					]
				},
				{
					"name": "Battering Mace",
					"entries": [
						"{@atkr m} {@hit 6}, reach 5 ft. {@h}14 ({@damage 3d6 + 4}) Bludgeoning damage, and if the target is a Large or smaller creature, it has the {@condition Prone|XPHB} condition."
					]
				},
				{
					"name": "Artillery Strike",
					"entries": [
						"{@atkr r} {@hit 6}, range 120 ft. {@h}22 ({@damage 4d8 + 4}) Force damage."
					]
				}
			],
			"actionTags": [
				"Multiattack"
			],
			"languageTags": [
				"C",
				"X"
			],
			"damageTags": [
				"B",
				"O"
			],
			"damageTagsSpell": [
				"F",
				"T"
			],
			"spellcastingTags": [
				"CA"
			],
			"miscTags": [
				"MA",
				"MLW",
				"RA"
			],
			"conditionInflict": [
				"prone"
			],
			"conditionInflictSpell": [
				"invisible"
			],
			"savingThrowForcedSpell": [
				"constitution",
				"dexterity"
			],
			"hasFluff": true,
			"hasFluffImages": true
		},
		{
			"name": "Daask Bruiser",
			"source": "EFA",
			"page": 58,
			"size": [
				"M"
			],
			"type": {
				"type": "humanoid",
				"tags": [
					"Gnoll"
				]
			},
			"alignment": [
				"N",
				"E"
			],
			"ac": [
				17
			],
			"hp": {
				"average": 150,
				"formula": "20d8 + 60"
			},
			"speed": {
				"walk": 30
			},
			"initiative": {
				"proficiency": 1
			},
			"str": 20,
			"dex": 13,
			"con": 16,
			"int": 10,
			"wis": 12,
			"cha": 14,
			"save": {
				"str": "+9",
				"con": "+7",
				"wis": "+5"
			},
			"skill": {
				"athletics": "+9",
				"intimidation": "+6",
				"perception": "+5"
			},
			"senses": [
				"Darkvision 60 ft."
			],
			"passive": 15,
			"languages": [
				"Common",
				"Gnoll"
			],
			"cr": "9",
			"trait": [
				{
					"name": "Blood Frenzy",
					"entries": [
						"The bruiser has {@variantrule Advantage|XPHB} on attack rolls against any creature that doesn't have all its {@variantrule Hit Points|XPHB}."
					]
				}
			],
			"action": [
				{
					"name": "Multiattack",
					"entries": [
						"The bruiser makes three Pummel attacks and uses Glare."
					]
				},
				{
					"name": "Pummel",
					"entries": [
						"{@atkr m} {@hit 9}, reach 5 ft. {@h}12 ({@damage 2d6 + 5}) Bludgeoning damage."
					]
				},
				{
					"name": "Glare",
					"entries": [
						"{@actSave wis} {@dc 14}, one creature the bruiser can see within 30 feet. {@actSaveFail} The target has the {@condition Frightened|XPHB} condition until the start of the bruiser's next turn."
					]
				}
			],
			"reaction": [
				{
					"name": "Smackback",
					"entries": [
						"{@actTrigger} The bruiser takes damage from a creature within 5 feet. {@actResponse} The bruiser makes one Pummel attack, targeting the triggering creature."
					]
				}
			],
			"senseTags": [
				"D"
			],
			"actionTags": [
				"Multiattack"
			],
			"languageTags": [
				"C",
				"OTH"
			],
			"damageTags": [
				"B"
			],
			"miscTags": [
				"MA"
			],
			"conditionInflict": [
				"frightened"
			],
			"savingThrowForced": [
				"wisdom"
			],
			"hasFluff": true,
			"hasFluffImages": true
		},
		{
			"name": "Daask Raider",
			"source": "EFA",
			"page": 58,
			"size": [
				"M"
			],
			"type": {
				"type": "humanoid",
				"tags": [
					"Gnoll"
				]
			},
			"alignment": [
				"N",
				"E"
			],
			"ac": [
				15
			],
			"hp": {
				"average": 33,
				"formula": "6d8 + 6"
			},
			"speed": {
				"walk": 30
			},
			"str": 16,
			"dex": 12,
			"con": 13,
			"int": 10,
			"wis": 11,
			"cha": 8,
			"save": {
				"str": "+5"
			},
			"skill": {
				"athletics": "+5",
				"perception": "+2"
			},
			"senses": [
				"Darkvision 60 ft."
			],
			"passive": 12,
			"languages": [
				"Common",
				"Gnoll"
			],
			"cr": "1",
			"trait": [
				{
					"name": "Pack Tactics",
					"entries": [
						"The raider has {@variantrule Advantage|XPHB} on an attack roll against a creature if at least one of the raider's allies is within 5 feet of the creature and the ally doesn't have the {@condition Incapacitated|XPHB} condition."
					]
				}
			],
			"action": [
				{
					"name": "Pummel",
					"entries": [
						"{@atkr m} {@hit 5}, reach 5 ft. {@h}5 ({@damage 1d4 + 3}) Bludgeoning damage."
					]
				}
			],
			"reaction": [
				{
					"name": "Smackback",
					"entries": [
						"{@actTrigger} The raider takes damage from a creature within 5 feet. {@actResponse} The raider makes one Pummel attack, targeting the triggering creature."
					]
				}
			],
			"traitTags": [
				"Pack Tactics"
			],
			"senseTags": [
				"D"
			],
			"languageTags": [
				"C",
				"OTH"
			],
			"damageTags": [
				"B"
			],
			"miscTags": [
				"MA"
			],
			"hasFluff": true,
			"hasFluffImages": true
		},
		{
			"name": "Dreaming Dark Infiltrator",
			"source": "EFA",
			"page": 59,
			"size": [
				"S",
				"M"
			],
			"type": "humanoid",
			"alignment": [
				"L",
				"E"
			],
			"ac": [
				15
			],
			"hp": {
				"average": 104,
				"formula": "16d8 + 32"
			},
			"speed": {
				"walk": 30
			},
			"str": 14,
			"dex": 17,
			"con": 15,
			"int": 18,
			"wis": 16,
			"cha": 17,
			"save": {
				"int": "+7",
				"wis": "+6",
				"cha": "+6"
			},
			"skill": {
				"deception": "+6",
				"insight": "+6",
				"stealth": "+6"
			},
			"senses": [
				"Truesight 30 ft."
			],
			"passive": 13,
			"resist": [
				"psychic"
			],
			"languages": [
				"Common",
				"Quori; telepathy 120 ft."
			],
			"cr": "7",
			"gear": [
				"chain shirt|xphb"
			],
			"spellcasting": [
				{
					"name": "Spellcasting",
					"type": "spellcasting",
					"headerEntries": [
						"The infiltrator casts one of the following spells, requiring no Material components and using Intelligence as the spellcasting ability (spell save {@dc 15}):"
					],
					"daily": {
						"1": [
							"{@spell Synaptic Static|XPHB}"
						],
						"3": [
							"{@spell Detect Thoughts|XPHB}"
						]
					},
					"ability": "int",
					"displayAs": "action"
				}
			],
			"action": [
				{
					"name": "Multiattack",
					"entries": [
						"The infiltrator makes three Mind Blade attacks."
					]
				},
				{
					"name": "Mind Blade",
					"entries": [
						"{@atkr m,r} {@hit 7}, reach 5 ft. or range 30 ft. {@h}14 ({@damage 3d6 + 4}) Psychic damage."
					]
				}
			],
			"bonus": [
				{
					"name": "Mind Curse",
					"entries": [
						"{@actSave wis} {@dc 15}, one creature hit by the infiltrator's Mind Blade attack this turn. {@actSaveFail} The target takes 14 ({@damage 4d6}) Psychic damage and is cursed. While cursed in this way, it has {@variantrule Disadvantage|XPHB} on attack rolls against the infiltrator, and the infiltrator always knows its location while it and the infiltrator are on the same plane of existence. A cursed creature repeats the save whenever it finishes a {@variantrule Short Rest|XPHB|Short} or {@variantrule Long Rest|XPHB}, ending the effect on itself on a success. {@actSaveSuccess} Half damage only."
					]
				}
			],
			"senseTags": [
				"U"
			],
			"actionTags": [
				"Multiattack"
			],
			"languageTags": [
				"C",
				"TP"
			],
			"damageTags": [
				"Y"
			],
			"damageTagsSpell": [
				"Y"
			],
			"spellcastingTags": [
				"O"
			],
			"miscTags": [
				"CUR",
				"MA",
				"RA"
			],
			"savingThrowForced": [
				"wisdom"
			],
			"savingThrowForcedSpell": [
				"constitution",
				"intelligence",
				"wisdom"
			],
			"hasFluff": true,
			"hasFluffImages": true
		},
		{
			"name": "Dreaming Dark Mindkiller",
			"source": "EFA",
			"page": 60,
			"size": [
				"S",
				"M"
			],
			"type": "humanoid",
			"alignment": [
				"L",
				"E"
			],
			"ac": [
				19
			],
			"hp": {
				"average": 180,
				"formula": "24d8 + 72"
			},
			"speed": {
				"walk": 30
			},
			"str": 15,
			"dex": 19,
			"con": 16,
			"int": 21,
			"wis": 18,
			"cha": 17,
			"save": {
				"dex": "+8",
				"int": "+9",
				"wis": "+8",
				"cha": "+7"
			},
			"skill": {
				"deception": "+7",
				"insight": "+8",
				"perception": "+8",
				"stealth": "+8"
			},
			"senses": [
				"Truesight 30 ft."
			],
			"passive": 18,
			"resist": [
				"psychic"
			],
			"conditionImmune": [
				"charmed",
				"frightened"
			],
			"languages": [
				"Common",
				"Quori; telepathy 120 ft."
			],
			"cr": "11",
			"spellcasting": [
				{
					"name": "Slayer's Puppet (1/Day)",
					"type": "spellcasting",
					"headerEntries": [
						"The mindkiller casts {@spell Dominate Person|XPHB}, requiring no spell components and using Intelligence as the spellcasting ability (spell save {@dc 17})."
					],
					"daily": {
						"1": [
							"{@spell Dominate Person|XPHB}"
						]
					},
					"ability": "int",
					"displayAs": "bonus",
					"hidden": [
						"daily"
					]
				}
			],
			"action": [
				{
					"name": "Multiattack",
					"entries": [
						"The mindkiller makes two Nightmare Whisper attacks."
					]
				},
				{
					"name": "Nightmare Whisper",
					"entries": [
						"{@atkr m,r} {@hit 9}, reach 5 ft. or range 30 ft. {@h}27 ({@damage 5d8 + 5}) Psychic damage, and the target has the {@condition Frightened|XPHB} condition until the start of the mindkiller's next turn. If the target is already {@condition Frightened|XPHB}, it instead takes an extra 10 ({@damage 3d6}) Psychic damage."
					]
				},
				{
					"name": "Primal Fear (1/Day)",
					"entries": [
						"{@actSave wis} {@dc 17}, each creature in a 30-foot-radius {@variantrule Sphere [Area of Effect]|XPHB|Sphere} centered on a point the mindkiller can see within 120 feet. {@actSaveFail} 35 ({@damage 10d6}) Psychic damage, and the target has the {@condition Frightened|XPHB} condition until the start of the mindkiller's next turn. While {@condition Frightened|XPHB} in this way, the target can do only one of the following on each of its turns: move, take an action, or take a {@variantrule Bonus Action|XPHB}. {@actSaveSuccess} Half damage only."
					]
				}
			],
			"senseTags": [
				"U"
			],
			"actionTags": [
				"Multiattack"
			],
			"languageTags": [
				"C",
				"TP"
			],
			"damageTags": [
				"Y"
			],
			"spellcastingTags": [
				"O"
			],
			"miscTags": [
				"AOE",
				"MA",
				"RA"
			],
			"conditionInflict": [
				"frightened"
			],
			"conditionInflictSpell": [
				"charmed"
			],
			"savingThrowForced": [
				"wisdom"
			],
			"savingThrowForcedSpell": [
				"wisdom"
			],
			"hasFluff": true,
			"hasFluffImages": true
		},
		{
			"name": "Emerald Claw Commander",
			"source": "EFA",
			"page": 90,
			"size": [
				"S",
				"M"
			],
			"type": "humanoid",
			"alignment": [
				"L",
				"E"
			],
			"ac": [
				20
			],
			"hp": {
				"average": 78,
				"formula": "12d8 + 24"
			},
			"speed": {
				"walk": 30
			},
			"initiative": {
				"proficiency": 1
			},
			"str": 18,
			"dex": 11,
			"con": 15,
			"int": 15,
			"wis": 12,
			"cha": 14,
			"save": {
				"con": "+4",
				"wis": "+3"
			},
			"skill": {
				"athletics": "+6",
				"intimidation": "+4",
				"perception": "+3"
			},
			"passive": 13,
			"languages": [
				"Common",
				"Dwarvish"
			],
			"cr": "4",
			"gear": [
				"flail|xphb",
				{
					"item": "javelin|xphb",
					"quantity": 5
				},
				"plate armor|xphb",
				"shield|xphb"
			],
			"trait": [
				{
					"name": "Aura of Authority",
					"entries": [
						"While in a 30-foot {@variantrule Emanation [Area of Effect]|XPHB|Emanation} originating from the commander, the commander and its allies have {@variantrule Advantage|XPHB} on attack rolls and saving throws, provided the commander doesn't have the {@condition Incapacitated|XPHB} condition."
					]
				}
			],
			"action": [
				{
					"name": "Multiattack",
					"entries": [
						"The commander makes two attacks, using Flail or Javelin in any combination."
					]
				},
				{
					"name": "Flail",
					"entries": [
						"{@atkr m} {@hit 6}, reach 5 ft.  {@h}8 ({@damage 1d8 + 4}) Bludgeoning damage\u2014plus 7 ({@damage 2d6}) Necrotic damage if the commander is Bloodied\u2014and the target has {@variantrule Disadvantage|XPHB} on its next attack roll before the start of the commander's next turn."
					]
				},
				{
					"name": "Javelin",
					"entries": [
						"{@atkr m,r} {@hit 6}, reach 5 ft. or range 30/120 ft.  {@h}7 ({@damage 1d6 + 4}) Piercing damage\u2014plus 7 ({@damage 2d6}) Necrotic damage if the commander is {@status Bloodied|XPHB}."
					]
				}
			],
			"actionTags": [
				"Multiattack"
			],
			"languageTags": [
				"C",
				"D"
			],
			"damageTags": [
				"B",
				"N",
				"P"
			],
			"miscTags": [
				"MA",
				"MLW",
				"RA",
				"THW"
			],
			"hasFluff": true,
			"hasFluffImages": true
		},
		{
			"name": "Emerald Claw Knight",
			"source": "EFA",
			"page": 90,
			"size": [
				"S",
				"M"
			],
			"type": "humanoid",
			"alignment": [
				"L",
				"E"
			],
			"ac": [
				18
			],
			"hp": {
				"average": 52,
				"formula": "8d8 + 16"
			},
			"speed": {
				"walk": 30
			},
			"str": 17,
			"dex": 11,
			"con": 14,
			"int": 13,
			"wis": 10,
			"cha": 13,
			"save": {
				"wis": "+2"
			},
			"skill": {
				"athletics": "+5",
				"perception": "+2"
			},
			"passive": 12,
			"languages": [
				"Common",
				"Dwarvish"
			],
			"cr": "2",
			"gear": [
				"chain mail|xphb",
				"flail|xphb",
				{
					"item": "javelin|xphb",
					"quantity": 5
				},
				"shield|xphb"
			],
			"action": [
				{
					"name": "Multiattack",
					"entries": [
						"The knight makes two attacks, using Flail or Javelin in any combination."
					]
				},
				{
					"name": "Flail",
					"entries": [
						"{@atkr m} {@hit 5}, reach 5 ft. {@h}7 ({@damage 1d8 + 3}) Bludgeoning damage\u2014plus 4 ({@damage 1d8}) Necrotic damage if the knight is Bloodied\u2014and the target has {@variantrule Disadvantage|XPHB} on its next attack roll before the start of the knight's next turn."
					]
				},
				{
					"name": "Javelin",
					"entries": [
						"{@atkr m,r} {@hit 5}, reach 5 ft. or range 30/120 ft. {@h}6 ({@damage 1d6 + 3}) Piercing damage\u2014plus 4 ({@damage 1d8}) Necrotic damage if the knight is {@status Bloodied|XPHB}."
					]
				}
			],
			"actionTags": [
				"Multiattack"
			],
			"languageTags": [
				"C",
				"D"
			],
			"damageTags": [
				"B",
				"N",
				"P"
			],
			"miscTags": [
				"MA",
				"MLW",
				"RA",
				"THW"
			],
			"hasFluff": true,
			"hasFluffImages": true
		},
		{
			"name": "Ghallanda Troubleshooter",
			"source": "EFA",
			"page": 80,
			"size": [
				"S"
			],
			"type": {
				"type": "humanoid",
				"tags": [
					"Halfling"
				]
			},
			"alignment": [
				"N"
			],
			"ac": [
				14
			],
			"hp": {
				"average": 78,
				"formula": "12d6 + 36"
			},
			"speed": {
				"walk": 30
			},
			"str": 10,
			"dex": 16,
			"con": 17,
			"int": 13,
			"wis": 14,
			"cha": 17,
			"save": {
				"dex": "+5",
				"con": "+5",
				"wis": "+4",
				"cha": "+5"
			},
			"skill": {
				"insight": "+4",
				"perception": "+4",
				"stealth": "+5"
			},
			"passive": 14,
			"conditionImmune": [
				"frightened"
			],
			"languages": [
				"Common",
				"Halfling"
			],
			"cr": "3",
			"gear": [
				{
					"item": "dagger|xphb",
					"quantity": 6
				},
				"leather armor|xphb"
			],
			"spellcasting": [
				{
					"name": "Spellcasting",
					"type": "spellcasting",
					"headerEntries": [
						"The troubleshooter casts one of the following spells, requiring no Material components and using Charisma as the spellcasting ability (spell save {@dc 13}):"
					],
					"daily": {
						"1e": [
							"{@spell Sleep|XPHB}",
							"{@spell Unseen Servant|XPHB}"
						]
					},
					"ability": "cha",
					"displayAs": "action"
				}
			],
			"trait": [
				{
					"name": "Hustle",
					"entries": [
						"The troubleshooter can move through the space of any creature that is of a larger size, but it can't stop there."
					]
				}
			],
			"action": [
				{
					"name": "Multiattack",
					"entries": [
						"The troubleshooter makes two Poisoned Dagger attacks."
					]
				},
				{
					"name": "Poisoned Dagger",
					"entries": [
						"{@atkr m,r} {@hit 5}, reach 5 ft. or range 20/60 ft. {@h}5 ({@damage 1d4 + 3}) Piercing damage, and the target has the {@condition Poisoned|XPHB} condition until the start of the troubleshooter's next turn."
					]
				}
			],
			"bonus": [
				{
					"name": "Nimble Escape",
					"entries": [
						"The troubleshooter takes the Disengage or Hide action."
					]
				}
			],
			"actionTags": [
				"Multiattack"
			],
			"languageTags": [
				"C",
				"H"
			],
			"damageTags": [
				"P"
			],
			"spellcastingTags": [
				"O"
			],
			"miscTags": [
				"MA",
				"MLW",
				"RA",
				"THW"
			],
			"conditionInflict": [
				"poisoned"
			],
			"conditionInflictSpell": [
				"incapacitated",
				"unconscious"
			],
			"savingThrowForcedSpell": [
				"wisdom"
			],
			"hasFluff": true,
			"hasFluffImages": true
		},
		{
			"name": "Homunculus Servant",
			"source": "EFA",
			"page": 21,
			"summonedBySpell": "Homunculus Servant|EFA",
			"summonedBySpellLevel": 2,
			"size": [
				"T"
			],
			"type": "construct",
			"alignment": [
				"N"
			],
			"ac": [
				13
			],
			"hp": {
				"special": "5 + 5 per spell level (the homunculus has a number of Hit Dice [d4s] equal to the spell's level)"
			},
			"speed": {
				"walk": 20,
				"fly": 30
			},
			"str": 4,
			"dex": 15,
			"con": 12,
			"int": 10,
			"wis": 10,
			"cha": 7,
			"senses": [
				"Darkvision 60 ft."
			],
			"passive": 10,
			"immune": [
				"poison"
			],
			"conditionImmune": [
				"exhaustion",
				"poisoned"
			],
			"languages": [
				"telepathy 1 mile (works only with you)"
			],
			"pbNote": "equals your Proficiency Bonus",
			"trait": [
				{
					"name": "Evasion",
					"entries": [
						"If the homunculus is subjected to an effect that allows it to make a Dexterity saving throw to take only half damage, the homunculus instead takes no damage if it succeeds on the save and only half damage if it fails. It can't use this trait if it has the {@condition Incapacitated|XPHB} condition."
					]
				},
				{
					"name": "Magic Bond",
					"entries": [
						"Add the spell's level to any ability check or saving throw the homunculus makes."
					]
				}
			],
			"action": [
				{
					"name": "Force Strike",
					"entries": [
						"{@atkr m,r} {@hitYourSpellAttack Bonus equals your spell attack modifier}, reach 5 ft. or range 30 ft. {@h}{@dice 1d6 + summonSpellLevel} Force damage."
					]
				}
			],
			"reaction": [
				{
					"name": "Channel Magic",
					"entries": [
						"{@actTrigger} You cast a spell that has a range of touch while the homunculus is within 120 feet of you. {@actResponse} The homunculus delivers the spell through its touch."
					]
				}
			],
			"senseTags": [
				"D"
			],
			"languageTags": [
				"TP"
			],
			"miscTags": [
				"MA",
				"RA"
			],
			"conditionInflict": [
				"incapacitated"
			]
		},
		{
			"name": "Jorasco Medic",
			"source": "EFA",
			"page": 81,
			"size": [
				"S"
			],
			"type": {
				"type": "humanoid",
				"tags": [
					"Halfling"
				]
			},
			"alignment": [
				"N"
			],
			"ac": [
				16
			],
			"hp": {
				"average": 58,
				"formula": "9d6 + 27"
			},
			"speed": {
				"walk": 30
			},
			"initiative": {
				"proficiency": 1
			},
			"str": 12,
			"dex": 15,
			"con": 16,
			"int": 14,
			"wis": 17,
			"cha": 14,
			"save": {
				"con": "+5",
				"wis": "+5"
			},
			"skill": {
				"insight": "+5",
				"medicine": "+5",
				"perception": "+5",
				"stealth": "+4"
			},
			"passive": 15,
			"languages": [
				"Common",
				"Halfling"
			],
			"cr": "4",
			"gear": [
				"breastplate|xphb"
			],
			"spellcasting": [
				{
					"name": "Mark of Healing (2/Day)",
					"type": "spellcasting",
					"headerEntries": [
						"The medic casts {@spell Cure Wounds|XPHB} or {@spell Lesser Restoration|XPHB}, using Wisdom as the spellcasting ability."
					],
					"daily": {
						"2": [
							"{@spell Cure Wounds|XPHB}",
							"{@spell Lesser Restoration|XPHB}"
						]
					},
					"ability": "wis",
					"displayAs": "bonus",
					"hidden": [
						"daily"
					]
				}
			],
			"trait": [
				{
					"name": "Lucky",
					"entries": [
						"When the medic rolls a 1 on the {@dice d20} of a {@variantrule D20 Test|XPHB}, it can reroll the die, and it must use the new roll."
					]
				}
			],
			"action": [
				{
					"name": "Multiattack",
					"entries": [
						"The medic makes two Radiant Burst attacks."
					]
				},
				{
					"name": "Radiant Burst",
					"entries": [
						"{@atkr m,r} {@hit 5}, reach 5 ft. or range 30 ft. {@h}7 ({@damage 2d6}) Radiant damage, and the creature has the {@condition Blinded|XPHB} condition until the start of the medic's next turn."
					]
				}
			],
			"actionTags": [
				"Multiattack"
			],
			"languageTags": [
				"C",
				"H"
			],
			"damageTags": [
				"R"
			],
			"spellcastingTags": [
				"O"
			],
			"miscTags": [
				"MA",
				"RA"
			],
			"conditionInflict": [
				"blinded"
			],
			"hasFluff": true,
			"hasFluffImages": true
		},
		{
			"name": "Kundarak Warden",
			"source": "EFA",
			"page": 81,
			"size": [
				"M"
			],
			"type": {
				"type": "humanoid",
				"tags": [
					"Dwarf"
				]
			},
			"alignment": [
				"N"
			],
			"ac": [
				14
			],
			"hp": {
				"average": 82,
				"formula": "11d8 + 33"
			},
			"speed": {
				"walk": 30
			},
			"str": 15,
			"dex": 12,
			"con": 16,
			"int": 17,
			"wis": 13,
			"cha": 10,
			"save": {
				"str": "+5",
				"dex": "+4",
				"con": "+6",
				"int": "+6",
				"wis": "+4"
			},
			"senses": [
				"Darkvision 120 ft."
			],
			"passive": 11,
			"languages": [
				"Common",
				"Dwarvish"
			],
			"cr": "5",
			"spellcasting": [
				{
					"name": "Spellcasting",
					"type": "spellcasting",
					"headerEntries": [
						"The warden casts one of the following spells, requiring no Material components and using Intelligence as the spellcasting ability (spell save {@dc 14}):"
					],
					"will": [
						"{@spell Alarm|XPHB}",
						"{@spell Arcane Lock|XPHB}",
						"{@spell Mage Armor|XPHB} (included in AC)"
					],
					"daily": {
						"1": [
							"{@spell Dispel Magic|XPHB}"
						]
					},
					"ability": "int",
					"displayAs": "action"
				},
				{
					"name": "Protective Magic (3/Day)",
					"type": "spellcasting",
					"headerEntries": [
						"The warden casts {@spell Counterspell|XPHB} or {@spell Shield|XPHB} in response to the spell's trigger, using the same spellcasting ability as Spellcasting."
					],
					"daily": {
						"3": [
							"{@spell Counterspell|XPHB}",
							"{@spell Shield|XPHB}"
						]
					},
					"ability": "int",
					"displayAs": "reaction",
					"hidden": [
						"daily"
					]
				}
			],
			"trait": [
				{
					"name": "Magic Resistance",
					"entries": [
						"The warden has {@variantrule Advantage|XPHB} on saving throws against spells and other magical effects."
					]
				}
			],
			"action": [
				{
					"name": "Multiattack",
					"entries": [
						"The warden makes two Arcane Whip attacks. It can replace one attack with a use of Shackling Glyph if available."
					]
				},
				{
					"name": "Arcane Whip",
					"entries": [
						"{@atkr m} {@hit 6}, reach 10 ft. {@h}13 ({@damage 3d6 + 3}) Force damage, and if the target is a Medium or smaller creature, it has the {@condition Prone|XPHB} condition. If the target already has the {@condition Prone|XPHB} condition, the attack deals an extra 7 ({@damage 2d6}) Force damage."
					]
				},
				{
					"name": "Shackling Glyph {@recharge}",
					"entries": [
						"{@actSave str} {@dc 14}, one creature the warden can see within 60 feet. {@actSaveFail} The creature has the {@condition Grappled|XPHB} condition (escape {@dc 14}). While {@condition Grappled|XPHB}, the creature has the {@condition Restrained|XPHB} condition."
					]
				}
			],
			"traitTags": [
				"Magic Resistance"
			],
			"senseTags": [
				"SD"
			],
			"actionTags": [
				"Multiattack"
			],
			"languageTags": [
				"C",
				"D"
			],
			"damageTags": [
				"O"
			],
			"spellcastingTags": [
				"O"
			],
			"miscTags": [
				"MA",
				"MLW",
				"RCH"
			],
			"conditionInflict": [
				"grappled",
				"prone",
				"restrained"
			],
			"savingThrowForced": [
				"strength"
			],
			"savingThrowForcedSpell": [
				"constitution"
			],
			"hasFluff": true,
			"hasFluffImages": true
		},
		{
			"name": "Lyrandar Scion",
			"source": "EFA",
			"page": 82,
			"size": [
				"S",
				"M"
			],
			"type": {
				"type": "humanoid",
				"tags": [
					"Khoravar"
				]
			},
			"alignment": [
				"N"
			],
			"ac": [
				13
			],
			"hp": {
				"average": 60,
				"formula": "11d8 + 11"
			},
			"speed": {
				"walk": 30
			},
			"str": 12,
			"dex": 16,
			"con": 13,
			"int": 12,
			"wis": 15,
			"cha": 18,
			"save": {
				"str": "+3",
				"dex": "+5"
			},
			"skill": {
				"acrobatics": "+5",
				"perception": "+4"
			},
			"senses": [
				"Darkvision 60 ft."
			],
			"passive": 14,
			"resist": [
				"lightning",
				"thunder"
			],
			"languages": [
				"Common",
				"Elvish"
			],
			"cr": "4",
			"gear": [
				"wand|xphb"
			],
			"spellcasting": [
				{
					"name": "Spellcasting",
					"type": "spellcasting",
					"headerEntries": [
						"The scion casts one of the following spells, using Charisma as the spellcasting ability (spell save {@dc 14}):"
					],
					"will": [
						"{@spell Elementalism|XPHB}",
						"{@spell Gust of Wind|XPHB}",
						"{@spell Thunderwave|XPHB}"
					],
					"ability": "cha",
					"displayAs": "action"
				},
				{
					"name": "Jump (2/Day)",
					"type": "spellcasting",
					"headerEntries": [
						"The scion casts {@spell Jump|XPHB}, requiring no spell components and using the same spellcasting ability as Spellcasting."
					],
					"daily": {
						"2": [
							"{@spell Jump|XPHB}"
						]
					},
					"ability": "cha",
					"displayAs": "bonus",
					"hidden": [
						"daily"
					]
				},
				{
					"name": "Feather Fall (2/Day)",
					"type": "spellcasting",
					"headerEntries": [
						"The scion casts {@spell Feather Fall|XPHB} in response to that spell's trigger, using the same spellcasting ability as Spellcasting."
					],
					"daily": {
						"2": [
							"{@spell Feather Fall|XPHB}"
						]
					},
					"ability": "cha",
					"displayAs": "reaction",
					"hidden": [
						"daily"
					]
				}
			],
			"action": [
				{
					"name": "Multiattack",
					"entries": [
						"The scion makes two Thunderbolt attacks and uses Spellcasting."
					]
				},
				{
					"name": "Thunderbolt",
					"entries": [
						"{@atkr m,r} {@hit 6}, reach 5 ft. or range 30 ft. {@h}11 ({@damage 2d6 + 4}) Lightning damage plus 9 ({@damage 2d8}) Thunder damage. Critical {@h}The creature also has the {@condition Deafened|XPHB} condition for 1 minute."
					]
				}
			],
			"senseTags": [
				"D"
			],
			"actionTags": [
				"Multiattack"
			],
			"languageTags": [
				"C",
				"E"
			],
			"damageTags": [
				"L",
				"T"
			],
			"damageTagsSpell": [
				"T"
			],
			"spellcastingTags": [
				"O"
			],
			"miscTags": [
				"MA",
				"RA"
			],
			"conditionInflict": [
				"deafened"
			],
			"savingThrowForcedSpell": [
				"constitution",
				"strength"
			],
			"hasFluff": true,
			"hasFluffImages": true
		},
		{
			"name": "Medani Inquisitive",
			"source": "EFA",
			"page": 82,
			"size": [
				"S",
				"M"
			],
			"type": {
				"type": "humanoid",
				"tags": [
					"Khoravar"
				]
			},
			"alignment": [
				"N"
			],
			"ac": [
				14
			],
			"hp": {
				"average": 45,
				"formula": "7d8 + 14"
			},
			"speed": {
				"walk": 30
			},
			"str": 14,
			"dex": 10,
			"con": 14,
			"int": 15,
			"wis": 16,
			"cha": 14,
			"save": {
				"con": "+4",
				"wis": "+5"
			},
			"skill": {
				"insight": "+5",
				"investigation": "+4"
			},
			"senses": [
				"Darkvision 60 ft."
			],
			"passive": 13,
			"languages": [
				"Common",
				"Elvish"
			],
			"cr": "3",
			"gear": [
				"breastplate|xphb",
				"quarterstaff|xphb"
			],
			"spellcasting": [
				{
					"name": "Spellcasting",
					"type": "spellcasting",
					"headerEntries": [
						"The inquisitive casts one of the following spells, requiring no Material components and using Wisdom as the spellcasting ability (spell save {@dc 13}):",
						"At Will : Guidance"
					],
					"daily": {
						"1e": [
							"{@spell Detect Thoughts|XPHB}",
							"{@spell See Invisibility|XPHB}"
						]
					},
					"ability": "wis",
					"displayAs": "action"
				}
			],
			"action": [
				{
					"name": "Multiattack",
					"entries": [
						"The inquisitive makes three Crooked Staff attacks. It can replace one attack with a use of Inquisitive Eye."
					]
				},
				{
					"name": "Crooked Staff",
					"entries": [
						"{@atkr m} {@hit 4}, reach 5 ft. {@h}6 ({@damage 1d8 + 2}) Bludgeoning damage. If the target is a Medium or smaller creature, it has the {@condition Prone|XPHB} condition. If the target already has the {@condition Prone|XPHB} condition, the attack deals an extra 7 ({@damage 2d6}) Radiant damage."
					]
				},
				{
					"name": "Inquisitive Eye",
					"entries": [
						"{@actSave wis} {@dc 13}, one creature the inquisitive can see within 60 feet. {@actSaveFail} 10 ({@damage 3d6}) Psychic damage, and the target is marked. The inquisitive has {@variantrule Advantage|XPHB} on attack rolls against a target it has marked. While marked, the target can't become hidden from the inquisitive, and if it has the {@condition Invisible|XPHB} condition, it gains no benefit from that condition against the inquisitive. The mark disappears after 1 minute or when the inquisitive uses this action again. {@actSaveSuccess} Half damage only."
					]
				}
			],
			"reaction": [
				{
					"name": "Spontaneous Barrier {@recharge 4}",
					"entries": [
						"{@actTrigger} The inquisitive or an ally it can see is hit with an attack roll. {@actResponse} The inquisitive adds 2 to its or the ally's AC against that attack, possibly causing it to miss."
					]
				}
			],
			"senseTags": [
				"D"
			],
			"actionTags": [
				"Multiattack"
			],
			"languageTags": [
				"C",
				"E"
			],
			"damageTags": [
				"B",
				"R",
				"Y"
			],
			"spellcastingTags": [
				"O"
			],
			"miscTags": [
				"MA"
			],
			"conditionInflict": [
				"invisible",
				"prone"
			],
			"savingThrowForced": [
				"wisdom"
			],
			"savingThrowForcedSpell": [
				"wisdom"
			],
			"hasFluff": true,
			"hasFluffImages": true
		},
		{
			"name": "Orien Enforcer",
			"source": "EFA",
			"page": 83,
			"size": [
				"S",
				"M"
			],
			"type": {
				"type": "humanoid",
				"tags": [
					"Human"
				]
			},
			"alignment": [
				"N"
			],
			"ac": [
				16
			],
			"hp": {
				"average": 55,
				"formula": "10d8 + 10"
			},
			"speed": {
				"walk": 35
			},
			"initiative": {
				"proficiency": 1
			},
			"str": 12,
			"dex": 18,
			"con": 13,
			"int": 16,
			"wis": 14,
			"cha": 11,
			"save": {
				"dex": "+6",
				"wis": "+4"
			},
			"skill": {
				"acrobatics": "+6",
				"perception": "+4"
			},
			"passive": 14,
			"languages": [
				"Common plus two other languages"
			],
			"cr": "4",
			"gear": [
				{
					"item": "dagger|xphb",
					"quantity": 6
				},
				"studded leather armor|xphb"
			],
			"spellcasting": [
				{
					"name": "Misty Step (2/Day)",
					"type": "spellcasting",
					"headerEntries": [
						"The enforcer casts {@spell Misty Step|XPHB}, using Intelligence as the spellcasting ability."
					],
					"daily": {
						"2": [
							"{@spell Misty Step|XPHB}"
						]
					},
					"ability": "int",
					"displayAs": "bonus",
					"hidden": [
						"daily"
					]
				}
			],
			"action": [
				{
					"name": "Multiattack",
					"entries": [
						"The enforcer makes three Dagger attacks. It can replace one attack with a use of Lightning Cage if available."
					]
				},
				{
					"name": "Dagger",
					"entries": [
						"{@atkr m,r} {@hit 6}, reach 5 ft. or range 20/60 ft. {@h}9 ({@damage 2d4 + 4}) Piercing damage plus 7 ({@damage 2d6}) Poison damage."
					]
				},
				{
					"name": "Lightning Cage {@recharge 5}",
					"entries": [
						"{@actSave con} {@dc 13}, each creature in a 20-foot-radius {@variantrule Sphere [Area of Effect]|XPHB|Sphere} centered on a point the enforcer can see within 60 feet. {@actSaveFail} 13 ({@damage 3d8}) Lightning damage, and the creature can't take Reactions until the end of the enforcer's next turn. {@actSaveSuccess} Half damage only."
					]
				}
			],
			"reaction": [
				{
					"name": "Temporal Disruption (1/Day)",
					"entries": [
						"{@actTrigger} The enforcer takes damage from a melee attack. {@actResponse} The enforcer teleports up to 30 feet to an unoccupied space it can see. Each creature within 10 feet of the space the enforcer left must succeed on a {@dc 13} Constitution saving throw, or its {@variantrule Speed|XPHB} is halved until the start of the enforcer's next turn."
					]
				}
			],
			"actionTags": [
				"Multiattack"
			],
			"languageTags": [
				"C",
				"X"
			],
			"damageTags": [
				"I",
				"L",
				"P"
			],
			"spellcastingTags": [
				"O"
			],
			"miscTags": [
				"AOE",
				"MA",
				"MLW",
				"RA",
				"THW"
			],
			"savingThrowForced": [
				"constitution"
			],
			"hasFluff": true,
			"hasFluffImages": true
		},
		{
			"name": "Sentinel Marshal",
			"source": "EFA",
			"page": 83,
			"size": [
				"S",
				"M"
			],
			"type": {
				"type": "humanoid",
				"tags": [
					"Human"
				]
			},
			"alignment": [
				"L",
				"N"
			],
			"ac": [
				16
			],
			"hp": {
				"average": 110,
				"formula": "20d8 + 20"
			},
			"speed": {
				"walk": 30
			},
			"initiative": {
				"proficiency": 2
			},
			"str": 18,
			"dex": 19,
			"con": 12,
			"int": 11,
			"wis": 15,
			"cha": 10,
			"save": {
				"dex": "+7",
				"con": "+4"
			},
			"skill": {
				"athletics": "+7",
				"insight": "+5",
				"perception": "+8"
			},
			"passive": 18,
			"languages": [
				"Common plus two other languages"
			],
			"cr": "6",
			"gear": [
				"longsword|xphb",
				"pistol|xphb",
				"studded leather armor|xphb"
			],
			"spellcasting": [
				{
					"name": "Shield (3/Day)",
					"type": "spellcasting",
					"headerEntries": [
						"The marshal casts {@spell Shield|XPHB} in response to the spell's trigger, using Wisdom as the spellcasting ability."
					],
					"daily": {
						"3": [
							"{@spell Shield|XPHB}"
						]
					},
					"ability": "wis",
					"displayAs": "reaction",
					"hidden": [
						"daily"
					]
				}
			],
			"action": [
				{
					"name": "Multiattack",
					"entries": [
						"The marshal makes three attacks, using Longsword or Pistol in any combination."
					]
				},
				{
					"name": "Longsword",
					"entries": [
						"{@atkr m} {@hit 7}, reach 5 ft. {@h}13 ({@damage 2d8 + 4}) Slashing damage, and the target has {@variantrule Disadvantage|XPHB} on the next attack roll it makes before the start of the marshal's next turn."
					]
				},
				{
					"name": "Pistol",
					"entries": [
						"{@atkr r} {@hit 7}, range 30/90 ft. {@h}15 ({@damage 2d10 + 4}) Piercing damage."
					]
				}
			],
			"actionTags": [
				"Multiattack"
			],
			"languageTags": [
				"C",
				"X"
			],
			"damageTags": [
				"P",
				"S"
			],
			"spellcastingTags": [
				"O"
			],
			"miscTags": [
				"MA",
				"MLW",
				"RA",
				"RNG"
			],
			"hasFluff": true,
			"hasFluffImages": true
		},
		{
			"name": "Shadow-Marked Agent",
			"source": "EFA",
			"page": 84,
			"size": [
				"M"
			],
			"type": {
				"type": "humanoid",
				"tags": [
					"Elf"
				]
			},
			"alignment": [
				"N"
			],
			"ac": [
				17
			],
			"hp": {
				"average": 132,
				"formula": "24d8 + 24"
			},
			"speed": {
				"walk": 30
			},
			"initiative": {
				"proficiency": 1
			},
			"str": 12,
			"dex": 20,
			"con": 12,
			"int": 11,
			"wis": 16,
			"cha": 17,
			"save": {
				"dex": "+8",
				"wis": "+6"
			},
			"skill": {
				"perception": "+6",
				"performance": "+6",
				"sleight of hand": "+8",
				"stealth": "+11"
			},
			"senses": [
				"Darkvision 60 ft."
			],
			"passive": 16,
			"languages": [
				"Common",
				"Elvish",
				"Thieves' cant"
			],
			"cr": "7",
			"gear": [
				"studded leather armor|xphb"
			],
			"spellcasting": [
				{
					"name": "Spellcasting",
					"type": "spellcasting",
					"headerEntries": [
						"The agent casts one of the following spells, requiring no Material components and using Charisma as the spellcasting ability ({@dc 14}):"
					],
					"will": [
						"{@spell Disguise Self|XPHB}",
						"{@spell Minor Illusion|XPHB}"
					],
					"daily": {
						"1": [
							"{@spell Pass without Trace|XPHB}"
						]
					},
					"ability": "cha",
					"displayAs": "action"
				}
			],
			"action": [
				{
					"name": "Multiattack",
					"entries": [
						"The agent makes two Shadow Knife attacks."
					]
				},
				{
					"name": "Shadow Knife",
					"entries": [
						"{@atkr m,r} {@hit 8}, reach 5 ft. or range 20/60 ft. {@h}10 ({@damage 2d4 + 5}) Piercing damage plus 14 ({@damage 4d6}) Necrotic damage, and the target's {@variantrule Speed|XPHB} is reduced by 10 feet until the end of its next turn."
					]
				}
			],
			"bonus": [
				{
					"name": "Shadow Cloak",
					"entries": [
						"The agent has the {@condition Invisible|XPHB} condition until the start of its next turn. This invisibility ends early immediately after the agent makes an attack roll."
					]
				}
			],
			"senseTags": [
				"D"
			],
			"actionTags": [
				"Multiattack"
			],
			"languageTags": [
				"C",
				"E",
				"TC"
			],
			"damageTags": [
				"N",
				"P"
			],
			"spellcastingTags": [
				"O"
			],
			"miscTags": [
				"MA",
				"RA"
			],
			"conditionInflict": [
				"invisible"
			],
			"hasFluff": true,
			"hasFluffImages": true
		},
		{
			"name": "Sivis Scribe",
			"source": "EFA",
			"page": 84,
			"size": [
				"S"
			],
			"type": {
				"type": "humanoid",
				"tags": [
					"Gnome"
				]
			},
			"alignment": [
				"N"
			],
			"ac": [
				15
			],
			"hp": {
				"average": 56,
				"formula": "16d6"
			},
			"speed": {
				"walk": 30
			},
			"str": 11,
			"dex": 15,
			"con": 10,
			"int": 16,
			"wis": 12,
			"cha": 11,
			"save": {
				"wis": "+3"
			},
			"skill": {
				"arcana": "+5",
				"sleight of hand": "+4"
			},
			"senses": [
				"Darkvision 60 ft."
			],
			"passive": 11,
			"languages": [
				"Common",
				"Gnomish plus three other languages"
			],
			"cr": "3",
			"spellcasting": [
				{
					"name": "Spellcasting",
					"type": "spellcasting",
					"headerEntries": [
						"The scribe casts one of the following spells, requiring no Material components and using Intelligence as the spellcasting ability ({@dc 13}):"
					],
					"will": [
						"{@spell Comprehend Languages|XPHB}",
						"{@spell Mage Armor|XPHB} (included in AC)",
						"{@spell Message|XPHB}"
					],
					"footerEntries": [
						"1/Da y: Sending"
					],
					"ability": "int",
					"displayAs": "action"
				}
			],
			"trait": [
				{
					"name": "Words of Reason",
					"entries": [
						"Allies in a 10-foot {@variantrule Emanation [Area of Effect]|XPHB|Emanation} originating from the scribe have {@variantrule Advantage|XPHB} on saving throws to avoid or end the {@condition Charmed|XPHB} or {@condition Frightened|XPHB} condition. This trait doesn't function if the scribe has the {@condition Incapacitated|XPHB} condition."
					]
				}
			],
			"action": [
				{
					"name": "Multiattack",
					"entries": [
						"The scribe makes two Bursting Sigil attacks."
					]
				},
				{
					"name": "Bursting Sigil",
					"entries": [
						"{@atkr m,r} {@hit 5}, reach 5 ft. or range 60 ft. {@h}13 ({@damage 3d6 + 3}) Radiant damage."
					]
				}
			],
			"reaction": [
				{
					"name": "Word of Stasis {@recharge 5}",
					"entries": [
						"{@actSave con} {@dc 13}, each creature in a 20-foot-radius {@variantrule Sphere [Area of Effect]|XPHB|Sphere} centered on a point the scribe can see within 60 feet. {@actSaveFail} The target has the {@condition Incapacitated|XPHB} condition until the start of the scribe's next turn. While the target is {@condition Incapacitated|XPHB}, its {@variantrule Speed|XPHB} is 0 and can't increase."
					]
				}
			],
			"senseTags": [
				"D"
			],
			"actionTags": [
				"Multiattack"
			],
			"languageTags": [
				"C",
				"G"
			],
			"damageTags": [
				"R"
			],
			"spellcastingTags": [
				"O"
			],
			"miscTags": [
				"AOE",
				"MA",
				"RA"
			],
			"conditionInflict": [
				"incapacitated"
			],
			"savingThrowForced": [
				"constitution"
			],
			"hasFluff": true,
			"hasFluffImages": true
		},
		{
			"name": "Steel Defender",
			"source": "EFA",
			"summonedByClass": "Artificer|EFA",
			"size": [
				"M"
			],
			"type": "construct",
			"alignment": [
				"N"
			],
			"ac": [
				{
					"special": "12 + your Intelligence modifier"
				}
			],
			"hp": {
				"special": "5 + five times your Artificer level (the defender has a number of Hit Dice [d8s] equal to your Artificer level)"
			},
			"speed": {
				"walk": 40
			},
			"str": 14,
			"dex": 12,
			"con": 14,
			"int": 4,
			"wis": 10,
			"cha": 6,
			"senses": [
				"Darkvision 60 ft."
			],
			"passive": 10,
			"immune": [
				"poison"
			],
			"conditionImmune": [
				"charmed",
				"exhaustion",
				"poisoned"
			],
			"languages": [
				"understands the languages you know"
			],
			"pbNote": "equals your Proficiency Bonus",
			"trait": [
				{
					"name": "Steel Bond",
					"entries": [
						"Add your {@variantrule Proficiency|XPHB|Proficiency Bonus} to any ability check or saving throw the defender makes."
					]
				}
			],
			"action": [
				{
					"name": "Force-Empowered Rend",
					"entries": [
						"{@atkr m} {@hitYourSpellAttack Bonus equals your spell attack modifier}, reach 5 ft. {@h}{@dice 1d8 + 2} plus your Intelligence modifier Force damage."
					]
				},
				{
					"name": "Repair (3/Day)",
					"entries": [
						"The defender, or one Construct or object it can see within 5 feet of itself, regains a number of {@variantrule Hit Points|XPHB} equal to {@dice 2d8} plus your Intelligence modifier."
					]
				}
			],
			"reaction": [
				{
					"name": "Deflect Attack",
					"entries": [
						"{@actTrigger} A creature the defender can see within 5 feet of itself makes an attack roll against a creature other than the defender. {@actResponse} The triggering creature makes the attack roll with {@variantrule Disadvantage|XPHB}."
					]
				}
			],
			"senseTags": [
				"D"
			],
			"miscTags": [
				"MA"
			]
		},
		{
			"name": "Tarkanan Marauder",
			"source": "EFA",
			"page": 73,
			"size": [
				"S",
				"M"
			],
			"type": "humanoid",
			"alignment": [
				"C",
				"E"
			],
			"ac": [
				16
			],
			"hp": {
				"average": 247,
				"formula": "26d8 + 130"
			},
			"speed": {
				"walk": 40
			},
			"initiative": {
				"proficiency": 1
			},
			"str": 15,
			"dex": 17,
			"con": 20,
			"int": 16,
			"wis": 15,
			"cha": 13,
			"save": {
				"dex": "+7",
				"con": "+9",
				"wis": "+6"
			},
			"skill": {
				"deception": "+5",
				"perception": "+6",
				"stealth": "+7"
			},
			"passive": 16,
			"languages": [
				"Common",
				"Thieves' cant"
			],
			"cr": "11",
			"gear": [
				"breastplate|xphb",
				"shortsword|xphb"
			],
			"spellcasting": [
				{
					"name": "Spellcasting",
					"type": "spellcasting",
					"headerEntries": [
						"The marauder casts one of the following spells, requiring no Material components and using Constitution as the spellcasting ability (spell save {@dc 17}):"
					],
					"will": [
						"{@spell Message|XPHB}"
					],
					"daily": {
						"1": [
							"{@spell Disintegrate|XPHB}"
						]
					},
					"ability": "con",
					"displayAs": "action"
				}
			],
			"trait": [
				{
					"name": "Evasion",
					"entries": [
						"If the marauder is subjected to an effect that allows it to make a Dexterity saving throw to take only half damage, the marauder instead takes no damage if it succeeds on the save and only half as much damage if it fails. It can't use this trait if it has the {@condition Incapacitated|XPHB} condition."
					]
				}
			],
			"action": [
				{
					"name": "Multiattack",
					"entries": [
						"The marauder makes three Aberrant Strike attacks."
					]
				},
				{
					"name": "Aberrant Strike",
					"entries": [
						"{@atkr m} {@hit 7}, reach 5 ft. {@h}13 ({@damage 3d6 + 3}) Piercing damage, plus 21 ({@damage 6d6}) Force damage if the marauder had {@variantrule Advantage|XPHB} on the attack roll."
					]
				}
			],
			"bonus": [
				{
					"name": "Tear Through Space",
					"entries": [
						"The marauder teleports to a space it can see within 30 feet, appearing in a dazzling flash. {@actSave con} {@dc 17}, each creature in a 5-foot {@variantrule Emanation [Area of Effect]|XPHB|Emanation} originating from the marauder when it appears. {@actSaveFail} The target has the {@condition Blinded|XPHB} condition until the end of the marauder's next turn."
					]
				}
			],
			"actionTags": [
				"Multiattack"
			],
			"languageTags": [
				"C",
				"TC"
			],
			"damageTags": [
				"O",
				"P"
			],
			"damageTagsSpell": [
				"O"
			],
			"spellcastingTags": [
				"O"
			],
			"miscTags": [
				"MA"
			],
			"conditionInflict": [
				"blinded",
				"incapacitated"
			],
			"savingThrowForced": [
				"constitution"
			],
			"savingThrowForcedSpell": [
				"dexterity"
			],
			"hasFluff": true,
			"hasFluffImages": true
		},
		{
			"name": "Tarkanan Ruffian",
			"source": "EFA",
			"page": 73,
			"size": [
				"S",
				"M"
			],
			"type": "humanoid",
			"alignment": [
				"C",
				"E"
			],
			"ac": [
				13
			],
			"hp": {
				"average": 32,
				"formula": "5d8 + 10"
			},
			"speed": {
				"walk": 40
			},
			"str": 14,
			"dex": 13,
			"con": 15,
			"int": 11,
			"wis": 10,
			"cha": 13,
			"save": {
				"dex": "+3",
				"con": "+4"
			},
			"skill": {
				"intimidation": "+3",
				"perception": "+2"
			},
			"passive": 12,
			"languages": [
				"Common",
				"Thieves' cant"
			],
			"cr": "1",
			"gear": [
				"spear|xphb",
				"studded leather armor|xphb"
			],
			"spellcasting": [
				{
					"name": "Spellcasting",
					"type": "spellcasting",
					"headerEntries": [
						"The ruffian casts one of the following spells, requiring no Material components and using Constitution as the spellcasting ability (spell save {@dc 12}, {@hit 4} to hit with spell attacks):"
					],
					"will": [
						"{@spell Thaumaturgy|XPHB}"
					],
					"daily": {
						"1": [
							"{@spell Witch Bolt|XPHB}"
						]
					},
					"ability": "con",
					"displayAs": "action"
				}
			],
			"trait": [
				{
					"name": "Aberrant Surge",
					"entries": [
						"When the ruffian casts {@spell Witch Bolt|XPHB}, roll {@dice 1d8}. On an even number, the ruffian gains a number of {@variantrule Temporary Hit Points|XPHB} equal to the number rolled. On an odd number, one creature of the ruffian's choice within 30 feet of it takes Force damage equal to the number rolled; if no other creatures are in range, it takes the damage."
					]
				}
			],
			"action": [
				{
					"name": "Spear",
					"entries": [
						"{@atkr m,r} {@hit 4}, reach 5 ft. or range 20/60 ft. {@h}6 ({@damage 1d8 + 2}) Piercing damage."
					]
				}
			],
			"languageTags": [
				"C",
				"TC"
			],
			"damageTags": [
				"P"
			],
			"damageTagsSpell": [
				"L"
			],
			"spellcastingTags": [
				"O"
			],
			"miscTags": [
				"MA",
				"MLW",
				"RA",
				"THW"
			],
			"hasFluff": true,
			"hasFluffImages": true
		},
		{
			"name": "Tharashk Hunter",
			"source": "EFA",
			"page": 85,
			"size": [
				"S",
				"M"
			],
			"type": {
				"type": "humanoid",
				"tags": [
					"Human",
					"Orc"
				]
			},
			"alignment": [
				"N"
			],
			"ac": [
				16
			],
			"hp": {
				"average": 97,
				"formula": "15d8 + 30"
			},
			"speed": {
				"walk": 40
			},
			"str": 12,
			"dex": 19,
			"con": 15,
			"int": 11,
			"wis": 16,
			"cha": 10,
			"save": {
				"dex": "+7",
				"con": "+5"
			},
			"skill": {
				"perception": "+6",
				"stealth": "+7",
				"survival": "+6"
			},
			"senses": [
				"Darkvision 60 ft."
			],
			"passive": 16,
			"languages": [
				"Common",
				"Orc plus one other language"
			],
			"cr": "6",
			"gear": [
				"longbow|xphb",
				"shortsword|xphb",
				"studded leather armor|xphb"
			],
			"action": [
				{
					"name": "Multiattack",
					"entries": [
						"The hunter makes three attacks, using Shortsword or Longbow in any combination."
					]
				},
				{
					"name": "Shortsword",
					"entries": [
						"{@atkr m} {@hit 7}, reach 5 ft. {@h}11 ({@damage 2d6 + 4}) Piercing damage, and the target has {@variantrule Disadvantage|XPHB} on attack rolls and ability checks until the end of its next turn."
					]
				},
				{
					"name": "Longbow",
					"entries": [
						"{@atkr r} {@hit 7}, range 150/600 ft. {@h}17 ({@damage 3d8 + 4}) Piercing damage, and the target's {@variantrule Speed|XPHB} is reduced by 10 feet until the end of its next turn."
					]
				}
			],
			"bonus": [
				{
					"name": "Mark of Tharashk",
					"entries": [
						"The hunter magically marks one creature it can see within 150 feet. The mark lasts for 1 hour, until the target dies, or until the hunter uses this {@variantrule Bonus Action|XPHB} again. While the target is marked in this way, the hunter has {@variantrule Advantage|XPHB} on attack rolls against the target, and the target gains no benefit from the {@condition Invisible|XPHB} condition against the hunter."
					]
				}
			],
			"reaction": [
				{
					"name": "Uncanny Dodge",
					"entries": [
						"{@actTrigger} The hunter is hit by an attack roll. {@actResponse} The hunter halves the damage (round down) it takes from that attack."
					]
				}
			],
			"senseTags": [
				"D"
			],
			"actionTags": [
				"Multiattack"
			],
			"languageTags": [
				"C",
				"O",
				"X"
			],
			"damageTags": [
				"P"
			],
			"miscTags": [
				"MA",
				"MLW",
				"RA",
				"RNG"
			],
			"conditionInflict": [
				"invisible"
			],
			"hasFluff": true,
			"hasFluffImages": true
		},
		{
			"name": "Umbragen Shadow Walker",
			"source": "EFA",
			"page": 99,
			"size": [
				"M"
			],
			"type": {
				"type": "humanoid",
				"tags": [
					"Elf"
				]
			},
			"alignment": [
				"N"
			],
			"ac": [
				14
			],
			"hp": {
				"average": 162,
				"formula": "25d8 + 50"
			},
			"speed": {
				"walk": 30
			},
			"str": 12,
			"dex": 19,
			"con": 14,
			"int": 13,
			"wis": 15,
			"cha": 20,
			"save": {
				"dex": "+8",
				"wis": "+6"
			},
			"skill": {
				"arcana": "+5",
				"perception": "+6",
				"stealth": "+8"
			},
			"senses": [
				"Darkvision 120 ft."
			],
			"passive": 16,
			"vulnerable": [
				"radiant"
			],
			"languages": [
				"Common",
				"Elvish",
				"Undercommon"
			],
			"cr": "9",
			"spellcasting": [
				{
					"name": "Spellcasting",
					"type": "spellcasting",
					"headerEntries": [
						"The shadow walker casts one of the following spells, requiring no Material components and using Charisma as the spellcasting ability (spell save {@dc 17}):"
					],
					"will": [
						"{@spell Dancing Lights|XPHB}",
						"{@spell Darkness|XPHB}",
						"{@spell Minor Illusion|XPHB}"
					],
					"ability": "cha",
					"displayAs": "action"
				}
			],
			"trait": [
				{
					"name": "Fey Ancestry",
					"entries": [
						"Magic can't put the shadow walker to sleep."
					]
				},
				{
					"name": "Sunlight Sensitivity",
					"entries": [
						"While in sunlight, the shadow walker has {@variantrule Disadvantage|XPHB} on ability checks and attack rolls."
					]
				}
			],
			"action": [
				{
					"name": "Multiattack",
					"entries": [
						"The shadow walker makes three Gloom Burst attacks and uses Shadow Cowl."
					]
				},
				{
					"name": "Gloom Burst",
					"entries": [
						"{@atkr m,r} {@hit 9}, reach 5 ft. or range 120 ft. {@h}14 ({@damage 2d8 + 5}) Psychic damage."
					]
				},
				{
					"name": "Shadow Cowl",
					"entries": [
						"{@actSave wis} {@dc 17}, one creature the shadow walker can see within 120 feet. {@actSaveFail} 14 ({@damage 4d6}) Necrotic damage, and the target has the  {@condition Blinded|XPHB} condition until the start of the shadow walker's next turn."
					]
				}
			],
			"traitTags": [
				"Fey Ancestry",
				"Sunlight Sensitivity"
			],
			"senseTags": [
				"SD"
			],
			"actionTags": [
				"Multiattack"
			],
			"languageTags": [
				"C",
				"E",
				"U"
			],
			"damageTags": [
				"N",
				"Y"
			],
			"spellcastingTags": [
				"O"
			],
			"miscTags": [
				"MA",
				"RA"
			],
			"savingThrowForced": [
				"wisdom"
			],
			"hasFluff": true,
			"hasFluffImages": true
		},
		{
			"name": "Vadalis Heir",
			"source": "EFA",
			"page": 85,
			"size": [
				"S",
				"M"
			],
			"type": {
				"type": "humanoid",
				"tags": [
					"Human"
				]
			},
			"alignment": [
				"N"
			],
			"ac": [
				14
			],
			"hp": {
				"average": 52,
				"formula": "8d8 + 16"
			},
			"speed": {
				"walk": 30
			},
			"str": 12,
			"dex": 16,
			"con": 15,
			"int": 10,
			"wis": 17,
			"cha": 13,
			"save": {
				"dex": "+5",
				"con": "+4",
				"wis": "+5"
			},
			"skill": {
				"animal handling": "+7",
				"nature": "+4",
				"stealth": "+5"
			},
			"passive": 13,
			"languages": [
				"Common",
				"Sylvan"
			],
			"cr": "4",
			"gear": [
				"leather armor|xphb",
				"scimitar|xphb"
			],
			"spellcasting": [
				{
					"name": "Spellcasting",
					"type": "spellcasting",
					"headerEntries": [
						"The heir casts one of the following spells, using Wisdom as the spellcasting ability (spell save {@dc 13}):"
					],
					"will": [
						"{@spell Druidcraft|XPHB}",
						"{@spell Light|XPHB}",
						"{@spell Speak with Animals|XPHB}"
					],
					"daily": {
						"1": [
							"{@spell Ice Storm|XPHB}"
						],
						"3e": [
							"{@spell Animal Friendship|XPHB}",
							"{@spell Animal Messenger|XPHB}"
						]
					},
					"ability": "wis",
					"displayAs": "action"
				}
			],
			"trait": [
				{
					"name": "Pack Tactics",
					"entries": [
						"The heir has {@variantrule Advantage|XPHB} on an attack roll against a creature if at least one of the heir's allies is within 5 feet of the creature and the ally doesn't have the {@condition Incapacitated|XPHB} condition."
					]
				}
			],
			"action": [
				{
					"name": "Multiattack",
					"entries": [
						"The heir makes four attacks, using Scimitar or Lunar Wisp in any combination."
					]
				},
				{
					"name": "Scimitar",
					"entries": [
						"{@atkr m} {@hit 5}, reach 5 ft. {@h}6 ({@damage 1d6 + 3}) Slashing damage plus 3 ({@damage 1d6}) Poison damage."
					]
				},
				{
					"name": "Lunar Wisp",
					"entries": [
						"{@atkr r} {@hit 5}, range 60 ft. {@h}9 ({@damage 2d8}) Radiant damage, and the target emits {@variantrule Dim Light|XPHB} in a 10-foot radius and can't benefit from the {@condition Invisible|XPHB} condition until the end of the heir's next turn."
					]
				}
			],
			"bonus": [
				{
					"name": "Spur Beast",
					"entries": [
						"The heir targets a Beast it can see within 30 feet. The target can take a {@variantrule Reaction|XPHB} to move up to half its {@variantrule Speed|XPHB} and make one melee attack."
					]
				}
			],
			"traitTags": [
				"Pack Tactics"
			],
			"actionTags": [
				"Multiattack"
			],
			"languageTags": [
				"C",
				"S"
			],
			"damageTags": [
				"I",
				"R",
				"S"
			],
			"damageTagsSpell": [
				"B",
				"C"
			],
			"spellcastingTags": [
				"O"
			],
			"miscTags": [
				"AOE",
				"MA",
				"MLW",
				"RA"
			],
			"conditionInflictSpell": [
				"charmed"
			],
			"savingThrowForcedSpell": [
				"charisma",
				"dexterity",
				"wisdom"
			],
			"hasFluff": true,
			"hasFluffImages": true
		},
		{
			"name": "Vulkoori Stingblade",
			"source": "EFA",
			"page": 98,
			"size": [
				"M"
			],
			"type": {
				"type": "humanoid",
				"tags": [
					"Elf"
				]
			},
			"alignment": [
				"N"
			],
			"ac": [
				14
			],
			"hp": {
				"average": 27,
				"formula": "6d8"
			},
			"speed": {
				"walk": 30
			},
			"initiative": {
				"proficiency": 1
			},
			"str": 11,
			"dex": 15,
			"con": 10,
			"int": 11,
			"wis": 12,
			"cha": 12,
			"save": {
				"dex": "+4"
			},
			"skill": {
				"perception": "+3",
				"stealth": "+4"
			},
			"senses": [
				"Darkvision 120 ft."
			],
			"passive": 13,
			"resist": [
				"poison"
			],
			"languages": [
				"Common",
				"Elvish",
				"Giant"
			],
			"cr": "1/2",
			"gear": [
				"shortsword|xphb",
				"studded leather armor|xphb"
			],
			"trait": [
				{
					"name": "Fey Ancestry",
					"entries": [
						"Magic can't put the stingblade to sleep."
					]
				}
			],
			"action": [
				{
					"name": "Stingblade",
					"entries": [
						"{@atkr m} {@hit 4}, reach 5 ft. {@h}5 ({@damage 1d6 + 2}) Piercing damage plus 2 ({@damage 1d4}) Poison damage."
					]
				},
				{
					"name": "Boomerang",
					"entries": [
						"{@atkr r} {@hit 4}, reach 30/120 ft. {@h}7 ({@damage 2d4 + 2}) Bludgeoning damage."
					]
				}
			],
			"traitTags": [
				"Fey Ancestry"
			],
			"senseTags": [
				"SD"
			],
			"languageTags": [
				"C",
				"E",
				"GI"
			],
			"damageTags": [
				"B",
				"I",
				"P"
			],
			"miscTags": [
				"MA",
				"RA"
			],
			"hasFluff": true,
			"hasFluffImages": true
		},
		{
			"name": "Vulkoori Venom Priest",
			"source": "EFA",
			"page": 98,
			"size": [
				"M"
			],
			"type": {
				"type": "humanoid",
				"tags": [
					"Elf"
				]
			},
			"alignment": [
				"N",
				"E"
			],
			"ac": [
				15
			],
			"hp": {
				"average": 44,
				"formula": "8d8 + 8"
			},
			"speed": {
				"walk": 30
			},
			"str": 15,
			"dex": 16,
			"con": 12,
			"int": 10,
			"wis": 16,
			"cha": 13,
			"save": {
				"con": "+3",
				"wis": "+5"
			},
			"skill": {
				"perception": "+5",
				"religion": "+2",
				"stealth": "+5"
			},
			"senses": [
				"Darkvision 120 ft."
			],
			"passive": 15,
			"resist": [
				"poison"
			],
			"languages": [
				"Common",
				"Elvish",
				"Giant"
			],
			"cr": "2",
			"gear": [
				"holy symbol|xphb",
				"quarterstaff|xphb",
				"studded leather armor|xphb"
			],
			"spellcasting": [
				{
					"name": "Spellcasting",
					"type": "spellcasting",
					"headerEntries": [
						"The priest casts one of the following spells, using Wisdom as the spellcasting ability (spell save {@dc 13}, {@hit 5} to hit with spell attacks):"
					],
					"will": [
						"{@spell Dancing Lights|XPHB}",
						"{@spell Ray of Sickness|XPHB}",
						"{@spell Thaumaturgy|XPHB}"
					],
					"daily": {
						"1e": [
							"{@spell Cure Wounds|XPHB}",
							"{@spell Hold Person|XPHB}",
							"{@spell Protection from Poison|XPHB}"
						]
					},
					"ability": "wis",
					"displayAs": "action"
				}
			],
			"trait": [
				{
					"name": "Fey Ancestry",
					"entries": [
						"Magic can't put the priest to sleep."
					]
				}
			],
			"action": [
				{
					"name": "Venom Staff",
					"entries": [
						"{@atkr m} {@hit 4}, reach 5 ft. {@h}9 ({@damage 2d6 + 2}) Bludgeoning damage, and the target has the {@condition Poisoned|XPHB} condition until the end of the priest's next turn."
					]
				}
			],
			"bonus": [
				{
					"name": "Intensify Poison",
					"entries": [
						"Each creature with the {@condition Poisoned|XPHB} condition within a 30-foot {@variantrule Emanation [Area of Effect]|XPHB|Emanation} originating from the priest takes 3 ({@damage 1d6}) Poison damage."
					]
				}
			],
			"traitTags": [
				"Fey Ancestry"
			],
			"senseTags": [
				"SD"
			],
			"languageTags": [
				"C",
				"E",
				"GI"
			],
			"damageTags": [
				"B",
				"I"
			],
			"damageTagsSpell": [
				"I"
			],
			"spellcastingTags": [
				"O"
			],
			"miscTags": [
				"MA"
			],
			"conditionInflict": [
				"poisoned"
			],
			"conditionInflictSpell": [
				"paralyzed",
				"poisoned"
			],
			"savingThrowForcedSpell": [
				"wisdom"
			],
			"hasFluff": true,
			"hasFluffImages": true
		}
	]
}
