{
	"_meta": {
		"otherSources": {
			"monster": {
				"MM": "AitFR-ISF"
			}
		}
	},
	"monster": [
		{
			"name": "Exul",
			"isNpc": true,
			"isNamedCreature": true,
			"source": "AitFR-ISF",
			"page": 12,
			"size": [
				"L"
			],
			"type": "elemental",
			"alignment": [
				"N",
				"E"
			],
			"ac": [
				{
					"ac": 17,
					"from": [
						"natural armor"
					]
				}
			],
			"hp": {
				"average": 200,
				"formula": "16d10 + 112"
			},
			"speed": {
				"walk": 40,
				"fly": 60
			},
			"str": 22,
			"dex": 12,
			"con": 24,
			"int": 16,
			"wis": 15,
			"cha": 16,
			"save": {
				"int": "+7",
				"cha": "+7"
			},
			"senses": [
				"darkvision 120 ft."
			],
			"passive": 12,
			"immune": [
				"fire"
			],
			"languages": [
				"Common",
				"Ignan",
				"Terran"
			],
			"cr": "11",
			"spellcasting": [
				{
					"name": "Innate Spellcasting",
					"type": "spellcasting",
					"headerEntries": [
						"Exul's innate spellcasting ability is Charisma (spell save {@dc 15}, {@hit 7} to hit with spell attacks). He can innately cast the following spells, requiring no material components:"
					],
					"will": [
						"{@spell detect magic}"
					],
					"daily": {
						"3e": [
							"{@spell comprehend languages}",
							"{@spell tongues}"
						],
						"1e": [
							"{@spell conjure elemental} (earth or fire elemental only)",
							"{@spell invisibility}",
							"{@spell major image}",
							"{@spell plane shift}",
							"{@spell wall of fire}"
						]
					}
				}
			],
			"trait": [
				{
					"name": "Elemental Demise",
					"entries": [
						"If Exul dies, his body disintegrates in a flash of fire and puff of smoke, leaving behind only the equipment he was wearing or carrying."
					]
				}
			],
			"action": [
				{
					"name": "Multiattack",
					"entries": [
						"Exul makes two handaxe attacks or uses his Hurl Flame twice."
					]
				},
				{
					"name": "Handaxe",
					"entries": [
						"{@atk mw} {@hit 10} to hit, reach 5 ft., one target. {@h}13 (2d6 + 6) slashing damage plus 3 (1d6) fire damage."
					]
				},
				{
					"name": "Hurl Flame",
					"entries": [
						"{@atk rs} {@hit 7} to hit, range 120 ft., one target. {@h}17 (5d6) fire damage."
					]
				}
			],
			"attachedItems": [
				"handaxe|phb"
			],
			"senseTags": [
				"SD"
			],
			"actionTags": [
				"Multiattack"
			],
			"languageTags": [
				"C",
				"IG",
				"T"
			],
			"damageTagsSpell": [
				"F"
			],
			"spellcastingTags": [
				"I"
			],
			"miscTags": [
				"MLW",
				"MW"
			],
			"conditionInflictSpell": [
				"invisible"
			],
			"savingThrowForcedSpell": [
				"charisma",
				"dexterity"
			],
			"hasToken": true,
			"hasFluff": true
		},
		{
			"name": "Malivar",
			"isNpc": true,
			"isNamedCreature": true,
			"source": "AitFR-ISF",
			"page": 12,
			"size": [
				"M"
			],
			"type": {
				"type": "humanoid",
				"tags": [
					"human"
				]
			},
			"alignment": [
				"C",
				"E"
			],
			"ac": [
				12
			],
			"hp": {
				"average": 40,
				"formula": "9d8"
			},
			"speed": {
				"walk": 30
			},
			"str": 9,
			"dex": 14,
			"con": 11,
			"int": 17,
			"wis": 12,
			"cha": 17,
			"save": {
				"int": "+6",
				"wis": "+4"
			},
			"skill": {
				"arcana": "+6",
				"history": "+6"
			},
			"passive": 11,
			"languages": [
				"Common",
				"Draconic",
				"Ignan",
				"Infernal"
			],
			"cr": "6",
			"spellcasting": [
				{
					"name": "Spellcasting",
					"type": "spellcasting",
					"headerEntries": [
						"Malivar is a 9th-level spellcaster. His spellcasting ability is Intelligence (spell save {@dc 14}, {@hit 6} to hit with spell attacks). He has the following wizard spells prepared:"
					],
					"spells": {
						"0": {
							"spells": [
								"{@spell acid splash}",
								"{@spell mage hand}",
								"{@spell poison spray}",
								"{@spell prestidigitation}"
							]
						},
						"1": {
							"slots": 4,
							"spells": [
								"{@spell mage armor}",
								"{@spell magic missile}",
								"{@spell unseen servant}*"
							]
						},
						"2": {
							"slots": 3,
							"spells": [
								"{@spell cloud of daggers}*",
								"{@spell misty step}*",
								"{@spell web}*"
							]
						},
						"3": {
							"slots": 3,
							"spells": [
								"{@spell fireball}",
								"{@spell thunder step|XGE}*"
							]
						},
						"4": {
							"slots": 3,
							"spells": [
								"{@spell Evard's black tentacles}*",
								"{@spell stoneskin}"
							]
						},
						"5": {
							"slots": 2,
							"spells": [
								"{@spell cone of cold}*",
								"{@spell conjure elemental}*"
							]
						}
					},
					"footerEntries": [
						"*Conjuration spell of 1st level or higher"
					],
					"ability": "int"
				}
			],
			"trait": [
				{
					"name": "Benign Transportation (Recharges after Malivar Casts a Conjuration Spell of 1st Level or Higher)",
					"entries": [
						"As a bonus action, Malivar teleports up to 30 feet to an unoccupied space that he can see.",
						"If he instead chooses a space within range that is occupied by a willing Small or Medium creature, they both teleport, swapping places."
					]
				}
			],
			"action": [
				{
					"name": "Dagger",
					"entries": [
						"{@atk mw,rw} {@hit 5} to hit, reach 5 ft. or range 20/60 ft., one target. {@h}4 ({@damage 1d4 + 2}) piercing damage"
					]
				}
			],
			"attachedItems": [
				"dagger|phb"
			],
			"languageTags": [
				"C",
				"DR",
				"I",
				"IG"
			],
			"damageTags": [
				"P"
			],
			"damageTagsSpell": [
				"A",
				"B",
				"C",
				"F",
				"I",
				"O",
				"S",
				"T"
			],
			"spellcastingTags": [
				"CW"
			],
			"miscTags": [
				"MLW",
				"MW",
				"RW",
				"THW"
			],
			"conditionInflictSpell": [
				"restrained"
			],
			"savingThrowForcedSpell": [
				"constitution",
				"dexterity"
			],
			"hasToken": true,
			"hasFluff": true
		}
	]
}
