{
	"_meta": {
		"dependencies": {
			"monster": [
				"MM"
			]
		},
		"otherSources": {
			"monster": {
				"MM": "RMBRE",
				"LMoP": "RMBRE"
			}
		}
	},
	"monster": [
		{
			"name": "Billy Beaver",
			"isNpc": true,
			"isNamedCreature": true,
			"source": "RMBRE",
			"page": 27,
			"size": [
				"L"
			],
			"type": "construct",
			"alignment": [
				"U"
			],
			"ac": [
				{
					"ac": 13,
					"from": [
						"natural armor"
					]
				}
			],
			"hp": {
				"average": 34,
				"formula": "7d10 + 21"
			},
			"speed": {
				"walk": 40
			},
			"str": 20,
			"dex": 12,
			"con": 17,
			"int": 3,
			"wis": 12,
			"cha": 7,
			"skill": {
				"perception": "+3"
			},
			"senses": [
				"darkvision 60 ft."
			],
			"passive": 13,
			"immune": [
				"poison",
				"psychic"
			],
			"conditionImmune": [
				"blinded",
				"charmed",
				"deafened",
				"exhaustion",
				"frightened",
				"paralyzed",
				"petrified",
				"poisoned"
			],
			"languages": [
				"Common"
			],
			"cr": "3",
			"trait": [
				{
					"name": "Keen Sight and Smell",
					"entries": [
						"Billy Beaver has advantage on Wisdom ({@skill Perception}) checks that rely on sight or smell."
					]
				}
			],
			"action": [
				{
					"name": "Beak",
					"entries": [
						"{@atk mw} {@hit 7} to hit, reach 5 ft., one creature. {@h}10 ({@damage 1d10 + 5}) piercing damage."
					]
				}
			],
			"tokenCustom": true,
			"traitTags": [
				"Keen Senses"
			],
			"senseTags": [
				"D"
			],
			"languageTags": [
				"C"
			],
			"damageTags": [
				"P"
			],
			"miscTags": [
				"MW"
			],
			"hasToken": true,
			"hasFluff": true
		},
		{
			"name": "Buster the Bear",
			"isNpc": true,
			"isNamedCreature": true,
			"source": "RMBRE",
			"page": 27,
			"size": [
				"M"
			],
			"type": "construct",
			"alignment": [
				"C",
				"E"
			],
			"ac": [
				{
					"ac": 16,
					"from": [
						"{@item hide armor|phb}",
						"{@item shield|phb}"
					]
				}
			],
			"hp": {
				"average": 27,
				"formula": "5d8 + 5"
			},
			"speed": {
				"walk": 30
			},
			"str": 15,
			"dex": 14,
			"con": 13,
			"int": 8,
			"wis": 11,
			"cha": 9,
			"skill": {
				"stealth": "+6",
				"survival": "+2"
			},
			"senses": [
				"darkvision 60 ft."
			],
			"passive": 10,
			"immune": [
				"poison",
				"psychic"
			],
			"conditionImmune": [
				"blinded",
				"charmed",
				"deafened",
				"exhaustion",
				"frightened",
				"paralyzed",
				"petrified",
				"poisoned"
			],
			"languages": [
				"Common"
			],
			"cr": "1",
			"trait": [
				{
					"name": "Surprise Attack",
					"entries": [
						"If Buster the Bear surprises a creature and hits it with an attack during the first round of combat, the target takes an extra 7 ({@damage 2d6}) damage from the attack."
					]
				}
			],
			"action": [
				{
					"name": "Bashin' Banjo",
					"entries": [
						"{@atk mw} {@hit 4} to hit, reach 5 ft., one target. {@h}6 ({@damage 1d8 + 2}) bludgeoning damage."
					]
				}
			],
			"tokenCustom": true,
			"senseTags": [
				"D"
			],
			"languageTags": [
				"C"
			],
			"damageTags": [
				"B"
			],
			"miscTags": [
				"MW"
			],
			"hasToken": true,
			"hasFluff": true
		},
		{
			"name": "Large Mimic",
			"source": "RMBRE",
			"page": 24,
			"_copy": {
				"name": "Mimic",
				"source": "MM",
				"_mod": {
					"action": {
						"mode": "prependArr",
						"items": {
							"name": "Multiattack",
							"entries": [
								"The mimic makes three attacks: two with its pseudopods and one with its bite."
							]
						}
					}
				}
			},
			"size": [
				"L"
			],
			"hp": {
				"formula": "9d8 + 18",
				"average": 75
			},
			"speed": {
				"walk": 0
			},
			"cr": "3",
			"actionTags": [
				"Multiattack"
			],
			"hasToken": true,
			"hasFluffImages": true
		},
		{
			"name": "Layla the Lizard",
			"isNpc": true,
			"isNamedCreature": true,
			"source": "RMBRE",
			"page": 28,
			"size": [
				"M"
			],
			"type": "construct",
			"alignment": [
				"C",
				"E"
			],
			"ac": [
				12
			],
			"hp": {
				"average": 22,
				"formula": "5d8"
			},
			"speed": {
				"walk": 30
			},
			"str": 13,
			"dex": 15,
			"con": 10,
			"int": 7,
			"wis": 10,
			"cha": 6,
			"senses": [
				"darkvision 60 ft."
			],
			"passive": 10,
			"immune": [
				"poison",
				"psychic"
			],
			"conditionImmune": [
				"blinded",
				"charmed",
				"deafened",
				"exhaustion",
				"frightened",
				"paralyzed",
				"petrified",
				"poisoned"
			],
			"languages": [
				"Common"
			],
			"cr": "1",
			"action": [
				{
					"name": "Bite",
					"entries": [
						"{@atk mw} {@hit 2} to hit, reach 5 ft., one creature. {@h}9 ({@damage 2d6 + 2}) piercing damage."
					]
				},
				{
					"name": "Claws",
					"entries": [
						"{@atk mw} {@hit 4} to hit, reach 5 ft., one target. {@h}7 ({@damage 2d4 + 2}) slashing damage."
					]
				}
			],
			"senseTags": [
				"D"
			],
			"languageTags": [
				"C"
			],
			"damageTags": [
				"P",
				"S"
			],
			"miscTags": [
				"MW"
			],
			"hasToken": true,
			"hasFluff": true,
			"hasFluffImages": true
		},
		{
			"name": "Lycanthropickle",
			"group": [
				"Lycanthropes"
			],
			"source": "RMBRE",
			"page": 11,
			"_copy": {
				"name": "Twig Blight",
				"source": "MM"
			},
			"trait": [
				{
					"name": "False Appearance",
					"entries": [
						"While the lycanthropickle remains motionless, it is indistinguishable from a pickle."
					]
				}
			],
			"hasToken": true,
			"hasFluff": true,
			"hasFluffImages": true
		},
		{
			"name": "Meeseeks",
			"source": "RMBRE",
			"page": 16,
			"_copy": {
				"name": "Commoner",
				"source": "MM"
			},
			"hp": {
				"special": "\u2014(immune to damage)"
			},
			"hasToken": true
		},
		{
			"name": "Piggy Wiggle Butt",
			"isNpc": true,
			"isNamedCreature": true,
			"source": "RMBRE",
			"page": 28,
			"size": [
				"M"
			],
			"type": "construct",
			"alignment": [
				"C",
				"E"
			],
			"ac": [
				{
					"ac": 13,
					"from": [
						"{@item hide armor|phb}"
					]
				}
			],
			"hp": {
				"average": 15,
				"formula": "2d8 + 6"
			},
			"speed": {
				"walk": 30
			},
			"str": 16,
			"dex": 12,
			"con": 16,
			"int": 7,
			"wis": 11,
			"cha": 10,
			"skill": {
				"intimidation": "+2"
			},
			"senses": [
				"darkvision 60 ft."
			],
			"passive": 10,
			"immune": [
				"poison",
				"psychic"
			],
			"conditionImmune": [
				"blinded",
				"charmed",
				"deafened",
				"exhaustion",
				"frightened",
				"paralyzed",
				"petrified",
				"poisoned"
			],
			"languages": [
				"Common"
			],
			"cr": "1/2",
			"trait": [
				{
					"name": "Aggressive",
					"entries": [
						"As a bonus action, Piggy Wiggle Butt can move up to its speed toward a hostile creature that it can see."
					]
				}
			],
			"action": [
				{
					"name": "Clay Jug",
					"entries": [
						"{@atk mw} {@hit 5} to hit, reach 5 ft., one target. {@h}7 ({@damage 1d8 + 3}) bludgeoning damage."
					]
				}
			],
			"tokenCustom": true,
			"traitTags": [
				"Aggressive"
			],
			"senseTags": [
				"D"
			],
			"languageTags": [
				"C"
			],
			"damageTags": [
				"B"
			],
			"miscTags": [
				"MW"
			],
			"hasToken": true,
			"hasFluff": true
		},
		{
			"name": "Thomas T. Toad",
			"isNpc": true,
			"isNamedCreature": true,
			"source": "RMBRE",
			"page": 28,
			"size": [
				"L"
			],
			"type": "construct",
			"alignment": [
				"C",
				"E"
			],
			"ac": [
				{
					"ac": 11,
					"from": [
						"{@item hide armor|phb}"
					]
				}
			],
			"hp": {
				"average": 59,
				"formula": "7d10 + 21"
			},
			"speed": {
				"walk": 40
			},
			"str": 19,
			"dex": 8,
			"con": 16,
			"int": 5,
			"wis": 7,
			"cha": 7,
			"senses": [
				"darkvision 60 ft."
			],
			"passive": 8,
			"immune": [
				"poison",
				"psychic"
			],
			"conditionImmune": [
				"blinded",
				"charmed",
				"deafened",
				"exhaustion",
				"frightened",
				"paralyzed",
				"petrified",
				"poisoned"
			],
			"languages": [
				"Common"
			],
			"cr": "2",
			"action": [
				{
					"name": "Webby Hands",
					"entries": [
						"{@atk mw} {@hit 6} to hit, reach 5 ft., one target. {@h}8 ({@damage 1d8 + 4}) bludgeoning damage."
					]
				}
			],
			"tokenCustom": true,
			"senseTags": [
				"D"
			],
			"languageTags": [
				"C"
			],
			"damageTags": [
				"B"
			],
			"miscTags": [
				"MW"
			],
			"hasToken": true,
			"hasFluff": true
		},
		{
			"name": "Tommy Two-Butts",
			"isNpc": true,
			"isNamedCreature": true,
			"source": "RMBRE",
			"page": 18,
			"_copy": {
				"name": "Bugbear",
				"source": "MM",
				"_mod": {
					"*": {
						"mode": "replaceTxt",
						"replace": "the bugbear",
						"with": "Tommy",
						"flags": "i"
					}
				}
			},
			"int": 21,
			"hasToken": true,
			"hasFluffImages": true
		}
	]
}
