{
	"_meta": {
		"dependencies": {
			"monster": [
				"MM"
			]
		},
		"otherSources": {
			"monster": {
				"MM": "EGW",
				"TftYP": "EGW"
			}
		},
		"internalCopies": [
			"monster"
		]
	},
	"monster": [
		{
			"name": "Aeorian Absorber",
			"source": "EGW",
			"page": 283,
			"size": [
				"L"
			],
			"type": "monstrosity",
			"alignment": [
				"N",
				"E"
			],
			"ac": [
				{
					"ac": 15,
					"from": [
						"natural armor"
					]
				}
			],
			"hp": {
				"average": 171,
				"formula": "18d10 + 72"
			},
			"speed": {
				"walk": 40
			},
			"str": 21,
			"dex": 18,
			"con": 18,
			"int": 6,
			"wis": 14,
			"cha": 8,
			"save": {
				"wis": "+6",
				"cha": "+3"
			},
			"skill": {
				"perception": "+6",
				"stealth": "+8",
				"survival": "+6"
			},
			"senses": [
				"darkvision 120 ft."
			],
			"passive": 16,
			"immune": [
				"necrotic",
				"radiant"
			],
			"languages": [
				"understands Draconic but can't speak"
			],
			"cr": "10",
			"trait": [
				{
					"name": "Magic Resistance",
					"entries": [
						"The absorber has advantage on saving throws against spells and other magical effects."
					]
				},
				{
					"name": "Pounce",
					"entries": [
						"If the absorber moves at least 20 feet straight toward a creature and then hits its claws attack on the same turn, that target must succeed on a {@dc 17} Strength saving throw or be knocked {@condition prone}. If the target is {@condition prone}, the absorber can make one bite attack against it as a bonus action."
					]
				}
			],
			"action": [
				{
					"name": "Multiattack",
					"entries": [
						"The absorber makes three attacks: one with its bite or Mind Bolt and two with its claws."
					]
				},
				{
					"name": "Bite",
					"entries": [
						"{@atk mw} {@hit 9} to hit, reach 5 ft., one creature. {@h}10 ({@damage 1d10 + 5}) piercing damage plus 5 ({@damage 1d10}) force damage."
					]
				},
				{
					"name": "Claws",
					"entries": [
						"{@atk mw} {@hit 9} to hit, reach 5 ft., one target. {@h}8 ({@damage 1d6 + 5}) slashing damage plus 3 ({@damage 1d6}) force damage."
					]
				},
				{
					"name": "Mind Bolt",
					"entries": [
						"{@atk rs} {@hit 8} to hit, range 120 ft., one creature. {@h}22 ({@damage 4d10}) psychic damage."
					]
				}
			],
			"reaction": [
				{
					"name": "Tail Ray",
					"entries": [
						"When the absorber takes damage from a spell, the absorber takes only half the triggering damage. If the spellcaster is within 60 feet of the absorber, the absorber can force the caster to make a {@dc 16} Dexterity saving throw. Unless the save succeeds, the caster takes the other half of the damage."
					]
				}
			],
			"traitTags": [
				"Magic Resistance",
				"Pounce"
			],
			"senseTags": [
				"SD"
			],
			"actionTags": [
				"Multiattack"
			],
			"languageTags": [
				"CS",
				"DR"
			],
			"damageTags": [
				"O",
				"P",
				"S",
				"Y"
			],
			"miscTags": [
				"MW"
			],
			"conditionInflict": [
				"prone"
			],
			"hasToken": true,
			"hasFluff": true,
			"hasFluffImages": true
		},
		{
			"name": "Aeorian Nullifier",
			"source": "EGW",
			"page": 283,
			"size": [
				"L"
			],
			"type": "monstrosity",
			"alignment": [
				"N",
				"E"
			],
			"ac": [
				{
					"ac": 17,
					"from": [
						"natural armor"
					]
				}
			],
			"hp": {
				"average": 180,
				"formula": "19d10 + 76"
			},
			"speed": {
				"walk": 40
			},
			"str": 19,
			"dex": 14,
			"con": 18,
			"int": 7,
			"wis": 14,
			"cha": 18,
			"save": {
				"wis": "+6",
				"cha": "+8"
			},
			"skill": {
				"perception": "+6",
				"survival": "+6"
			},
			"senses": [
				"darkvision 120 ft."
			],
			"passive": 16,
			"immune": [
				"necrotic",
				"radiant"
			],
			"languages": [
				"understands Draconic but can't speak"
			],
			"cr": "12",
			"spellcasting": [
				{
					"name": "Innate Spellcasting",
					"headerEntries": [
						"The nullifier's innate spellcasting ability is Charisma (spell save {@dc 16}). It can innately cast the following spells, requiring no material components:"
					],
					"will": [
						"{@spell counterspell} (see \"Reactions\" below)",
						"{@spell detect magic}",
						"{@spell dispel magic}",
						"{@spell see invisibility}"
					],
					"daily": {
						"1": [
							"{@spell antimagic field}"
						]
					},
					"ability": "cha"
				}
			],
			"trait": [
				{
					"name": "Horrid Gnashing",
					"entries": [
						"The nullifier's mouths gnash incoherently while it can see any enemies. Each creature that starts its turn within 20 feet of the nullifier and can hear it must make a {@dc 16} Wisdom saving throw. Unless the save succeeds, the creature rolls a {@dice d8} to determine what it does during the current turn:",
						"1-4: The creature is {@condition stunned} until the end of the turn.",
						"5-6: The creature is {@condition frightened} until the end of the turn and uses its movement to get as far as possible from the nullifier.",
						"7-8: The creature doesn't move, and it uses its action to make one melee attack against a random creature (other than itself) if one is within reach. It otherwise does nothing."
					]
				},
				{
					"name": "Magic Resistance",
					"entries": [
						"The nullifier has advantage on saving throws against spells and other magical effects."
					]
				}
			],
			"action": [
				{
					"name": "Multiattack",
					"entries": [
						"The nullifier makes three attacks: one with its bites and two with its claws."
					]
				},
				{
					"name": "Bites",
					"entries": [
						"{@atk mw} {@hit 8} to hit, reach 5 ft., one creature. {@h}17 ({@damage 2d12 + 4}) piercing damage plus 11 ({@damage 2d10}) force damage."
					]
				},
				{
					"name": "Claws",
					"entries": [
						"{@atk mw} {@hit 8} to hit, reach 10 ft., one target. {@h}11 ({@damage 2d6 + 4}) slashing damage plus 11 ({@damage 2d10}) force damage, and the target is {@condition grappled} (escape {@dc 16}) if it's a creature. The nullifier has two claws, each of which can grapple one creature."
					]
				}
			],
			"reaction": [
				{
					"name": "Counterspell",
					"entries": [
						"The nullifier attempts to interrupt a creature that it can see within 60 feet in the process of casting a spell. If the creature is casting a spell of 3rd level or lower, its spell fails and has no effect. If it is casting a spell of 4th level or higher, the nullifier makes a Charisma check with a DC equal to 10 + the spell's level. On a success, the creature's spell fails and has no effect."
					]
				}
			],
			"traitTags": [
				"Magic Resistance"
			],
			"senseTags": [
				"SD"
			],
			"actionTags": [
				"Multiattack"
			],
			"languageTags": [
				"CS",
				"DR"
			],
			"damageTags": [
				"O",
				"P",
				"S"
			],
			"spellcastingTags": [
				"I"
			],
			"miscTags": [
				"MW",
				"RCH"
			],
			"conditionInflict": [
				"frightened",
				"grappled",
				"stunned"
			],
			"hasToken": true,
			"hasFluff": true,
			"hasFluffImages": true
		},
		{
			"name": "Aeorian Reverser",
			"source": "EGW",
			"page": 284,
			"size": [
				"L"
			],
			"type": "monstrosity",
			"alignment": [
				"N",
				"E"
			],
			"ac": [
				{
					"ac": 15,
					"from": [
						"natural armor"
					]
				}
			],
			"hp": {
				"average": 133,
				"formula": "14d10 + 56"
			},
			"speed": {
				"walk": 40,
				"climb": 40
			},
			"str": 21,
			"dex": 16,
			"con": 18,
			"int": 6,
			"wis": 14,
			"cha": 8,
			"save": {
				"wis": "+5",
				"cha": "+2"
			},
			"skill": {
				"perception": "+5",
				"stealth": "+6",
				"survival": "+5"
			},
			"senses": [
				"darkvision 120 ft."
			],
			"passive": 15,
			"immune": [
				"necrotic",
				"radiant"
			],
			"languages": [
				"understands Draconic but can't speak"
			],
			"cr": "8",
			"trait": [
				{
					"name": "Magic Resistance",
					"entries": [
						"The reverser has advantage on saving throws against spells and other magical effects."
					]
				}
			],
			"action": [
				{
					"name": "Multiattack",
					"entries": [
						"The reverser makes three attacks: one with its bite and two with its claws."
					]
				},
				{
					"name": "Bite",
					"entries": [
						"{@atk mw} {@hit 8} to hit, range 5 ft., one creature. {@h}11 ({@damage 1d12 + 5}) piercing damage plus 6 ({@damage 1d12}) force damage."
					]
				},
				{
					"name": "Claws",
					"entries": [
						"{@atk mw} {@hit 8} to hit, reach 5 ft., one target. {@h}8 ({@damage 1d6 + 5}) slashing damage plus 7 ({@damage 2d6}) force damage."
					]
				}
			],
			"reaction": [
				{
					"name": "Reversal",
					"entries": [
						"When a creature the reverser can see within 30 feet of it regains hit points, the reverser reduces the number of hit points regained to 0, and the reverser deals 13 ({@damage 3d8}) force damage to the creature."
					]
				}
			],
			"traitTags": [
				"Magic Resistance"
			],
			"senseTags": [
				"SD"
			],
			"actionTags": [
				"Multiattack"
			],
			"languageTags": [
				"CS",
				"DR"
			],
			"damageTags": [
				"O",
				"P",
				"S"
			],
			"miscTags": [
				"MW"
			],
			"hasToken": true,
			"hasFluff": true,
			"hasFluffImages": true
		},
		{
			"name": "Allowak Abominable Yeti",
			"source": "EGW",
			"page": 126,
			"_copy": {
				"name": "Abominable Yeti",
				"source": "MM"
			},
			"alignment": [
				"N"
			],
			"int": 16,
			"cha": 10,
			"languages": [
				"Common",
				"Yeti"
			],
			"languageTags": [
				"C",
				"OTH"
			],
			"hasToken": true,
			"hasFluff": true
		},
		{
			"name": "Allowak Yeti",
			"source": "EGW",
			"page": 126,
			"_copy": {
				"name": "Yeti",
				"source": "MM"
			},
			"alignment": [
				"N"
			],
			"int": 16,
			"cha": 10,
			"languages": [
				"Common",
				"Yeti"
			],
			"languageTags": [
				"C",
				"OTH"
			],
			"hasToken": true
		},
		{
			"name": "Animated Knife",
			"source": "EGW",
			"page": 248,
			"_copy": {
				"name": "Flying Sword",
				"source": "MM",
				"_mod": {
					"*": {
						"mode": "replaceTxt",
						"replace": "sword",
						"with": "knife"
					},
					"action": {
						"mode": "replaceArr",
						"replace": "Longsword",
						"items": {
							"name": "Dagger",
							"entries": [
								"{@atk mw} {@hit 4} to hit, reach 5 ft., one target. {@h}3 ({@damage 1d4 + 1}) piercing damage."
							]
						}
					}
				}
			},
			"size": [
				"T"
			],
			"hp": {
				"average": 12,
				"formula": "5d4"
			},
			"cr": "1/8",
			"damageTags": [
				"P"
			],
			"hasToken": true
		},
		{
			"name": "Animated Tree",
			"source": "EGW",
			"page": 130,
			"otherSources": [
				{
					"source": "MOT"
				}
			],
			"_copy": {
				"name": "Treant",
				"source": "MM",
				"_mod": {
					"*": {
						"mode": "replaceTxt",
						"replace": "treant",
						"with": "tree"
					},
					"resist": {
						"mode": "appendArr",
						"items": [
							"necrotic",
							"radiant"
						]
					}
				}
			},
			"alignment": [
				"U"
			],
			"languages": [
				"understands Common, Druidic, Elvish, and Sylvan but cannot speak"
			],
			"hasToken": true
		},
		{
			"name": "Blood Hunter",
			"source": "EGW",
			"page": 284,
			"size": [
				"M"
			],
			"type": {
				"type": "humanoid",
				"tags": [
					"any race"
				]
			},
			"alignment": [
				"A"
			],
			"ac": [
				{
					"ac": 16,
					"from": [
						"{@item half plate armor|PHB|half plate}"
					]
				}
			],
			"hp": {
				"average": 65,
				"formula": "10d8 + 20"
			},
			"speed": {
				"walk": 30
			},
			"str": 18,
			"dex": 12,
			"con": 15,
			"int": 9,
			"wis": 16,
			"cha": 11,
			"save": {
				"str": "+7",
				"wis": "+6"
			},
			"skill": {
				"acrobatics": "+4",
				"insight": "+6",
				"perception": "+6"
			},
			"senses": [
				"darkvision 60 ft."
			],
			"passive": 16,
			"languages": [
				"any one language (usually Common)"
			],
			"cr": "5",
			"spellcasting": [
				{
					"name": "Innate Spellcasting (1/Day)",
					"headerEntries": [
						"The blood hunter can innately cast {@spell hex}. Its innate spellcasting ability is Intelligence."
					],
					"will": [
						"{@spell hex}"
					],
					"ability": "int",
					"hidden": [
						"will"
					]
				}
			],
			"trait": [
				{
					"name": "Blood Curse of Binding (1/Day)",
					"entries": [
						"As a bonus action, the blood hunter targets one creature it can see within 30 feet of it. The target must succeed on a {@dc 14} Strength saving throw or have its speed reduced to 0 and be unable to take reactions. The target can repeat the saving throw at the end of each of its turns, ending the effect on itself on a success."
					]
				},
				{
					"name": "Blood Frenzy",
					"entries": [
						"The blood hunter has advantage on melee attack rolls against any creature that doesn't have all its hit points."
					]
				},
				{
					"name": "Magic Resistance",
					"entries": [
						"The blood hunter has advantage on saving throws against spells and other magical effects."
					]
				}
			],
			"action": [
				{
					"name": "Multiattack",
					"entries": [
						"The blood hunter attacks twice with a weapon."
					]
				},
				{
					"name": "Greatsword",
					"entries": [
						"{@atk mw} {@hit 7} to hit, reach 5 ft., one target. {@h}11 ({@damage 2d6 + 4}) slashing damage plus 3 ({@damage 1d6}) fire damage."
					]
				},
				{
					"name": "Heavy Crossbow",
					"entries": [
						"{@atk rw} {@hit 4} to hit, range 100/400 ft., one target. {@h}6 ({@damage 1d10 + 1}) piercing damage."
					]
				}
			],
			"traitTags": [
				"Magic Resistance"
			],
			"senseTags": [
				"D"
			],
			"actionTags": [
				"Multiattack"
			],
			"languageTags": [
				"C",
				"X"
			],
			"damageTags": [
				"F",
				"P",
				"S"
			],
			"damageTagsSpell": [
				"N"
			],
			"spellcastingTags": [
				"I"
			],
			"miscTags": [
				"MW",
				"RNG",
				"RW"
			],
			"hasToken": true,
			"hasFluff": true,
			"hasFluffImages": true
		},
		{
			"name": "Bol'bara",
			"isNpc": true,
			"isNamedCreature": true,
			"source": "EGW",
			"page": 261,
			"size": [
				"S"
			],
			"type": {
				"type": "humanoid",
				"tags": [
					"goblinoid"
				]
			},
			"alignment": [
				{
					"alignment": [
						"C",
						"G"
					],
					"note": "chaotic evil when fully possessed"
				}
			],
			"ac": [
				{
					"ac": 13,
					"from": [
						"{@item leather armor|PHB}"
					]
				},
				{
					"ac": 15,
					"condition": "with {@spell mage armor}",
					"braces": true
				}
			],
			"hp": {
				"average": 40,
				"formula": "9d6 + 9"
			},
			"speed": {
				"walk": 30
			},
			"str": 11,
			"dex": 14,
			"con": 12,
			"int": 10,
			"wis": 13,
			"cha": 14,
			"senses": [
				"darkvision 60 ft."
			],
			"passive": 11,
			"languages": [
				"Common",
				"Goblin"
			],
			"cr": "3",
			"spellcasting": [
				{
					"name": "Innate Spellcasting",
					"headerEntries": [
						"Bol'bara's innate spellcasting ability is Charisma (spell save {@dc 12}, {@hit 4} to hit with spell attacks). She can innately cast the following spells, requiring no material components:"
					],
					"will": [
						"{@spell eldritch blast}",
						"{@spell false life}",
						"{@spell mage armor}",
						"{@spell mage hand}"
					],
					"daily": {
						"1e": [
							"{@spell charm person}",
							"{@spell hex}",
							"{@spell hold person}",
							"{@spell invisibility}"
						]
					},
					"ability": "cha"
				}
			],
			"trait": [
				{
					"name": "Dark One's Blessing",
					"entries": [
						"When Bol'bara reduces a hostile creature to 0 hit points, she gains 6 temporary hit points."
					]
				},
				{
					"name": "Nimble Escape",
					"entries": [
						"Bol'bara can take the Disengage or Hide action as a bonus action on each of her turns."
					]
				}
			],
			"action": [
				{
					"name": "Multiattack",
					"entries": [
						"Bol'bara makes two melee attacks."
					]
				},
				{
					"name": "Dagger",
					"entries": [
						"{@atk mw,rw} {@hit 4} to hit, reach 5 ft. or range 20/60 ft., one target. {@h}4 ({@damage 1d4 + 2}) piercing damage."
					]
				},
				{
					"name": "Eldritch Blast (Cantrip)",
					"entries": [
						"{@atk rs} {@hit 4} to hit, range 120 ft., one creature. {@h}7 ({@damage 1d10 + 2}) force damage."
					]
				}
			],
			"legendaryActions": 2,
			"legendary": [
				{
					"name": "Incorporeal Dash",
					"entries": [
						"Bol'bara moves up to her speed. She can move through other creatures and objects as if they were {@quickref difficult terrain||3}. She takes 5 ({@damage 1d10}) force damage if she ends her turn inside an object."
					]
				},
				{
					"name": "Zone of Calamity (Costs 2 Actions)",
					"entries": [
						"A 15-foot-radius sphere of magical confusion extends from a point Bol'bara can see within 60 feet of her and spreads around corners. Each creature that starts its turn in that area is treated as if targeted by the {@spell confusion} spell (save {@dc 12}). The sphere lasts as long as Bol'bara maintains {@status concentration}, up to 1 minute (as if {@status concentration||concentrating} on a spell)."
					]
				}
			],
			"senseTags": [
				"D"
			],
			"actionTags": [
				"Multiattack"
			],
			"languageTags": [
				"C",
				"GO"
			],
			"damageTags": [
				"O",
				"P"
			],
			"damageTagsSpell": [
				"N",
				"O"
			],
			"spellcastingTags": [
				"I"
			],
			"miscTags": [
				"AOE",
				"MW",
				"RW",
				"THW"
			],
			"hasToken": true
		},
		{
			"name": "Bristled Moorbounder",
			"source": "EGW",
			"page": 295,
			"otherSources": [
				{
					"source": "CRCotN",
					"page": 295
				}
			],
			"size": [
				"L"
			],
			"type": "beast",
			"alignment": [
				"U"
			],
			"ac": [
				{
					"ac": 15,
					"from": [
						"natural armor"
					]
				}
			],
			"hp": {
				"average": 52,
				"formula": "7d10 + 14"
			},
			"speed": {
				"walk": 70
			},
			"str": 18,
			"dex": 14,
			"con": 14,
			"int": 2,
			"wis": 13,
			"cha": 5,
			"senses": [
				"darkvision 60 ft."
			],
			"passive": 11,
			"cr": "3",
			"trait": [
				{
					"name": "Bladed Hide",
					"entries": [
						"At the start of each of its turns, the moorbounder deals 5 ({@damage 2d4}) piercing damage to any creature grappling it."
					]
				},
				{
					"name": "Standing Leap",
					"entries": [
						"The moorbounder's long jump is up to 40 feet and its high jump is up to 20 feet, with or without a running start."
					]
				}
			],
			"action": [
				{
					"name": "Multiattack",
					"entries": [
						"The moorbounder makes two attacks: one with its blades and one with its claws."
					]
				},
				{
					"name": "Blades",
					"entries": [
						"{@atk mw} {@hit 6} to hit, reach 5 ft., one target. {@h}11 ({@damage 2d6 + 4}) slashing damage."
					]
				},
				{
					"name": "Claws",
					"entries": [
						"{@atk mw} {@hit 6} to hit, reach 5 ft., one target. {@h}14 ({@damage 4d4 + 4}) slashing damage."
					]
				}
			],
			"senseTags": [
				"D"
			],
			"actionTags": [
				"Multiattack"
			],
			"damageTags": [
				"P",
				"S"
			],
			"miscTags": [
				"MW"
			],
			"hasToken": true,
			"hasFluff": true
		},
		{
			"name": "Core Spawn Crawler",
			"source": "EGW",
			"page": 286,
			"size": [
				"S"
			],
			"type": "aberration",
			"alignment": [
				"C",
				"E"
			],
			"ac": [
				12
			],
			"hp": {
				"average": 21,
				"formula": "6d6"
			},
			"speed": {
				"walk": 30
			},
			"str": 7,
			"dex": 14,
			"con": 10,
			"int": 9,
			"wis": 12,
			"cha": 6,
			"skill": {
				"perception": "+5"
			},
			"senses": [
				"blindsight 30 ft. (blind beyond this radius)",
				"tremorsense 60 ft."
			],
			"passive": 15,
			"immune": [
				"psychic"
			],
			"conditionImmune": [
				"blinded"
			],
			"languages": [
				"understands Deep Speech but can't speak"
			],
			"cr": "1",
			"trait": [
				{
					"name": "Pack Tactics",
					"entries": [
						"The crawler has advantage on an attack roll against a creature if at least one of the crawler's allies is within 5 feet of the creature and the ally isn't {@condition incapacitated}."
					]
				}
			],
			"action": [
				{
					"name": "Multiattack",
					"entries": [
						"The crawler makes four attacks: one with its bite, two with its claws, and one with its tail."
					]
				},
				{
					"name": "Bite",
					"entries": [
						"{@atk mw} {@hit 4} to hit, reach 5 ft., one creature. {@h}4 ({@damage 1d4 + 2}) piercing damage and the target must succeed on a {@dc 11} Wisdom saving throw or become {@condition frightened} until the start of the crawler's next turn."
					]
				},
				{
					"name": "Claws",
					"entries": [
						"{@atk mw} {@hit 4} to hit, reach 15 ft., one target. {@h}4 ({@damage 1d4 + 2}) slashing damage."
					]
				},
				{
					"name": "Tail",
					"entries": [
						"{@atk mw} {@hit 4} to hit, reach 15 ft., one target. {@h}5 ({@damage 1d6 + 2}) piercing damage."
					]
				}
			],
			"traitTags": [
				"Pack Tactics"
			],
			"senseTags": [
				"B",
				"T"
			],
			"actionTags": [
				"Multiattack"
			],
			"languageTags": [
				"CS",
				"DS"
			],
			"damageTags": [
				"P",
				"S"
			],
			"miscTags": [
				"MW",
				"RCH"
			],
			"conditionInflict": [
				"frightened"
			],
			"hasToken": true,
			"hasFluff": true,
			"hasFluffImages": true
		},
		{
			"name": "Core Spawn Emissary",
			"source": "EGW",
			"page": 286,
			"size": [
				"M"
			],
			"type": "aberration",
			"alignment": [
				"C",
				"E"
			],
			"ac": [
				{
					"ac": 15,
					"from": [
						"natural armor"
					]
				}
			],
			"hp": {
				"average": 102,
				"formula": "12d8 + 48"
			},
			"speed": {
				"walk": 40,
				"fly": {
					"number": 60,
					"condition": "(hover)"
				},
				"canHover": true
			},
			"str": 17,
			"dex": 15,
			"con": 18,
			"int": 8,
			"wis": 13,
			"cha": 8,
			"save": {
				"dex": "+5",
				"wis": "+4",
				"cha": "+2"
			},
			"skill": {
				"perception": "+4"
			},
			"senses": [
				"blindsight 30 ft.",
				"tremorsense 60 ft."
			],
			"passive": 14,
			"immune": [
				"psychic"
			],
			"conditionImmune": [
				"blinded"
			],
			"languages": [
				"telepathy 120 ft.",
				"understands Deep Speech but can't speak"
			],
			"cr": "6",
			"trait": [
				{
					"name": "Magic Resistance",
					"entries": [
						"The emissary has advantage on saving throws against spells and other magical effects."
					]
				}
			],
			"action": [
				{
					"name": "Multiattack",
					"entries": [
						"The emissary makes three talons attacks."
					]
				},
				{
					"name": "Talons",
					"entries": [
						"{@atk mw} {@hit 6} to hit, reach 5 ft., one creature. {@h}14 ({@damage 2d10 + 3}) slashing damage."
					]
				},
				{
					"name": "Alluring Thrum {@recharge 5}",
					"entries": [
						"The emissary emits a dreadful yet alluring hum. Each creature within 20 feet of the emissary that can hear it and that isn't an aberration must succeed on a {@dc 14} Constitution saving throw or be {@condition charmed} for 1 minute. A creature can repeat the saving throw at the end of each of its turns, ending the effect on itself on a success."
					]
				},
				{
					"name": "Crystal Spores {@recharge}",
					"entries": [
						"A 15-foot-radius cloud of toxic crystalline spores extends out from the emissary. The spores spread around corners. Each creature in the area must succeed on a {@dc 14} Constitution saving throw or become {@condition poisoned}. While {@condition poisoned} in this way, a creature takes 11 ({@damage 2d10}) poison damage at the start of each of its turns. A creature can repeat the saving throw at the end of each of its turns, ending the effect on itself on a success."
					]
				}
			],
			"traitTags": [
				"Magic Resistance"
			],
			"senseTags": [
				"B",
				"T"
			],
			"actionTags": [
				"Multiattack"
			],
			"languageTags": [
				"CS",
				"DS",
				"TP"
			],
			"damageTags": [
				"I",
				"S"
			],
			"miscTags": [
				"AOE",
				"MW"
			],
			"conditionInflict": [
				"charmed",
				"poisoned"
			],
			"hasToken": true,
			"hasFluff": true,
			"hasFluffImages": true
		},
		{
			"name": "Core Spawn Seer",
			"source": "EGW",
			"page": 286,
			"size": [
				"M"
			],
			"type": "aberration",
			"alignment": [
				"C",
				"E"
			],
			"ac": [
				{
					"ac": 17,
					"from": [
						"natural armor"
					]
				}
			],
			"hp": {
				"average": 153,
				"formula": "18d8 + 72"
			},
			"speed": {
				"walk": 30
			},
			"str": 14,
			"dex": 12,
			"con": 18,
			"int": 22,
			"wis": 19,
			"cha": 16,
			"save": {
				"dex": "+6",
				"int": "+11",
				"wis": "+9",
				"cha": "+8"
			},
			"skill": {
				"perception": "+9"
			},
			"senses": [
				"blindsight 60 ft.",
				"tremorsense 60 ft."
			],
			"passive": 19,
			"immune": [
				"psychic"
			],
			"conditionImmune": [
				"charmed",
				"frightened"
			],
			"languages": [
				"Common",
				"Deep Speech",
				"telepathy 120 ft.",
				"Undercommon"
			],
			"cr": "13",
			"trait": [
				{
					"name": "Earth Glide",
					"entries": [
						"The seer can traverse through nonmagical, unworked earth and stone. While doing so, the seer doesn't disturb the material it moves through."
					]
				},
				{
					"name": "Magic Resistance",
					"entries": [
						"The seer has advantage on saving throws against spells and other magical effects."
					]
				}
			],
			"action": [
				{
					"name": "Multiattack",
					"entries": [
						"The seer uses Fission Staff twice, Psychedelic Orb twice, or each one once."
					]
				},
				{
					"name": "Fission Staff",
					"entries": [
						"{@atk mw} {@hit 8} to hit, reach 5 ft., one creature. {@h}9 ({@damage 1d6 + 6}) bludgeoning damage plus 18 ({@damage 4d8}) radiant damage, and the target is knocked {@condition prone}."
					]
				},
				{
					"name": "Psychedelic Orb",
					"entries": [
						"The seer hurls a glimmering orb at one creature it can see within 120 of it. The target must succeed on a {@dc 19} Wisdom saving throw or take 27 ({@damage 5d10}) psychic damage and suffer a random condition until the start of the seer's next turn. Roll a {@dice d6} for the condition: (1-2) {@condition blinded}, (3-4) {@condition frightened}, or (5-6) {@condition stunned}."
					]
				}
			],
			"reaction": [
				{
					"name": "Fuse Damage",
					"entries": [
						"When the seer is hit by an attack, it takes only half of the triggering damage. The first time the seer hits with a melee attack on its next turn, the target takes an extra {@damage 1d6} radiant damage."
					]
				}
			],
			"traitTags": [
				"Magic Resistance"
			],
			"senseTags": [
				"B",
				"T"
			],
			"actionTags": [
				"Multiattack"
			],
			"languageTags": [
				"C",
				"DS",
				"TP",
				"U"
			],
			"damageTags": [
				"B",
				"R",
				"Y"
			],
			"miscTags": [
				"MW"
			],
			"conditionInflict": [
				"prone"
			],
			"hasToken": true,
			"hasFluff": true,
			"hasFluffImages": true
		},
		{
			"name": "Core Spawn Worm",
			"source": "EGW",
			"page": 287,
			"size": [
				"G"
			],
			"type": "aberration",
			"alignment": [
				"C",
				"E"
			],
			"ac": [
				{
					"ac": 18,
					"from": [
						"natural armor"
					]
				}
			],
			"hp": {
				"average": 279,
				"formula": "18d20 + 90"
			},
			"speed": {
				"walk": 60,
				"burrow": 40
			},
			"str": 26,
			"dex": 5,
			"con": 20,
			"int": 6,
			"wis": 8,
			"cha": 4,
			"save": {
				"con": "+10",
				"wis": "+4"
			},
			"skill": {
				"perception": "+4"
			},
			"senses": [
				"blindsight 30 ft.",
				"tremorsense 60 ft."
			],
			"passive": 14,
			"immune": [
				"fire",
				"psychic"
			],
			"vulnerable": [
				"cold"
			],
			"conditionImmune": [
				"charmed",
				"frightened"
			],
			"languages": [
				"understands Deep Speech but can't speak"
			],
			"cr": "15",
			"trait": [
				{
					"name": "Illumination",
					"entries": [
						"The worm sheds dim light in a 20-foot radius."
					]
				},
				{
					"name": "Radiant Mirror",
					"entries": [
						"If the worm takes radiant damage, each creature within 20 feet of it takes that damage as well."
					]
				},
				{
					"name": "Tunneler",
					"entries": [
						"The worm can burrow through solid rock at half its burrowing speed and leaves a 10-foot-diameter tunnel in its wake."
					]
				}
			],
			"action": [
				{
					"name": "Multiattack",
					"entries": [
						"The worm makes two attacks: one with its barbed tentacles and one with its bite."
					]
				},
				{
					"name": "Barbed Tentacles",
					"entries": [
						"{@atk mw} {@hit 13} to hit, reach 10 ft., one creature. {@h}25 ({@damage 5d6 + 8}) piercing damage, and the target is {@condition grappled} (escape {@dc 18}). Until this grapple ends, the target is {@condition restrained}. The tentacles can grapple only one creature at a time."
					]
				},
				{
					"name": "Bite",
					"entries": [
						"{@atk mw} {@hit 13} to hit, reach 10 ft., one target. {@h}30 ({@damage 5d8 + 8}) piercing damage. If the target is a Large or smaller creature, it must succeed on a {@dc 18} Dexterity saving throw or be swallowed by the worm. A swallowed creature is {@condition blinded} and {@condition restrained}, has total cover against attacks and other effects outside the worm, and takes 21 ({@damage 6d6}) fire damage at the start of each of the worm's turns.",
						"If the worm takes 30 damage or more on a single turn from a creature inside it, the worm must succeed on a {@dc 21} Constitution saving throw at the end of that turn or regurgitate all swallowed creatures, which fall {@condition prone} in a space within 10 feet of the worm. If the worm dies, a swallowed creature is no longer {@condition restrained} by it and can escape from the corpse by using 20 feet of movement, exiting {@condition prone}."
					]
				}
			],
			"traitTags": [
				"Illumination",
				"Tunneler"
			],
			"senseTags": [
				"B",
				"T"
			],
			"actionTags": [
				"Multiattack",
				"Swallow"
			],
			"languageTags": [
				"CS",
				"DS"
			],
			"damageTags": [
				"F",
				"P"
			],
			"miscTags": [
				"AOE",
				"MW",
				"RCH"
			],
			"conditionInflict": [
				"blinded",
				"grappled",
				"restrained"
			],
			"hasToken": true,
			"hasFluff": true,
			"hasFluffImages": true
		},
		{
			"name": "Damaged Flesh Golem",
			"source": "EGW",
			"page": 248,
			"_copy": {
				"name": "Flesh Golem",
				"source": "MM",
				"_mod": {
					"action": {
						"mode": "removeArr",
						"names": "Multiattack"
					}
				}
			},
			"hp": {
				"average": 5,
				"formula": "11d8 + 44"
			},
			"cr": "1",
			"actionTags": [],
			"hasToken": true
		},
		{
			"name": "Ferol Sal",
			"isNpc": true,
			"isNamedCreature": true,
			"source": "EGW",
			"page": 249,
			"_copy": {
				"name": "Wight",
				"source": "MM",
				"_mod": {
					"*": {
						"mode": "replaceTxt",
						"replace": "the wight",
						"with": "Ferol",
						"flags": "i"
					}
				}
			},
			"int": 16,
			"hasToken": true
		},
		{
			"name": "Frost Giant Zombie",
			"source": "EGW",
			"page": 288,
			"size": [
				"H"
			],
			"type": "undead",
			"alignment": [
				"N",
				"E"
			],
			"ac": [
				{
					"ac": 15,
					"from": [
						"patchwork armor"
					]
				}
			],
			"hp": {
				"average": 138,
				"formula": "12d12 + 60"
			},
			"speed": {
				"walk": 40
			},
			"str": 23,
			"dex": 6,
			"con": 21,
			"int": 3,
			"wis": 6,
			"cha": 5,
			"save": {
				"wis": "+2"
			},
			"senses": [
				"darkvision 60 ft."
			],
			"passive": 8,
			"immune": [
				"cold",
				"poison"
			],
			"conditionImmune": [
				"poisoned"
			],
			"languages": [
				"understands Giant but can't speak"
			],
			"cr": "9",
			"trait": [
				{
					"name": "Numbing Aura",
					"entries": [
						"Any creature that starts its turn within 10 feet of the zombie must make a {@dc 17} Constitution saving throw. Unless the save succeeds, the creature can't make more than one attack, or take a bonus action on that turn."
					]
				},
				{
					"name": "Undead Fortitude",
					"entries": [
						"If damage reduces the zombie to 0 hit points, it must make a Constitution saving throw with a DC of 5 + the damage taken, unless the damage is fire, radiant, or from a critical hit. On a success, the zombie drops to 1 hit point instead."
					]
				}
			],
			"action": [
				{
					"name": "Multiattack",
					"entries": [
						"The zombie makes two weapon attacks."
					]
				},
				{
					"name": "Greataxe",
					"entries": [
						"{@atk mw} {@hit 10} to hit, reach 10 ft., one target. {@h}25 ({@damage 3d12 + 6}) slashing damage."
					]
				},
				{
					"name": "Hurl Rock",
					"entries": [
						"{@atk rw} {@hit 10} to hit, range 60/240 ft., one target. {@h}28 ({@damage 4d10 + 6}) bludgeoning damage."
					]
				},
				{
					"name": "Freezing Stare",
					"entries": [
						"The zombie targets one creature it can see within 60 feet of it. The target must succeed on a {@dc 17} Constitution saving throw or take 35 ({@damage 10d6}) cold damage and be {@condition paralyzed} until the end of its next turn."
					]
				}
			],
			"traitTags": [
				"Undead Fortitude"
			],
			"senseTags": [
				"D"
			],
			"actionTags": [
				"Multiattack"
			],
			"languageTags": [
				"CS",
				"GI"
			],
			"damageTags": [
				"B",
				"C",
				"S"
			],
			"miscTags": [
				"MW",
				"RCH",
				"RW"
			],
			"conditionInflict": [
				"paralyzed"
			],
			"hasToken": true,
			"hasFluff": true,
			"hasFluffImages": true
		},
		{
			"name": "Frost Worm",
			"source": "EGW",
			"page": 289,
			"size": [
				"G"
			],
			"type": "monstrosity",
			"alignment": [
				"U"
			],
			"ac": [
				{
					"ac": 18,
					"from": [
						"natural armor"
					]
				}
			],
			"hp": {
				"average": 264,
				"formula": "16d20 + 96"
			},
			"speed": {
				"walk": 40,
				"burrow": 30
			},
			"str": 28,
			"dex": 8,
			"con": 22,
			"int": 1,
			"wis": 5,
			"cha": 5,
			"save": {
				"con": "+12",
				"wis": "+3"
			},
			"senses": [
				"blindsight 30 ft.",
				"tremorsense 60 ft."
			],
			"passive": 7,
			"immune": [
				"cold"
			],
			"vulnerable": [
				"fire"
			],
			"cr": "17",
			"trait": [
				{
					"name": "Freezing Body",
					"entries": [
						"A creature that touches the worm or hits it with a melee attack while within 5 feet of it takes 10 ({@damage 3d6}) cold damage."
					]
				},
				{
					"name": "Death Burst",
					"entries": [
						"When the worm dies, it explodes in a burst of frigid energy. Each creature within 60 feet of it must make a {@dc 20} Dexterity saving throw, taking 28 ({@damage 8d6}) cold damage on a failed save, or half as much damage on a successful one. Creatures inside the worm when it dies automatically fail this saving throw."
					]
				},
				{
					"name": "Tunneler",
					"entries": [
						"The worm can burrow through solid rock at half its burrowing speed and leaves a 10-foot-diameter tunnel in its wake."
					]
				}
			],
			"action": [
				{
					"name": "Multiattack",
					"entries": [
						"The worm makes two bite attacks, or uses its Trill and makes a bite attack."
					]
				},
				{
					"name": "Bite",
					"entries": [
						"{@atk mw} {@hit 15} to hit, reach 10 ft., one target. {@h}22 ({@damage 3d8 + 9}) piercing damage plus 10 ({@damage 3d6}) cold damage. If the target is a Large or smaller creature, it must succeed on a {@dc 20} Dexterity saving throw or be swallowed by the worm. A swallowed creature is {@condition blinded} and {@condition restrained}, has total cover against attacks and other effects outside the worm, and takes 10 ({@damage 3d6}) acid damage and 10 ({@damage 3d6}) cold damage at the start of each of the worm's turns.",
						"If the worm takes 30 damage or more on a single turn from a creature inside it, the worm must succeed on a {@dc 20} Constitution saving throw at the end of that turn or regurgitate all swallowed creatures, which fall {@condition prone} in a space within 10 feet of the worm."
					]
				},
				{
					"name": "Trill",
					"entries": [
						"The frost worm emits a haunting cry. Each creature within 60 feet of the worm that can hear it must succeed on a {@dc 20} Wisdom saving throw or be {@condition stunned} for 1 minute. A creature can repeat the saving throw each time it takes damage and at the end of each of its turns, ending the effect on itself on a success. Once a creature successfully saves against this effect, or if this effect ends for it, that creature is immune to the Trill of all frost worms for the next 24 hours. Frost worms are immune to this effect."
					]
				}
			],
			"traitTags": [
				"Death Burst",
				"Tunneler"
			],
			"senseTags": [
				"B",
				"T"
			],
			"actionTags": [
				"Multiattack",
				"Swallow"
			],
			"damageTags": [
				"A",
				"C",
				"P"
			],
			"miscTags": [
				"MW",
				"RCH"
			],
			"conditionInflict": [
				"blinded",
				"restrained",
				"stunned"
			],
			"hasToken": true,
			"hasFluff": true,
			"hasFluffImages": true
		},
		{
			"name": "Gearkeeper Construct",
			"source": "EGW",
			"page": 290,
			"size": [
				"L"
			],
			"type": "construct",
			"alignment": [
				"U"
			],
			"ac": [
				{
					"ac": 18,
					"from": [
						"natural armor"
					]
				}
			],
			"hp": {
				"average": 161,
				"formula": "17d10 + 68"
			},
			"speed": {
				"walk": 60
			},
			"str": 20,
			"dex": 16,
			"con": 18,
			"int": 3,
			"wis": 11,
			"cha": 1,
			"senses": [
				"blindsight 120 ft."
			],
			"passive": 10,
			"resist": [
				{
					"resist": [
						"bludgeoning",
						"piercing",
						"slashing"
					],
					"note": "from nonmagical attacks",
					"cond": true
				}
			],
			"immune": [
				"fire",
				"poison",
				"psychic"
			],
			"conditionImmune": [
				"charmed",
				"exhaustion",
				"frightened",
				"paralyzed",
				"petrified",
				"poisoned"
			],
			"languages": [
				"understands the languages of its creator but can't speak"
			],
			"cr": "10",
			"trait": [
				{
					"name": "Immutable Form",
					"entries": [
						"The gearkeeper is immune to any spell or effect that would alter its form."
					]
				},
				{
					"name": "Rapid Shifting",
					"entries": [
						"Opportunity attacks made against the gearkeeper have disadvantage."
					]
				},
				{
					"name": "Whirling Blades",
					"entries": [
						"Any creature that starts its turn within 5 feet of the gearkeeper takes 4 ({@damage 1d8}) slashing damage."
					]
				}
			],
			"action": [
				{
					"name": "Multiattack",
					"entries": [
						"The gearkeeper makes two Arm Blade attacks, or one Arm Blade attack and one Spear Launcher attack."
					]
				},
				{
					"name": "Arm Blade",
					"entries": [
						"{@atk mw} {@hit 9} to hit, reach 5 ft., one target. {@h}18 ({@damage 3d8 + 5}) slashing damage."
					]
				},
				{
					"name": "Spear Launcher",
					"entries": [
						"{@atk rw} {@hit 9} to hit, range 90 ft., one target. {@h}12 ({@damage 2d6 + 5}) piercing damage, and the target is knocked {@condition prone}."
					]
				},
				{
					"name": "Shrapnel Blast {@recharge}",
					"entries": [
						"The gearkeeper jettisons a spray of jagged metal in a 30-foot cone. Each creature in the area must make a {@dc 15} Dexterity saving throw, taking 21 ({@damage 6d6}) piercing damage on a failed save, or half as much damage on a successful one."
					]
				}
			],
			"traitTags": [
				"Immutable Form"
			],
			"senseTags": [
				"B"
			],
			"actionTags": [
				"Multiattack"
			],
			"languageTags": [
				"CS"
			],
			"damageTags": [
				"P",
				"S"
			],
			"miscTags": [
				"AOE",
				"MW",
				"RW",
				"THW"
			],
			"conditionInflict": [
				"prone"
			],
			"hasToken": true,
			"hasFluff": true,
			"hasFluffImages": true
		},
		{
			"name": "Gloomstalker",
			"source": "EGW",
			"page": 291,
			"otherSources": [
				{
					"source": "CRCotN",
					"page": 291
				}
			],
			"size": [
				"L"
			],
			"type": "monstrosity",
			"alignment": [
				"N",
				"E"
			],
			"ac": [
				{
					"ac": 15,
					"from": [
						"natural armor"
					]
				}
			],
			"hp": {
				"average": 90,
				"formula": "12d10 + 24"
			},
			"speed": {
				"walk": 40,
				"fly": 80
			},
			"str": 22,
			"dex": 16,
			"con": 14,
			"int": 5,
			"wis": 17,
			"cha": 14,
			"save": {
				"str": "+9",
				"dex": "+6"
			},
			"skill": {
				"athletics": "+9",
				"intimidation": "+5",
				"perception": "+6",
				"stealth": "+6"
			},
			"senses": [
				"darkvision 240 ft"
			],
			"passive": 16,
			"vulnerable": [
				"radiant"
			],
			"languages": [
				"understands Common but can't speak"
			],
			"cr": "6",
			"trait": [
				{
					"name": "Shadowstep",
					"entries": [
						"As a bonus action, the gloomstalker can teleport up to 40 feet to an unoccupied space it can see."
					]
				},
				{
					"name": "Sunlight Sensitivity",
					"entries": [
						"While in sunlight, the gloomstalker has disadvantage on attack rolls, as well as on Wisdom (Perception) checks that rely on sight."
					]
				}
			],
			"action": [
				{
					"name": "Multiattack",
					"entries": [
						"The gloomstalker makes two attacks: one with its bite and one with its claws."
					]
				},
				{
					"name": "Bite",
					"entries": [
						"{@atk mw} {@hit 9} to hit, reach 5 ft., one creature. {@h}15 ({@damage 2d8 + 6}) piercing damage plus 7 ({@damage 2d6}) necrotic damage."
					]
				},
				{
					"name": "Claws",
					"entries": [
						"{@atk mw} {@hit 9} to hit, reach 5 ft., one target. {@h}13 ({@damage 2d6 + 6}) slashing damage plus 7 ({@damage 2d6}) necrotic damage."
					]
				},
				{
					"name": "Snatch",
					"entries": [
						"{@atk mw} {@hit 9} to hit, reach 5 ft., one Medium or smaller creature. {@h}13 ({@damage 2d6 + 6}) slashing damage plus 7 ({@damage 2d6}) necrotic damage, and the target is {@condition grappled} (escape {@dc 17}). While {@condition grappled} in this way, the target is {@condition restrained}."
					]
				},
				{
					"name": "Shriek {@recharge}",
					"entries": [
						"The gloomstalker emits a terrible shriek. Each enemy within 60 feet of the gloomstalker that can hear it must succeed on a {@dc 13} Constitution saving throw or be {@condition paralyzed} until the end of the enemy's next turn."
					]
				}
			],
			"traitTags": [
				"Sunlight Sensitivity"
			],
			"senseTags": [
				"SD"
			],
			"actionTags": [
				"Multiattack"
			],
			"languageTags": [
				"C",
				"CS"
			],
			"damageTags": [
				"N",
				"P",
				"S"
			],
			"miscTags": [
				"MW"
			],
			"conditionInflict": [
				"grappled",
				"paralyzed",
				"restrained"
			],
			"hasToken": true,
			"hasFluff": true,
			"hasFluffImages": true
		},
		{
			"name": "Guardian Wolf",
			"source": "EGW",
			"page": 272,
			"size": [
				"H"
			],
			"type": "monstrosity",
			"alignment": [
				"U"
			],
			"ac": [
				{
					"ac": 14,
					"from": [
						"natural armor"
					]
				}
			],
			"hp": {
				"average": 66,
				"formula": "7d12 + 21"
			},
			"speed": {
				"walk": 60
			},
			"str": 22,
			"dex": 14,
			"con": 16,
			"int": 5,
			"wis": 12,
			"cha": 8,
			"skill": {
				"perception": "+5",
				"stealth": "+4"
			},
			"passive": 15,
			"languages": [
				"Common",
				"Elvish"
			],
			"cr": "4",
			"trait": [
				{
					"name": "Keen Hearing and Smell",
					"entries": [
						"The wolf has advantage on Wisdom (Perception) checks that rely on hearing or smell."
					]
				},
				{
					"name": "Pack Tactics",
					"entries": [
						"The wolf has advantage on attack rolls against a creature if at least one of the wolf's allies is within 5 feet of the creature and the ally isn't {@condition incapacitated}."
					]
				}
			],
			"action": [
				{
					"name": "Multiattack",
					"entries": [
						"The wolf makes two attacks: one with its bite and one with its claws."
					]
				},
				{
					"name": "Bite",
					"entries": [
						"{@atk mw} {@hit 8} to hit, reach 5 ft., one target. {@h}11 ({@damage 1d10 + 6}) piercing damage. If the target is a creature, it must succeed on a {@dc 16} Strength saving throw or be knocked {@condition prone}."
					]
				},
				{
					"name": "Claws",
					"entries": [
						"{@atk mw} {@hit 8} to hit, reach 5 ft., one target. {@h}15 ({@damage 2d8 + 6}) piercing damage."
					]
				}
			],
			"traitTags": [
				"Keen Senses",
				"Pack Tactics"
			],
			"actionTags": [
				"Multiattack"
			],
			"languageTags": [
				"C",
				"E"
			],
			"damageTags": [
				"P"
			],
			"miscTags": [
				"MW"
			],
			"conditionInflict": [
				"prone"
			],
			"hasToken": true
		},
		{
			"name": "Horizonback Tortoise",
			"source": "EGW",
			"page": 292,
			"otherSources": [
				{
					"source": "CRCotN",
					"page": 292
				}
			],
			"size": [
				"G"
			],
			"type": "monstrosity",
			"alignment": [
				"U"
			],
			"ac": [
				{
					"ac": 17,
					"from": [
						"natural armor"
					]
				},
				{
					"ac": 22,
					"condition": "while in its shell"
				}
			],
			"hp": {
				"average": 227,
				"formula": "13d20 + 91"
			},
			"speed": {
				"walk": 20
			},
			"str": 28,
			"dex": 3,
			"con": 25,
			"int": 4,
			"wis": 10,
			"cha": 5,
			"save": {
				"str": "+12",
				"con": "+10"
			},
			"senses": [
				"darkvision 60 ft"
			],
			"passive": 10,
			"immune": [
				"poison"
			],
			"conditionImmune": [
				"poisoned"
			],
			"languages": [
				"understands Goblin but can't speak"
			],
			"cr": "8",
			"trait": [
				{
					"name": "Amphibious",
					"entries": [
						"The tortoise can breathe air and water."
					]
				},
				{
					"name": "Massive Frame",
					"entries": [
						"The tortoise can carry up to 20,000 pounds of weight atop its shell, but moves at half speed if the weight exceeds 10,000 pounds. Medium or smaller creatures can move underneath the tortoise while it's not {@condition prone}.",
						"Any creature under the tortoise when it falls {@condition prone} is {@condition grappled} (escape {@dc 18}). Until the grapple ends, the creature is {@condition prone} and {@condition restrained}."
					]
				}
			],
			"action": [
				{
					"name": "Bite",
					"entries": [
						"{@atk mw} {@hit 12} to hit, reach 10 ft., one target. {@h}28 ({@damage 3d12 + 9}) bludgeoning damage."
					]
				},
				{
					"name": "Shell Defense {@recharge 4}",
					"entries": [
						"The tortoise withdraws into its shell, falls {@condition prone}, and gains a +5 bonus to AC. While the tortoise is in its shell, its speed is 0 and can't increase. The tortoise can emerge from its shell as an action, whereupon it is no longer {@condition prone}."
					]
				}
			],
			"traitTags": [
				"Amphibious"
			],
			"senseTags": [
				"D"
			],
			"languageTags": [
				"CS",
				"GO"
			],
			"damageTags": [
				"B"
			],
			"miscTags": [
				"MW",
				"RCH"
			],
			"conditionInflict": [
				"prone",
				"restrained"
			],
			"hasToken": true,
			"hasFluff": true,
			"hasFluffImages": true
		},
		{
			"name": "Hulil Lutan",
			"isNpc": true,
			"isNamedCreature": true,
			"source": "EGW",
			"page": 240,
			"_copy": {
				"name": "Cult Fanatic",
				"source": "MM",
				"_trait": {
					"name": "Mountain Dwarf",
					"source": "PHB"
				},
				"_mod": {
					"*": {
						"mode": "replaceTxt",
						"replace": "the fanatic",
						"with": "Hulil",
						"flags": "i"
					}
				}
			},
			"alignment": [
				"N",
				"E"
			],
			"speed": {
				"walk": 15
			},
			"hasToken": true
		},
		{
			"name": "Husk Zombie",
			"source": "EGW",
			"page": 293,
			"size": [
				"M"
			],
			"type": "undead",
			"alignment": [
				"N",
				"E"
			],
			"ac": [
				10
			],
			"hp": {
				"average": 37,
				"formula": "5d8 + 15"
			},
			"speed": {
				"walk": 35
			},
			"str": 16,
			"dex": 10,
			"con": 16,
			"int": 3,
			"wis": 6,
			"cha": 5,
			"save": {
				"con": "+5",
				"wis": "+0"
			},
			"senses": [
				"darkvision 60 ft."
			],
			"passive": 8,
			"immune": [
				"poison"
			],
			"conditionImmune": [
				"poisoned"
			],
			"languages": [
				"understands the languages it knew in life but can't speak"
			],
			"cr": "1",
			"trait": [
				{
					"name": "Curse of the Husk",
					"entries": [
						"A humanoid slain by a melee attack from the zombie revives as a husk zombie on its next turn."
					]
				},
				{
					"name": "Undead Fortitude",
					"entries": [
						"If damage reduces the zombie to 0 hit points, it must make a Constitution saving throw with a DC of 5 + the damage taken, unless the damage is radiant or from a critical hit. On a success, the zombie drops to 1 hit point instead."
					]
				}
			],
			"action": [
				{
					"name": "Multiattack",
					"entries": [
						"The zombie makes two claw attacks. For each of these attacks that reduces a creature to 0 hit points, the zombie can make an additional claw attack."
					]
				},
				{
					"name": "Claw",
					"entries": [
						"{@atk mw} {@hit 5} to hit, reach 5 ft., one target. {@h}6 ({@damage 1d6 + 3}) slashing damage."
					]
				}
			],
			"variant": [
				{
					"type": "variant",
					"name": "Husk Zombie Bursters",
					"entries": [
						"Some husk zombies become bloated with disease and bile, their frenzied state pushing them to rush other living creatures, explode, and spread their horrid infection. A husk zombie burster has the following additional action option:",
						{
							"type": "entries",
							"name": "Burst",
							"entries": [
								"The zombie explodes and is destroyed. Each creature within 5 feet of it must make a DC 12 Constitution saving throw, taking 14 ({@damage 4d6}) poison damage on a failed save, or half as much damage on a successful one. A humanoid creature killed by this damage rises as a {@creature husk zombie|EGW} after 1 minute."
							]
						}
					],
					"_version": {
						"name": "Husk Zombie Burster",
						"addHeadersAs": "action"
					}
				}
			],
			"traitTags": [
				"Undead Fortitude"
			],
			"senseTags": [
				"D"
			],
			"actionTags": [
				"Multiattack"
			],
			"languageTags": [
				"CS",
				"LF"
			],
			"damageTags": [
				"I",
				"S"
			],
			"miscTags": [
				"MW"
			],
			"hasToken": true,
			"hasFluff": true,
			"hasFluffImages": true
		},
		{
			"name": "Ishel",
			"isNpc": true,
			"isNamedCreature": true,
			"source": "EGW",
			"page": 231,
			"_copy": {
				"name": "Drow",
				"source": "MM",
				"_mod": {
					"*": {
						"mode": "replaceTxt",
						"replace": "the drow",
						"with": "Ishel",
						"flags": "i"
					}
				}
			},
			"hp": {
				"average": 24,
				"formula": "3d8"
			},
			"cr": "1/2",
			"hasToken": true,
			"hasFluff": true
		},
		{
			"name": "Karkethzerethzerus, the Sable Despoiler",
			"isNpc": true,
			"isNamedCreature": true,
			"source": "EGW",
			"page": 158,
			"_copy": {
				"name": "Ancient Silver Dragon",
				"source": "MM",
				"_trait": {
					"name": "Legendary Shadow Dragon",
					"source": "MM"
				}
			},
			"traitTags": [
				"Legendary Resistances",
				"Sunlight Sensitivity"
			],
			"damageTags": [
				"B",
				"N",
				"P",
				"S"
			],
			"damageTagsLegendary": [],
			"hasToken": true
		},
		{
			"name": "Kobold Underling",
			"source": "EGW",
			"page": 221,
			"size": [
				"S"
			],
			"type": {
				"type": "humanoid",
				"tags": [
					"kobold"
				]
			},
			"alignment": [
				"L",
				"E"
			],
			"ac": [
				13
			],
			"hp": {
				"average": 7,
				"formula": "3d6 - 3"
			},
			"speed": {
				"walk": 30
			},
			"str": 7,
			"dex": 16,
			"con": 9,
			"int": 8,
			"wis": 9,
			"cha": 8,
			"senses": [
				"darkvision 60 ft."
			],
			"passive": 9,
			"languages": [
				"Common",
				"Draconic"
			],
			"cr": "1/8",
			"trait": [
				{
					"name": "Messy End",
					"entries": [
						"The kobold explodes 3 rounds after it dies, or immediately if it was killed by a critical hit. The explosion destroys the kobold's body, leaving its equipment behind. Each creature within 5 feet of the exploding kobold must make a {@dc 10} Dexterity saving throw, taking 4 ({@damage 1d8}) bludgeoning damage on a failed save, or half as much damage on a successful one."
					]
				},
				{
					"name": "Pack Tactics",
					"entries": [
						"The kobold has advantage on an attack roll against a creature if at least one of the kobold's allies is within 5 feet of the creature and the ally isn't {@condition incapacitated}."
					]
				},
				{
					"name": "Sunlight Sensitivity",
					"entries": [
						"While in sunlight, the kobold has disadvantage on attack rolls, as well as on Wisdom (Perception) checks that rely on sight."
					]
				}
			],
			"action": [
				{
					"name": "Shortsword",
					"entries": [
						"{@atk mw} {@hit 5} to hit, reach 5 ft., one target. {@h}6 ({@damage 1d6 + 3}) piercing damage."
					]
				},
				{
					"name": "Hand Crossbow",
					"entries": [
						"{@atk rw} {@hit 5} to hit, range 30/120 ft., one target. {@h}6 ({@damage 1d6 + 3}) piercing damage."
					]
				}
			],
			"traitTags": [
				"Pack Tactics",
				"Sunlight Sensitivity"
			],
			"senseTags": [
				"D"
			],
			"languageTags": [
				"C",
				"DR"
			],
			"damageTags": [
				"B",
				"P"
			],
			"miscTags": [
				"MW",
				"RNG",
				"RW"
			],
			"hasToken": true,
			"hasFluff": true
		},
		{
			"name": "Merrow Shallowpriest",
			"source": "EGW",
			"page": 294,
			"size": [
				"L"
			],
			"type": "monstrosity",
			"alignment": [
				"C",
				"E"
			],
			"ac": [
				{
					"ac": 15,
					"from": [
						"natural armor"
					]
				}
			],
			"hp": {
				"average": 75,
				"formula": "10d10 + 20"
			},
			"speed": {
				"walk": 10,
				"swim": 40
			},
			"str": 18,
			"dex": 14,
			"con": 15,
			"int": 11,
			"wis": 16,
			"cha": 9,
			"senses": [
				"darkvision 60 ft."
			],
			"passive": 13,
			"languages": [
				"Abyssal",
				"Aquan"
			],
			"cr": "4",
			"spellcasting": [
				{
					"name": "Spellcasting",
					"headerEntries": [
						"The merrow is a 6th-level spellcaster. Its spellcasting ability is Wisdom (spell save {@dc 13}, {@hit 5} to hit with spell attacks). The merrow has the following druid spells prepared:"
					],
					"spells": {
						"0": {
							"spells": [
								"{@spell druidcraft}",
								"{@spell minor illusion}",
								"{@spell shocking grasp}"
							]
						},
						"1": {
							"slots": 4,
							"spells": [
								"{@spell cure wounds}",
								"{@spell fog cloud}",
								"{@spell thunderwave}"
							]
						},
						"2": {
							"slots": 3,
							"spells": [
								"{@spell hold person}",
								"{@spell mirror image}",
								"{@spell misty step}"
							]
						},
						"3": {
							"slots": 3,
							"spells": [
								"{@spell dispel magic}",
								"{@spell lightning bolt} (see \"Actions\" below)",
								"{@spell sleet storm}"
							]
						}
					},
					"ability": "wis"
				}
			],
			"trait": [
				{
					"name": "Amphibious",
					"entries": [
						"The merrow can breathe air and water."
					]
				}
			],
			"action": [
				{
					"name": "Harpoon",
					"entries": [
						"{@atk mw,rw} {@hit 6} to hit, reach 5 ft. or range 20/60 ft., one target. {@h}11 ({@damage 2d6 + 4}) piercing damage. If the target is a Medium or smaller creature, the merrow can pull it 10 feet closer."
					]
				},
				{
					"name": "Lightning Bolt (3rd-Level Spell; Requires a Spell Slot)",
					"entries": [
						"The merrow unleashes a stroke of lightning in a line 100 feet long and 5 feet wide. Each creature in the line must make a {@dc 13} Dexterity saving throw, taking 28 ({@damage 8d6}) lightning damage on a failed save, or half as much damage on a successful one."
					]
				}
			],
			"traitTags": [
				"Amphibious"
			],
			"senseTags": [
				"D"
			],
			"languageTags": [
				"AB",
				"AQ"
			],
			"damageTags": [
				"L",
				"P"
			],
			"damageTagsSpell": [
				"L",
				"T"
			],
			"spellcastingTags": [
				"CD"
			],
			"miscTags": [
				"MW",
				"RW"
			],
			"hasToken": true,
			"hasFluff": true,
			"hasFluffImages": true
		},
		{
			"name": "Moorbounder",
			"source": "EGW",
			"page": 295,
			"otherSources": [
				{
					"source": "CRCotN",
					"page": 295
				}
			],
			"size": [
				"L"
			],
			"type": "beast",
			"alignment": [
				"U"
			],
			"ac": [
				{
					"ac": 13,
					"from": [
						"natural armor"
					]
				}
			],
			"hp": {
				"average": 30,
				"formula": "4d10 + 8"
			},
			"speed": {
				"walk": 70
			},
			"str": 18,
			"dex": 14,
			"con": 14,
			"int": 2,
			"wis": 13,
			"cha": 5,
			"senses": [
				"darkvision 60 ft."
			],
			"passive": 11,
			"cr": "1",
			"trait": [
				{
					"name": "Standing Leap",
					"entries": [
						"The moorbounder's long jump is up to 40 feet and its high jump is up to 20 feet, with or without a running start."
					]
				}
			],
			"action": [
				{
					"name": "Claws",
					"entries": [
						"{@atk mw} {@hit 6} to hit, reach 5 ft., one target. {@h}14 ({@damage 4d4 + 4}) slashing damage."
					]
				}
			],
			"senseTags": [
				"D"
			],
			"damageTags": [
				"S"
			],
			"miscTags": [
				"MW"
			],
			"hasToken": true,
			"hasFluff": true,
			"hasFluffImages": true
		},
		{
			"name": "Mossback Steward",
			"isNpc": true,
			"isNamedCreature": true,
			"source": "EGW",
			"page": 256,
			"_copy": {
				"name": "Horizonback Tortoise",
				"source": "EGW",
				"_mod": {
					"*": {
						"mode": "replaceTxt",
						"replace": "the tortoise",
						"with": "Mossback Steward",
						"flags": "i"
					}
				}
			},
			"int": 12,
			"wis": 17,
			"skill": {
				"arcana": "+5",
				"insight": "+7",
				"nature": "+5",
				"perception": "+7",
				"persuasion": "+5"
			},
			"languages": [
				"telepathy 120 ft",
				"understands Goblin, Common, and Primordial but can't speak"
			],
			"spellcasting": [
				{
					"name": "Innate Spellcasting",
					"headerEntries": [
						"Mossback Steward's innate spellcasting ability is Wisdom (spell save {@dc 15}). It can innately cast the following spells, requiring no material components."
					],
					"will": [
						"{@spell friends}"
					],
					"rest": {
						"1": [
							"{@spell suggestion}",
							"{@spell divination}"
						]
					}
				}
			],
			"languageTags": [
				"C",
				"GO",
				"P",
				"TP"
			],
			"spellcastingTags": [
				"I"
			],
			"hasToken": true,
			"hasFluff": true,
			"hasFluffImages": true
		},
		{
			"name": "Nergaliid",
			"source": "EGW",
			"page": 296,
			"size": [
				"L"
			],
			"type": {
				"type": "fiend",
				"tags": [
					"devil"
				]
			},
			"alignment": [
				"L",
				"E"
			],
			"ac": [
				{
					"ac": 12,
					"from": [
						"natural armor"
					]
				}
			],
			"hp": {
				"average": 42,
				"formula": "4d10 + 20"
			},
			"speed": {
				"walk": 30
			},
			"str": 18,
			"dex": 12,
			"con": 20,
			"int": 12,
			"wis": 10,
			"cha": 12,
			"skill": {
				"deception": "+5",
				"perception": "+2",
				"stealth": "+5"
			},
			"senses": [
				"darkvision 120 ft."
			],
			"passive": 12,
			"resist": [
				"cold",
				{
					"resist": [
						"bludgeoning",
						"piercing",
						"slashing"
					],
					"note": "from nonmagical attacks that aren't silvered",
					"cond": true
				}
			],
			"immune": [
				"fire",
				"poison"
			],
			"conditionImmune": [
				"poisoned"
			],
			"languages": [
				"Common",
				"Infernal"
			],
			"cr": "3",
			"trait": [
				{
					"name": "Shadow Stealth",
					"entries": [
						"While in dim light or darkness, the nergaliid can take the Hide action as a bonus action."
					]
				},
				{
					"name": "Standing Leap",
					"entries": [
						"The nergaliid's long jump is up to 30 feet and its high jump is up to 20 feet, with or without a running start."
					]
				}
			],
			"action": [
				{
					"name": "Bite",
					"entries": [
						"{@atk mw} {@hit 6} to hit, reach 5 ft., one creature. {@h}13 ({@damage 2d8 + 4}) piercing damage, and the target must succeed on a {@dc 15} Constitution saving throw or become {@condition poisoned} for 1 minute. The {@condition poisoned} creature can repeat the saving throw at the end of each of its turns, ending the effect on itself on a success."
					]
				},
				{
					"name": "Tongue Lash",
					"entries": [
						"{@atk mw} {@hit 6} to hit, reach 20 ft., one target. {@h}10 ({@damage 1d12 + 4}) bludgeoning damage."
					]
				},
				{
					"name": "Siphon Life {@recharge 4}",
					"entries": [
						"The nergaliid magically draws the life from a humanoid it can see within 40 feet of it. The target must make a {@dc 15} Wisdom saving throw. An {@condition incapacitated} target fails the save automatically. On a failed save, the creature takes 10 ({@damage 3d6}) psychic damage, and the nergaliid gains temporary hit points equal to the damage taken. On a successful save, the target takes half as much damage, and the nergaliid doesn't gain temporary hit points. If this damage kills the target, its body rises at the end of the nergaliid's current turn as a {@creature husk zombie|EGW} (see earlier in this chapter)."
					]
				}
			],
			"senseTags": [
				"SD"
			],
			"languageTags": [
				"C",
				"I"
			],
			"damageTags": [
				"B",
				"P",
				"Y"
			],
			"miscTags": [
				"MW",
				"RCH"
			],
			"conditionInflict": [
				"poisoned"
			],
			"hasToken": true,
			"hasFluff": true,
			"hasFluffImages": true
		},
		{
			"name": "Ogre Lord Buhfal II",
			"isNpc": true,
			"isNamedCreature": true,
			"source": "EGW",
			"page": 251,
			"_copy": {
				"name": "Ogre",
				"source": "MM",
				"_mod": {
					"*": {
						"mode": "replaceTxt",
						"replace": "the ogre",
						"with": "Lord Buhfal",
						"flags": "i"
					}
				}
			},
			"alignment": [
				"L",
				"E"
			],
			"int": 10,
			"hasToken": true,
			"hasFluff": true
		},
		{
			"name": "Old Croaker",
			"isNpc": true,
			"isNamedCreature": true,
			"source": "EGW",
			"page": 240,
			"_copy": {
				"name": "Giant Toad",
				"source": "MM",
				"_mod": {
					"*": {
						"mode": "replaceTxt",
						"replace": "the toad",
						"with": "Old Croaker",
						"flags": "i"
					}
				}
			},
			"immune": [
				"cold"
			],
			"hasToken": true
		},
		{
			"name": "Oracs the Enduring",
			"isNpc": true,
			"isNamedCreature": true,
			"source": "EGW",
			"page": 154,
			"_copy": {
				"name": "Ancient Black Dragon",
				"source": "MM",
				"_trait": {
					"name": "Dracolich",
					"source": "MM"
				},
				"_mod": {
					"*": {
						"mode": "replaceTxt",
						"replace": "the dracolich",
						"with": "Oracs",
						"flags": "i"
					}
				}
			},
			"alignment": [
				"C",
				"E"
			],
			"traitTags": [
				"Legendary Resistances",
				"Magic Resistance"
			],
			"damageTagsLegendary": [],
			"hasToken": true
		},
		{
			"name": "Parson Pellinost",
			"isNpc": true,
			"isNamedCreature": true,
			"source": "EGW",
			"page": 261,
			"_copy": {
				"name": "Priest",
				"source": "MM",
				"_mod": {
					"*": {
						"mode": "replaceTxt",
						"replace": "the priest",
						"with": "Pellinost",
						"flags": "i"
					}
				}
			},
			"spellcasting": [
				{
					"name": "Spellcasting",
					"headerEntries": [
						"Pellinost is a 5th-level spellcaster. His spellcasting ability is Wisdom (spell save {@dc 13}, {@hit 5} to hit with spell attacks). Pellinost has the following cleric spells prepared:"
					],
					"spells": {
						"0": {
							"spells": [
								"{@spell light}",
								"{@spell sacred flame}",
								"{@spell spare the dying}"
							]
						},
						"1": {
							"slots": 4,
							"spells": [
								"{@spell command}",
								"{@spell cure wounds}",
								"{@spell guiding bolt}"
							]
						},
						"2": {
							"slots": 3,
							"spells": [
								"{@spell lesser restoration}",
								"{@spell spiritual weapon}"
							]
						},
						"3": {
							"slots": 2,
							"spells": [
								"{@spell dispel magic}",
								"{@spell revivify}"
							]
						}
					},
					"ability": "wis"
				}
			],
			"damageTagsSpell": [
				"O",
				"R"
			],
			"hasToken": true,
			"hasFluff": true
		},
		{
			"name": "Raegrin Mau",
			"isNpc": true,
			"isNamedCreature": true,
			"source": "EGW",
			"page": 240,
			"_copy": {
				"name": "Cultist",
				"source": "MM",
				"_trait": {
					"name": "Wood Elf",
					"source": "PHB"
				},
				"_mod": {
					"*": {
						"mode": "replaceTxt",
						"replace": "the cultist",
						"with": "Raegrin",
						"flags": "i"
					}
				}
			},
			"traitTags": [
				"Fey Ancestry"
			],
			"hasToken": true
		},
		{
			"name": "Sahuagin Warlock of Uk'otoa",
			"source": "EGW",
			"page": 297,
			"size": [
				"M"
			],
			"type": {
				"type": "humanoid",
				"tags": [
					"sahuagin"
				]
			},
			"alignment": [
				"N",
				"E"
			],
			"ac": [
				{
					"ac": 14,
					"from": [
						"natural armor"
					]
				}
			],
			"hp": {
				"average": 22,
				"formula": "5d8"
			},
			"speed": {
				"walk": 30,
				"swim": 40
			},
			"str": 14,
			"dex": 10,
			"con": 11,
			"int": 8,
			"wis": 8,
			"cha": 16,
			"skill": {
				"arcana": "+1",
				"persuasion": "+5"
			},
			"senses": [
				"darkvision 120 ft."
			],
			"passive": 9,
			"languages": [
				"Common",
				"Sahuagin"
			],
			"cr": "3",
			"spellcasting": [
				{
					"name": "Innate Spellcasting",
					"headerEntries": [
						"The warlock's innate spellcasting ability is Charisma (spell save {@dc 13}, {@hit 5} to hit with spell attacks). It can innately cast the following spells, requiring no material components:"
					],
					"will": [
						"{@spell eldritch blast} (see \"Actions\" below)",
						"{@spell minor illusion}"
					],
					"daily": {
						"1e": [
							"{@spell armor of Agathys}",
							"{@spell arms of Hadar}",
							"{@spell counterspell}",
							"{@spell crown of madness}",
							"{@spell invisibility}",
							"{@spell hunger of Hadar}"
						]
					},
					"ability": "cha"
				}
			],
			"trait": [
				{
					"name": "Blood Frenzy",
					"entries": [
						"The warlock has advantage on melee attack rolls against any creature that doesn't have all its hit points."
					]
				},
				{
					"name": "Limited Amphibiousness",
					"entries": [
						"The warlock can breathe air and water, but it needs to be submerged at least once every 4 hours to avoid suffocating."
					]
				},
				{
					"name": "Shark Telepathy",
					"entries": [
						"The warlock can magically command any shark within 120 feet of it, using a limited telepathy."
					]
				}
			],
			"action": [
				{
					"name": "Multiattack",
					"entries": [
						"The warlock makes two attacks: one with its bite and one with its Sword of Fathoms."
					]
				},
				{
					"name": "Bite",
					"entries": [
						"{@atk mw} {@hit 4} to hit, reach 5 ft., one creature. {@h}4 ({@damage 1d4 + 2}) piercing damage."
					]
				},
				{
					"name": "Sword of Fathoms",
					"entries": [
						"{@atk mw} {@hit 4} to hit, reach 5 ft., one target. {@h}7 ({@damage 1d10 + 2}) slashing damage, and if the target is a creature, it must succeed on a {@dc 13} Constitution saving throw or begin choking. The choking creature is {@condition incapacitated} until the end of its next turn, when the effect ends on it."
					]
				},
				{
					"name": "Eldritch Blast (Cantrip)",
					"entries": [
						"{@atk rs} {@hit 5} to hit, range 120 ft., one creature. {@h}5 ({@damage 1d10}) force damage."
					]
				}
			],
			"variant": [
				{
					"type": "variant",
					"name": "Rod of Retribution",
					"entries": [
						"Sahuagin warlocks of Uk'otoa who have exceptional potential in the eyes of the leviathan lord are granted a {@item rod of retribution|egw} in addition to Uk'otoa's typical blessing, the Sword of Fathoms. A sahuagin warlock of Uk'otoa holding this rod gains the following reaction:",
						{
							"type": "entries",
							"name": "Retribution (3/Day)",
							"entries": [
								"When a creature the warlock can see within 60 feet of it damages the warlock, the creature must make a {@dc 13} Dexterity saving throw, taking 11 ({@damage 2d10}) lightning damage on a failed save, or half as much damage on a successful one."
							]
						}
					]
				}
			],
			"senseTags": [
				"SD"
			],
			"actionTags": [
				"Multiattack"
			],
			"languageTags": [
				"C",
				"OTH"
			],
			"damageTags": [
				"L",
				"O",
				"P",
				"S"
			],
			"damageTagsSpell": [
				"A",
				"C",
				"N",
				"O"
			],
			"spellcastingTags": [
				"CL",
				"I"
			],
			"miscTags": [
				"MW"
			],
			"conditionInflict": [
				"incapacitated"
			],
			"conditionInflictSpell": [
				"blinded",
				"charmed",
				"invisible"
			],
			"hasToken": true,
			"hasFluff": true,
			"hasFluffImages": true,
			"_versions": [
				{
					"name": "Sahuagin Warlock of Uk'otoa (Rod of Retribution)",
					"source": "EGW",
					"_mod": {
						"trait": {
							"mode": "appendArr",
							"items": {
								"name": "Special Equipment",
								"entries": [
									"The warlock carries a {@item rod of retribution|egw}."
								]
							}
						},
						"reaction": {
							"mode": "appendArr",
							"items": {
								"type": "entries",
								"name": "Retribution (3/Day)",
								"entries": [
									"When a creature the warlock can see within 60 feet of it damages the warlock, the creature must make a {@dc 13} Dexterity saving throw, taking 11 ({@damage 2d10}) lightning damage on a failed save, or half as much damage on a successful one."
								]
							}
						}
					},
					"variant": null
				}
			]
		},
		{
			"name": "Sea Fury",
			"group": [
				"Hags"
			],
			"source": "EGW",
			"page": 299,
			"size": [
				"M"
			],
			"type": "fey",
			"alignment": [
				"C",
				"E"
			],
			"ac": [
				{
					"ac": 14,
					"from": [
						"natural armor"
					]
				}
			],
			"hp": {
				"average": 105,
				"formula": "14d8 + 42"
			},
			"speed": {
				"walk": 30,
				"swim": 50
			},
			"str": 19,
			"dex": 15,
			"con": 16,
			"int": 12,
			"wis": 12,
			"cha": 18,
			"skill": {
				"deception": "+8",
				"insight": "+5",
				"perception": "+5",
				"stealth": "+6"
			},
			"senses": [
				"darkvision 120 ft."
			],
			"passive": 15,
			"immune": [
				"cold",
				"fire",
				"poison",
				{
					"immune": [
						"bludgeoning",
						"piercing",
						"slashing"
					],
					"note": "from nonmagical attacks that aren't silvered",
					"cond": true
				}
			],
			"conditionImmune": [
				"paralyzed",
				"poisoned"
			],
			"languages": [
				"Aquan",
				"Common",
				"Giant"
			],
			"cr": {
				"cr": "12",
				"lair": "14"
			},
			"spellcasting": [
				{
					"name": "Innate Spellcasting",
					"headerEntries": [
						"The sea fury's innate spellcasting ability is Charisma (spell save {@dc 16}, {@hit 8} to hit with spell attacks). It can innately cast the following spells, requiring no material components:"
					],
					"will": [
						"{@spell witch bolt}"
					],
					"daily": {
						"1e": [
							"{@spell bestow curse}",
							"{@spell fear}",
							"{@spell thunderwave}"
						]
					},
					"ability": "cha"
				}
			],
			"trait": [
				{
					"name": "Amphibious",
					"entries": [
						"The sea fury can breathe air and water."
					]
				},
				{
					"name": "Legendary Resistance (3/Day)",
					"entries": [
						"If the sea fury fails a saving throw, it can choose to succeed instead."
					]
				},
				{
					"name": "Magic Resistance",
					"entries": [
						"The sea fury has advantage on saving throws against spells and other magical effects."
					]
				}
			],
			"action": [
				{
					"name": "Multiattack",
					"entries": [
						"The sea fury makes two attacks with its claws."
					]
				},
				{
					"name": "Claws",
					"entries": [
						"{@atk mw} {@hit 8} to hit, reach 5 ft., one target. {@h}13 ({@damage 2d8 + 4}) slashing damage."
					]
				},
				{
					"name": "Death Glare",
					"entries": [
						"The sea fury targets one {@condition frightened} creature it can see within 30 feet of it. The target must succeed on a {@dc 16} Wisdom saving throw or drop to 0 hit points."
					]
				}
			],
			"legendary": [
				{
					"name": "As Water",
					"entries": [
						"The sea fury transforms into a wave of foaming seawater, along with whatever it is wearing or carrying, and moves up to its speed without provoking opportunity attacks. While in this form, it can't be {@condition grappled} or {@condition restrained}. It reverts to its true form at the end of this movement."
					]
				},
				{
					"name": "Fearsome Apparition (Costs 2 Actions)",
					"entries": [
						"The sea fury conjures an apparition of one of its dead sisters, which appears in an unoccupied space the sea fury can see within 30 feet of it. Enemies of the sea fury that can see the apparition must succeed on a {@dc 16} Wisdom saving throw or be {@condition frightened} of it until it vanishes at the end of the sea fury's next turn."
					]
				},
				{
					"name": "Conjure Snakes (Costs 3 Actions)",
					"entries": [
						"The sea fury disgorges a {@creature swarm of poisonous snakes}, which occupies the same space as the sea fury, acts on its own initiative count, and attacks as directed by the sea fury. The sea fury can control up to three of these swarms at a time."
					]
				}
			],
			"legendaryGroup": {
				"name": "Sea Fury",
				"source": "EGW"
			},
			"traitTags": [
				"Amphibious",
				"Legendary Resistances",
				"Magic Resistance"
			],
			"senseTags": [
				"SD"
			],
			"actionTags": [
				"Multiattack"
			],
			"languageTags": [
				"AQ",
				"C",
				"GI"
			],
			"damageTags": [
				"S"
			],
			"damageTagsSpell": [
				"L",
				"N",
				"T"
			],
			"spellcastingTags": [
				"I"
			],
			"miscTags": [
				"MW"
			],
			"conditionInflictLegendary": [
				"prone"
			],
			"conditionInflictSpell": [
				"frightened"
			],
			"hasToken": true,
			"hasFluff": true,
			"hasFluffImages": true
		},
		{
			"name": "Shadowghast",
			"source": "EGW",
			"page": 299,
			"size": [
				"M"
			],
			"type": "undead",
			"alignment": [
				"C",
				"E"
			],
			"ac": [
				15
			],
			"hp": {
				"average": 49,
				"formula": "9d8 + 9"
			},
			"speed": {
				"walk": 35
			},
			"str": 14,
			"dex": 20,
			"con": 12,
			"int": 12,
			"wis": 11,
			"cha": 8,
			"skill": {
				"perception": "+3",
				"stealth": "+8"
			},
			"senses": [
				"darkvision 60 ft."
			],
			"passive": 13,
			"resist": [
				"necrotic"
			],
			"immune": [
				"poison"
			],
			"conditionImmune": [
				"charmed",
				"exhaustion",
				"poisoned"
			],
			"cr": "5",
			"trait": [
				{
					"name": "Stench",
					"entries": [
						"Any creature that starts its turn within 5 feet of the shadowghast must succeed on a {@dc 12} Constitution saving throw or be {@condition poisoned} until the start of its next turn. On a successful saving throw, the creature is immune to this Stench for 24 hours."
					]
				},
				{
					"name": "Shadow Stealth",
					"entries": [
						"While in dim light or darkness, the shadowghast can take the Hide action as a bonus action."
					]
				}
			],
			"action": [
				{
					"name": "Multiattack",
					"entries": [
						"The shadowghast makes two attacks: one with its bite and one with its claws."
					]
				},
				{
					"name": "Bite",
					"entries": [
						"{@atk mw} {@hit 8} to hit, reach 5 ft., one creature. {@h}11 ({@damage 2d8 + 2}) slashing damage plus 5 ({@damage 1d10}) necrotic damage."
					]
				},
				{
					"name": "Claws",
					"entries": [
						"{@atk mw} {@hit 8} to hit, reach 5 ft., one target. {@h}12 ({@damage 2d6 + 5}) slashing damage. If the target is a creature other than an undead, it must succeed on a {@dc 12} Constitution saving throw or be {@condition paralyzed} for 1 minute. The target can repeat the saving throw at the end of each of its turns, ending the effect on itself on a success."
					]
				}
			],
			"senseTags": [
				"D"
			],
			"actionTags": [
				"Multiattack"
			],
			"damageTags": [
				"N",
				"S"
			],
			"miscTags": [
				"MW"
			],
			"conditionInflict": [
				"paralyzed",
				"poisoned"
			],
			"hasToken": true,
			"hasFluff": true,
			"hasFluffImages": true
		},
		{
			"name": "Sharkbody Abomination",
			"source": "EGW",
			"page": 215,
			"_copy": {
				"name": "Hunter Shark",
				"source": "MM",
				"_mod": {
					"*": {
						"mode": "replaceTxt",
						"replace": "shark",
						"with": "abomination"
					},
					"trait": {
						"mode": "appendArr",
						"items": {
							"name": "Limited Amphibiousness",
							"entries": [
								"The abomination can breathe air and water, but it needs to be submerged at least once every 4 hours to avoid suffocating."
							]
						}
					}
				}
			},
			"type": "aberration",
			"speed": {
				"walk": 20,
				"swim": 40
			},
			"hasToken": true,
			"hasFluff": true
		},
		{
			"name": "Sken Zabriss",
			"isNpc": true,
			"isNamedCreature": true,
			"source": "EGW",
			"page": 221,
			"size": [
				"M"
			],
			"type": {
				"type": "humanoid",
				"tags": [
					"goliath"
				]
			},
			"alignment": [
				"L",
				"E"
			],
			"ac": [
				{
					"ac": 16,
					"from": [
						"{@item breastplate|PHB}",
						"{@item shield|PHB}"
					]
				}
			],
			"hp": {
				"average": 45,
				"formula": "7d8 + 14"
			},
			"speed": {
				"walk": 30
			},
			"str": 16,
			"dex": 11,
			"con": 15,
			"int": 13,
			"wis": 10,
			"cha": 12,
			"passive": 10,
			"languages": [
				"Common",
				"Draconic",
				"Giant"
			],
			"cr": "1",
			"trait": [
				{
					"name": "Powerful Build",
					"entries": [
						"Sken counts as one size larger when determining her carrying capacity and the weight she can push, drag, or lift."
					]
				},
				{
					"name": "Special Equipment",
					"entries": [
						"Sken wears a ring of obscuring. With it, she can cast the {@spell fog cloud} spell centered on herself three times per day. The cloud lasts for 1 minute (no {@status concentration} required)."
					]
				}
			],
			"action": [
				{
					"name": "Longsword",
					"entries": [
						"{@atk mw} {@hit 5} to hit, reach 5 ft., one target. {@h}7 ({@damage 1d8 + 3}) slashing damage, or 8 ({@damage 1d10 + 3}) slashing damage when used with two hands."
					]
				}
			],
			"reaction": [
				{
					"name": "Stone's Endurance (Recharges after a Short or Long Rest)",
					"entries": [
						"When Sken takes damage, she can use her reaction to reduce the damage taken by 8 ({@dice 1d12 + 2})."
					]
				}
			],
			"languageTags": [
				"C",
				"DR",
				"GI"
			],
			"damageTags": [
				"S"
			],
			"miscTags": [
				"MW"
			],
			"hasToken": true
		},
		{
			"name": "Skr'a S'orsk",
			"isNpc": true,
			"isNamedCreature": true,
			"source": "EGW",
			"page": 254,
			"_copy": {
				"name": "Lizardfolk Shaman",
				"source": "MM",
				"_mod": {
					"*": {
						"mode": "replaceTxt",
						"replace": "the lizardfolk",
						"with": "Skr'a S'orsk"
					}
				}
			},
			"spellcasting": [
				{
					"name": "Spellcasting (Lizardfolk Form Only)",
					"headerEntries": [
						"Skr'a S'orsk is a 5th-level spellcaster. Its spellcasting ability is Wisdom (spell save {@dc 12}, {@hit 4} to hit with spell attacks). Skr'a S'orsk has the following druid spells prepared:"
					],
					"spells": {
						"0": {
							"spells": [
								"{@spell produce flame}",
								"{@spell resistance}",
								"{@spell thorn whip}"
							]
						},
						"1": {
							"slots": 4,
							"spells": [
								"{@spell entangle}",
								"{@spell fog cloud}"
							]
						},
						"2": {
							"slots": 3,
							"spells": [
								"{@spell blindness/deafness}",
								"{@spell spike growth}"
							]
						},
						"3": {
							"slots": 2,
							"spells": [
								"{@spell animate dead}",
								"{@spell conjure animals} (reptiles only)"
							]
						}
					},
					"ability": "wis"
				}
			],
			"hasToken": true,
			"hasFluffImages": true
		},
		{
			"name": "Swarm of Undead Snakes",
			"source": "EGW",
			"page": 247,
			"_copy": {
				"name": "Swarm of Poisonous Snakes",
				"source": "MM",
				"_mod": {
					"conditionImmune": {
						"mode": "appendArr",
						"items": "poisoned"
					}
				}
			},
			"type": {
				"type": "undead",
				"swarmSize": "T"
			},
			"immune": [
				"poison"
			],
			"hasToken": true
		},
		{
			"name": "Swavain Basilisk",
			"source": "EGW",
			"page": 300,
			"size": [
				"H"
			],
			"type": "monstrosity",
			"alignment": [
				"U"
			],
			"ac": [
				{
					"ac": 16,
					"from": [
						"natural armor"
					]
				}
			],
			"hp": {
				"average": 85,
				"formula": "10d12 + 20"
			},
			"speed": {
				"walk": 15,
				"swim": 40
			},
			"str": 15,
			"dex": 16,
			"con": 15,
			"int": 2,
			"wis": 8,
			"cha": 7,
			"senses": [
				"darkvision 60 ft."
			],
			"passive": 9,
			"immune": [
				"poison"
			],
			"conditionImmune": [
				"poisoned"
			],
			"cr": "7",
			"trait": [
				{
					"name": "Amphibious",
					"entries": [
						"The basilisk can breathe air and water."
					]
				},
				{
					"name": "Petrifying Secretions",
					"entries": [
						"A creature must make a {@dc 13} Constitution saving throw if it hits the basilisk with a weapon attack while within 5 feet of it or if it starts its turn {@condition grappled} by the basilisk. Unless the save succeeds, the creature magically begins to turn to stone and is {@condition restrained}, and it must repeat the saving throw at the end of its next turn. On a successful save, the effect ends. On a failure, the creature is {@condition petrified}."
					]
				}
			],
			"action": [
				{
					"name": "Multiattack",
					"entries": [
						"The basilisk makes two attacks: one with its bite and one with its tail."
					]
				},
				{
					"name": "Bite",
					"entries": [
						"{@atk mw} {@hit 6} to hit, reach 5 ft., one creature. {@h}13 ({@damage 3d6 + 3}) piercing damage plus 10 ({@damage 3d6}) poison damage."
					]
				},
				{
					"name": "Tail",
					"entries": [
						"{@atk mw} {@hit 6} to hit, reach 15 ft., one target. {@h}14 ({@damage 2d10 + 3}) bludgeoning damage. If the target is a Large or smaller creature, it is {@condition grappled} (escape {@dc 12})."
					]
				}
			],
			"traitTags": [
				"Amphibious"
			],
			"senseTags": [
				"D"
			],
			"actionTags": [
				"Multiattack"
			],
			"damageTags": [
				"B",
				"I",
				"P"
			],
			"miscTags": [
				"MW",
				"RCH"
			],
			"conditionInflict": [
				"grappled",
				"petrified",
				"restrained"
			],
			"hasToken": true,
			"hasFluff": true,
			"hasFluffImages": true
		},
		{
			"name": "Three Earrings",
			"isNpc": true,
			"isNamedCreature": true,
			"source": "EGW",
			"page": 211,
			"_copy": {
				"name": "Bandit Captain",
				"source": "MM",
				"_trait": {
					"name": "Tabaxi",
					"source": "VGM"
				},
				"_mod": {
					"*": {
						"mode": "replaceTxt",
						"replace": "the captain",
						"with": "Three Earrings"
					}
				}
			},
			"alignment": [
				"N",
				"E"
			],
			"hasToken": true,
			"hasFluff": true
		},
		{
			"name": "Udaak",
			"source": "EGW",
			"page": 301,
			"size": [
				"G"
			],
			"type": "fiend",
			"alignment": [
				"N",
				"E"
			],
			"ac": [
				{
					"ac": 18,
					"from": [
						"natural armor"
					]
				}
			],
			"hp": {
				"average": 165,
				"formula": "10d20 + 60"
			},
			"speed": {
				"walk": 50
			},
			"str": 26,
			"dex": 14,
			"con": 22,
			"int": 3,
			"wis": 11,
			"cha": 10,
			"save": {
				"str": "+13",
				"con": "+11"
			},
			"senses": [
				"darkvision 120 ft."
			],
			"passive": 10,
			"immune": [
				"poison",
				{
					"immune": [
						"bludgeoning",
						"piercing",
						"slashing"
					],
					"note": "from nonmagical attacks",
					"cond": true
				}
			],
			"vulnerable": [
				"thunder"
			],
			"conditionImmune": [
				"frightened",
				"grappled",
				"poisoned",
				"restrained"
			],
			"cr": "16",
			"trait": [
				{
					"name": "Charge",
					"entries": [
						"If the udaak moves at least 20 feet straight toward a target and then hits it with a slam attack on the same turn, the target takes an extra 27 ({@damage 6d8}) bludgeoning damage. If the target is a creature, it must succeed on a {@dc 21} Strength saving throw or be pushed up to 20 feet away from the udaak and knocked {@condition prone}."
					]
				},
				{
					"name": "Siege Monster",
					"entries": [
						"The udaak deals double damage to objects and structures."
					]
				}
			],
			"action": [
				{
					"name": "Multiattack",
					"entries": [
						"The udaak makes three attacks: one with its bite and two with its slam."
					]
				},
				{
					"name": "Bite",
					"entries": [
						"{@atk mw} {@hit 13} to hit, reach 5 ft., one creature. {@h}21 ({@damage 2d12 + 8}) piercing damage, and the target is {@condition grappled} (escape {@dc 21}). Until this grapple ends, the target is {@condition restrained}, and the udaak can't bite another target."
					]
				},
				{
					"name": "Slam",
					"entries": [
						"{@atk mw} {@hit 13} to hit, reach 10 ft., one target. {@h}21 ({@damage 3d8 + 8}) bludgeoning damage."
					]
				},
				{
					"name": "Swallow",
					"entries": [
						"The udaak makes one bite attack against a Large or smaller target it is grappling. If the attack hits, the target is also swallowed, and the grapple ends. A swallowed creature is {@condition blinded} and {@condition restrained}, it has total cover against attacks and other effects outside the udaak, and it takes 21 ({@damage 6d6}) acid damage at the start of each of the udaak's turns.",
						"If the udaak takes 30 damage or more on a single turn from a creature inside it, the udaak must succeed on a {@dc 21} Constitution saving throw at the end of that turn or regurgitate all swallowed creatures, which fall {@condition prone} in a space within 10 feet of the udaak. If the udaak dies, a swallowed creature is no longer {@condition restrained} by it and can escape from the corpse by using 20 feet of movement, exiting {@condition prone}."
					]
				}
			],
			"traitTags": [
				"Charge",
				"Siege Monster"
			],
			"senseTags": [
				"SD"
			],
			"actionTags": [
				"Multiattack",
				"Swallow"
			],
			"damageTags": [
				"A",
				"B",
				"P"
			],
			"miscTags": [
				"MW",
				"RCH"
			],
			"conditionInflict": [
				"blinded",
				"grappled",
				"prone",
				"restrained"
			],
			"hasToken": true,
			"hasFluff": true,
			"hasFluffImages": true
		},
		{
			"name": "Vox Seeker",
			"source": "EGW",
			"page": 270,
			"size": [
				"T"
			],
			"type": "construct",
			"alignment": [
				"U"
			],
			"ac": [
				{
					"ac": 14,
					"from": [
						"natural armor"
					]
				}
			],
			"hp": {
				"average": 7,
				"formula": "2d4 + 2"
			},
			"speed": {
				"walk": 20,
				"climb": 20
			},
			"str": 2,
			"dex": 10,
			"con": 12,
			"int": 1,
			"wis": 10,
			"cha": 1,
			"senses": [
				"blindsight 60 ft. (blind beyond this radius)"
			],
			"passive": 10,
			"immune": [
				"poison",
				"psychic"
			],
			"conditionImmune": [
				"blinded",
				"charmed",
				"deafened",
				"exhaustion",
				"frightened",
				"paralyzed",
				"petrified",
				"poisoned"
			],
			"cr": "1/8",
			"trait": [
				{
					"name": "Voice Lock",
					"entries": [
						"The vox seeker must move toward and attack the source of the nearest voice within 60 feet of it, to the exclusion of all other targets, for as long as it remains operational."
					]
				},
				{
					"name": "Spider Climb",
					"entries": [
						"The vox seeker can climb difficult surfaces, including upside down on ceilings, without needing to make an ability check."
					]
				}
			],
			"action": [
				{
					"name": "Pincer",
					"entries": [
						"{@atk mw} {@hit 2} to hit, reach 5 ft., one target. {@h}2 ({@damage 1d4}) piercing damage plus 3 lightning damage."
					]
				}
			],
			"traitTags": [
				"Spider Climb"
			],
			"senseTags": [
				"B"
			],
			"damageTags": [
				"L",
				"P"
			],
			"miscTags": [
				"MW"
			],
			"hasToken": true
		},
		{
			"name": "Yinra Emberwind",
			"isNpc": true,
			"isNamedCreature": true,
			"source": "EGW",
			"page": 223,
			"size": [
				"M"
			],
			"type": {
				"type": "humanoid",
				"tags": [
					"elf"
				]
			},
			"alignment": [
				"N",
				"G"
			],
			"ac": [
				{
					"ac": 15,
					"from": [
						"{@item studded leather armor|PHB|studded leather}"
					]
				}
			],
			"hp": {
				"average": 16,
				"formula": "3d8 + 3"
			},
			"speed": {
				"walk": 30
			},
			"str": 11,
			"dex": 16,
			"con": 12,
			"int": 14,
			"wis": 13,
			"cha": 11,
			"skill": {
				"investigation": "+4",
				"perception": "+3",
				"stealth": "+5"
			},
			"senses": [
				"darkvision 60 ft."
			],
			"passive": 13,
			"languages": [
				"Common",
				"Elvish"
			],
			"cr": "1/2",
			"trait": [
				{
					"name": "Fey Ancestry",
					"entries": [
						"Yinra has advantage on saving throws against being {@condition charmed}, and magic can't put her to sleep."
					]
				},
				{
					"name": "Keen Hearing and Sight",
					"entries": [
						"Yinra has advantage on Wisdom (Perception) checks that rely on hearing or sight."
					]
				}
			],
			"action": [
				{
					"name": "Shortsword",
					"entries": [
						"{@atk mw} {@hit 5} to hit, reach 5 ft., one target. {@h}6 ({@damage 1d6 + 3}) piercing damage."
					]
				},
				{
					"name": "Longbow",
					"entries": [
						"{@atk rw} {@hit 5} to hit, range 150/600 ft., one target. {@h}7 ({@damage 1d8 + 3}) piercing damage."
					]
				}
			],
			"traitTags": [
				"Fey Ancestry",
				"Keen Senses"
			],
			"senseTags": [
				"D"
			],
			"languageTags": [
				"C",
				"E"
			],
			"damageTags": [
				"P"
			],
			"miscTags": [
				"MW",
				"RNG",
				"RW"
			],
			"hasToken": true
		}
	]
}
