{
	"_meta": {
		"dependencies": {
			"monster": [
				"MM"
			]
		},
		"internalCopies": [
			"monster"
		],
		"otherSources": {
			"monster": {
				"MM": "DSotDQ"
			}
		}
	},
	"monster": [
		{
			"name": "Amelia Ghallen",
			"isNpc": true,
			"isNamedCreature": true,
			"source": "DSotDQ",
			"page": 180,
			"_copy": {
				"name": "Veteran",
				"source": "MM",
				"_mod": {
					"*": {
						"mode": "replaceTxt",
						"replace": "the veteran",
						"with": "Durstan",
						"flags": "i"
					}
				}
			},
			"type": {
				"type": "humanoid",
				"tags": [
					"human"
				]
			},
			"alignment": [
				"N",
				"G"
			],
			"hasToken": true
		},
		{
			"name": "Andir Valmakos",
			"isNpc": true,
			"isNamedCreature": true,
			"source": "DSotDQ",
			"page": 210,
			"level": 1,
			"size": [
				"M"
			],
			"type": {
				"type": "humanoid",
				"tags": [
					"human"
				],
				"sidekickType": "spellcaster",
				"sidekickTags": [
					"mage"
				]
			},
			"alignment": [
				"C",
				"G"
			],
			"ac": [
				{
					"ac": 12,
					"from": [
						"{@item leather armor|PHB}"
					]
				}
			],
			"hp": {
				"average": 11,
				"formula": "2d8 + 2"
			},
			"speed": {
				"walk": 30
			},
			"str": 10,
			"dex": 12,
			"con": 12,
			"int": 14,
			"wis": 11,
			"cha": 10,
			"save": {
				"wis": "+2"
			},
			"skill": {
				"arcana": "+4",
				"history": "+4",
				"investigation": "+4",
				"religion": "+4"
			},
			"passive": 10,
			"languages": [
				"Common",
				"Draconic"
			],
			"pbNote": "+2",
			"spellcasting": [
				{
					"name": "Spellcasting",
					"headerEntries": [
						"Andir's spellcasting ability is Intelligence (spell save {@dc 12}, {@hit 4} to hit with spell attacks). He has the following wizard spells prepared:"
					],
					"will": [
						"{@spell light}",
						"{@spell ray of frost}"
					],
					"spells": {
						"1": {
							"slots": 2,
							"spells": [
								"{@spell thunderwave}"
							]
						}
					},
					"ability": "int"
				}
			],
			"trait": [
				{
					"name": "Bonus Proficiencies",
					"entries": [
						"Andir is proficient with simple weapons and light armor."
					]
				}
			],
			"action": [
				{
					"name": "Arcane Burst",
					"entries": [
						"{@atk ms,rs} {@hit 4} to hit, reach 5 ft. or range 120 ft., one target. {@h}7 ({@damage 1d10 + 2}) force damage."
					]
				},
				{
					"name": "Quarterstaff",
					"entries": [
						"{@atk mw} {@hit 2} to hit, reach 5 ft., one target. {@h}3 ({@damage 1d6}) bludgeoning damage, or 4 ({@damage 1d8}) bludgeoning damage if used with two hands."
					]
				}
			],
			"languageTags": [
				"C",
				"DR"
			],
			"damageTags": [
				"B",
				"O"
			],
			"damageTagsSpell": [
				"C",
				"T"
			],
			"spellcastingTags": [
				"CW"
			],
			"miscTags": [
				"MW"
			],
			"hasToken": true,
			"hasFluff": true,
			"hasFluffImages": true
		},
		{
			"name": "Anhkolox",
			"source": "DSotDQ",
			"page": 192,
			"size": [
				"H"
			],
			"type": "undead",
			"alignment": [
				"N",
				"E"
			],
			"alignmentPrefix": "typically ",
			"ac": [
				{
					"ac": 15,
					"from": [
						"natural armor"
					]
				}
			],
			"hp": {
				"average": 157,
				"formula": "15d12 + 60"
			},
			"speed": {
				"walk": 50
			},
			"str": 22,
			"dex": 11,
			"con": 18,
			"int": 4,
			"wis": 14,
			"cha": 2,
			"save": {
				"wis": "+6"
			},
			"skill": {
				"perception": "+6"
			},
			"senses": [
				"darkvision 60 ft."
			],
			"passive": 16,
			"immune": [
				"poison"
			],
			"conditionImmune": [
				"charmed",
				"exhaustion",
				"frightened",
				"poisoned"
			],
			"cr": "9",
			"trait": [
				{
					"name": "Unusual Nature",
					"entries": [
						"The anhkolox doesn't require air, food, drink, or sleep."
					]
				}
			],
			"action": [
				{
					"name": "Multiattack",
					"entries": [
						"The anhkolox makes two Claw attacks and one Entrapping Rend attack."
					]
				},
				{
					"name": "Claw",
					"entries": [
						"{@atk mw} {@hit 10} to hit, reach 5 ft., one target. {@h}17 ({@damage 2d10 + 6}) piercing damage. If the target is a Large or smaller creature, it must succeed on a {@dc 18} Strength saving throw or be pushed up to 20 feet in a horizontal direction of the anhkolox's choice."
					]
				},
				{
					"name": "Entrapping Rend",
					"entries": [
						"{@atk mw} {@hit 10} to hit, reach 5 ft., one target. {@h}23 ({@damage 5d6 + 6}) piercing damage, and if the target is a Large or smaller creature, the target must succeed on a {@dc 18} Strength saving throw or be trapped in the anhkolox's rib cage and {@condition grappled} (escape {@dc 18}). Until this grapple ends, the target is {@condition restrained}, and the anhkolox can't use Entrapping Rend on another target."
					]
				}
			],
			"traitTags": [
				"Unusual Nature"
			],
			"senseTags": [
				"D"
			],
			"actionTags": [
				"Multiattack"
			],
			"damageTags": [
				"P"
			],
			"miscTags": [
				"MW"
			],
			"conditionInflict": [
				"grappled",
				"restrained"
			],
			"hasToken": true,
			"hasFluff": true,
			"hasFluffImages": true
		},
		{
			"name": "Aurak Draconian",
			"source": "DSotDQ",
			"page": 196,
			"size": [
				"M"
			],
			"type": {
				"type": "monstrosity",
				"tags": [
					"sorcerer"
				]
			},
			"alignment": [
				"L",
				"E"
			],
			"alignmentPrefix": "typically ",
			"ac": [
				{
					"ac": 17,
					"from": [
						"natural armor"
					]
				}
			],
			"hp": {
				"average": 67,
				"formula": "9d8 + 27"
			},
			"speed": {
				"walk": 35
			},
			"str": 13,
			"dex": 14,
			"con": 16,
			"int": 16,
			"wis": 11,
			"cha": 17,
			"save": {
				"int": "+6",
				"wis": "+3",
				"cha": "+6"
			},
			"skill": {
				"perception": "+3"
			},
			"senses": [
				"truesight 60 ft."
			],
			"passive": 13,
			"conditionImmune": [
				"charmed"
			],
			"languages": [
				"Common",
				"Draconic"
			],
			"cr": "6",
			"spellcasting": [
				{
					"name": "Spellcasting",
					"headerEntries": [
						"The draconian casts one of the following spells, requiring no material components and using Charisma as the spellcasting ability (spell save {@dc 14}):"
					],
					"will": [
						"{@spell invisibility}",
						"{@spell mage hand}"
					],
					"daily": {
						"1": [
							"{@spell dominate person}"
						],
						"2e": [
							"{@spell dimension door}",
							"{@spell disguise self}",
							"{@spell sending}"
						]
					},
					"ability": "cha",
					"displayAs": "action"
				}
			],
			"trait": [
				{
					"name": "Aura of Command",
					"entries": [
						"The draconian radiates a commanding presence in a 20-foot-radius sphere centered on itself. A draconian in the aura that can see or hear the aurak can't be {@condition charmed} and has advantage on saving throws made to avoid or end the {@condition frightened} condition on itself."
					]
				},
				{
					"name": "Death Throes",
					"entries": [
						"When the draconian is reduced to 0 hit points, its magical essence lashes out as a ball of lightning at the closest creature within 30 feet of it before arcing out to up to two other creatures within 15 feet of the first. Each creature must make a {@dc 14} Dexterity saving throw. On a failed save, the creature takes 9 ({@damage 2d8}) lightning damage and is {@condition stunned} until the end of its next turn. On a successful save, the creature takes half as much damage and isn't {@condition stunned}."
					]
				}
			],
			"action": [
				{
					"name": "Multiattack",
					"entries": [
						"The draconian makes three Rend or Energy Ray attacks."
					]
				},
				{
					"name": "Rend",
					"entries": [
						"{@atk mw} {@hit 5} to hit, reach 5 ft., one target. {@h}8 ({@damage 1d12 + 2}) slashing damage."
					]
				},
				{
					"name": "Energy Ray",
					"entries": [
						"{@atk rs} {@hit 6} to hit, range 60 ft., one target. {@h}8 ({@damage 1d10 + 3}) force damage."
					]
				},
				{
					"name": "Noxious Breath {@recharge 5}",
					"entries": [
						"The draconian exhales a 15-foot cone of noxious gas. Each creature in that area must make a {@dc 14} Constitution saving throw. On a failed save, the creature takes 21 ({@damage 6d6}) poison damage and gains 1 level of {@condition exhaustion}. On a successful save, the creature takes half as much damage, doesn't gain {@condition exhaustion}, and is immune to all draconians' Noxious Breath for 24 hours."
					]
				}
			],
			"traitTags": [
				"Death Burst"
			],
			"senseTags": [
				"U"
			],
			"actionTags": [
				"Breath Weapon",
				"Multiattack"
			],
			"languageTags": [
				"C",
				"DR"
			],
			"damageTags": [
				"I",
				"L",
				"O",
				"S"
			],
			"damageTagsSpell": [
				"O"
			],
			"spellcastingTags": [
				"O"
			],
			"miscTags": [
				"AOE",
				"MW"
			],
			"conditionInflict": [
				"exhaustion",
				"stunned"
			],
			"conditionInflictSpell": [
				"charmed",
				"invisible"
			],
			"hasToken": true,
			"hasFluff": true,
			"hasFluffImages": true
		},
		{
			"name": "Ayik Ur",
			"isNpc": true,
			"isNamedCreature": true,
			"source": "DSotDQ",
			"page": 211,
			"level": 1,
			"size": [
				"M"
			],
			"type": {
				"type": "humanoid",
				"tags": [
					"human"
				],
				"sidekickType": "warrior",
				"sidekickTags": [
					"attacker"
				]
			},
			"alignment": [
				"N",
				"G"
			],
			"ac": [
				{
					"ac": 15,
					"from": [
						"{@item studded leather armor|PHB|studded leather}"
					]
				}
			],
			"hp": {
				"average": 11,
				"formula": "2d8 + 2"
			},
			"speed": {
				"walk": 30
			},
			"str": 11,
			"dex": 16,
			"con": 12,
			"int": 11,
			"wis": 13,
			"cha": 11,
			"save": {
				"dex": "+5"
			},
			"skill": {
				"athletics": "+2",
				"nature": "+2",
				"perception": "+5",
				"stealth": "+5",
				"survival": "+3"
			},
			"passive": 15,
			"languages": [
				"Common"
			],
			"pbNote": "+2",
			"trait": [
				{
					"name": "Attacker",
					"entries": [
						"Ayik gains a +2 bonus to all attack rolls (included below)."
					]
				},
				{
					"name": "Bonus Proficiencies",
					"entries": [
						"Ayik is proficient with simple and martial weapons, shields, and all armor."
					]
				}
			],
			"action": [
				{
					"name": "Shortsword",
					"entries": [
						"{@atk mw} {@hit 7} to hit, reach 5 ft., one target. {@h}6 ({@damage 1d6 + 3}) piercing damage."
					]
				},
				{
					"name": "Longbow",
					"entries": [
						"{@atk rw} {@hit 7} to hit, range 150/600 ft., one target. {@h}7 ({@damage 1d8 + 3}) piercing damage."
					]
				}
			],
			"languageTags": [
				"C"
			],
			"damageTags": [
				"P"
			],
			"miscTags": [
				"MW",
				"RNG",
				"RW"
			],
			"hasToken": true,
			"hasFluff": true,
			"hasFluffImages": true
		},
		{
			"name": "Baaz Draconian",
			"source": "DSotDQ",
			"page": 197,
			"size": [
				"M"
			],
			"type": "monstrosity",
			"alignment": [
				"L",
				"E"
			],
			"alignmentPrefix": "typically ",
			"ac": [
				{
					"ac": 14,
					"from": [
						"natural armor"
					]
				}
			],
			"hp": {
				"average": 22,
				"formula": "4d8 + 4"
			},
			"speed": {
				"walk": 30
			},
			"str": 13,
			"dex": 11,
			"con": 13,
			"int": 8,
			"wis": 8,
			"cha": 10,
			"senses": [
				"darkvision 60 ft."
			],
			"passive": 9,
			"languages": [
				"Common",
				"Draconic"
			],
			"cr": "1/2",
			"trait": [
				{
					"name": "Controlled Fall",
					"entries": [
						"When the draconian falls and isn't {@condition incapacitated}, it subtracts up to 100 feet from the fall when calculating the fall's damage."
					]
				},
				{
					"name": "Death Throes",
					"entries": [
						"When the draconian is reduced to 0 hit points, its body turns to stone and releases a petrifying gas. Each creature within 5 feet of the draconian must succeed on a {@dc 11} Constitution saving throw or be {@condition restrained} as it begins to turn to stone. The {@condition restrained} creature must repeat the saving throw at the end of its next turn. On a success, the effect ends; otherwise the creature is {@condition petrified} for 1 minute. After 1 minute, the body of the draconian crumbles to dust."
					]
				},
				{
					"name": "Draconic Devotion",
					"entries": [
						"While the draconian can see a Dragon that isn't hostile to it, the draconian has advantage on attack rolls."
					]
				}
			],
			"action": [
				{
					"name": "Multiattack",
					"entries": [
						"The draconian makes two Shortsword attacks."
					]
				},
				{
					"name": "Shortsword",
					"entries": [
						"{@atk mw} {@hit 3} to hit, reach 5 ft., one target. {@h}4 ({@damage 1d6 + 1}) piercing damage."
					]
				}
			],
			"traitTags": [
				"Death Burst"
			],
			"senseTags": [
				"D"
			],
			"actionTags": [
				"Multiattack"
			],
			"languageTags": [
				"C",
				"DR"
			],
			"damageTags": [
				"P"
			],
			"miscTags": [
				"AOE",
				"MW"
			],
			"conditionInflict": [
				"petrified",
				"restrained"
			],
			"hasToken": true,
			"hasFluff": true,
			"hasFluffImages": true
		},
		{
			"name": "Bakaris the Younger",
			"isNpc": true,
			"isNamedCreature": true,
			"source": "DSotDQ",
			"page": 57,
			"_copy": {
				"name": "Noble",
				"source": "MM",
				"_mod": {
					"*": {
						"mode": "replaceTxt",
						"replace": "the noble",
						"with": "Bakaris",
						"flags": "i"
					}
				}
			},
			"type": {
				"type": "humanoid",
				"tags": [
					"human"
				]
			},
			"alignment": [
				"N",
				"E"
			],
			"hasToken": true
		},
		{
			"name": "Bakaris Uth Estide",
			"isNpc": true,
			"isNamedCreature": true,
			"source": "DSotDQ",
			"page": 54,
			"_copy": {
				"name": "Noble",
				"source": "MM",
				"_mod": {
					"*": {
						"mode": "replaceTxt",
						"replace": "the noble",
						"with": "Bakaris",
						"flags": "i"
					}
				}
			},
			"type": {
				"type": "humanoid",
				"tags": [
					"human"
				]
			},
			"alignment": [
				"N",
				"E"
			],
			"hasToken": true
		},
		{
			"name": "Becklin Uth Viharin",
			"isNpc": true,
			"isNamedCreature": true,
			"source": "DSotDQ",
			"page": 55,
			"_copy": {
				"name": "Knight",
				"source": "MM",
				"_mod": {
					"*": {
						"mode": "replaceTxt",
						"replace": "the knight",
						"with": "Becklin",
						"flags": "i"
					}
				}
			},
			"type": {
				"type": "humanoid",
				"tags": [
					"human"
				]
			},
			"alignment": [
				"L",
				"G"
			],
			"hasToken": true
		},
		{
			"name": "Belephaion",
			"isNpc": true,
			"isNamedCreature": true,
			"source": "DSotDQ",
			"page": 157,
			"_copy": {
				"name": "Young Blue Dragon",
				"source": "MM",
				"_mod": {
					"*": {
						"mode": "replaceTxt",
						"replace": "the dragon",
						"with": "Belephaion",
						"flags": "i"
					},
					"action": {
						"mode": "appendArr",
						"items": {
							"name": "Alter Shape",
							"entries": [
								"Belephaion magically transforms into an {@creature eagle} or a {@creature priest}, while retaining his alignment, damage immunities, hit points, Hit Dice, and Intelligence, Wisdom, and Charisma scores. This transformation ends if he is reduced to 0 hit points or uses a bonus action to end it."
							]
						}
					}
				}
			},
			"hasToken": true
		},
		{
			"name": "Bozak Draconian",
			"source": "DSotDQ",
			"page": 198,
			"size": [
				"M"
			],
			"type": {
				"type": "monstrosity",
				"tags": [
					"sorcerer"
				]
			},
			"alignment": [
				"L",
				"E"
			],
			"alignmentPrefix": "typically ",
			"ac": [
				{
					"ac": 15,
					"from": [
						"natural armor"
					]
				}
			],
			"hp": {
				"average": 40,
				"formula": "9d8"
			},
			"speed": {
				"walk": 30
			},
			"str": 14,
			"dex": 10,
			"con": 11,
			"int": 11,
			"wis": 10,
			"cha": 14,
			"save": {
				"int": "+2",
				"wis": "+2",
				"cha": "+4"
			},
			"senses": [
				"darkvision 60 ft."
			],
			"passive": 10,
			"languages": [
				"Common",
				"Draconic"
			],
			"cr": "2",
			"spellcasting": [
				{
					"name": "Spellcasting",
					"headerEntries": [
						"The draconian casts one of the following spells, requiring no material components and using Charisma as the spellcasting ability (spell save {@dc 12}):"
					],
					"daily": {
						"1e": [
							"{@spell enlarge/reduce}",
							"{@spell invisibility}",
							"{@spell stinking cloud}",
							"{@spell web}"
						]
					},
					"ability": "cha",
					"displayAs": "action"
				}
			],
			"trait": [
				{
					"name": "Death Throes",
					"entries": [
						"When the draconian is reduced to 0 hit points, its scales and flesh immediately shrivel away, and then its bones explode. Each creature within 10 feet of it must succeed on a {@dc 10} Dexterity saving throw or take 9 ({@damage 2d8}) force damage."
					]
				},
				{
					"name": "Glide",
					"entries": [
						"When the draconian falls and isn't {@condition incapacitated}, it subtracts up to 100 feet from the fall when calculating the fall's damage, and it can move up to 2 feet horizontally for every 1 foot it descends."
					]
				}
			],
			"action": [
				{
					"name": "Multiattack",
					"entries": [
						"The draconian makes two Trident melee attacks or two Lightning Discharge attacks."
					]
				},
				{
					"name": "Trident",
					"entries": [
						"{@atk mw,rw} {@hit 4} to hit, reach 5 ft. or range 20/60 ft., one target. {@h}5 ({@damage 1d6 + 2}) piercing damage, or 6 ({@damage 1d8 + 2}) piercing damage if used with two hands to make a melee attack."
					]
				},
				{
					"name": "Lightning Discharge",
					"entries": [
						"{@atk rs} {@hit 4} to hit, range 60 ft., one target. {@h}10 ({@damage 3d6}) lightning damage."
					]
				}
			],
			"traitTags": [
				"Death Burst"
			],
			"senseTags": [
				"D"
			],
			"actionTags": [
				"Multiattack"
			],
			"languageTags": [
				"C",
				"DR"
			],
			"damageTags": [
				"L",
				"O",
				"P"
			],
			"damageTagsSpell": [
				"F"
			],
			"spellcastingTags": [
				"O"
			],
			"miscTags": [
				"AOE",
				"MW",
				"RW",
				"THW"
			],
			"conditionInflictSpell": [
				"invisible",
				"restrained"
			],
			"hasToken": true,
			"hasFluff": true,
			"hasFluffImages": true
		},
		{
			"name": "Captain Hask",
			"isNpc": true,
			"isNamedCreature": true,
			"source": "DSotDQ",
			"page": 148,
			"_copy": {
				"name": "Aurak Draconian",
				"source": "DSotDQ",
				"_mod": {
					"*": {
						"mode": "replaceTxt",
						"replace": "the draconian",
						"with": "Hask",
						"flags": "i"
					}
				}
			},
			"hasToken": true
		},
		{
			"name": "Caradoc",
			"isNpc": true,
			"isNamedCreature": true,
			"source": "DSotDQ",
			"page": 193,
			"size": [
				"M"
			],
			"type": "undead",
			"alignment": [
				"N",
				"E"
			],
			"ac": [
				14
			],
			"hp": {
				"average": 110,
				"formula": "20d8 + 20"
			},
			"speed": {
				"walk": 0,
				"fly": {
					"number": 40,
					"condition": "(hover)"
				},
				"canHover": true
			},
			"str": 1,
			"dex": 18,
			"con": 12,
			"int": 15,
			"wis": 13,
			"cha": 19,
			"save": {
				"int": "+5",
				"wis": "+4"
			},
			"skill": {
				"deception": "+7",
				"insight": "+4",
				"perception": "+4"
			},
			"senses": [
				"darkvision 60 ft."
			],
			"passive": 14,
			"resist": [
				"acid",
				"fire",
				"lightning",
				"thunder",
				{
					"resist": [
						"bludgeoning",
						"piercing",
						"slashing"
					],
					"note": "from nonmagical attacks",
					"cond": true
				}
			],
			"immune": [
				"cold",
				"necrotic",
				"poison"
			],
			"conditionImmune": [
				"charmed",
				"exhaustion",
				"frightened",
				"grappled",
				"paralyzed",
				"petrified",
				"poisoned",
				"prone",
				"restrained"
			],
			"languages": [
				"Common",
				"Solamnic"
			],
			"cr": "8",
			"trait": [
				{
					"name": "Bound Haunting",
					"entries": [
						"Caradoc's spirit is bound to Dargaard Keep. At the start of his turn, if he's outside the keep's walls and not possessing a creature using his Possession action, he must succeed on a {@dc 15} Charisma saving throw or vanish and reappear in an unoccupied space within the keep."
					]
				},
				{
					"name": "Incorporeal Movement",
					"entries": [
						"Caradoc can move through other creatures and objects as if they were difficult terrain. He takes 5 ({@damage 1d10}) force damage if he ends his turn inside an object."
					]
				},
				{
					"name": "Rejuvenation",
					"entries": [
						"If Caradoc dies, he reforms within Dargaard Keep in {@dice 2d6} days."
					]
				},
				{
					"name": "Unusual Nature",
					"entries": [
						"Caradoc doesn't require air, food, drink, or sleep."
					]
				}
			],
			"action": [
				{
					"name": "Multiattack",
					"entries": [
						"Caradoc makes two Withering Touch attacks."
					]
				},
				{
					"name": "Withering Touch",
					"entries": [
						"{@atk mw} {@hit 7} to hit, reach 5 ft., one target. {@h}15 ({@damage 2d10 + 4}) necrotic damage."
					]
				},
				{
					"name": "Possession {@recharge 5}",
					"entries": [
						"One Humanoid that Caradoc can see within 5 feet of himself must succeed on a {@dc 15} Charisma saving throw or be possessed by him; he then disappears, and the target is {@condition incapacitated} and loses control of its body. Caradoc now controls the body but doesn't deprive the target of awareness. Caradoc can't be targeted by any attack, spell, or other effect, except ones that turn Undead, and he retains his alignment, Intelligence, Wisdom, and Charisma, immunity to being {@condition charmed} and {@condition frightened}, and his Divisive Whispers bonus action. He otherwise uses the possessed target's statistics but doesn't gain access to the target's knowledge, class features, or proficiencies.",
						"The possession lasts until the body drops to 0 hit points, Caradoc ends it as a bonus action, or he is turned or forced out by an effect like the {@spell dispel evil and good} spell. When the possession ends, Caradoc reappears in an unoccupied space within 5 feet of the body. The target is immune to Caradoc's Possession for 24 hours after succeeding on the saving throw or after the possession ends."
					]
				}
			],
			"bonus": [
				{
					"name": "Divisive Whispers",
					"entries": [
						"Caradoc magically whispers to one creature within 60 feet of himself. The target must succeed on a {@dc 15} Wisdom saving throw, or the target must immediately use its reaction to make a melee attack against another creature of Caradoc's choice (wasting its reaction if there are no other creatures within reach)."
					]
				}
			],
			"traitTags": [
				"Incorporeal Movement",
				"Rejuvenation",
				"Unusual Nature"
			],
			"senseTags": [
				"D"
			],
			"actionTags": [
				"Multiattack"
			],
			"languageTags": [
				"C"
			],
			"damageTags": [
				"N",
				"O"
			],
			"miscTags": [
				"MW"
			],
			"conditionInflict": [
				"incapacitated"
			],
			"hasToken": true,
			"hasFluff": true,
			"hasFluffImages": true
		},
		{
			"name": "Clystran",
			"isNpc": true,
			"isNamedCreature": true,
			"source": "DSotDQ",
			"page": 126,
			"_copy": {
				"name": "Scout",
				"source": "MM",
				"_mod": {
					"*": {
						"mode": "replaceTxt",
						"replace": "the scout",
						"with": "Clystran",
						"flags": "i"
					}
				}
			},
			"type": {
				"type": "humanoid",
				"tags": [
					"human"
				]
			},
			"alignment": [
				"N",
				"G"
			],
			"hasToken": true
		},
		{
			"name": "Cudgel Ironsmile",
			"isNpc": true,
			"isNamedCreature": true,
			"source": "DSotDQ",
			"page": 58,
			"_copy": {
				"name": "Veteran",
				"source": "MM",
				"_trait": {
					"name": "Mountain Dwarf",
					"source": "PHB"
				},
				"_mod": {
					"*": {
						"mode": "replaceTxt",
						"replace": "the veteran",
						"with": "Cudgel",
						"flags": "i"
					}
				}
			},
			"alignment": [
				"N"
			],
			"hasToken": true
		},
		{
			"name": "Dalamar",
			"isNpc": true,
			"isNamedCreature": true,
			"source": "DSotDQ",
			"page": 111,
			"_copy": {
				"name": "Mage",
				"source": "MM",
				"_mod": {
					"*": {
						"mode": "replaceTxt",
						"replace": "the mage",
						"with": "Dalamar",
						"flags": "i"
					}
				}
			},
			"type": {
				"type": "humanoid",
				"tags": [
					"elf"
				]
			},
			"alignment": [
				"N"
			],
			"hasToken": true
		},
		{
			"name": "Darrett Highwater",
			"isNpc": true,
			"isNamedCreature": true,
			"source": "DSotDQ",
			"page": 59,
			"_copy": {
				"name": "Knight",
				"source": "MM",
				"_mod": {
					"*": {
						"mode": "replaceTxt",
						"replace": "the knight",
						"with": "Darrett",
						"flags": "i"
					}
				}
			},
			"type": {
				"type": "humanoid",
				"tags": [
					"human"
				]
			},
			"alignment": [
				"L",
				"G"
			],
			"hasToken": true
		},
		{
			"name": "Demelin",
			"isNpc": true,
			"isNamedCreature": true,
			"source": "DSotDQ",
			"page": 139,
			"_copy": {
				"name": "Archmage",
				"source": "MM",
				"_mod": {
					"*": {
						"mode": "replaceTxt",
						"replace": "the archmage",
						"with": "Demelin",
						"flags": "i"
					}
				}
			},
			"type": {
				"type": "humanoid",
				"tags": [
					"elf"
				]
			},
			"alignment": [
				"N"
			],
			"hasToken": true
		},
		{
			"name": "Dracophage Subject",
			"source": "DSotDQ",
			"page": 118,
			"_copy": {
				"name": "Kapak Draconian",
				"source": "DSotDQ",
				"_mod": {
					"*": {
						"mode": "replaceTxt",
						"replace": "draconian",
						"with": "subject"
					}
				}
			},
			"action": [
				{
					"name": "Claw",
					"entries": [
						"{@atk mw} {@hit 5} to hit, reach 5 ft., one target. {@h}5 ({@damage 1d4 + 3}) piercing damage plus 7 ({@damage 2d6}) poison damage. If the target is a Humanoid, it must succeed on a {@dc 12} Constitution saving throw or be infected with a disease\u2014a minuscule slaad egg.",
						"A Humanoid host can carry only one slaad egg at a time. Over three months, the egg moves to the chest cavity, gestates, and forms a slaad tadpole. In the 24-hour period before the tadpole is born, the host feels unwell; its speed is halved; and it has disadvantage on attack rolls, ability checks, and saving throws. At birth, the tadpole chews its way through vital organs and out of the host's chest in 1 round, killing the host in the process.",
						"If the disease is cured before the tadpole's emergence, the tadpole disintegrates."
					]
				}
			],
			"damageTags": [
				"A",
				"I",
				"P"
			],
			"miscTags": [
				"AOE",
				"MW"
			],
			"hasToken": true,
			"hasFluff": true
		},
		{
			"name": "Dragon Army Dragonnel",
			"source": "DSotDQ",
			"page": 201,
			"size": [
				"L"
			],
			"type": "dragon",
			"alignment": [
				"L",
				"E"
			],
			"alignmentPrefix": "typically ",
			"ac": [
				{
					"ac": 16,
					"from": [
						"{@item breastplate barding|phb}"
					]
				}
			],
			"hp": {
				"average": 58,
				"formula": "9d10 + 9"
			},
			"speed": {
				"walk": 30,
				"fly": 60
			},
			"str": 16,
			"dex": 15,
			"con": 12,
			"int": 8,
			"wis": 13,
			"cha": 10,
			"skill": {
				"perception": "+3"
			},
			"senses": [
				"blindsight 30 ft.",
				"darkvision 120 ft."
			],
			"passive": 13,
			"resist": [
				"fire"
			],
			"languages": [
				"understands Common and Draconic but can't speak"
			],
			"cr": "3",
			"trait": [
				{
					"name": "Flyby",
					"entries": [
						"The dragonnel doesn't provoke opportunity attacks when it flies out of an enemy's reach."
					]
				}
			],
			"action": [
				{
					"name": "Multiattack",
					"entries": [
						"The dragonnel makes two Rend attacks."
					]
				},
				{
					"name": "Rend",
					"entries": [
						"{@atk mw} {@hit 5} to hit, reach 5 ft., one target. {@h}10 ({@damage 2d6 + 3}) slashing damage plus 3 ({@damage 1d6}) fire damage."
					]
				}
			],
			"traitTags": [
				"Flyby"
			],
			"senseTags": [
				"B",
				"SD"
			],
			"actionTags": [
				"Multiattack"
			],
			"languageTags": [
				"C",
				"CS",
				"DR"
			],
			"damageTags": [
				"F",
				"S"
			],
			"miscTags": [
				"MW"
			],
			"hasToken": true,
			"hasFluff": true,
			"hasFluffImages": true
		},
		{
			"name": "Dragon Army Officer",
			"source": "DSotDQ",
			"page": 200,
			"size": [
				"M"
			],
			"type": "humanoid",
			"alignment": [
				"L",
				"E"
			],
			"alignmentPrefix": "typically ",
			"ac": [
				{
					"ac": 19,
					"from": [
						"{@item splint armor|PHB|splint}",
						"{@item shield|PHB}"
					]
				}
			],
			"hp": {
				"average": 65,
				"formula": "10d8 + 20"
			},
			"speed": {
				"walk": 30
			},
			"str": 16,
			"dex": 14,
			"con": 15,
			"int": 12,
			"wis": 14,
			"cha": 12,
			"save": {
				"dex": "+4",
				"wis": "+4"
			},
			"skill": {
				"athletics": "+5",
				"perception": "+4"
			},
			"passive": 14,
			"languages": [
				"Common",
				"Draconic"
			],
			"cr": "3",
			"trait": [
				{
					"name": "Draconic Devotion",
					"entries": [
						"While the officer can see a Dragon that isn't hostile to it, the officer has advantage on attack rolls."
					]
				}
			],
			"action": [
				{
					"name": "Multiattack",
					"entries": [
						"The officer makes two Vicious Lance attacks and uses Assault Orders if it's available."
					]
				},
				{
					"name": "Vicious Lance",
					"entries": [
						"{@atk mw} {@hit 5} to hit, reach 10 ft., one target. {@h}8 ({@damage 1d10 + 3}) piercing damage plus 2 ({@damage 1d4}) fire damage."
					]
				},
				{
					"name": "Heavy Crossbow",
					"entries": [
						"{@atk rw} {@hit 4} to hit, range 100/400 ft., one target. {@h}7 ({@damage 1d10 + 2}) piercing damage plus 5 ({@damage 1d10}) fire damage."
					]
				},
				{
					"name": "Assault Orders {@recharge 5}",
					"entries": [
						"The officer shouts orders and targets up to two other creatures within 60 feet of itself. If a target has the Draconic Devotion trait and can hear the officer, the target can use its reaction to make one melee attack."
					]
				}
			],
			"actionTags": [
				"Multiattack"
			],
			"languageTags": [
				"C",
				"DR"
			],
			"damageTags": [
				"F",
				"P"
			],
			"miscTags": [
				"MW",
				"RCH",
				"RNG",
				"RW"
			],
			"hasToken": true,
			"hasFluff": true
		},
		{
			"name": "Dragon Army Soldier",
			"source": "DSotDQ",
			"page": 200,
			"size": [
				"M"
			],
			"type": "humanoid",
			"alignment": [
				"L",
				"E"
			],
			"alignmentPrefix": "typically ",
			"ac": [
				{
					"ac": 17,
					"from": [
						"{@item scale mail|PHB}",
						"{@item shield|PHB}"
					]
				}
			],
			"hp": {
				"average": 22,
				"formula": "4d8 + 4"
			},
			"speed": {
				"walk": 30
			},
			"str": 15,
			"dex": 12,
			"con": 12,
			"int": 10,
			"wis": 10,
			"cha": 10,
			"skill": {
				"athletics": "+4",
				"perception": "+2"
			},
			"passive": 12,
			"languages": [
				"Common",
				"Draconic"
			],
			"cr": "1",
			"trait": [
				{
					"name": "Draconic Devotion",
					"entries": [
						"While the soldier can see a Dragon that isn't hostile to it, the soldier has advantage on attack rolls."
					]
				}
			],
			"action": [
				{
					"name": "Multiattack",
					"entries": [
						"The soldier makes two Longsword or Javelin attacks."
					]
				},
				{
					"name": "Longsword",
					"entries": [
						"{@atk mw} {@hit 4} to hit, reach 5 ft., one target. {@h}6 ({@damage 1d8 + 2}) slashing damage, or 7 ({@damage 1d10 + 2}) slashing damage if used with two hands, plus 2 ({@damage 1d4}) fire damage."
					]
				},
				{
					"name": "Javelin",
					"entries": [
						"{@atk mw,rw} {@hit 4} to hit, reach 5 ft. or range 30/120 ft., one target. {@h}5 ({@damage 1d6 + 2}) piercing damage plus 2 ({@damage 1d4}) fire damage."
					]
				}
			],
			"actionTags": [
				"Multiattack"
			],
			"languageTags": [
				"C",
				"DR"
			],
			"damageTags": [
				"F",
				"P",
				"S"
			],
			"miscTags": [
				"MW",
				"RW",
				"THW"
			],
			"hasToken": true,
			"hasFluff": true,
			"hasFluffImages": true
		},
		{
			"name": "Durstan Rial",
			"isNpc": true,
			"isNamedCreature": true,
			"source": "DSotDQ",
			"page": 97,
			"_copy": {
				"name": "Knight",
				"source": "MM",
				"_mod": {
					"*": {
						"mode": "replaceTxt",
						"replace": "the knight",
						"with": "Durstan",
						"flags": "i"
					}
				}
			},
			"type": {
				"type": "humanoid",
				"tags": [
					"human"
				]
			},
			"alignment": [
				"N"
			],
			"hasToken": true
		},
		{
			"name": "Duskwalker",
			"isNpc": true,
			"isNamedCreature": true,
			"source": "DSotDQ",
			"page": 150,
			"_copy": {
				"name": "Treant",
				"source": "MM",
				"_mod": {
					"*": {
						"mode": "replaceTxt",
						"replace": "the treant",
						"with": "Duskwalker",
						"flags": "i"
					}
				}
			},
			"alignment": [
				"N"
			],
			"hasToken": true
		},
		{
			"name": "Fewmaster Gholcag",
			"isNpc": true,
			"isNamedCreature": true,
			"source": "DSotDQ",
			"page": 74,
			"size": [
				"L"
			],
			"type": "giant",
			"alignment": [
				"C",
				"E"
			],
			"ac": [
				{
					"ac": 14,
					"from": [
						"{@item scale mail|PHB}"
					]
				}
			],
			"hp": {
				"average": 59,
				"formula": "7d10 + 21"
			},
			"speed": {
				"walk": 40
			},
			"str": 19,
			"dex": 8,
			"con": 16,
			"int": 5,
			"wis": 7,
			"cha": 7,
			"senses": [
				"darkvision 60 ft."
			],
			"passive": 8,
			"languages": [
				"Common",
				"Giant"
			],
			"cr": "2",
			"action": [
				{
					"name": "Greatclub",
					"entries": [
						"{@atk mw} {@hit 6} to hit, reach 5 ft., one target. {@h}13 ({@damage 2d8 + 4}) bludgeoning damage."
					]
				},
				{
					"name": "Javelin",
					"entries": [
						"{@atk mw,rw} {@hit 6} to hit, reach 5 ft. or range 30/120 ft., one target. {@h}11 ({@damage 2d6 + 4}) piercing damage."
					]
				}
			],
			"senseTags": [
				"D"
			],
			"languageTags": [
				"C",
				"GI"
			],
			"damageTags": [
				"B",
				"P"
			],
			"miscTags": [
				"MW",
				"RW",
				"THW"
			],
			"hasToken": true,
			"hasFluff": true,
			"hasFluffImages": true
		},
		{
			"name": "Greater Death Dragon",
			"source": "DSotDQ",
			"page": 195,
			"size": [
				"H"
			],
			"type": "undead",
			"alignment": [
				"C",
				"E"
			],
			"alignmentPrefix": "typically ",
			"ac": [
				{
					"ac": 16,
					"from": [
						"natural armor"
					]
				}
			],
			"hp": {
				"average": 230,
				"formula": "20d12 + 100"
			},
			"speed": {
				"walk": 40,
				"fly": 80
			},
			"str": 23,
			"dex": 10,
			"con": 20,
			"int": 11,
			"wis": 14,
			"cha": 10,
			"save": {
				"dex": "+5",
				"wis": "+7"
			},
			"skill": {
				"perception": "+7",
				"stealth": "+5"
			},
			"senses": [
				"blindsight 60 ft.",
				"darkvision 120 ft."
			],
			"passive": 17,
			"resist": [
				"piercing"
			],
			"immune": [
				"necrotic",
				"poison"
			],
			"conditionImmune": [
				"exhaustion",
				"poisoned"
			],
			"languages": [
				"Common",
				"Draconic"
			],
			"cr": "14",
			"trait": [
				{
					"name": "Legendary Resistance (3/Day)",
					"entries": [
						"If the dragon fails a saving throw, it can choose to succeed instead."
					]
				},
				{
					"name": "Unusual Nature",
					"entries": [
						"The dragon doesn't require air, food, drink, or sleep."
					]
				}
			],
			"action": [
				{
					"name": "Multiattack",
					"entries": [
						"The dragon makes one Bite attack and two Claw attacks."
					]
				},
				{
					"name": "Bite",
					"entries": [
						"{@atk mw} {@hit 11} to hit, reach 10 ft., one target. {@h}17 ({@damage 2d10 + 6}) piercing damage plus 4 ({@damage 1d8}) necrotic damage. If the target is a Large or smaller creature, it is {@condition grappled} (escape {@dc 19}). Until this grapple ends, the target is {@condition restrained}, and the dragon can't bite a different target."
					]
				},
				{
					"name": "Claw",
					"entries": [
						"{@atk mw} {@hit 11} to hit, reach 5 ft. one target. {@h}10 ({@damage 1d8 + 6}) slashing damage."
					]
				},
				{
					"name": "Cataclysmic Breath {@recharge 5}",
					"entries": [
						"The dragon exhales a wave of ghostly purple flames in a 60-foot cone. Each creature in that area must make a {@dc 18} Dexterity saving throw, taking 45 ({@damage 10d8}) necrotic damage on a failed save, or half as much damage on a successful one. A creature dies if the breath reduces it to 0 hit points. Additionally, any Medium or smaller Humanoid killed by the breath's damage, as well as every corpse of such a creature within the cone, becomes a zombie (see the Monster Manual) under the dragon's control. The zombie acts on the dragon's initiative but immediately after the dragon's turn. Absent any other command, the zombie tries to kill any non-Undead creature it encounters."
					]
				}
			],
			"legendary": [
				{
					"name": "Claw",
					"entries": [
						"The dragon makes one Claw attack."
					]
				},
				{
					"name": "Cataclysmic Rush (Costs 2 Actions)",
					"entries": [
						"The dragon moves up to half its flying speed without provoking opportunity attacks, carrying with it any creatures it is grappling. During this move, if it enters the space of a Medium or smaller creature, that creature takes 4 ({@damage 1d8}) necrotic damage. A creature can take this damage only once per turn."
					]
				}
			],
			"traitTags": [
				"Legendary Resistances",
				"Unusual Nature"
			],
			"senseTags": [
				"B",
				"SD"
			],
			"actionTags": [
				"Breath Weapon",
				"Multiattack"
			],
			"languageTags": [
				"C",
				"DR"
			],
			"damageTags": [
				"N",
				"P",
				"S"
			],
			"miscTags": [
				"AOE",
				"MW",
				"RCH"
			],
			"conditionInflict": [
				"grappled",
				"restrained"
			],
			"hasToken": true,
			"hasFluff": true,
			"hasFluffImages": true
		},
		{
			"name": "Hrigg Roundrook",
			"isNpc": true,
			"isNamedCreature": true,
			"source": "DSotDQ",
			"page": 211,
			"level": 1,
			"size": [
				"M"
			],
			"type": {
				"type": "humanoid",
				"tags": [
					"dwarf"
				],
				"sidekickType": "spellcaster",
				"sidekickTags": [
					"healer"
				]
			},
			"alignment": [
				"L",
				"G"
			],
			"ac": [
				{
					"ac": 16,
					"from": [
						"{@item half plate armor|PHB|half plate}"
					]
				}
			],
			"hp": {
				"average": 11,
				"formula": "2d8 + 2"
			},
			"speed": {
				"walk": 30
			},
			"str": 14,
			"dex": 12,
			"con": 12,
			"int": 10,
			"wis": 14,
			"cha": 11,
			"save": {
				"wis": "+4"
			},
			"skill": {
				"athletics": "+4",
				"history": "+2",
				"medicine": "+4",
				"perception": "+4"
			},
			"senses": [
				"darkvision 60 ft."
			],
			"passive": 14,
			"resist": [
				"poison"
			],
			"languages": [
				"Common",
				"Dwarvish"
			],
			"pbNote": "+2",
			"spellcasting": [
				{
					"name": "Spellcasting",
					"headerEntries": [
						"Hrigg's spellcasting ability is Wisdom (spell save {@dc 12}, {@hit 4} to hit with spell attacks). He has the following cleric spells prepared:"
					],
					"will": [
						"{@spell guidance}",
						"{@spell sacred flame}"
					],
					"spells": {
						"1": {
							"slots": 2,
							"spells": [
								"{@spell cure wounds}"
							]
						}
					},
					"ability": "wis"
				}
			],
			"trait": [
				{
					"name": "Bonus Proficiencies",
					"entries": [
						"Hrigg is proficient with simple and martial weapons and light and medium armor."
					]
				},
				{
					"name": "Dwarven Resilience",
					"entries": [
						"Hrigg has advantage on saving throws made to avoid or end the {@condition poisoned} condition on himself."
					]
				}
			],
			"action": [
				{
					"name": "Maul",
					"entries": [
						"{@atk mw} {@hit 4} to hit, reach 5 ft., one target. {@h}9 ({@damage 2d6 + 2}) bludgeoning damage."
					]
				}
			],
			"senseTags": [
				"D"
			],
			"languageTags": [
				"C",
				"D"
			],
			"damageTags": [
				"B"
			],
			"damageTagsSpell": [
				"R"
			],
			"spellcastingTags": [
				"CC"
			],
			"miscTags": [
				"MW"
			],
			"hasToken": true,
			"hasFluff": true,
			"hasFluffImages": true
		},
		{
			"name": "Hulking Shadow",
			"source": "DSotDQ",
			"page": 174,
			"_copy": {
				"name": "Clay Golem",
				"source": "MM",
				"_mod": {
					"*": {
						"mode": "replaceTxt",
						"replace": "golem",
						"with": "shadow"
					}
				}
			},
			"type": "undead",
			"hasToken": true
		},
		{
			"name": "Ignia",
			"isNpc": true,
			"isNamedCreature": true,
			"source": "DSotDQ",
			"page": 184,
			"_copy": {
				"name": "Young Red Dragon",
				"source": "MM",
				"_mod": {
					"*": {
						"mode": "replaceTxt",
						"replace": "the dragon",
						"with": "Ignia",
						"flags": "i"
					}
				}
			},
			"size": [
				"H"
			],
			"hasToken": true
		},
		{
			"name": "Incomplete Dragon Skeleton",
			"source": "DSotDQ",
			"page": 138,
			"_copy": {
				"name": "Bone Naga (Spirit)",
				"source": "MM",
				"_mod": {
					"*": {
						"mode": "replaceTxt",
						"replace": "naga",
						"with": "skeleton"
					}
				}
			},
			"spellcasting": null,
			"hasToken": true
		},
		{
			"name": "Iriad",
			"isNpc": true,
			"isNamedCreature": true,
			"source": "DSotDQ",
			"page": 212,
			"level": 1,
			"size": [
				"M"
			],
			"type": {
				"type": "humanoid",
				"tags": [
					"elf"
				],
				"sidekickType": "expert"
			},
			"alignment": [
				"C",
				"G"
			],
			"ac": [
				{
					"ac": 14,
					"from": [
						"{@item leather armor|PHB}"
					]
				}
			],
			"hp": {
				"average": 11,
				"formula": "2d8 + 2"
			},
			"speed": {
				"walk": 35
			},
			"str": 11,
			"dex": 16,
			"con": 12,
			"int": 11,
			"wis": 13,
			"cha": 11,
			"save": {
				"dex": "+4"
			},
			"skill": {
				"acrobatics": "+5",
				"athletics": "+2",
				"investigation": "+2",
				"nature": "+2",
				"perception": "+5",
				"stealth": "+5",
				"survival": "+3"
			},
			"senses": [
				"darkvision 60 ft."
			],
			"passive": 13,
			"languages": [
				"Common",
				"Elvish"
			],
			"pbNote": "+2",
			"trait": [
				{
					"name": "Bonus Proficiencies",
					"entries": [
						"Iriad is proficient with simple weapons, light armor, cartographer's tools, and woodcarver's tools."
					]
				},
				{
					"name": "Fey Ancestry",
					"entries": [
						"Iriad has advantage on saving throws made to avoid or end the {@condition charmed} condition on herself, and magic can't put her to sleep."
					]
				}
			],
			"action": [
				{
					"name": "Poison Dagger",
					"entries": [
						"{@atk mw,rw} {@hit 5} to hit, reach 5 ft. or range 20/60 ft., one target. {@h}5 ({@damage 1d4 + 3}) piercing damage plus 3 ({@damage 1d6}) poison damage."
					]
				}
			],
			"bonus": [
				{
					"name": "Helpful",
					"entries": [
						"Iriad takes the Help action."
					]
				}
			],
			"traitTags": [
				"Fey Ancestry"
			],
			"senseTags": [
				"D"
			],
			"languageTags": [
				"C",
				"E"
			],
			"damageTags": [
				"I",
				"P"
			],
			"miscTags": [
				"MW",
				"RW",
				"THW"
			],
			"hasToken": true,
			"hasFluff": true,
			"hasFluffImages": true
		},
		{
			"name": "Ishvern",
			"isNpc": true,
			"isNamedCreature": true,
			"source": "DSotDQ",
			"page": 114,
			"_copy": {
				"name": "Sea Elf Scout",
				"source": "DSotDQ",
				"_mod": {
					"*": {
						"mode": "replaceTxt",
						"replace": "the scout",
						"with": "Ishvern",
						"flags": "i"
					}
				}
			},
			"alignment": [
				"N",
				"G"
			],
			"hasToken": true
		},
		{
			"name": "Istarian Drone",
			"source": "DSotDQ",
			"page": 202,
			"size": [
				"M"
			],
			"type": "construct",
			"alignment": [
				"U"
			],
			"ac": [
				{
					"ac": 17,
					"from": [
						"natural armor"
					]
				}
			],
			"hp": {
				"average": 127,
				"formula": "15d8 + 60"
			},
			"speed": {
				"walk": 30,
				"climb": 30
			},
			"str": 20,
			"dex": 10,
			"con": 18,
			"int": 4,
			"wis": 10,
			"cha": 4,
			"senses": [
				"blindsight 60 ft. (blind beyond this radius)"
			],
			"passive": 10,
			"immune": [
				"lightning",
				"poison"
			],
			"conditionImmune": [
				"charmed",
				"exhaustion",
				"frightened",
				"paralyzed",
				"poisoned"
			],
			"languages": [
				"understands the languages spoken by its creator but can't speak"
			],
			"cr": "6",
			"trait": [
				{
					"name": "Spider Climb",
					"entries": [
						"The drone can climb difficult surfaces, including upside down on ceilings, without needing to make an ability check."
					]
				},
				{
					"name": "Unusual Nature",
					"entries": [
						"The drone doesn't require air, food, drink, or sleep."
					]
				}
			],
			"action": [
				{
					"name": "Multiattack",
					"entries": [
						"The drone makes two Claw attacks."
					]
				},
				{
					"name": "Claw",
					"entries": [
						"{@atk mw} {@hit 8} to hit, reach 5 ft., one target. {@h}9 ({@damage 1d8 + 5}) piercing damage plus 4 ({@damage 1d8}) lightning damage. If the target is a Medium or smaller creature, it is {@condition grappled} (escape {@dc 15}). The drone has two claws, each of which can grapple only one target."
					]
				},
				{
					"name": "Crystalline Spit {@recharge 5}",
					"entries": [
						"The drone spits crackling gel in a line 5 feet wide and 20 feet long. Each creature in the line must make a {@dc 15} Dexterity saving throw. On a failed save, the creature takes 14 ({@damage 4d6}) lightning damage and is {@condition restrained} by the gel, which hardens into crystal. The creature is {@condition restrained} until the crystal is destroyed. The crystal has AC 15, 15 hit points, immunity to poison and psychic damage, and vulnerability to thunder damage. On a successful save, the creature takes half as much damage and isn't {@condition restrained}."
					]
				}
			],
			"traitTags": [
				"Spider Climb",
				"Unusual Nature"
			],
			"senseTags": [
				"B"
			],
			"actionTags": [
				"Multiattack"
			],
			"languageTags": [
				"CS"
			],
			"damageTags": [
				"L",
				"P"
			],
			"miscTags": [
				"MW"
			],
			"conditionInflict": [
				"grappled",
				"restrained"
			],
			"hasToken": true,
			"hasFluff": true,
			"hasFluffImages": true
		},
		{
			"name": "Jeyev Veldrews",
			"isNpc": true,
			"isNamedCreature": true,
			"source": "DSotDQ",
			"page": 75,
			"_copy": {
				"name": "Bandit Captain",
				"source": "MM",
				"_mod": {
					"*": {
						"mode": "replaceTxt",
						"replace": "the captain",
						"with": "Jeyev",
						"flags": "i"
					}
				}
			},
			"type": {
				"type": "humanoid",
				"tags": [
					"human"
				]
			},
			"alignment": [
				"N",
				"E"
			],
			"hasToken": true
		},
		{
			"name": "Kalaman Soldier",
			"source": "DSotDQ",
			"page": 202,
			"size": [
				"S",
				"M"
			],
			"type": "humanoid",
			"alignment": [
				"A"
			],
			"ac": [
				{
					"ac": 18,
					"from": [
						"{@item chain mail|PHB}",
						"{@item shield|PHB}"
					]
				}
			],
			"hp": {
				"average": 16,
				"formula": "3d8 + 3"
			},
			"speed": {
				"walk": 30
			},
			"str": 13,
			"dex": 12,
			"con": 12,
			"int": 10,
			"wis": 11,
			"cha": 10,
			"skill": {
				"athletics": "+3",
				"perception": "+2"
			},
			"passive": 12,
			"languages": [
				"Common"
			],
			"cr": "1/2",
			"action": [
				{
					"name": "Multiattack",
					"entries": [
						"The soldier makes two Longsword attacks."
					]
				},
				{
					"name": "Longsword",
					"entries": [
						"{@atk mw} {@hit 3} to hit, reach 5 ft., one target. {@h}6 ({@damage 1d8 + 2}) slashing damage, or 7 ({@damage 1d10 + 2}) slashing damage if used with two hands."
					]
				}
			],
			"reaction": [
				{
					"name": "Hold the Line",
					"entries": [
						"If an ally within 5 feet of the soldier must make a saving throw, the soldier encourages the ally, granting advantage on the roll."
					]
				}
			],
			"actionTags": [
				"Multiattack"
			],
			"languageTags": [
				"C"
			],
			"damageTags": [
				"S"
			],
			"miscTags": [
				"MW"
			],
			"hasToken": true,
			"hasFluff": true
		},
		{
			"name": "Kansaldi Fire-Eyes",
			"isNpc": true,
			"isNamedCreature": true,
			"source": "DSotDQ",
			"page": 203,
			"size": [
				"M"
			],
			"type": {
				"type": "humanoid",
				"tags": [
					"cleric",
					"human"
				]
			},
			"alignment": [
				"L",
				"E"
			],
			"ac": [
				{
					"ac": 18,
					"from": [
						"{@item plate armor|PHB|plate}"
					]
				}
			],
			"hp": {
				"average": 172,
				"formula": "23d8 + 69"
			},
			"speed": {
				"walk": 30
			},
			"str": 18,
			"dex": 11,
			"con": 17,
			"int": 16,
			"wis": 19,
			"cha": 16,
			"save": {
				"wis": "+8",
				"cha": "+7"
			},
			"skill": {
				"insight": "+12",
				"perception": "+8",
				"religion": "+7"
			},
			"senses": [
				"truesight 120 ft."
			],
			"passive": 18,
			"immune": [
				"fire"
			],
			"languages": [
				"Abyssal",
				"Common",
				"Draconic"
			],
			"cr": "11",
			"spellcasting": [
				{
					"name": "Spellcasting",
					"headerEntries": [
						"Kansaldi casts one of the following spells, requiring no material components and using Wisdom as the spellcasting ability (spell save {@dc 16}):"
					],
					"will": [
						"{@spell light}",
						"{@spell spare the dying}",
						"{@spell thaumaturgy}"
					],
					"daily": {
						"1e": [
							"{@spell blade barrier}",
							"{@spell dispel magic}",
							"{@spell flame strike}",
							"{@spell lesser restoration}",
							"{@spell revivify}"
						]
					},
					"ability": "wis",
					"displayAs": "action"
				}
			],
			"trait": [
				{
					"name": "Special Equipment",
					"entries": [
						"Kansaldi has a glowing ruby embedded in her left eye socket. The gem functions as her eye and grants her truesight (included above). The gem can't be removed while Kansaldi is alive. When she dies, a creature can remove the gem as an action. The gem then functions as a gem of seeing."
					]
				}
			],
			"action": [
				{
					"name": "Multiattack",
					"entries": [
						"Kansaldi makes two Pike attacks and uses Flame Burst."
					]
				},
				{
					"name": "Pike",
					"entries": [
						"{@atk mw} {@hit 8} to hit, reach 10 ft., one target. {@h}9 ({@damage 1d10 + 4}) piercing damage plus 16 ({@damage 3d10}) radiant damage."
					]
				},
				{
					"name": "Flame Burst",
					"entries": [
						"Kansaldi hurls magical flames at a creature she can see within 60 feet of herself. The target must make a {@dc 16} Dexterity saving throw. On a failed save, the target takes 11 ({@damage 2d10}) fire damage and catches fire; until a creature takes an action to put out the fire, the target takes 5 ({@damage 1d10}) fire damage at the start of each of its turns. On a successful save, the target takes half as much damage and doesn't catch fire."
					]
				}
			],
			"bonus": [
				{
					"name": "Dragon Queen's Favor",
					"entries": [
						"Kansaldi or one creature she can see within 60 feet of herself magically regains 17 ({@dice 2d12 + 4}) hit points."
					]
				}
			],
			"senseTags": [
				"U"
			],
			"actionTags": [
				"Multiattack"
			],
			"languageTags": [
				"AB",
				"C",
				"DR"
			],
			"damageTags": [
				"F",
				"P",
				"R"
			],
			"damageTagsSpell": [
				"F",
				"R",
				"S"
			],
			"spellcastingTags": [
				"O"
			],
			"miscTags": [
				"MW",
				"RCH"
			],
			"hasToken": true,
			"hasFluff": true,
			"hasFluffImages": true
		},
		{
			"name": "Kapak Draconian",
			"source": "DSotDQ",
			"page": 198,
			"size": [
				"M"
			],
			"type": "monstrosity",
			"alignment": [
				"L",
				"E"
			],
			"alignmentPrefix": "typically ",
			"ac": [
				{
					"ac": 15,
					"from": [
						"natural armor"
					]
				}
			],
			"hp": {
				"average": 39,
				"formula": "6d8 + 12"
			},
			"speed": {
				"walk": 40,
				"climb": 40
			},
			"str": 11,
			"dex": 17,
			"con": 14,
			"int": 12,
			"wis": 13,
			"cha": 11,
			"save": {
				"dex": "+5"
			},
			"skill": {
				"deception": "+4",
				"perception": "+3",
				"stealth": "+7"
			},
			"senses": [
				"darkvision 60 ft."
			],
			"passive": 13,
			"immune": [
				"poison"
			],
			"conditionImmune": [
				"poisoned"
			],
			"languages": [
				"Common",
				"Draconic"
			],
			"cr": "3",
			"trait": [
				{
					"name": "Death Throes",
					"entries": [
						"When the draconian is reduced to 0 hit points, it dissolves into acid that splashes on those around it. Each creature within 5 feet of the draconian must succeed on a {@dc 12} Dexterity saving throw or be covered in acid for 1 minute. A creature covered in the acid takes 7 ({@damage 2d6}) acid damage at the start of each of its turns. A creature can use its action to scrape or wash the acid off itself or another creature."
					]
				},
				{
					"name": "Glide",
					"entries": [
						"When the draconian falls and isn't {@condition incapacitated}, it subtracts up to 100 feet from the fall when calculating the fall's damage, and it can move up to 2 feet horizontally for every 1 foot it descends."
					]
				}
			],
			"action": [
				{
					"name": "Multiattack",
					"entries": [
						"The draconian makes two Dagger attacks. If both attacks hit the same creature, the target must succeed on a {@dc 12} Constitution saving throw or become {@condition poisoned} until the end of the target's next turn. While {@condition poisoned} in this way, the target is also {@condition paralyzed}."
					]
				},
				{
					"name": "Dagger",
					"entries": [
						"{@atk mw,rw} {@hit 5} to hit, reach 5 ft. or range 20/60 ft., one target. {@h}5 ({@damage 1d4 + 3}) piercing damage plus 7 ({@damage 2d6}) poison damage."
					]
				}
			],
			"traitTags": [
				"Death Burst"
			],
			"senseTags": [
				"D"
			],
			"actionTags": [
				"Multiattack"
			],
			"languageTags": [
				"C",
				"DR"
			],
			"damageTags": [
				"A",
				"I",
				"P"
			],
			"miscTags": [
				"AOE",
				"MW",
				"RW",
				"THW"
			],
			"conditionInflict": [
				"paralyzed",
				"poisoned"
			],
			"hasToken": true,
			"hasFluff": true,
			"hasFluffImages": true
		},
		{
			"name": "Karavarix",
			"isNpc": true,
			"isNamedCreature": true,
			"source": "DSotDQ",
			"page": 183,
			"_copy": {
				"name": "Greater Death Dragon",
				"source": "DSotDQ",
				"_mod": {
					"*": {
						"mode": "replaceTxt",
						"replace": "the dragon",
						"with": "Karavarix",
						"flags": "i"
					}
				}
			},
			"alignment": [
				"C",
				"E"
			],
			"hasToken": true
		},
		{
			"name": "Kender Skirmisher",
			"source": "DSotDQ",
			"page": 204,
			"size": [
				"S"
			],
			"type": "humanoid",
			"alignment": [
				"A"
			],
			"ac": [
				{
					"ac": 14,
					"from": [
						"{@item leather armor|PHB}"
					]
				}
			],
			"hp": {
				"average": 14,
				"formula": "4d6"
			},
			"speed": {
				"walk": 30
			},
			"str": 8,
			"dex": 16,
			"con": 10,
			"int": 12,
			"wis": 8,
			"cha": 14,
			"skill": {
				"perception": "+3",
				"sleight of hand": "+7",
				"stealth": "+5"
			},
			"passive": 13,
			"conditionImmune": [
				"frightened"
			],
			"languages": [
				"Common",
				"Kenderspeak"
			],
			"cr": "1/4",
			"action": [
				{
					"name": "Hoopak",
					"entries": [
						"{@atk mw,rw} {@hit 5} to hit, reach 5 ft. or range 40/160 ft., one target. {@h}6 ({@damage 1d6 + 3}) piercing damage, or 5 ({@damage 1d4 + 3}) bludgeoning damage if the kender used the hoopak's sling to make a ranged attack."
					]
				},
				{
					"name": "Taunt",
					"entries": [
						"The kender launches a barrage of insults at a creature it can see within 60 feet of itself. If the target can hear the kender, the target must succeed on a {@dc 12} Wisdom saving throw or have disadvantage on attack rolls until the end of its next turn."
					]
				}
			],
			"bonus": [
				{
					"name": "Elusive",
					"entries": [
						"The kender takes the Disengage or Hide action."
					]
				}
			],
			"languageTags": [
				"C"
			],
			"damageTags": [
				"B",
				"P"
			],
			"miscTags": [
				"MW",
				"RW"
			],
			"hasToken": true,
			"hasFluff": true,
			"hasFluffImages": true
		},
		{
			"name": "Leedara",
			"isNpc": true,
			"isNamedCreature": true,
			"source": "DSotDQ",
			"page": 58,
			"size": [
				"M"
			],
			"type": {
				"type": "undead",
				"tags": [
					"elf"
				]
			},
			"alignment": [
				"N"
			],
			"ac": [
				11
			],
			"hp": {
				"average": 45,
				"formula": "10d8"
			},
			"speed": {
				"walk": 0,
				"fly": 40
			},
			"str": 7,
			"dex": 13,
			"con": 10,
			"int": 10,
			"wis": 12,
			"cha": 17,
			"senses": [
				"darkvision 60 ft."
			],
			"passive": 11,
			"resist": [
				"acid",
				"fire",
				"lightning",
				"thunder",
				{
					"resist": [
						"bludgeoning",
						"piercing",
						"slashing"
					],
					"note": "from nonmagical attacks",
					"cond": true
				}
			],
			"immune": [
				"cold",
				"necrotic",
				"poison"
			],
			"conditionImmune": [
				"charmed",
				"exhaustion",
				"frightened",
				"grappled",
				"paralyzed",
				"petrified",
				"poisoned",
				"prone",
				"restrained"
			],
			"languages": [
				"Any languages she knew in life"
			],
			"cr": "4",
			"trait": [
				{
					"name": "Ethereal Sight",
					"entries": [
						"Leedara can see 60 feet into the Ethereal Plane when she is on the Material Plane, and vice versa."
					]
				},
				{
					"name": "Incorporeal Movement",
					"entries": [
						"Leedara can move through other creatures and objects as if they were difficult terrain. She takes 5 ({@damage 1d10}) force damage if she ends her turn inside an object."
					]
				}
			],
			"action": [
				{
					"name": "Withering Touch",
					"entries": [
						"{@atk mw} {@hit 5} to hit, reach 5 ft., one target. {@h}17 ({@damage 4d6 + 3}) necrotic damage."
					]
				},
				{
					"name": "Etherealness",
					"entries": [
						"Leedara enters the Ethereal Plane from the Material Plane, or vice versa. She is visible on the Material Plane while she is in the Border Ethereal, and vice versa, yet she can't affect or be affected by anything on the other plane."
					]
				},
				{
					"name": "Horrifying Visage",
					"entries": [
						"Each non-undead creature within 60 feet of Leedara that can see her must succeed on a {@dc 13} Wisdom saving throw or be {@condition frightened} for 1 minute. If the save fails by 5 or more, the target also ages {@dice 1d4 × 10} years. A {@condition frightened} target can repeat the saving throw at the end of each of its turns, ending the {@condition frightened} condition on itself on a success. If a target's saving throw is successful or the effect ends for it, the target is immune to Leedara's Horrifying Visage for the next 24 hours. The aging effect can be reversed with a {@spell greater restoration} spell, but only within 24 hours of it occurring."
					]
				},
				{
					"name": "Possession {@recharge}",
					"entries": [
						"One humanoid that the ghost can see within 5 feet of it must succeed on a {@dc 13} Charisma saving throw or be possessed by Leedara; Leedara then disappears, and the target is {@condition incapacitated} and loses control of its body. Leedara now controls the body but doesn't deprive the target of awareness. Leedara can't be targeted by any attack, spell, or other effect, except ones that turn undead, and she retains her alignment, Intelligence, Wisdom, Charisma, and immunity to being {@condition charmed} and {@condition frightened}. She otherwise uses the possessed target's statistics, but doesn't gain access to the target's knowledge, class features, or proficiencies.",
						"The possession lasts until the body drops to 0 hit points, Leedara ends it as a bonus action, or Leedara is turned or forced out by an effect like the {@spell dispel evil and good} spell. When the possession ends, Leedara reappears in an unoccupied space within 5 feet of the body. The target is immune to Leedara's Possession for 24 hours after succeeding on the saving throw or after the possession ends."
					]
				},
				{
					"name": "Change Shape",
					"entries": [
						"Leedara magically assumes the appearance she had in life, and her creature type changes to Humanoid, while retaining her other game statistics. This transformation ends if Leedara is reduced to 0 hit points or uses an action to end it."
					]
				}
			],
			"traitTags": [
				"Incorporeal Movement"
			],
			"senseTags": [
				"D"
			],
			"actionTags": [
				"Shapechanger"
			],
			"languageTags": [
				"LF"
			],
			"damageTags": [
				"N",
				"O"
			],
			"miscTags": [
				"MW"
			],
			"conditionInflict": [
				"frightened",
				"incapacitated"
			],
			"hasToken": true,
			"hasFluff": true,
			"hasFluffImages": true
		},
		{
			"name": "Lesser Death Dragon",
			"source": "DSotDQ",
			"page": 195,
			"size": [
				"L"
			],
			"type": "undead",
			"alignment": [
				"C",
				"E"
			],
			"alignmentPrefix": "typically ",
			"ac": [
				{
					"ac": 15,
					"from": [
						"natural armor"
					]
				}
			],
			"hp": {
				"average": 199,
				"formula": "21d10 + 84"
			},
			"speed": {
				"walk": 40,
				"fly": 80
			},
			"str": 20,
			"dex": 10,
			"con": 18,
			"int": 5,
			"wis": 10,
			"cha": 5,
			"save": {
				"dex": "+4",
				"wis": "+4"
			},
			"skill": {
				"perception": "+4",
				"stealth": "+4"
			},
			"senses": [
				"blindsight 30 ft.",
				"darkvision 60 ft."
			],
			"passive": 14,
			"resist": [
				"piercing"
			],
			"immune": [
				"necrotic",
				"poison"
			],
			"conditionImmune": [
				"exhaustion",
				"poisoned"
			],
			"languages": [
				"understands Common and Draconic but can't speak"
			],
			"cr": "10",
			"trait": [
				{
					"name": "Unusual Nature",
					"entries": [
						"The dragon doesn't require air, food, drink, or sleep."
					]
				}
			],
			"action": [
				{
					"name": "Multiattack",
					"entries": [
						"The dragon makes one Bite attack and two Claw attacks."
					]
				},
				{
					"name": "Bite",
					"entries": [
						"{@atk mw} {@hit 9} to hit, reach 10 ft., one target. {@h}14 ({@damage 2d8 + 5}) piercing damage plus 4 ({@damage 1d8}) necrotic damage."
					]
				},
				{
					"name": "Claw",
					"entries": [
						"{@atk mw} {@hit 9} to hit, reach 5 ft. one target. {@h}8 ({@damage 1d6 + 5}) slashing damage. If the target is a Medium or smaller creature, it is {@condition grappled} (escape {@dc 15}). Until this grapple ends, the target is {@condition restrained}. The dragon has two claws, each of which can grapple one target."
					]
				},
				{
					"name": "Cataclysmic Breath {@recharge 5}",
					"entries": [
						"The dragon exhales a wave of ghostly purple flames in a 30-foot cone. Each creature in that area must make a {@dc 16} Dexterity saving throw, taking 36 ({@damage 8d8}) necrotic damage on a failed save, or half as much damage on a successful one. A creature dies if the breath reduces it to 0 hit points. Additionally, any Medium or smaller Humanoid killed by the breath's damage, as well as every corpse of such a creatures within the cone, becomes a zombie (see the Monster Manual) under the dragon's control. The zombie acts on the dragon's initiative but immediately after the dragon's turn. Absent any other command, the zombie tries to kill any non-Undead creature it encounters."
					]
				}
			],
			"traitTags": [
				"Unusual Nature"
			],
			"senseTags": [
				"B",
				"D"
			],
			"actionTags": [
				"Breath Weapon",
				"Multiattack"
			],
			"languageTags": [
				"C",
				"CS",
				"DR"
			],
			"damageTags": [
				"N",
				"P",
				"S"
			],
			"miscTags": [
				"AOE",
				"MW",
				"RCH"
			],
			"conditionInflict": [
				"grappled",
				"restrained"
			],
			"hasToken": true,
			"hasFluff": true,
			"hasFluffImages": true
		},
		{
			"name": "Levna Drakehorn",
			"isNpc": true,
			"isNamedCreature": true,
			"source": "DSotDQ",
			"page": 213,
			"level": 1,
			"size": [
				"M"
			],
			"type": {
				"type": "humanoid",
				"tags": [
					"human"
				],
				"sidekickType": "warrior",
				"sidekickTags": [
					"defender"
				]
			},
			"alignment": [
				"L",
				"G"
			],
			"ac": [
				{
					"ac": 18,
					"from": [
						"{@item plate armor|PHB|plate}"
					]
				}
			],
			"hp": {
				"average": 13,
				"formula": "2d8 + 4"
			},
			"speed": {
				"walk": 30
			},
			"str": 15,
			"dex": 10,
			"con": 14,
			"int": 10,
			"wis": 11,
			"cha": 14,
			"save": {
				"con": "+4"
			},
			"skill": {
				"athletics": "+4",
				"intimidation": "+4",
				"perception": "+2"
			},
			"passive": 12,
			"languages": [
				"Common"
			],
			"pbNote": "+2",
			"trait": [
				{
					"name": "Bonus Proficiencies",
					"entries": [
						"Levna is proficient with simple and martial weapons, shields, and all armor."
					]
				},
				{
					"name": "Pack Tactics",
					"entries": [
						"Levna has advantage on an attack roll against a creature if at least one of her allies is within 5 feet of the creature and the ally isn't {@condition incapacitated}."
					]
				}
			],
			"action": [
				{
					"name": "Greatsword",
					"entries": [
						"{@atk mw} {@hit 4} to hit, reach 5 ft., one target. {@h}9 ({@damage 2d6 + 2}) slashing damage."
					]
				}
			],
			"reaction": [
				{
					"name": "Protection",
					"entries": [
						"When a creature Levna can see within 5 feet of her is targeted by an attack, she can impose disadvantage on the attack roll if she can see the attacker and she is wielding a melee weapon."
					]
				}
			],
			"traitTags": [
				"Pack Tactics"
			],
			"languageTags": [
				"C"
			],
			"damageTags": [
				"S"
			],
			"miscTags": [
				"MW"
			],
			"hasToken": true,
			"hasFluff": true,
			"hasFluffImages": true
		},
		{
			"name": "Lohezet",
			"isNpc": true,
			"isNamedCreature": true,
			"source": "DSotDQ",
			"page": 205,
			"size": [
				"M"
			],
			"type": {
				"type": "humanoid",
				"tags": [
					"human",
					"wizard"
				]
			},
			"alignment": [
				"N",
				"E"
			],
			"ac": [
				12
			],
			"hp": {
				"average": 137,
				"formula": "25d8 + 25"
			},
			"speed": {
				"walk": 30
			},
			"str": 9,
			"dex": 14,
			"con": 12,
			"int": 20,
			"wis": 14,
			"cha": 11,
			"save": {
				"con": "+5",
				"wis": "+6"
			},
			"skill": {
				"arcana": "+9",
				"history": "+9",
				"medicine": "+6"
			},
			"passive": 12,
			"immune": [
				"poison"
			],
			"conditionImmune": [
				"poisoned"
			],
			"languages": [
				"Common",
				"Dwarvish",
				"Elvish",
				"Infernal"
			],
			"cr": "12",
			"spellcasting": [
				{
					"name": "Spellcasting",
					"headerEntries": [
						"Lohezet casts one of the following spells, requiring no material components and using Intelligence as the spellcasting ability (spell save {@dc 17}):"
					],
					"will": [
						"{@spell detect magic}",
						"{@spell light}",
						"{@spell prestidigitation}"
					],
					"daily": {
						"2e": [
							"{@spell dimension door}",
							"{@spell mage armor}"
						],
						"1e": [
							"{@spell arcane eye}",
							"{@spell dominate person}",
							"{@spell wall of force}"
						]
					},
					"ability": "int",
					"displayAs": "action"
				}
			],
			"trait": [
				{
					"name": "Toxic Mastery",
					"entries": [
						"Lohezet ignores a creature's resistance to poison damage."
					]
				}
			],
			"action": [
				{
					"name": "Multiattack",
					"entries": [
						"Lohezet makes three Withering Blast attacks and uses Miasma if it's available. He can replace one of the attacks with a use of Spellcasting."
					]
				},
				{
					"name": "Withering Blast",
					"entries": [
						"{@atk ms,rs} {@hit 9} to hit, reach 5 ft. or range 60 ft., one target. {@h}18 ({@damage 2d12 + 5}) necrotic damage."
					]
				},
				{
					"name": "Miasma {@recharge 4}",
					"entries": [
						"Lohezet magically conjures a billowing cloud of purple fog in a 20-foot-radius sphere centered on a point within 120 feet of himself. The area within the sphere is heavily obscured, and when a creature starts its turn in the sphere or enters the sphere for the first time on a turn, it must make a {@dc 17} Constitution saving throw. On a failed save, the creature takes 39 ({@damage 6d12}) poison damage and is {@condition poisoned} until the start of its next turn. On a successful save, the creature takes half as much damage and isn't {@condition poisoned}. The cloud lasts for 1 minute, until Lohezet ends it early (no action required), or until Lohezet uses this action again. A strong wind disperses the cloud."
					]
				}
			],
			"reaction": [
				{
					"name": "Noxious Rebuke (3/Day)",
					"entries": [
						"When a creature within 60 feet of Lohezet damages him, Lohezet magically retaliates with a spray of foul, purple mist. The creature must make a {@dc 17} Constitution saving throw, taking 16 ({@damage 2d10 + 5}) poison damage on a failed save, or half as much damage on a successful one."
					]
				}
			],
			"actionTags": [
				"Multiattack"
			],
			"languageTags": [
				"C",
				"D",
				"E",
				"I"
			],
			"damageTags": [
				"I",
				"N"
			],
			"damageTagsSpell": [
				"O"
			],
			"spellcastingTags": [
				"O"
			],
			"miscTags": [
				"AOE"
			],
			"conditionInflict": [
				"poisoned"
			],
			"conditionInflictSpell": [
				"charmed"
			],
			"hasToken": true,
			"hasFluff": true,
			"hasFluffImages": true
		},
		{
			"name": "Lord Soth",
			"isNpc": true,
			"isNamedCreature": true,
			"source": "DSotDQ",
			"page": 206,
			"size": [
				"M"
			],
			"type": {
				"type": "undead",
				"tags": [
					"paladin"
				]
			},
			"alignment": [
				"L",
				"E"
			],
			"ac": [
				{
					"ac": 18,
					"from": [
						"{@item plate armor|PHB|plate}"
					]
				}
			],
			"hp": {
				"average": 228,
				"formula": "24d8 + 120"
			},
			"speed": {
				"walk": 30
			},
			"str": 22,
			"dex": 11,
			"con": 20,
			"int": 12,
			"wis": 16,
			"cha": 20,
			"save": {
				"dex": "+6",
				"wis": "+9",
				"cha": "+11"
			},
			"senses": [
				"darkvision 120 ft."
			],
			"passive": 13,
			"immune": [
				"necrotic",
				"poison"
			],
			"conditionImmune": [
				"exhaustion",
				"frightened",
				"poisoned"
			],
			"languages": [
				"Common",
				"Infernal",
				"Solamnic"
			],
			"cr": "19",
			"spellcasting": [
				{
					"name": "Spellcasting",
					"headerEntries": [
						"Soth casts one of the following spells, requiring no material components and using Charisma as the spellcasting ability (spell save {@dc 19}):"
					],
					"will": [
						"{@spell command} (cast at 3rd level)"
					],
					"daily": {
						"1": [
							"{@spell banishment} (cast at 6th level)"
						],
						"2e": [
							"{@spell dispel magic}",
							"{@spell hold person} (cast at 3rd level)"
						]
					},
					"ability": "cha",
					"displayAs": "action"
				}
			],
			"trait": [
				{
					"name": "Legendary Resistance (3/Day)",
					"entries": [
						"If Soth fails a saving throw, he can choose to succeed instead."
					]
				},
				{
					"name": "Magic Resistance",
					"entries": [
						"Soth has advantage on saving throws against spells and other magical effects."
					]
				},
				{
					"name": "Marshal Undead",
					"entries": [
						"Unless Soth is {@condition incapacitated}, he and Undead creatures of his choice within 60 feet of him are immune to features that turn Undead."
					]
				},
				{
					"name": "Unusual Nature",
					"entries": [
						"Soth doesn't require air, food, drink, or sleep."
					]
				}
			],
			"action": [
				{
					"name": "Multiattack",
					"entries": [
						"Soth makes three Forsaken Brand attacks."
					]
				},
				{
					"name": "Forsaken Brand",
					"entries": [
						"{@atk mw} {@hit 12} to hit, reach 5 ft., one target. {@h}10 ({@damage 1d8 + 6}) bludgeoning damage plus 18 ({@damage 4d8}) necrotic damage, and if the target is a creature, it can't regain hit points until the start of Soth's next turn."
					]
				},
				{
					"name": "Cataclysmic Fire (1/Day)",
					"entries": [
						"Soth hurls a magical ball of fire that explodes at a point he can see within 120 feet of himself. Each creature in a 20-foot-radius sphere centered on that point must make a {@dc 19} Dexterity saving throw. A creature takes 35 ({@damage 10d6}) fire damage and 35 ({@damage 10d6}) necrotic damage on a failed save, or half as much damage on a successful one.",
						"Additionally, any Medium or smaller Humanoid killed by this damage, as well as every corpse of such a creature within the sphere, becomes a skeleton (see the Monster Manual) under Soth's control. The skeleton acts on Soth's initiative but immediately after his turn. Absent any other command, the skeleton tries to kill any non-Undead creature it encounters."
					]
				},
				{
					"name": "Word of Death (1/Day)",
					"entries": [
						"Soth points at a creature he can see within 60 feet of himself and magically commands it to die. The target must make a {@dc 19} Constitution saving throw, taking 100 necrotic damage on a failed save, or half as much damage on a successful one. If this damage reduces the target to 0 hit points, the target dies."
					]
				}
			],
			"legendary": [
				{
					"name": "Implacable Maneuver",
					"entries": [
						"Soth moves up to his speed or commands a mount he is riding to move up to its speed. The movement from this action doesn't provoke opportunity attacks. If he or his mount moves within 5 feet of a creature during this movement, he can force the creature to make a {@dc 20} Strength saving throw. The creature is knocked {@condition prone} unless it succeeds on the saving throw."
					]
				},
				{
					"name": "Strike (Costs 2 Actions)",
					"entries": [
						"Soth makes one Forsaken Brand attack."
					]
				},
				{
					"name": "Cast a Spell (Costs 3 Actions)",
					"entries": [
						"Soth uses Spellcasting."
					]
				}
			],
			"traitTags": [
				"Legendary Resistances",
				"Magic Resistance",
				"Unusual Nature"
			],
			"senseTags": [
				"SD"
			],
			"actionTags": [
				"Multiattack"
			],
			"languageTags": [
				"C",
				"I"
			],
			"damageTags": [
				"B",
				"F",
				"N"
			],
			"spellcastingTags": [
				"O"
			],
			"miscTags": [
				"AOE",
				"MW"
			],
			"conditionInflict": [
				"prone"
			],
			"conditionInflictSpell": [
				"incapacitated",
				"paralyzed",
				"prone"
			],
			"hasToken": true,
			"hasFluff": true,
			"hasFluffImages": true
		},
		{
			"name": "Lorry Wanwillow",
			"isNpc": true,
			"isNamedCreature": true,
			"source": "DSotDQ",
			"page": 177,
			"_copy": {
				"name": "Vampire",
				"source": "MM",
				"_mod": {
					"*": {
						"mode": "replaceTxt",
						"replace": "the vampire",
						"with": "Lorry",
						"flags": "i"
					},
					"trait": {
						"mode": "replaceArr",
						"replace": "Shapechanger",
						"items": {
							"name": "Shapechanger",
							"entries": [
								"If Lorry isn't in sunlight or running water, it can use its action to polymorph into a Tiny rat or a Medium cloud of mist, or back into its true form.",
								"While in bat form, Lorry can't speak, its walking speed is 5 feet, and it has a flying speed of 30 feet. Its statistics, other than its size and speed, are unchanged. Anything it is wearing transforms with it, but nothing it is carrying does. It reverts to its true form if it dies.",
								"While in mist form, Lorry can't take any actions, speak, or manipulate objects. It is weightless, has a flying speed of 20 feet, can hover, and can enter a hostile creature's space and stop there. In addition, if air can pass through a space, the mist can do so without squeezing, and it can't pass through water. It has advantage on Strength, Dexterity, and Constitution saving throws, and it is immune to all nonmagical damage, except the damage it takes from sunlight."
							]
						}
					}
				}
			},
			"type": {
				"type": "undead",
				"tags": [
					"shapechanger",
					"kender"
				]
			},
			"alignment": [
				"C",
				"E"
			],
			"hasToken": true
		},
		{
			"name": "Raven Uth Vogler",
			"isNpc": true,
			"isNamedCreature": true,
			"source": "DSotDQ",
			"page": 53,
			"_copy": {
				"name": "Scout",
				"source": "MM",
				"_mod": {
					"*": {
						"mode": "replaceTxt",
						"replace": "the scout",
						"with": "Raven",
						"flags": "i"
					}
				}
			},
			"type": {
				"type": "humanoid",
				"tags": [
					"human"
				]
			},
			"alignment": [
				"N",
				"G"
			],
			"hasToken": true
		},
		{
			"name": "Red Ruin",
			"isNpc": true,
			"isNamedCreature": true,
			"source": "DSotDQ",
			"page": 208,
			"size": [
				"M"
			],
			"type": "humanoid",
			"alignment": [
				"L",
				"E"
			],
			"ac": [
				{
					"ac": 20,
					"from": [
						"{@item plate armor|PHB|plate}",
						"{@item shield|PHB}"
					]
				}
			],
			"hp": {
				"average": 150,
				"formula": "20d8 + 60"
			},
			"speed": {
				"walk": 30
			},
			"str": 19,
			"dex": 12,
			"con": 17,
			"int": 13,
			"wis": 14,
			"cha": 15,
			"save": {
				"str": "+8",
				"dex": "+5"
			},
			"skill": {
				"athletics": "+8",
				"perception": "+6"
			},
			"passive": 16,
			"resist": [
				"fire"
			],
			"languages": [
				"Common",
				"Draconic"
			],
			"cr": "10",
			"trait": [
				{
					"name": "Draconic Devotion",
					"entries": [
						"While Red Ruin can see a Dragon that isn't hostile to her, she has advantage on attack rolls."
					]
				},
				{
					"name": "Mounted Combat Master",
					"entries": [
						"When Red Ruin is mounted and a creature targets her mount with an attack, Red Ruin can cause the attack to target her instead."
					]
				},
				{
					"name": "Mounted Evasion",
					"entries": [
						"When Red Ruin or her mount makes a Dexterity saving throw to take half damage from an effect, they take no damage on a success and half damage on a failure."
					]
				}
			],
			"action": [
				{
					"name": "Multiattack",
					"entries": [
						"Red Ruin makes three Ember Lance attacks."
					]
				},
				{
					"name": "Ember Lance",
					"entries": [
						"{@atk mw} {@hit 8} to hit, reach 10 ft., one target. {@h}10 ({@damage 1d12 + 4}) piercing damage plus 7 ({@damage 2d6}) fire damage. If the target is a Medium or smaller creature, it must succeed on a {@dc 16} Strength saving throw or fall {@condition prone}."
					]
				},
				{
					"name": "Explosive Hand Crossbow {@recharge 5}",
					"entries": [
						"Red Ruin fires an explosive crossbow bolt at a point she can see within 120 feet of herself. When the bolt reaches that point, or if it hits an object early, it detonates in a 20-foot-radius sphere. Each creature in that area must make a {@dc 15} Dexterity saving throw, taking 35 ({@damage 10d6}) fire damage on a failed save, or half as much damage on a successful one."
					]
				}
			],
			"actionTags": [
				"Multiattack"
			],
			"languageTags": [
				"C",
				"DR"
			],
			"damageTags": [
				"F",
				"P"
			],
			"miscTags": [
				"AOE",
				"MW",
				"RCH",
				"RNG"
			],
			"conditionInflict": [
				"prone"
			],
			"hasToken": true,
			"hasFluff": true,
			"hasFluffImages": true
		},
		{
			"name": "Sarlamir",
			"isNpc": true,
			"isNamedCreature": true,
			"source": "DSotDQ",
			"page": 102,
			"_copy": {
				"name": "Skeletal Knight",
				"source": "DSotDQ",
				"_mod": {
					"*": {
						"mode": "replaceTxt",
						"replace": "the skeletal knight",
						"with": "Sarlamir",
						"flags": "i"
					}
				}
			},
			"hasToken": true
		},
		{
			"name": "Sea Elf Scout",
			"source": "DSotDQ",
			"page": 114,
			"size": [
				"M"
			],
			"type": {
				"type": "humanoid",
				"tags": [
					"elf"
				]
			},
			"alignment": [
				"A"
			],
			"ac": [
				{
					"ac": 13,
					"from": [
						"{@item leather armor|PHB}"
					]
				}
			],
			"hp": {
				"average": 16,
				"formula": "3d8 + 3"
			},
			"speed": {
				"walk": 30,
				"swim": 30
			},
			"str": 11,
			"dex": 14,
			"con": 12,
			"int": 11,
			"wis": 13,
			"cha": 11,
			"skill": {
				"nature": "+4",
				"perception": "+5",
				"stealth": "+6",
				"survival": "+5"
			},
			"senses": [
				"darkvision 60 ft."
			],
			"passive": 15,
			"languages": [
				"Any one language (usually Common)"
			],
			"cr": "1/2",
			"trait": [
				{
					"name": "Keen Hearing and Sight",
					"entries": [
						"The scout has advantage on Wisdom (Perception) checks that rely on hearing or sight."
					]
				},
				{
					"name": "Fey Ancestry",
					"entries": [
						"The scout has advantage on saving throws against being {@condition charmed}, and magic can't put it to sleep."
					]
				},
				{
					"name": "Child of the Sea",
					"entries": [
						"The scout can breathe air and water."
					]
				}
			],
			"action": [
				{
					"name": "Multiattack",
					"entries": [
						"The scout makes two melee attacks or two ranged attacks."
					]
				},
				{
					"name": "Shortsword",
					"entries": [
						"{@atk mw} {@hit 4} to hit, reach 5 ft., one target. {@h}5 ({@damage 1d6 + 2}) piercing damage."
					]
				},
				{
					"name": "Longbow",
					"entries": [
						"{@atk rw} {@hit 4} to hit, ranged 150/600 ft., one target. {@h}6 ({@damage 1d8 + 2}) piercing damage."
					]
				}
			],
			"traitTags": [
				"Fey Ancestry",
				"Keen Senses"
			],
			"senseTags": [
				"D"
			],
			"actionTags": [
				"Multiattack"
			],
			"languageTags": [
				"C"
			],
			"damageTags": [
				"P"
			],
			"miscTags": [
				"MW",
				"RNG",
				"RW"
			],
			"hasToken": true,
			"hasFluffImages": true
		},
		{
			"name": "Sivak Draconian",
			"source": "DSotDQ",
			"page": 199,
			"size": [
				"L"
			],
			"type": "monstrosity",
			"alignment": [
				"L",
				"E"
			],
			"alignmentPrefix": "typically ",
			"ac": [
				{
					"ac": 16,
					"from": [
						"natural armor"
					]
				}
			],
			"hp": {
				"average": 57,
				"formula": "6d10 + 24"
			},
			"speed": {
				"walk": 30,
				"fly": 60
			},
			"str": 18,
			"dex": 10,
			"con": 18,
			"int": 13,
			"wis": 10,
			"cha": 10,
			"save": {
				"str": "+6",
				"wis": "+2"
			},
			"senses": [
				"darkvision 60 ft."
			],
			"passive": 10,
			"languages": [
				"Common",
				"Draconic"
			],
			"cr": "4",
			"trait": [
				{
					"name": "Death Throes",
					"entries": [
						"When the draconian is reduced to 0 hit points by a creature that is Large or smaller, the draconian crumbles into dust that then forms a spectral, shrieking image of the creature that killed it. The image lasts for 1 minute. Each creature hostile to the draconian within 10 feet of the image must succeed on a {@dc 14} Wisdom saving throw or be {@condition frightened} of the spectral image for 1 minute. A {@condition frightened} creature can repeat the saving throw at the end of each of its turns, ending the effect on itself on a success."
					]
				}
			],
			"action": [
				{
					"name": "Multiattack",
					"entries": [
						"The draconian makes two Serrated Sword attacks and one Tail attack."
					]
				},
				{
					"name": "Serrated Sword",
					"entries": [
						"{@atk mw} {@hit 6} to hit, reach 5 ft., one target. {@h}13 ({@damage 2d8 + 4}) slashing damage."
					]
				},
				{
					"name": "Tail",
					"entries": [
						"{@atk mw} {@hit 6} to hit, reach 5 ft., one target. {@h}8 ({@damage 1d8 + 4}) bludgeoning damage. If the target is a Large or smaller creature, it must succeed on a {@dc 14} Strength saving throw or be knocked {@condition prone}."
					]
				}
			],
			"reaction": [
				{
					"name": "Shape Theft",
					"entries": [
						"After the draconian kills a Medium or smaller Humanoid, the draconian magically cloaks itself in an illusion to look and feel like that creature while retaining the draconian's game statistics (other than its size). This transformation lasts until the draconian dies or uses a bonus action to end it."
					]
				}
			],
			"traitTags": [
				"Death Burst"
			],
			"senseTags": [
				"D"
			],
			"actionTags": [
				"Multiattack"
			],
			"languageTags": [
				"C",
				"DR"
			],
			"damageTags": [
				"B",
				"S"
			],
			"miscTags": [
				"MW"
			],
			"conditionInflict": [
				"frightened",
				"prone"
			],
			"hasToken": true,
			"hasFluff": true,
			"hasFluffImages": true
		},
		{
			"name": "Skeletal Knight",
			"source": "DSotDQ",
			"page": 208,
			"size": [
				"M"
			],
			"type": "undead",
			"alignment": [
				"L",
				"E"
			],
			"alignmentPrefix": "typically ",
			"ac": [
				{
					"ac": 18,
					"from": [
						"{@item plate armor|PHB|plate}"
					]
				}
			],
			"hp": {
				"average": 112,
				"formula": "15d8 + 45"
			},
			"speed": {
				"walk": 30
			},
			"str": 20,
			"dex": 10,
			"con": 16,
			"int": 13,
			"wis": 14,
			"cha": 10,
			"save": {
				"con": "+6",
				"wis": "+5"
			},
			"senses": [
				"darkvision 60 ft."
			],
			"passive": 12,
			"immune": [
				"poison"
			],
			"conditionImmune": [
				"exhaustion",
				"poisoned"
			],
			"languages": [
				"understands the languages it knew in life but can't speak"
			],
			"cr": "7",
			"trait": [
				{
					"name": "Undead Fortitude",
					"entries": [
						"If damage reduces the skeletal knight to 0 hit points, it must make a Constitution saving throw with a DC of 5 + the damage taken, unless the damage is bludgeoning or from a critical hit. On a success, the skeletal knight drops to 1 hit point instead."
					]
				},
				{
					"name": "Unusual Nature",
					"entries": [
						"The skeletal knight doesn't require air, food, drink, or sleep."
					]
				}
			],
			"action": [
				{
					"name": "Multiattack",
					"entries": [
						"The skeletal knight makes three Enervating Blade or Throwing Axe attacks in any combination."
					]
				},
				{
					"name": "Enervating Blade",
					"entries": [
						"{@atk mw} {@hit 8} to hit, reach 5 ft., one target. {@h}15 ({@damage 3d6 + 5}) necrotic damage, and if the target is a creature, it can't regain hit points until the start of the skeletal knight's next turn."
					]
				},
				{
					"name": "Throwing Axe",
					"entries": [
						"{@atk mw,rw} {@hit 8} to hit, reach 5 ft. or range 20/60 ft., one target. {@h}14 ({@damage 2d8 + 5}) slashing damage."
					]
				}
			],
			"traitTags": [
				"Undead Fortitude",
				"Unusual Nature"
			],
			"senseTags": [
				"D"
			],
			"actionTags": [
				"Multiattack"
			],
			"languageTags": [
				"CS",
				"LF"
			],
			"damageTags": [
				"N",
				"S"
			],
			"miscTags": [
				"MW",
				"RW"
			],
			"hasToken": true,
			"hasFluff": true,
			"hasFluffImages": true
		},
		{
			"name": "Tatina Rookledust",
			"isNpc": true,
			"isNamedCreature": true,
			"source": "DSotDQ",
			"page": 87,
			"_copy": {
				"name": "Acolyte",
				"source": "MM",
				"_trait": {
					"name": "Rock Gnome",
					"source": "PHB"
				},
				"_mod": {
					"*": {
						"mode": "replaceTxt",
						"replace": "the acolyte",
						"with": "Tatina",
						"flags": "i"
					}
				}
			},
			"alignment": [
				"N",
				"G"
			],
			"hasToken": true
		},
		{
			"name": "Tem Temble",
			"isNpc": true,
			"isNamedCreature": true,
			"source": "DSotDQ",
			"page": 213,
			"level": 1,
			"size": [
				"S"
			],
			"type": {
				"type": "humanoid",
				"tags": [
					"kender"
				],
				"sidekickType": "spellcaster",
				"sidekickTags": [
					"healer"
				]
			},
			"alignment": [
				"C",
				"G"
			],
			"ac": [
				{
					"ac": 13,
					"from": [
						"{@item leather armor|PHB}"
					]
				}
			],
			"hp": {
				"average": 11,
				"formula": "2d6 + 4"
			},
			"speed": {
				"walk": 30
			},
			"str": 8,
			"dex": 14,
			"con": 14,
			"int": 10,
			"wis": 14,
			"cha": 14,
			"save": {
				"wis": "+4"
			},
			"skill": {
				"insight": "+4",
				"medicine": "+4",
				"perception": "+4",
				"sleight of hand": "+4",
				"stealth": "+4"
			},
			"passive": 14,
			"conditionImmune": [
				"frightened"
			],
			"languages": [
				"Common",
				"Kenderspeak"
			],
			"pbNote": "+2",
			"spellcasting": [
				{
					"name": "Spellcasting",
					"headerEntries": [
						"Tem's spellcasting ability is Wisdom (spell save {@dc 12}, +4 to spell attacks). She has the following druid spells prepared:"
					],
					"will": [
						"{@spell druidcraft}",
						"{@spell poison spray}"
					],
					"spells": {
						"1": {
							"slots": 2,
							"spells": [
								"{@spell healing word}"
							]
						}
					},
					"ability": "wis"
				}
			],
			"trait": [
				{
					"name": "Bonus Proficiencies",
					"entries": [
						"Tem is proficient with simple weapons and light armor."
					]
				}
			],
			"action": [
				{
					"name": "Hoopak",
					"entries": [
						"{@atk mw,rw} {@hit 4} to hit, reach 5 ft. or range 40/160 ft., one target. {@h}4 ({@damage 1d4 + 2}) piercing damage, or 4 ({@damage 1d4 + 2}) bludgeoning damage if Tem used the hoopak's sling to make a ranged attack."
					]
				},
				{
					"name": "Taunt",
					"entries": [
						"Tem launches an infuriating barrage of insults at a creature she can see within 60 feet of her. If the target can hear Tem, it must succeed on a {@dc 12} Wisdom saving throw or have disadvantage on attack rolls until the end of its next turn."
					]
				}
			],
			"bonus": [
				{
					"name": "Elusive",
					"entries": [
						"Tem takes the Disengage or Hide action."
					]
				}
			],
			"languageTags": [
				"C"
			],
			"damageTags": [
				"B",
				"P"
			],
			"damageTagsSpell": [
				"I"
			],
			"spellcastingTags": [
				"CD"
			],
			"miscTags": [
				"MW",
				"RW"
			],
			"hasToken": true,
			"hasFluff": true,
			"hasFluffImages": true
		},
		{
			"name": "Undead Soldier",
			"source": "DSotDQ",
			"page": 96,
			"_copy": {
				"name": "Wight",
				"source": "MM",
				"_mod": {
					"*": {
						"mode": "replaceTxt",
						"replace": "wight",
						"with": "soldier"
					}
				}
			},
			"ac": [
				{
					"ac": 18,
					"from": [
						"{@item plate armor|phb}"
					]
				}
			],
			"trait": null,
			"hasToken": true
		},
		{
			"name": "Virruza",
			"isNpc": true,
			"isNamedCreature": true,
			"source": "DSotDQ",
			"page": 119,
			"_copy": {
				"name": "Green Slaad",
				"source": "MM",
				"_mod": {
					"*": {
						"mode": "replaceTxt",
						"replace": "the slaad",
						"with": "Virruza",
						"flags": "i"
					},
					"trait": {
						"mode": "replaceArr",
						"replace": "Shapechanger",
						"items": {
							"name": "Death Throes",
							"entries": [
								"When Virruza is reduced to 0 hit points, he turns into a puddle of acid and splashes acid on those around him. Each creature within 5 feet of him must succeed on a DC 12 Dexterity saving throw or be covered in acid for 1 minute. A creature can use its action to scrape or wash the acid off itself or another creature. A creature covered in the acid takes 7 ({@dice 2d6}) acid damage at the start of each of its turns."
							]
						}
					}
				}
			},
			"hasToken": true,
			"hasFluff": true
		},
		{
			"name": "Wasteland Dragonnel",
			"source": "DSotDQ",
			"page": 201,
			"size": [
				"L"
			],
			"type": "dragon",
			"alignment": [
				"C",
				"G"
			],
			"alignmentPrefix": "typically ",
			"ac": [
				13
			],
			"hp": {
				"average": 65,
				"formula": "10d10 + 10"
			},
			"speed": {
				"walk": 30,
				"fly": 60
			},
			"str": 16,
			"dex": 16,
			"con": 12,
			"int": 8,
			"wis": 13,
			"cha": 10,
			"skill": {
				"perception": "+3"
			},
			"senses": [
				"blindsight 30 ft.",
				"darkvision 120 ft."
			],
			"passive": 13,
			"resist": [
				"acid"
			],
			"languages": [
				"understands Common and Draconic but can't speak"
			],
			"cr": "3",
			"trait": [
				{
					"name": "Flyby",
					"entries": [
						"The dragonnel doesn't provoke opportunity attacks when it flies out of an enemy's reach."
					]
				}
			],
			"action": [
				{
					"name": "Multiattack",
					"entries": [
						"The dragonnel makes two Rend attacks."
					]
				},
				{
					"name": "Rend",
					"entries": [
						"{@atk mw} {@hit 5} to hit, reach 5 ft., one target. {@h}10 ({@damage 2d6 + 3}) slashing damage."
					]
				},
				{
					"name": "Acid Spit",
					"entries": [
						"{@atk rw} {@hit 5} to hit, range 60 ft., one target. {@h}20 ({@damage 5d6 + 3}) acid damage."
					]
				}
			],
			"traitTags": [
				"Flyby"
			],
			"senseTags": [
				"B",
				"SD"
			],
			"actionTags": [
				"Multiattack"
			],
			"languageTags": [
				"C",
				"CS",
				"DR"
			],
			"damageTags": [
				"A",
				"S"
			],
			"miscTags": [
				"MW",
				"RW"
			],
			"hasToken": true,
			"hasFluff": true
		},
		{
			"name": "Wersten Kern",
			"isNpc": true,
			"isNamedCreature": true,
			"source": "DSotDQ",
			"page": 209,
			"size": [
				"M"
			],
			"type": "undead",
			"alignment": [
				"L",
				"E"
			],
			"ac": [
				{
					"ac": 18,
					"from": [
						"{@item plate armor|PHB|plate}"
					]
				}
			],
			"hp": {
				"average": 178,
				"formula": "21d8 + 84"
			},
			"speed": {
				"walk": 30
			},
			"str": 21,
			"dex": 10,
			"con": 18,
			"int": 13,
			"wis": 14,
			"cha": 16,
			"save": {
				"con": "+9",
				"wis": "+7"
			},
			"senses": [
				"darkvision 60 ft."
			],
			"passive": 12,
			"immune": [
				"poison"
			],
			"conditionImmune": [
				"exhaustion",
				"frightened",
				"poisoned"
			],
			"languages": [
				"Common",
				"Infernal",
				"Solamnic"
			],
			"cr": "14",
			"spellcasting": [
				{
					"name": "Spellcasting",
					"headerEntries": [
						"Wersten casts one of the following spells, requiring no material components and using Charisma as the spellcasting ability (spell save {@dc 16}):"
					],
					"daily": {
						"1e": [
							"{@spell dispel magic}",
							"{@spell wall of stone}"
						]
					},
					"ability": "cha",
					"displayAs": "action"
				}
			],
			"trait": [
				{
					"name": "Undead Fortitude",
					"entries": [
						"If damage reduces Wersten to 0 hit points, she must make a Constitution saving throw with a DC of 5 + the damage taken, unless the damage is bludgeoning or from a critical hit. On a success, Wersten drops to 1 hit point instead."
					]
				},
				{
					"name": "Unusual Nature",
					"entries": [
						"Wersten doesn't require air, food, drink, or sleep."
					]
				}
			],
			"action": [
				{
					"name": "Multiattack",
					"entries": [
						"Wersten makes three Banner Pike attacks and uses Terrifying Litany if it's available."
					]
				},
				{
					"name": "Banner Pike",
					"entries": [
						"{@atk mw} {@hit 10} to hit, reach 5 ft., one target. {@h}10 ({@damage 1d10 + 5}) piercing damage plus 13 ({@damage 3d8}) necrotic damage. If the target is a Humanoid, it must succeed on a {@dc 16} Charisma saving throw or be cursed. The curse lasts until it is lifted by remove curse or similar magic. Black, thorny rose stems sprout from the creature's body while it is cursed, imposing disadvantage on the creature's ability checks and attack rolls and halving its speed. A creature that succeeds on the saving throw against the curse is immune to it for 24 hours."
					]
				},
				{
					"name": "Terrifying Litany {@recharge 5}",
					"entries": [
						"Wersten recites names of souls slain by Soth and his company, channeling their mortal terror. Each creature that isn't an Undead within 30 feet of her must make a {@dc 16} Wisdom saving throw. On a failed save, the creature takes 22 ({@damage 4d10}) psychic damage and is {@condition frightened} of Wersten for 1 minute. On a successful save, the creature takes half as much damage and isn't {@condition frightened}. At the end of each of its turns, a {@condition frightened} creature can repeat the saving throw, ending the effect on itself on a success."
					]
				}
			],
			"traitTags": [
				"Undead Fortitude",
				"Unusual Nature"
			],
			"senseTags": [
				"D"
			],
			"actionTags": [
				"Multiattack"
			],
			"languageTags": [
				"C",
				"I"
			],
			"damageTags": [
				"N",
				"P",
				"Y"
			],
			"spellcastingTags": [
				"O"
			],
			"miscTags": [
				"MW"
			],
			"conditionInflict": [
				"frightened"
			],
			"hasToken": true,
			"hasFluff": true,
			"hasFluffImages": true
		},
		{
			"name": "Wyhan",
			"isNpc": true,
			"isNamedCreature": true,
			"source": "DSotDQ",
			"page": 79,
			"_copy": {
				"name": "Mage",
				"source": "MM",
				"_mod": {
					"*": {
						"mode": "replaceTxt",
						"replace": "the mage",
						"with": "Wyhan",
						"flags": "i"
					}
				}
			},
			"type": {
				"type": "humanoid",
				"tags": [
					"human"
				]
			},
			"alignment": [
				"L",
				"E"
			],
			"hasToken": true
		}
	]
}
