{
	"monsterFluff": [
		{
			"name": "Billy Beaver",
			"source": "RMBRE",
			"entries": [
				{
					"type": "entries",
					"entries": [
						{
							"type": "entries",
							"entries": [
								"Billy Beaver is a goofy, owlbear-sized beaver with a raccoon-skin cap, playing a washboard and spoons.",
								"The five automatons that serve as the tavern's wait staff each have a name tag, are super friendly to the patrons, and attend to everyone's needs until it comes time for the Slaughterfest. If an automaton is attacked before the Slaughterfest, it giggles and repeats folksy homilies until it is destroyed. The next round, it magically pops back to life fully healed, then asks, \"What can I do for ya?\""
							]
						}
					]
				}
			]
		},
		{
			"name": "Buster the Bear",
			"source": "RMBRE",
			"entries": [
				{
					"type": "entries",
					"entries": [
						{
							"type": "entries",
							"entries": [
								"Buster the Bear is a lovable, roly-poly teddy bear with a plaid shirt, torn jeans, and a banjo.",
								"The five automatons that serve as the tavern's wait staff each have a name tag, are super friendly to the patrons, and attend to everyone's needs until it comes time for the Slaughterfest. If an automaton is attacked before the Slaughterfest, it giggles and repeats folksy homilies until it is destroyed. The next round, it magically pops back to life fully healed, then asks, \"What can I do for ya?\""
							]
						}
					]
				}
			]
		},
		{
			"name": "Large Mimic",
			"source": "RMBRE",
			"images": [
				{
					"type": "image",
					"href": {
						"type": "internal",
						"path": "bestiary/RMBRE/000-intro-1.webp"
					}
				}
			]
		},
		{
			"name": "Layla the Lizard",
			"source": "RMBRE",
			"entries": [
				{
					"type": "entries",
					"entries": [
						{
							"type": "entries",
							"entries": [
								"Layla the Lizard has blue overalls, a guitar, and a straw hat.",
								"The five automatons that serve as the tavern's wait staff each have a name tag, are super friendly to the patrons, and attend to everyone's needs until it comes time for the Slaughterfest. If an automaton is attacked before the Slaughterfest, it giggles and repeats folksy homilies until it is destroyed. The next round, it magically pops back to life fully healed, then asks, \"What can I do for ya?\""
							]
						}
					]
				}
			],
			"images": [
				{
					"type": "image",
					"href": {
						"type": "internal",
						"path": "bestiary/RMBRE/021-intro-14.webp"
					}
				}
			]
		},
		{
			"name": "Lycanthropickle",
			"source": "RMBRE",
			"entries": [
				{
					"type": "entries",
					"entries": [
						{
							"type": "entries",
							"entries": [
								{
									"type": "inset",
									"name": "Curse of Lycanthropickling",
									"entries": [
										"A humanoid creature has a {@chance 20|20 percent} chance to be afflicted with the curse of lycanthropickling after being wounded by a lycanthropickle. The curse lasts for 3 days. Each long rest the creature spends in a vat or jar of pickling brine prolongs the curse by 1 day.",
										"A lycanthropickle can either resist its curse or embrace it. By resisting the curse, a lycanthropickle retains its normal alignment and personality while in humanoid form. It lives its boring life as it always has, burying deep its raging, murderous urges just like the rest of us.",
										"Some individuals see little point in fighting the curse and accept what they are. They can assume pickle form or hybrid form at will. Most lycanthropickles that embrace their briny natures succumb to bloodlust, becoming evil, opportunistic creatures that prey on the weak.",
										"In hybrid form, a lycanthropickle has the same statistics as a twig blight with the altered ability noted here.",
										"In pickle form, a lycanthropickle has no statistics and is indistinguishable from a pickle... because it's a pickle."
									]
								}
							]
						}
					]
				}
			],
			"images": [
				{
					"type": "image",
					"href": {
						"type": "internal",
						"path": "bestiary/RMBRE/Lycanthropickle.webp"
					}
				}
			]
		},
		{
			"name": "Piggy Wiggle Butt",
			"source": "RMBRE",
			"entries": [
				{
					"type": "entries",
					"entries": [
						{
							"type": "entries",
							"entries": [
								"Piggy Wiggle Butt is an anthropomorphic pig with no pants and no butt. She plays a clay jug and dances.",
								"The five automatons that serve as the tavern's wait staff each have a name tag, are super friendly to the patrons, and attend to everyone's needs until it comes time for the Slaughterfest. If an automaton is attacked before the Slaughterfest, it giggles and repeats folksy homilies until it is destroyed. The next round, it magically pops back to life fully healed, then asks, \"What can I do for ya?\""
							]
						}
					]
				}
			]
		},
		{
			"name": "Thomas T. Toad",
			"source": "RMBRE",
			"entries": [
				{
					"type": "entries",
					"entries": [
						{
							"type": "entries",
							"entries": [
								"Thomas T. Toad is a hulking, anthropomorphic toad wearing a tuxedo and spats. Thomas sings a throaty song about the moon falling in love with its reflection on a lake."
							]
						}
					]
				}
			]
		},
		{
			"name": "Tommy Two-Butts",
			"source": "RMBRE",
			"images": [
				{
					"type": "image",
					"href": {
						"type": "internal",
						"path": "bestiary/RMBRE/015-intro-8.webp"
					}
				}
			]
		}
	]
}
