{
	"monsterFluff": [
		{
			"name": "Homunculus Servant",
			"source": "TCE",
			"images": [
				{
					"type": "image",
					"href": {
						"type": "internal",
						"path": "bestiary/TCE/Homunculus Servant.jpg"
					}
				}
			]
		},
		{
			"name": "Mighty Servant of Leuk-o",
			"source": "TCE",
			"images": [
				{
					"type": "image",
					"href": {
						"type": "internal",
						"path": "bestiary/TCE/Mighty Servant of Leuk-o.png"
					}
				}
			]
		},
		{
			"name": "Shadow Spirit",
			"source": "TCE",
			"images": [
				{
					"type": "image",
					"href": {
						"type": "internal",
						"path": "bestiary/TCE/Summon Shadowspawn.png"
					}
				}
			]
		},
		{
			"name": "Steel Defender",
			"source": "TCE",
			"images": [
				{
					"type": "image",
					"href": {
						"type": "internal",
						"path": "bestiary/TCE/Steel Defender.png"
					}
				}
			]
		}
	]
}
