{
	"_meta": {
		"internalCopies": [
			"monsterFluff"
		]
	},
	"monsterFluff": [
		{
			"name": "Ambush Drake",
			"source": "HotDQ",
			"images": [
				{
					"type": "image",
					"href": {
						"type": "internal",
						"path": "bestiary/HotDQ/Ambush Drake.jpg"
					}
				}
			]
		},
		{
			"name": "Azbara Jos",
			"source": "HotDQ",
			"images": [
				{
					"type": "image",
					"href": {
						"type": "internal",
						"path": "bestiary/HotDQ/Azbara Jos.jpg"
					}
				}
			]
		},
		{
			"name": "Blagothkus",
			"source": "HotDQ",
			"images": [
				{
					"type": "image",
					"href": {
						"type": "internal",
						"path": "bestiary/HotDQ/Blagothkus.jpg"
					}
				}
			]
		},
		{
			"name": "Captain Othelstan",
			"source": "HotDQ",
			"images": [
				{
					"type": "image",
					"href": {
						"type": "internal",
						"path": "bestiary/HotDQ/Captain Othelstan.jpg"
					}
				}
			]
		},
		{
			"name": "Dralmorrer Borngray",
			"source": "HotDQ",
			"images": [
				{
					"type": "image",
					"href": {
						"type": "internal",
						"path": "bestiary/HotDQ/Dralmorrer Borngray.jpg"
					}
				}
			]
		},
		{
			"name": "Four-Armed Troll",
			"source": "HotDQ",
			"entries": [
				{
					"type": "entries",
					"entries": [
						{
							"type": "entries",
							"entries": [
								{
									"type": "entries",
									"entries": [
										"Sometimes when a troll loses a limb, it regenerates two limbs to replace the one it lost. This can result in trolls with multiple arms. A four-armed troll uses the troll stat block, except that it is a Challenge Rating 6 monster (2,300 XP) and has alternate action options to suit."
									]
								}
							]
						}
					]
				}
			],
			"images": [
				{
					"type": "image",
					"href": {
						"type": "internal",
						"path": "bestiary/HotDQ/Four-Armed Troll.jpg"
					}
				}
			]
		},
		{
			"name": "Frulam Mondath",
			"source": "HotDQ",
			"images": [
				{
					"type": "image",
					"href": {
						"type": "internal",
						"path": "bestiary/HotDQ/Frulam Mondath.jpg"
					}
				}
			]
		},
		{
			"name": "Jamna Gleamsilver",
			"source": "HotDQ",
			"images": [
				{
					"type": "image",
					"href": {
						"type": "internal",
						"path": "bestiary/HotDQ/Jamna Gleamsilver.jpg"
					}
				}
			]
		},
		{
			"name": "Langdedrosa Cyanwrath",
			"source": "HotDQ",
			"images": [
				{
					"type": "image",
					"href": {
						"type": "internal",
						"path": "bestiary/HotDQ/Langdedrosa Cyanwrath.jpg"
					}
				}
			]
		},
		{
			"name": "Pharblex Spattergoo",
			"source": "HotDQ",
			"images": [
				{
					"type": "image",
					"href": {
						"type": "internal",
						"path": "bestiary/HotDQ/Pharblex Spattergoo.jpg"
					}
				}
			]
		},
		{
			"name": "Rath Modar",
			"source": "HotDQ",
			"images": [
				{
					"type": "image",
					"href": {
						"type": "internal",
						"path": "bestiary/HotDQ/Rath Modar.jpg"
					}
				}
			]
		},
		{
			"name": "Rezmir",
			"source": "HotDQ",
			"images": [
				{
					"type": "image",
					"href": {
						"type": "internal",
						"path": "bestiary/HotDQ/Rezmir.jpg"
					}
				}
			]
		},
		{
			"name": "Talis the White",
			"source": "HotDQ",
			"images": [
				{
					"type": "image",
					"href": {
						"type": "internal",
						"path": "bestiary/HotDQ/Talis the White.jpg"
					}
				}
			]
		},
		{
			"name": "Trepsin",
			"source": "HotDQ",
			"_copy": {
				"name": "Four-Armed Troll",
				"source": "HotDQ"
			}
		}
	]
}
