{
	"spell": [
		{
			"name": "Acid Stream",
			"source": "UA2020SpellsAndMagicTattoos",
			"page": 2,
			"level": 1,
			"school": "V",
			"time": [
				{
					"number": 1,
					"unit": "action"
				}
			],
			"range": {
				"type": "line",
				"distance": {
					"type": "feet",
					"amount": 30
				}
			},
			"components": {
				"v": true,
				"s": true,
				"m": "a bit of rotten food"
			},
			"duration": [
				{
					"type": "timed",
					"duration": {
						"type": "minute",
						"amount": 1
					},
					"concentration": true
				}
			],
			"entries": [
				"A stream of acid emanates from you in a line 30 feet long and 5 feet wide in a direction you choose. Each creature in the line must succeed on a Dexterity saving throw or be covered in acid for the spell's duration or until a creature uses its action to scrape or wash the acid off itself or another creature. A creature covered in the acid takes {@damage 3d4} acid damage at start of each of its turns."
			],
			"entriesHigherLevel": [
				{
					"type": "entries",
					"name": "At Higher Levels",
					"entries": [
						"When you cast this spell using a spell slot of 2nd level or higher, the damage increases by {@scaledamage 3d4|1-9|1d4} for each slot level above 1st."
					]
				}
			],
			"damageInflict": [
				"acid"
			],
			"savingThrow": [
				"dexterity"
			],
			"areaTags": [
				"L"
			],
			"classes": {
				"fromClassList": [
					{
						"name": "Sorcerer",
						"source": "PHB"
					},
					{
						"name": "Wizard",
						"source": "PHB"
					}
				]
			}
		},
		{
			"name": "Otherworldly Form",
			"source": "UA2020SpellsAndMagicTattoos",
			"page": 2,
			"level": 6,
			"school": "T",
			"time": [
				{
					"number": 1,
					"unit": "action"
				}
			],
			"range": {
				"type": "point",
				"distance": {
					"type": "self"
				}
			},
			"components": {
				"v": true,
				"s": true,
				"m": {
					"text": "an object engraved with a symbol of the Outer Planes, worth at least 500 gp",
					"cost": 50000
				}
			},
			"duration": [
				{
					"type": "timed",
					"duration": {
						"type": "minute",
						"amount": 1
					},
					"concentration": true
				}
			],
			"entries": [
				"Uttering an incantation, you draw on the magic of the Lower Planes or Upper Planes (your choice) to transform yourself. You gain the following benefits until the spell ends:",
				{
					"type": "list",
					"items": [
						"You are immune to fire and poison damage (Lower Planes) or radiant and necrotic damage (Upper Planes).",
						"You are immune to the {@condition poisoned} condition (Lower Planes) or the {@condition charmed} condition (Upper Planes).",
						"Spectral wings appear on your back, giving you a flying speed of 40 feet.",
						"You have a +2 bonus to AC.",
						"All your weapon attacks are magical, and when you make a weapon attack, you can use your spellcasting ability modifier, instead of Strength or Dexterity, for the attack and damage rolls.",
						"You can attack twice, instead of once, when you take the Attack action on your turn. You ignore this benefit if you already have a feature, like Extra Attack, that gives you extra attacks."
					]
				}
			],
			"damageImmune": [
				"fire",
				"poison",
				"radiant",
				"necrotic"
			],
			"conditionImmune": [
				"poisoned",
				"charmed"
			],
			"miscTags": [
				"MAC"
			],
			"areaTags": [
				"ST"
			],
			"classes": {
				"fromClassList": [
					{
						"name": "Cleric",
						"source": "PHB"
					},
					{
						"name": "Sorcerer",
						"source": "PHB"
					},
					{
						"name": "Warlock",
						"source": "PHB"
					},
					{
						"name": "Wizard",
						"source": "PHB"
					}
				]
			}
		},
		{
			"name": "Spirit Shroud",
			"source": "UA2020SpellsAndMagicTattoos",
			"page": 2,
			"level": 3,
			"school": "N",
			"time": [
				{
					"number": 1,
					"unit": "bonus action"
				}
			],
			"range": {
				"type": "point",
				"distance": {
					"type": "self"
				}
			},
			"components": {
				"v": true,
				"s": true
			},
			"duration": [
				{
					"type": "timed",
					"duration": {
						"type": "minute",
						"amount": 1
					},
					"concentration": true
				}
			],
			"entries": [
				"You call forth spirits of the dead, which flit around you for the spell's duration. The spirits are intangible and invulnerable, and they are good or evil (your choice).",
				"Until the spell ends, any attack you make deals {@damage 1d8} extra damage when you hit a creature within 10 feet of you. This damage is radiant if the spirits are good and necrotic if they are evil. Any creature that takes this damage can't regain hit points until the start of your next turn.",
				"In addition, any creature of your choice that you can see that starts its turn within 10 feet of you has its speed reduced by 10 feet until the start of your next turn."
			],
			"entriesHigherLevel": [
				{
					"type": "entries",
					"name": "At Higher Levels",
					"entries": [
						"When you cast this spell using a spell slot of 4th level or higher, the extra damage increases by {@scaledamage 1d8|3-9|1d8} for each slot level above 3rd."
					]
				}
			],
			"damageInflict": [
				"radiant",
				"necrotic",
				"cold"
			],
			"miscTags": [
				"SGT"
			],
			"classes": {
				"fromClassList": [
					{
						"name": "Cleric",
						"source": "PHB"
					},
					{
						"name": "Paladin",
						"source": "PHB"
					},
					{
						"name": "Warlock",
						"source": "PHB"
					},
					{
						"name": "Wizard",
						"source": "PHB"
					}
				]
			}
		},
		{
			"name": "Summon Aberrant Spirit",
			"source": "UA2020SpellsAndMagicTattoos",
			"page": 3,
			"level": 4,
			"school": "C",
			"time": [
				{
					"number": 1,
					"unit": "action"
				}
			],
			"range": {
				"type": "point",
				"distance": {
					"type": "feet",
					"amount": 90
				}
			},
			"components": {
				"v": true,
				"s": true,
				"m": {
					"text": "a pickled tentacle and an eyeball in a crystal vial worth at least 400 gp",
					"cost": 40000
				}
			},
			"duration": [
				{
					"type": "timed",
					"duration": {
						"type": "hour",
						"amount": 1
					},
					"concentration": true
				}
			],
			"entries": [
				"You call forth a spirit from the Far Realm or another alien realm of madness. The spirit manifests physically in an unoccupied space that you can see within range. This corporeal form uses the {@creature Aberrant Spirit|UA2020SpellsAndMagicTattoos} stat block. When you cast the spell, choose Beholderkin, Slaadi, or Star Spawn. The creature physically resembles your choice, which also determines some of the traits in its stat block. The creature disappears when it drops to 0 hit points or when the spell ends.",
				"The creature is friendly to you and your companions for the spell's duration. In combat, the creature shares your initiative count, but it takes its turn immediately after yours. It obeys verbal commands that you issue to it (no action required by you). If you don't issue any, it defends itself but otherwise takes no action."
			],
			"entriesHigherLevel": [
				{
					"type": "entries",
					"name": "At Higher Levels",
					"entries": [
						"When you cast this spell using a spell slot of 5th level or higher, the creature assumes the higher level for that casting wherever it uses the spell's level in its stat block."
					]
				}
			],
			"miscTags": [
				"SGT",
				"SMN"
			],
			"classes": {
				"fromClassList": [
					{
						"name": "Sorcerer",
						"source": "PHB"
					},
					{
						"name": "Warlock",
						"source": "PHB"
					},
					{
						"name": "Wizard",
						"source": "PHB"
					}
				]
			}
		},
		{
			"name": "Summon Bestial Spirit",
			"source": "UA2020SpellsAndMagicTattoos",
			"page": 3,
			"level": 2,
			"school": "C",
			"time": [
				{
					"number": 1,
					"unit": "action"
				}
			],
			"range": {
				"type": "point",
				"distance": {
					"type": "feet",
					"amount": 90
				}
			},
			"components": {
				"v": true,
				"s": true,
				"m": {
					"text": "a feather, tuft of fur, and fish tail inside a gilded acorn worth at least 200 gp",
					"cost": 20000
				}
			},
			"duration": [
				{
					"type": "timed",
					"duration": {
						"type": "hour",
						"amount": 1
					},
					"concentration": true
				}
			],
			"entries": [
				"You call forth the spirit of a beast. The spirit manifests physically in an unoccupied space that you can see within range. This corporeal form uses the {@creature Bestial Spirit|UA2020SpellsAndMagicTattoos} stat block. When you cast the spell, choose an environment: Air, Land, or Water. The creature physically resembles an animal of your choice that is native to the chosen environment, which also determines one of the movement modes in the creature's stat block. The creature disappears when it drops to 0 hit points or when the spell ends.",
				"The creature is friendly to you and your companions for the spell's duration. In combat, the creature shares your initiative count, but it takes its turn immediately after yours. It obeys verbal commands that you issue to it (no action required by you). If you don't issue any, it defends itself but otherwise takes no action."
			],
			"entriesHigherLevel": [
				{
					"type": "entries",
					"name": "At Higher Levels",
					"entries": [
						"When you cast this spell using a spell slot of 3rd level or higher, the creature assumes the higher level for that casting wherever it uses the spell's level in its stat block."
					]
				}
			],
			"miscTags": [
				"SGT",
				"SMN"
			],
			"classes": {
				"fromClassList": [
					{
						"name": "Druid",
						"source": "PHB"
					},
					{
						"name": "Ranger",
						"source": "PHB"
					}
				]
			}
		},
		{
			"name": "Summon Celestial Spirit",
			"source": "UA2020SpellsAndMagicTattoos",
			"page": 4,
			"level": 5,
			"school": "C",
			"time": [
				{
					"number": 1,
					"unit": "action"
				}
			],
			"range": {
				"type": "point",
				"distance": {
					"type": "feet",
					"amount": 90
				}
			},
			"components": {
				"v": true,
				"s": true,
				"m": {
					"text": "a golden reliquary worth at least 500 gp",
					"cost": 50000
				}
			},
			"duration": [
				{
					"type": "timed",
					"duration": {
						"type": "hour",
						"amount": 1
					},
					"concentration": true
				}
			],
			"entries": [
				"You call forth a spirit from the Upper Planes. The spirit manifests physically in an angelic form in an unoccupied space that you can see within range. This corporeal form uses the {@creature Celestial Spirit|UA2020SpellsAndMagicTattoos} stat block. When you cast the spell, choose Avenger or Defender. Your choice determines the creature's attack in its stat block. The creature disappears when it drops to 0 hit points or when the spell ends.",
				"The creature is friendly to you and your companions for the spell's duration. In combat, the creature shares your initiative count, but it takes its turn immediately after yours. It obeys verbal commands that you issue to it (no action required by you). If you don't issue any, it defends itself but otherwise takes no action."
			],
			"entriesHigherLevel": [
				{
					"type": "entries",
					"name": "At Higher Levels",
					"entries": [
						"When you cast this spell using a spell slot of 6th level or higher, the creature assumes the higher level for that casting wherever it uses the spell's level in its stat block."
					]
				}
			],
			"miscTags": [
				"SGT",
				"SMN"
			],
			"classes": {
				"fromClassList": [
					{
						"name": "Cleric",
						"source": "PHB"
					},
					{
						"name": "Paladin",
						"source": "PHB"
					}
				]
			}
		},
		{
			"name": "Summon Elemental Spirit",
			"source": "UA2020SpellsAndMagicTattoos",
			"page": 4,
			"level": 4,
			"school": "C",
			"time": [
				{
					"number": 1,
					"unit": "action"
				}
			],
			"range": {
				"type": "point",
				"distance": {
					"type": "feet",
					"amount": 90
				}
			},
			"components": {
				"v": true,
				"s": true,
				"m": {
					"text": "air, a pebble, ash, and water inside a crystal vial worth at least 400 gp",
					"cost": 40000
				}
			},
			"duration": [
				{
					"type": "timed",
					"duration": {
						"type": "hour",
						"amount": 1
					},
					"concentration": true
				}
			],
			"entries": [
				"You call forth a spirit from the Elemental Planes. The spirit manifests physically in an unoccupied space that you can see within range. This corporeal form uses the {@creature Elemental Spirit|UA2020SpellsAndMagicTattoos} stat block. When you cast the spell, choose an element: Air, Earth, Fire, or Water. The creature physically resembles a vaguely humanoid form wreathed in the chosen element, which also determines some of the traits in its stat block. The creature disappears when it drops to 0 hit points or when the spell ends.",
				"The creature is friendly to you and your companions for the spell's duration. In combat, the creature shares your initiative count, but it takes its turn immediately after yours. It obeys verbal commands that you issue to it (no action required by you). If you don't issue any, it defends itself but otherwise takes no action."
			],
			"entriesHigherLevel": [
				{
					"type": "entries",
					"name": "At Higher Levels",
					"entries": [
						"When you cast this spell using a spell slot of 5th level or higher, the creature assumes the higher level for that casting wherever it uses the spell's level in its stat block."
					]
				}
			],
			"miscTags": [
				"SGT",
				"SMN"
			],
			"classes": {
				"fromClassList": [
					{
						"name": "Druid",
						"source": "PHB"
					},
					{
						"name": "Sorcerer",
						"source": "PHB"
					},
					{
						"name": "Wizard",
						"source": "PHB"
					}
				]
			}
		},
		{
			"name": "Summon Fey Spirit",
			"source": "UA2020SpellsAndMagicTattoos",
			"page": 5,
			"level": 3,
			"school": "C",
			"time": [
				{
					"number": 1,
					"unit": "action"
				}
			],
			"range": {
				"type": "point",
				"distance": {
					"type": "feet",
					"amount": 90
				}
			},
			"components": {
				"v": true,
				"s": true,
				"m": {
					"text": "a gilded flower worth at least 300 gp",
					"cost": 30000
				}
			},
			"duration": [
				{
					"type": "timed",
					"duration": {
						"type": "hour",
						"amount": 1
					},
					"concentration": true
				}
			],
			"entries": [
				"You call forth a spirit from the Feywild. The spirit manifests physically in an unoccupied space that you can see within range. This corporeal form uses the {@creature Fey Spirit|UA2020SpellsAndMagicTattoos} stat block. When you cast the spell, choose a mood: Deceitful, Furious, or Joyful. The creature physically resembles a satyr, a dryad, or an elf (your choice) marked by the chosen mood, which also determines one of the traits in its stat block. The creature disappears when it drops to 0 hit points or when the spell ends.",
				"The creature is friendly to you and your companions for the spell's duration. In combat, the creature shares your initiative count, but it takes its turn immediately after yours. It obeys verbal commands that you issue to it (no action required by you). If you don't issue any, it defends itself but otherwise takes no action."
			],
			"entriesHigherLevel": [
				{
					"type": "entries",
					"name": "At Higher Levels",
					"entries": [
						"When you cast this spell using a spell slot of 4th level or higher, the creature assumes the higher level for that casting wherever it uses the spell's level in its stat block."
					]
				}
			],
			"miscTags": [
				"SGT",
				"SMN"
			],
			"classes": {
				"fromClassList": [
					{
						"name": "Bard",
						"source": "PHB"
					},
					{
						"name": "Druid",
						"source": "PHB"
					},
					{
						"name": "Sorcerer",
						"source": "PHB"
					},
					{
						"name": "Warlock",
						"source": "PHB"
					},
					{
						"name": "Wizard",
						"source": "PHB"
					}
				]
			}
		},
		{
			"name": "Summon Fiendish Spirit",
			"source": "UA2020SpellsAndMagicTattoos",
			"page": 6,
			"level": 6,
			"school": "C",
			"time": [
				{
					"number": 1,
					"unit": "action"
				}
			],
			"range": {
				"type": "point",
				"distance": {
					"type": "feet",
					"amount": 90
				}
			},
			"components": {
				"v": true,
				"s": true,
				"m": {
					"text": "humanoid blood inside a ruby vial worth at least 600 gp",
					"cost": 60000
				}
			},
			"duration": [
				{
					"type": "timed",
					"duration": {
						"type": "hour",
						"amount": 1
					},
					"concentration": true
				}
			],
			"entries": [
				"You call forth a fiendish spirit from the Lower Planes. The spirit manifests physically in an unoccupied space that you can see within range. This corporeal form uses the {@creature Fiendish Spirit|UA2020SpellsAndMagicTattoos} stat block. When you cast the spell, choose Demon, Devil, or Yugoloth. The creature physically resembles a fiend of the chosen type, which also determines some of the traits in its stat block. The creature disappears when it drops to 0 hit points or when the spell ends.",
				"The creature is friendly to you and your companions for the spell's duration. In combat, the creature shares your initiative count, but it takes its turn immediately after yours. It obeys verbal commands that you issue to it (no action required by you). If you don't issue any, it defends itself but otherwise takes no action."
			],
			"entriesHigherLevel": [
				{
					"type": "entries",
					"name": "At Higher Levels",
					"entries": [
						"When you cast this spell using a spell slot of 7th level or higher, the creature assumes the higher level for that casting wherever it uses the spell's level in its stat block."
					]
				}
			],
			"miscTags": [
				"SGT",
				"SMN"
			],
			"classes": {
				"fromClassList": [
					{
						"name": "Warlock",
						"source": "PHB"
					},
					{
						"name": "Wizard",
						"source": "PHB"
					}
				]
			}
		},
		{
			"name": "Summon Shadow Spirit",
			"source": "UA2020SpellsAndMagicTattoos",
			"page": 7,
			"level": 3,
			"school": "C",
			"time": [
				{
					"number": 1,
					"unit": "action"
				}
			],
			"range": {
				"type": "point",
				"distance": {
					"type": "feet",
					"amount": 90
				}
			},
			"components": {
				"v": true,
				"s": true,
				"m": {
					"text": "tears inside a crystal vial worth at least 300 gp",
					"cost": 30000
				}
			},
			"duration": [
				{
					"type": "timed",
					"duration": {
						"type": "hour",
						"amount": 1
					},
					"concentration": true
				}
			],
			"entries": [
				"You call forth a shadowy spirit from the Shadowfell. The spirit manifests physically in an unoccupied space that you can see within range. This corporeal form uses the {@creature Shadow Spirit|UA2020SpellsAndMagicTattoos} stat block. When you cast the spell, choose an emotion: Fury, Despair, or Fear. The creature physically resembles a misshapen humanoid marked by the chosen emotion, which also determines some of the traits in its stat block. The creature disappears when it drops to 0 hit points or when the spell ends.",
				"The creature is friendly to you and your companions for the spell's duration. In combat, the creature shares your initiative count, but it takes its turn immediately after yours. It obeys verbal commands that you issue to it (no action required by you). If you don't issue any, it defends itself but otherwise takes no action."
			],
			"entriesHigherLevel": [
				{
					"type": "entries",
					"name": "At Higher Levels",
					"entries": [
						"When you cast this spell using a spell slot of 4th level or higher, the creature assumes the higher level for that casting wherever it uses the spell's level in its stat block."
					]
				}
			],
			"miscTags": [
				"SGT",
				"SMN"
			],
			"classes": {
				"fromClassList": [
					{
						"name": "Sorcerer",
						"source": "PHB"
					},
					{
						"name": "Warlock",
						"source": "PHB"
					},
					{
						"name": "Wizard",
						"source": "PHB"
					}
				]
			}
		},
		{
			"name": "Summon Undead Spirit",
			"source": "UA2020SpellsAndMagicTattoos",
			"page": 7,
			"level": 3,
			"school": "N",
			"time": [
				{
					"number": 1,
					"unit": "action"
				}
			],
			"range": {
				"type": "point",
				"distance": {
					"type": "feet",
					"amount": 90
				}
			},
			"components": {
				"v": true,
				"s": true,
				"m": {
					"text": "a gilded humanoid skull worth at least 300 gp",
					"cost": 30000
				}
			},
			"duration": [
				{
					"type": "timed",
					"duration": {
						"type": "hour",
						"amount": 1
					},
					"concentration": true
				}
			],
			"entries": [
				"You call forth a restless spirit from beyond the grave. The spirit manifests physically in an unoccupied space that you can see within range. This corporeal form uses the {@creature Undead Spirit|UA2020SpellsAndMagicTattoos} stat block. When you cast the spell, choose the creature's form: Ghostly, Putrid, or Skeletal. The creature physically resembles a humanoid with the chosen form, which also determines some of the traits in its stat block. The creature disappears when it drops to 0 hit points or when the spell ends.",
				"The creature is friendly to you and your companions for the spell's duration. In combat, the creature shares your initiative count, but it takes its turn immediately after yours. It obeys verbal commands that you issue to it (no action required by you). If you don't issue any, it defends itself but otherwise takes no action."
			],
			"entriesHigherLevel": [
				{
					"type": "entries",
					"name": "At Higher Levels",
					"entries": [
						"When you cast this spell using a spell slot of 4th level or higher, the creature assumes the higher level for that casting wherever it uses the spell's level in its stat block."
					]
				}
			],
			"miscTags": [
				"SGT",
				"SMN"
			],
			"classes": {
				"fromClassList": [
					{
						"name": "Warlock",
						"source": "PHB"
					},
					{
						"name": "Wizard",
						"source": "PHB"
					}
				]
			}
		}
	]
}
