{
	"spell": [
		{
			"name": "Ashardalon's Stride",
			"source": "FTD",
			"page": 19,
			"level": 3,
			"school": "T",
			"time": [
				{
					"number": 1,
					"unit": "bonus"
				}
			],
			"range": {
				"type": "point",
				"distance": {
					"type": "self"
				}
			},
			"components": {
				"v": true,
				"s": true
			},
			"duration": [
				{
					"type": "timed",
					"duration": {
						"type": "minute",
						"amount": 1
					},
					"concentration": true
				}
			],
			"entries": [
				"The billowing flames of a dragon blast from your feet, granting you explosive speed. For the duration, your speed increases by 20 feet and moving doesn't provoke opportunity attacks.",
				"When you move within 5 feet of a creature or an object that isn't being worn or carried, it takes {@damage 1d6} fire damage from your trail of heat. A creature or object can take this damage only once during a turn."
			],
			"entriesHigherLevel": [
				{
					"type": "entries",
					"name": "At Higher Levels",
					"entries": [
						"When you cast this spell using a spell slot of 4th level or higher, increase your speed by 5 feet for each spell slot level above 3rd. The spell deals an additional {@damage 1d6} fire damage for each slot level above 3rd."
					]
				}
			],
			"damageInflict": [
				"fire"
			],
			"classes": {
				"fromClassList": [
					{
						"name": "Artificer",
						"source": "TCE"
					},
					{
						"name": "Ranger",
						"source": "PHB"
					},
					{
						"name": "Sorcerer",
						"source": "PHB"
					},
					{
						"name": "Wizard",
						"source": "PHB"
					}
				]
			},
			"hasFluffImages": true
		},
		{
			"name": "Draconic Transformation",
			"source": "FTD",
			"page": 19,
			"level": 7,
			"school": "T",
			"time": [
				{
					"number": 1,
					"unit": "bonus"
				}
			],
			"range": {
				"type": "cone",
				"distance": {
					"type": "feet",
					"amount": 60
				}
			},
			"components": {
				"v": true,
				"s": true,
				"m": {
					"text": "a statuette of a dragon, worth at least 500 gp",
					"cost": 50000
				}
			},
			"duration": [
				{
					"type": "timed",
					"duration": {
						"type": "minute",
						"amount": 1
					},
					"concentration": true
				}
			],
			"entries": [
				"With a roar, you draw on the magic of dragons to transform yourself, taking on draconic features. You gain the following benefits until the spell ends:",
				{
					"type": "list",
					"style": "list-hang-notitle",
					"items": [
						{
							"type": "item",
							"name": "Blindsight.",
							"entries": [
								"You have {@sense blindsight} with a range of 30 feet. Within that range, you can effectively see anything that isn't behind total cover, even if you're {@condition blinded} or in darkness. Moreover, you can see an {@condition invisible} creature, unless the creature successfully hides from you."
							]
						},
						{
							"type": "item",
							"name": "Breath Weapon.",
							"entries": [
								"When you cast this spell, and as a bonus action on subsequent turns for the duration, you can exhale shimmering energy in a 60-foot cone. Each creature in that area must make a Dexterity saving throw, taking {@damage 6d8} force damage on a failed save, or half as much damage on a successful one."
							]
						},
						{
							"type": "item",
							"name": "Wings.",
							"entries": [
								"Incorporeal wings sprout from your back, giving you a flying speed of 60 feet."
							]
						}
					]
				}
			],
			"damageInflict": [
				"force"
			],
			"savingThrow": [
				"dexterity"
			],
			"miscTags": [
				"SGT"
			],
			"classes": {
				"fromClassList": [
					{
						"name": "Druid",
						"source": "PHB"
					},
					{
						"name": "Sorcerer",
						"source": "PHB"
					},
					{
						"name": "Wizard",
						"source": "PHB"
					}
				]
			}
		},
		{
			"name": "Fizban's Platinum Shield",
			"source": "FTD",
			"page": 20,
			"level": 6,
			"school": "A",
			"time": [
				{
					"number": 1,
					"unit": "bonus"
				}
			],
			"range": {
				"type": "point",
				"distance": {
					"type": "feet",
					"amount": 60
				}
			},
			"components": {
				"v": true,
				"s": true,
				"m": {
					"text": "a platinum-plated dragon scale, worth at least 500 gp",
					"cost": 50000
				}
			},
			"duration": [
				{
					"type": "timed",
					"duration": {
						"type": "minute",
						"amount": 1
					},
					"concentration": true
				}
			],
			"entries": [
				"You create a field of silvery light that surrounds a creature of your choice within range (you can choose yourself). The field sheds dim light out to 5 feet. While surrounded by the field, a creature gains the following benefits:",
				{
					"type": "list",
					"style": "list-hang-notitle",
					"items": [
						{
							"type": "item",
							"name": "Cover.",
							"entries": [
								"The creature has half cover."
							]
						},
						{
							"type": "item",
							"name": "Damage Resistance.",
							"entries": [
								"The creature has resistance to acid, cold, fire, lightning, and poison damage."
							]
						},
						{
							"type": "item",
							"name": "Evasion.",
							"entries": [
								"If the creature is subjected to an effect that allows it to make a Dexterity saving throw to take only half damage, the creature instead takes no damage if it succeeds on the saving throw, and only half damage if it fails.",
								"As a bonus action on subsequent turns, you can move the field to another creature within 60 feet of the field."
							]
						}
					]
				}
			],
			"classes": {
				"fromClassList": [
					{
						"name": "Sorcerer",
						"source": "PHB"
					},
					{
						"name": "Wizard",
						"source": "PHB"
					}
				]
			}
		},
		{
			"name": "Nathair's Mischief",
			"source": "FTD",
			"page": 20,
			"level": 2,
			"school": "I",
			"time": [
				{
					"number": 1,
					"unit": "action"
				}
			],
			"range": {
				"type": "point",
				"distance": {
					"type": "feet",
					"amount": 60
				}
			},
			"components": {
				"s": true,
				"m": "a piece of crust from an apple pie"
			},
			"duration": [
				{
					"type": "timed",
					"duration": {
						"type": "minute",
						"amount": 1
					},
					"concentration": true
				}
			],
			"entries": [
				"You fill a 20-foot cube you can see within range with fey and draconic magic. Roll on the Mischievous Surge table to determine the magical effect produced, and roll again at the start of each of your turns until the spell ends. You can move the cube up to 10 feet before you roll.",
				{
					"type": "table",
					"caption": "Mischievous Surge",
					"colLabels": [
						"d4",
						"Effect"
					],
					"colStyles": [
						"col-2 text-center",
						"col-10"
					],
					"rows": [
						[
							"1",
							"The smell of apple pie fills the air, and each creature in the cube must succeed on a Wisdom saving throw or become {@condition charmed} by you until the start of your next turn."
						],
						[
							"2",
							"Bouquets of flowers appear all around, and each creature in the cube must succeed on a Dexterity saving throw or be {@condition blinded} until the start of your next turn as the flowers spray water in their faces."
						],
						[
							"3",
							"Each creature in the cube must succeed on a Wisdom saving throw or begin giggling until the start of your next turn. A giggling creature is {@condition incapacitated} and uses all its movement to move in a random direction."
						],
						[
							"4",
							"Drops of molasses hover in the cube, making it difficult terrain until the start of your next turn."
						]
					]
				}
			],
			"miscTags": [
				"SGT"
			],
			"classes": {
				"fromClassList": [
					{
						"name": "Bard",
						"source": "PHB"
					},
					{
						"name": "Sorcerer",
						"source": "PHB"
					},
					{
						"name": "Wizard",
						"source": "PHB"
					}
				]
			}
		},
		{
			"name": "Raulothim's Psychic Lance",
			"source": "FTD",
			"page": 21,
			"level": 4,
			"school": "E",
			"time": [
				{
					"number": 1,
					"unit": "action"
				}
			],
			"range": {
				"type": "point",
				"distance": {
					"type": "feet",
					"amount": 120
				}
			},
			"components": {
				"v": true
			},
			"duration": [
				{
					"type": "instant"
				}
			],
			"entries": [
				"You unleash a shimmering lance of psychic power from your forehead at a creature that you can see within range. Alternatively, you can utter a creature's name. If the named target is within range, it becomes the spell's target even if you can't see it. If the named target isn't within range, the lance dissipates without effect.",
				"The target must make an Intelligence saving throw. On a failed save, the target takes {@damage 7d6} psychic damage and is {@condition incapacitated} until the start of your next turn. On a successful save, the creature takes half as much damage and isn't {@condition incapacitated}."
			],
			"entriesHigherLevel": [
				{
					"type": "entries",
					"name": "At Higher Levels",
					"entries": [
						"When you cast this spell using a spell slot of 5th level or higher, the damage increases by {@dice 1d6} for each slot level above 4th."
					]
				}
			],
			"damageInflict": [
				"psychic"
			],
			"conditionInflict": [
				"incapacitated"
			],
			"savingThrow": [
				"intelligence"
			],
			"miscTags": [
				"SGT"
			],
			"classes": {
				"fromClassList": [
					{
						"name": "Bard",
						"source": "PHB"
					},
					{
						"name": "Sorcerer",
						"source": "PHB"
					},
					{
						"name": "Warlock",
						"source": "PHB"
					},
					{
						"name": "Wizard",
						"source": "PHB"
					}
				]
			}
		},
		{
			"name": "Rime's Binding Ice",
			"source": "FTD",
			"page": 21,
			"level": 2,
			"school": "V",
			"time": [
				{
					"number": 1,
					"unit": "action"
				}
			],
			"range": {
				"type": "cone",
				"distance": {
					"type": "feet",
					"amount": 30
				}
			},
			"components": {
				"s": true,
				"m": "a vial of meltwater"
			},
			"duration": [
				{
					"type": "instant"
				}
			],
			"entries": [
				"A burst of cold energy emanates from you in a 30-foot cone. Each creature in that area must make a Constitution saving throw. On a failed save, a creature takes {@damage 3d8} cold damage and is hindered by ice formations for 1 minute, or until it or another creature within reach of it uses an action to break away the ice. A creature hindered by ice has its speed reduced to 0. On a successful save, a creature takes half as much damage and isn't hindered by ice."
			],
			"entriesHigherLevel": [
				{
					"type": "entries",
					"name": "At Higher Levels",
					"entries": [
						"When you cast this spell using a spell slot of 3rd level or higher, increase the cold damage by {@dice 1d8} for each slot level above 2nd."
					]
				}
			],
			"damageInflict": [
				"cold"
			],
			"savingThrow": [
				"constitution"
			],
			"classes": {
				"fromClassList": [
					{
						"name": "Sorcerer",
						"source": "PHB"
					},
					{
						"name": "Wizard",
						"source": "PHB"
					}
				]
			},
			"hasFluffImages": true
		},
		{
			"name": "Summon Draconic Spirit",
			"source": "FTD",
			"page": 21,
			"level": 5,
			"school": "C",
			"time": [
				{
					"number": 1,
					"unit": "action"
				}
			],
			"range": {
				"type": "point",
				"distance": {
					"type": "feet",
					"amount": 60
				}
			},
			"components": {
				"v": true,
				"s": true,
				"m": {
					"text": "an object with the image of a dragon engraved on it, worth at least 500 gp",
					"cost": 50000
				}
			},
			"duration": [
				{
					"type": "timed",
					"duration": {
						"type": "hour",
						"amount": 1
					},
					"concentration": true
				}
			],
			"entries": [
				"You call forth a {@creature draconic spirit|FTD}. It manifests in an unoccupied space that you can see within range. This corporeal form uses the Draconic Spirit stat block. When you cast this spell, choose a family of dragon: chromatic, gem, or metallic. The creature resembles a dragon of the chosen family, which determines certain traits in its stat block. The creature disappears when it drops to 0 hit points or when the spell ends.",
				"The creature is an ally to you and your companions. In combat, the creature shares your initiative count, but it takes its turn immediately after yours. It obeys your verbal commands (no action required by you). If you don't issue any, it takes the {@action Dodge} action and uses its move to avoid danger."
			],
			"entriesHigherLevel": [
				{
					"type": "entries",
					"name": "At Higher Levels",
					"entries": [
						"When you cast this spell using a spell slot of 6th level or higher, use the higher level wherever the spell's level appears in the stat block."
					]
				}
			],
			"conditionInflict": [
				"charmed",
				"frightened",
				"poisoned"
			],
			"savingThrow": [
				"dexterity"
			],
			"miscTags": [
				"SGT",
				"SMN"
			],
			"classes": {
				"fromClassList": [
					{
						"name": "Druid",
						"source": "PHB"
					},
					{
						"name": "Sorcerer",
						"source": "PHB"
					},
					{
						"name": "Wizard",
						"source": "PHB"
					}
				]
			}
		}
	]
}
