{
	"data": [
		{
			"type": "section",
			"name": "Activity Pages",
			"page": 1,
			"entries": [
				{
					"type": "image",
					"href": {
						"type": "internal",
						"path": "book/MGELFT/00000.webp"
					},
					"title": "Muk's Guide to Everything he Learned From Tasha",
					"credit": "Emi Tanji",
					"expectsLightBackground": true,
					"altText": "Muk's Guide to Everything he Learned From Tasha",
					"width": 1255,
					"height": 1254
				},
				{
					"type": "quote",
					"style": "quote-pull",
					"entries": [
						"An adventure activity book for players of all levels"
					],
					"skipMarks": true,
					"skipItalics": true
				},
				{
					"type": "entries",
					"style": "text-center",
					"entries": [
						{
							"type": "entries",
							"entries": [
								{
									"type": "entries",
									"name": "In Support of Extra Life",
									"page": 1,
									"entries": [
										"",
										"Created & Illustrated by Emi Tanji",
										"Adventure & Design Genius by Adam Lee and Chris Lindsay",
										"Special Thanks to Bart Carroll and Brandy Camel"
									],
									"id": "003"
								}
							],
							"id": "002"
						}
					],
					"id": "001"
				},
				{
					"type": "image",
					"href": {
						"type": "internal",
						"path": "book/MGELFT/00004.webp"
					},
					"title": "Hello! Muk and {@creature Birdsquirrel|AWM}, here!",
					"credit": "Emi Tanji",
					"expectsLightBackground": true,
					"altText": "Hello! Muk and Birdsquirrel, here! Notice anything new? Me, Muk! The goblin! My best friend, Birdsquirrel! There's a special visitor in the Dankwood today and we'd like you to meet her...",
					"width": 1280,
					"height": 1655
				},
				{
					"type": "image",
					"href": {
						"type": "internal",
						"path": "book/MGELFT/00005.webp"
					},
					"title": "Tasha the Witch",
					"credit": "Emi Tanji",
					"expectsLightBackground": true,
					"altText": "Tasha the Witch",
					"width": 1280,
					"height": 1655
				},
				{
					"type": "image",
					"href": {
						"type": "internal",
						"path": "book/MGELFT/00006.webp"
					},
					"title": "Give everyone a witch hat",
					"credit": "Emi Tanji",
					"expectsLightBackground": true,
					"altText": "Give everyone a witch hat. Muk. Birdsquirrel. Tasha. Mordenkainen (He's not a witch, but Tasha says he wishes he were.) Yeti Tyke (If a Yeti Tyke wants to be a witch... let them!",
					"width": 1280,
					"height": 1655
				},
				{
					"type": "image",
					"href": {
						"type": "internal",
						"path": "book/MGELFT/00007.webp"
					},
					"title": "Tasha has traveled to many lands, and has met some fantastic creatures!",
					"credit": "Emi Tanji",
					"expectsLightBackground": true,
					"altText": "Tasha has traveled to many lands, and has met some fantastic creatures! A Kobold Artificer and her baby toucan homunculus servant, most kobolds are totally obsessed with dragons! A Tabaxi Swarmkeeper who cares for colorful dragonflies, Tabaxis like shiny things. A kind Firbolg Circle of Spores Druid.",
					"width": 1280,
					"height": 1655
				},
				{
					"type": "image",
					"href": {
						"type": "internal",
						"path": "book/MGELFT/00008.webp"
					},
					"title": "Raiding Tasha's Closet!",
					"credit": "Emi Tanji",
					"expectsLightBackground": true,
					"altText": "Raiding Tasha's Closet! What wondrous outfits! The Robe of Eyes lets you see in all directions! Let those grungs try to sneak up on me now!",
					"width": 1280,
					"height": 1655
				},
				{
					"type": "image",
					"href": {
						"type": "internal",
						"path": "book/MGELFT/00009.webp"
					},
					"title": "What does YOUR magical spellcaster look like?",
					"credit": "Emi Tanji",
					"expectsLightBackground": true,
					"altText": "What does YOUR magical spellcaster look like? Your name. Magical item(s).",
					"width": 1278,
					"height": 1655
				},
				{
					"type": "image",
					"href": {
						"type": "internal",
						"path": "book/MGELFT/00010.webp"
					},
					"title": "What's in Tasha's Cauldron?",
					"credit": "Emi Tanji",
					"expectsLightBackground": true,
					"altText": "What's in Tasha's Cauldron? What do you think belongs in Tasha's bubbling cauldron? Ingredients, Two rotting: A pinch of: Two cups of: A handful of:",
					"width": 1280,
					"height": 1655
				},
				{
					"type": "entries",
					"page": 9,
					"style": "text-center",
					"entries": [
						"A spell {@b COMPONENT} is what you need to cast a spell.",
						"But they're not always items!",
						"Sometimes it is a magical phrase or gesture.",
						"What are some ingredients you might use for a spell?",
						{
							"type": "inset",
							"name": "Types of Spell Components",
							"page": 9,
							"entries": [
								{
									"type": "list",
									"style": "list-no-bullets",
									"columns": 3,
									"page": 9,
									"items": [
										{
											"type": "image",
											"href": {
												"type": "internal",
												"path": "book/MGELFT/00010a.webp"
											},
											"credit": "Emi Tanji",
											"expectsLightBackground": true,
											"maxHeight": 150,
											"width": 1037,
											"height": 613
										},
										{
											"type": "item",
											"name": "Verbal (V):",
											"entries": [
												"Magical words that can be spoken, chanted or sung in a particular way."
											]
										},
										{
											"type": "image",
											"href": {
												"type": "internal",
												"path": "book/MGELFT/00010b.webp"
											},
											"credit": "Emi Tanji",
											"expectsLightBackground": true,
											"maxHeight": 150,
											"width": 834,
											"height": 658
										},
										{
											"type": "item",
											"name": "Somatic (S):",
											"entries": [
												"Physical movements like waving your hands or wiggling your nose."
											]
										},
										{
											"type": "image",
											"href": {
												"type": "internal",
												"path": "book/MGELFT/00010c.webp"
											},
											"credit": "Emi Tanji",
											"expectsLightBackground": true,
											"maxHeight": 150,
											"width": 889,
											"height": 659
										},
										{
											"type": "item",
											"name": "Material (M):",
											"entries": [
												"Particular objects that are needed to cast your spell."
											]
										}
									]
								}
							],
							"id": "007"
						}
					],
					"id": "004"
				},
				{
					"type": "image",
					"href": {
						"type": "internal",
						"path": "book/MGELFT/00011.webp"
					},
					"title": "Some items you might find in the Dankwood",
					"credit": "Emi Tanji",
					"expectsLightBackground": true,
					"altText": "Some items you might find in the Dankwood. Stinky gray slaad toenail clippings. A glass jar with a single napping honeybee inside. Definitely a magical snake stick. Clumps of gross, gooey spiderfrog webs. Hey! #1 DumDum, Mystery brew from the Dum-Dum Goblin village. An expensive elven scroll that was stolen found. The Shiniest Rock. That's MY shiny rock. Family of singing mushrooms. An owlbear feather. A torn and mysterious fortune. \"A black wind howls.\"",
					"width": 1280,
					"height": 1655
				},
				{
					"type": "image",
					"href": {
						"type": "internal",
						"path": "book/MGELFT/00012.webp"
					},
					"title": "Our last ingredient is: Fruit from the Winnieberry Tree",
					"credit": "Emi Tanji",
					"expectsLightBackground": true,
					"altText": "Our last ingredient is: Fruit from the Winnieberry Tree. But first get past the grumpy grungs! They're similar in size to us goblins! Why so cranky?!",
					"width": 1279,
					"height": 1655
				},
				{
					"type": "entries",
					"name": "Can you spot the difference?",
					"page": 12,
					"style": "text-center",
					"entries": [
						"Find {@b 10} differences between these two pictures!",
						{
							"type": "gallery",
							"images": [
								{
									"type": "image",
									"href": {
										"type": "internal",
										"path": "book/MGELFT/00013.webp"
									},
									"credit": "Emi Tanji",
									"expectsLightBackground": true,
									"width": 1275,
									"height": 1650
								},
								{
									"type": "image",
									"href": {
										"type": "internal",
										"path": "book/MGELFT/00014.webp"
									},
									"credit": "Emi Tanji",
									"expectsLightBackground": true,
									"width": 1275,
									"height": 1650
								}
							]
						}
					],
					"id": "008"
				},
				{
					"type": "entries",
					"page": 14,
					"entries": [
						{
							"type": "image",
							"href": {
								"type": "internal",
								"path": "book/MGELFT/00015.webp"
							},
							"title": "{@b Rough River} ahead!",
							"credit": "Emi Tanji",
							"expectsLightBackground": true,
							"altText": "Rough River ahead!",
							"width": 1280,
							"height": 1655
						},
						"Help our adventurers choose the right route to get to {@b safety!}",
						"Use the whirlpool arrows to move Muk's boat faster down the river.",
						"They can navigate around rocks, logs and bumpy water. But if they hit a monster (shown with an {@b X}), it'll be a very soggy trip."
					],
					"id": "009"
				},
				{
					"type": "entries",
					"name": "The winnieberry tree! We made it!",
					"page": 15,
					"entries": [
						"Watch out for the {@creature vargouille|VGM|Vargouilles}!",
						"Tiny weirdos who fly around with {@b bat-like} wings where their ears should be! Yuck!",
						{
							"type": "image",
							"href": {
								"type": "internal",
								"path": "book/MGELFT/00016.webp"
							},
							"credit": "Emi Tanji",
							"expectsLightBackground": true,
							"width": 1280,
							"height": 1653
						},
						"Which tree branch should Muk climb that will give him the MOST fruit?",
						"Hurry, the {@creature vargouille|VGM|vargouilles} are starting to swarm!"
					],
					"id": "00a"
				},
				{
					"type": "entries",
					"name": "Winnieberry Mission Accomplished!",
					"page": 16,
					"entries": [
						{
							"type": "image",
							"href": {
								"type": "internal",
								"path": "book/MGELFT/00017.webp"
							},
							"title": "Having a {@b sidekick} like {@creature Birdsquirrel|AWM} is the best!",
							"credit": "Emi Tanji",
							"expectsLightBackground": true,
							"width": 1148,
							"height": 850
						},
						{
							"type": "inset",
							"name": "Fun Sidekick Ideas",
							"page": 16,
							"style": "text-center",
							"entries": [
								{
									"type": "list",
									"style": "list-no-bullets",
									"columns": 2,
									"page": 16,
									"items": [
										{
											"type": "item",
											"name": "A Childhood Pet",
											"entries": [
												{
													"type": "quote",
													"entries": [
														"We've been inseparable since the day I was born!"
													]
												}
											]
										},
										{
											"type": "item",
											"name": "Someone You Rescued",
											"entries": [
												{
													"type": "quote",
													"entries": [
														"Thank you for pulling me from the Rough River!"
													]
												}
											]
										},
										{
											"type": "item",
											"name": "The Befriended Creature",
											"entries": [
												{
													"type": "quote",
													"entries": [
														"I like you kid, you might smell funny but I'll show you the way out of this maze."
													]
												}
											]
										},
										{
											"type": "item",
											"name": "The Expert",
											"entries": [
												{
													"type": "quote",
													"entries": [
														"I love picking locks! And sneaking. And treasure. Let me come along!"
													]
												}
											]
										}
									]
								}
							],
							"id": "00c"
						}
					],
					"id": "00b"
				},
				{
					"type": "image",
					"href": {
						"type": "internal",
						"path": "book/MGELFT/00018.webp"
					},
					"title": "Sidekicks can be age old friends...ones we call family...or those we've just met!",
					"credit": "Emi Tanji",
					"expectsLightBackground": true,
					"altText": "Sidekicks can be age old friends...ones we call family...or those we've just met!",
					"width": 1280,
					"height": 1655
				},
				{
					"type": "image",
					"href": {
						"type": "internal",
						"path": "book/MGELFT/00019.webp"
					},
					"title": "How to draw a SIDEKICK",
					"credit": "Emi Tanji",
					"expectsLightBackground": true,
					"altText": "How to draw a SIDEKICK. Yeti Tyke, Almiraj, Kobold. Now you try! Write a note to your sidekick! Ask an adult if you need help cutting out the letter.",
					"width": 1700,
					"height": 2200
				},
				{
					"type": "image",
					"href": {
						"type": "internal",
						"path": "book/MGELFT/00020.webp"
					},
					"title": "Thank you sidekick",
					"credit": "Emi Tanji",
					"expectsLightBackground": true,
					"altText": "Thank you sidekick. My Sidekick's Name. Picture of my Sidekick. How we first met. My favourite things about my sidekick. Signed:",
					"width": 1280,
					"height": 1655
				},
				{
					"type": "entries",
					"page": 20,
					"entries": [
						{
							"type": "image",
							"href": {
								"type": "internal",
								"path": "book/MGELFT/00021.webp"
							},
							"title": "A spell no one's heard of is just a spell that's yet to be discovered!",
							"credit": "Emi Tanji",
							"expectsLightBackground": true,
							"altText": "A spell no one's heard of is just a spell that's yet to be discovered!",
							"width": 1280,
							"height": 1655
						},
						{
							"type": "inset",
							"name": "Fun Fact",
							"page": 20,
							"entries": [
								"{@creature Tasha the Witch|VEoR|Tasha} is adopted. She was raised by the famous witch, Baba Yaga, who lives in a hut that sits on giant chicken legs!"
							],
							"id": "00e"
						}
					],
					"id": "00d"
				},
				{
					"type": "entries",
					"page": 21,
					"entries": [
						"Help Muk choose just the right words to describe his adventure with Tasha!",
						{
							"type": "image",
							"href": {
								"type": "internal",
								"path": "book/MGELFT/00021a.webp"
							},
							"title": "Arcana Check!",
							"credit": "Emi Tanji",
							"expectsLightBackground": true,
							"altText": "Arcana Check!",
							"width": 1000,
							"height": 620
						},
						{
							"type": "list",
							"style": "list-no-bullets",
							"page": 21,
							"items": [
								{
									"type": "item",
									"name": "Adjective:",
									"entries": [
										""
									]
								},
								{
									"type": "item",
									"name": "Verb, past tense:",
									"entries": [
										""
									]
								},
								{
									"type": "item",
									"name": "Adjective:",
									"entries": [
										""
									]
								},
								{
									"type": "item",
									"name": "Part of the body (Plural):",
									"entries": [
										""
									]
								},
								{
									"type": "item",
									"name": "Verb:",
									"entries": [
										""
									]
								},
								{
									"type": "item",
									"name": "Adjective:",
									"entries": [
										""
									]
								},
								{
									"type": "item",
									"name": "Noun:",
									"entries": [
										""
									]
								},
								{
									"type": "item",
									"name": "Number:",
									"entries": [
										""
									]
								},
								{
									"type": "item",
									"name": "Adjective:",
									"entries": [
										""
									]
								},
								{
									"type": "item",
									"name": "Plural noun:",
									"entries": [
										""
									]
								},
								{
									"type": "item",
									"name": "Color:",
									"entries": [
										""
									]
								},
								{
									"type": "item",
									"name": "Plural noun:",
									"entries": [
										""
									]
								},
								{
									"type": "item",
									"name": "Noun:",
									"entries": [
										""
									]
								},
								{
									"type": "item",
									"name": "Type of container:",
									"entries": [
										""
									]
								},
								{
									"type": "item",
									"name": "Person in room:",
									"entries": [
										""
									]
								},
								{
									"type": "item",
									"name": "Noun:",
									"entries": [
										""
									]
								}
							]
						},
						{
							"type": "list",
							"style": "list-no-bullets",
							"columns": 2,
							"page": 21,
							"items": [
								{
									"type": "inset",
									"name": "Instructions",
									"page": 21,
									"entries": [
										"Once you've finished choosing your words, flip to the next page and fill in the blanks in the order as it's listed. What type of spell has Muk discovered?"
									],
									"id": "010"
								},
								{
									"type": "inset",
									"name": "Definitions",
									"page": 21,
									"entries": [
										{
											"type": "list",
											"style": "list-no-bullets",
											"page": 21,
											"items": [
												{
													"type": "item",
													"name": "Adjective:",
													"entries": [
														"A word that {@i describes} something or someone"
													]
												},
												{
													"type": "item",
													"name": "Adverb:",
													"entries": [
														"A verb (action) usually ending in \"ly\""
													]
												},
												{
													"type": "item",
													"name": "Noun:",
													"entries": [
														"A person, place or thing"
													]
												},
												{
													"type": "item",
													"name": "Plural Noun:",
													"entries": [
														"Multiple persons, places or things"
													]
												},
												{
													"type": "item",
													"name": "Verb:",
													"entries": [
														"Ab action, or something someone does"
													]
												}
											]
										}
									],
									"id": "011"
								}
							]
						}
					],
					"id": "00f"
				},
				{
					"type": "entries",
					"page": 22,
					"entries": [
						{
							"type": "insetReadaloud",
							"page": 22,
							"style": "text-center",
							"entries": [
								"I was a bit {@footnote _______________|ADJECTIVE} when Tasha first {@footnote _______________|VERB, PAST TENSE} in to the Dankwood. She's so {@footnote _______________|ADJECTIVE} and meeting her for the first time made our {@footnote _______________|PART OF THE BODY (PLURAL)} {@footnote _______________|VERB}!",
								"Tasha's most famous spell is called {@spell Tasha's hideous laughter}. With her help, I was able to create my very own spell: Muk's {@footnote _______________|ADJECTIVE} {@footnote _______________|NOUN}. It is pretty advanced and requires the following components: {@footnote _______________|NUMBER} winnieberries, a handful of {@footnote _______________|ADJECTIVE} {@footnote _______________|PLURAL NOUN}, two {@footnote _______________|COLOR} {@footnote _______________|PLURAL NOUN} the size of a {@footnote _______________|NOUN}. Combine them together in a large {@footnote _______________|TYPE OF CONTAINER} and sing, \"Oh {@footnote _______________|PERSON IN ROOM}, lend me your {@footnote _______________|NOUN}!\"",
								"Enjoy my magical spell!"
							],
							"id": "013"
						},
						{
							"type": "image",
							"href": {
								"type": "internal",
								"path": "book/MGELFT/00022.webp"
							},
							"credit": "Emi Tanji",
							"expectsLightBackground": true,
							"width": 1280,
							"height": 1655
						},
						{
							"type": "inset",
							"page": 22,
							"entries": [
								"Check out page 40 for instructions on how to make your own, mini spellbook!"
							],
							"id": "014"
						}
					],
					"id": "012"
				},
				{
					"type": "entries",
					"page": 23,
					"entries": [
						"Spells come from the caster and can be influenced by their personality or traits! What do your spells look like? Smell like?",
						{
							"type": "image",
							"href": {
								"type": "internal",
								"path": "book/MGELFT/00023.webp"
							},
							"title": "Muk's {@spell Shield of Faith} spell appears as a giant, spectral {@creature Birdsquirrel|AWM}, ready to protect!",
							"credit": "Emi Tanji",
							"expectsLightBackground": true,
							"altText": "Muk's Shield of Faith spell appears as a giant, spectral Birdsquirrel, ready to protect!",
							"width": 1138,
							"height": 984
						}
					],
					"id": "015"
				},
				{
					"type": "section",
					"name": "Word Find",
					"page": 24,
					"entries": [
						{
							"type": "table",
							"page": 24,
							"colStyles": [
								"text-center",
								"text-center",
								"text-center",
								"text-center",
								"text-center",
								"text-center",
								"text-center",
								"text-center",
								"text-center",
								"text-center",
								"text-center",
								"text-center",
								"text-center",
								"text-center",
								"text-center"
							],
							"rows": [
								[
									"C",
									"C",
									"O",
									"C",
									"D",
									"L",
									"D",
									"N",
									"K",
									"B",
									"V",
									"H",
									"Y",
									"I",
									"D"
								],
								[
									"R",
									"H",
									"A",
									"R",
									"I",
									"R",
									"R",
									"O",
									"F",
									"A",
									"H",
									"V",
									"Y",
									"U",
									"L"
								],
								[
									"K",
									"T",
									"U",
									"U",
									"A",
									"G",
									"O",
									"F",
									"A",
									"B",
									"H",
									"W",
									"D",
									"S",
									"O"
								],
								[
									"K",
									"I",
									"A",
									"Z",
									"L",
									"B",
									"A",
									"C",
									"C",
									"A",
									"M",
									"N",
									"M",
									"A",
									"B"
								],
								[
									"D",
									"C",
									"I",
									"S",
									"L",
									"D",
									"B",
									"M",
									"Z",
									"Y",
									"N",
									"S",
									"W",
									"I",
									"O"
								],
								[
									"O",
									"W",
									"O",
									"L",
									"H",
									"T",
									"R",
									"J",
									"C",
									"A",
									"Q",
									"S",
									"G",
									"K",
									"K"
								],
								[
									"D",
									"V",
									"E",
									"L",
									"D",
									"A",
									"D",
									"O",
									"S",
									"G",
									"L",
									"L",
									"E",
									"P",
									"S"
								],
								[
									"H",
									"P",
									"B",
									"W",
									"R",
									"Z",
									"B",
									"O",
									"N",
									"A",
									"Z",
									"M",
									"G",
									"K",
									"W"
								],
								[
									"S",
									"M",
									"Q",
									"G",
									"A",
									"A",
									"R",
									"C",
									"L",
									"E",
									"R",
									"I",
									"C",
									"O",
									"T"
								],
								[
									"Y",
									"H",
									"A",
									"A",
									"B",
									"C",
									"W",
									"F",
									"H",
									"N",
									"E",
									"F",
									"G",
									"B",
									"W"
								],
								[
									"Q",
									"Y",
									"F",
									"G",
									"E",
									"C",
									"N",
									"R",
									"I",
									"N",
									"M",
									"H",
									"J",
									"H",
									"I"
								],
								[
									"A",
									"M",
									"T",
									"R",
									"D",
									"L",
									"I",
									"W",
									"Y",
									"E",
									"F",
									"Q",
									"R",
									"Q",
									"T"
								],
								[
									"C",
									"K",
									"E",
									"G",
									"M",
									"C",
									"Z",
									"X",
									"O",
									"Y",
									"N",
									"P",
									"C",
									"R",
									"C"
								],
								[
									"G",
									"R",
									"Q",
									"S",
									"I",
									"D",
									"E",
									"K",
									"I",
									"C",
									"K",
									"E",
									"C",
									"N",
									"H"
								],
								[
									"S",
									"V",
									"R",
									"H",
									"X",
									"W",
									"Y",
									"T",
									"E",
									"O",
									"V",
									"M",
									"W",
									"T",
									"O"
								]
							]
						},
						{
							"type": "inset",
							"page": 24,
							"entries": [
								{
									"type": "list",
									"style": "list-no-bullets",
									"columns": 2,
									"page": 24,
									"items": [
										"BABA YAGA",
										"BARD",
										"CAULDRON",
										"CLERIC",
										"DRUID",
										"FEYWILD",
										"KOBOLD",
										"MAGIC",
										"SIDEKICK",
										"SORCERER",
										"SPELL",
										"SPELLBOOK",
										"TASHA",
										"WARLOCK",
										"WITCH",
										"WIZARD"
									]
								}
							],
							"id": "006"
						},
						{
							"type": "image",
							"href": {
								"type": "internal",
								"path": "book/MGELFT/00023a.webp"
							},
							"title": "{@creature Birdsquirrel|AWM} STILL can't read so good... can you please help?",
							"credit": "Emi Tanji",
							"expectsLightBackground": true,
							"altText": "Birdsquirrel STILL can't read so good... can you please help?",
							"width": 853,
							"height": 710
						}
					],
					"id": "005"
				},
				{
					"type": "entries",
					"name": "Crossword Puzzle",
					"page": 25,
					"entries": [
						{
							"type": "image",
							"href": {
								"type": "internal",
								"path": "book/MGELFT/00023b.webp"
							},
							"title": "Crossword Puzzle",
							"credit": "Emi Tanji",
							"expectsLightBackground": true,
							"altText": "Crossword Puzzle",
							"width": 1700,
							"height": 2200
						},
						{
							"type": "list",
							"style": "list-no-bullets",
							"page": 25,
							"name": "Down",
							"items": [
								"1. A small and clever reptilian creature. They are known to worship dragons.",
								"2. Tasha grew up in a hut that stood on this animal's legs.",
								"3. {@creature Birdsquirrel|AWM|Birdsquirrel's} best friend.",
								"5. Something you need in order to cast a spell.",
								"6. Vargouilles have this animal's wings sprouting from their heads."
							]
						},
						{
							"type": "list",
							"style": "list-no-bullets",
							"page": 25,
							"name": "Across",
							"items": [
								"4. Someone who helps you on your adventures.",
								"7. A baby yeti is called this.",
								"8. The name of this famous spell: {@spell Tasha's Hideous Laughter||Tasha's Hideous ___________}."
							]
						}
					],
					"id": "016"
				}
			],
			"id": "000"
		},
		{
			"type": "section",
			"name": "Answers",
			"page": 26,
			"entries": [
				{
					"type": "image",
					"href": {
						"type": "internal",
						"path": "book/MGELFT/00023c.webp"
					},
					"title": "Page 11 | Word Find. Page 12 & 13 | Spot the Differences",
					"credit": "Emi Tanji",
					"expectsLightBackground": true,
					"altText": "Page 11 | Word Find. Page 12 & 13 | Spot the Differences",
					"width": 1700,
					"height": 2200
				},
				{
					"type": "image",
					"href": {
						"type": "internal",
						"path": "book/MGELFT/00023d.webp"
					},
					"title": "Page 14 | Rough River. Page 15 | The Winnieberry Tree",
					"credit": "Emi Tanji",
					"expectsLightBackground": true,
					"altText": "Page 14 | Rough River. Page 15 | The Winnieberry Tree",
					"width": 1700,
					"height": 2200
				},
				{
					"type": "image",
					"href": {
						"type": "internal",
						"path": "book/MGELFT/00023e.webp"
					},
					"title": "Page 24 | Word Find. Page 25 | Crossword Puzzle",
					"credit": "Emi Tanji",
					"expectsLightBackground": true,
					"altText": "Page 24 | Word Find. Page 25 | Crossword Puzzle",
					"width": 1700,
					"height": 2200
				},
				{
					"type": "image",
					"href": {
						"type": "internal",
						"path": "book/MGELFT/00026.webp"
					},
					"title": "Read on for more adventure and sidekick ideas!",
					"credit": "Emi Tanji",
					"expectsLightBackground": true,
					"altText": "Read on for more adventure and sidekick ideas!",
					"width": 1280,
					"height": 1655
				}
			],
			"id": "017"
		},
		{
			"type": "section",
			"name": "Adventure and Sidekick Ideas!",
			"page": 30,
			"entries": [
				{
					"type": "section",
					"name": "Adventure Ideas",
					"page": 30,
					"entries": [
						"Every adventure in the Dankwood has a solution that can be attained without resorting to combat. Goblins can sneak out of danger, they can act all tough and bluff their way through a problem, and they are also known to be able to make friends with just about anybody (even {@creature Dankwood Grung|MGELFT|grumpy grung}!).",
						"Read over the adventure hooks to get an idea of the problem or mystery and then check out the questions. These questions are prompts to let your players invent their own creative ways to solve the adventure and tell their own Dankwood story. There are infinite possible paths as to how each story can be told, so let your imagination lead the way!",
						{
							"type": "entries",
							"name": "Tasha's Party",
							"page": 30,
							"entries": [
								"Tasha needs your help! She wants to throw a party and make her super special Green Bubble soup. Everyone in Gob-Town is excited but Tasha says to make Green Bubble soup she needs some gooey webs from the rare and elusive {@creature spiderfrog|MGELFT}. Do you know where to get some for her?",
								"You've heard that the {@creature King Robbit the Slimy|MGELFT|grung king, Robbit the Slimy}, might know where to get some\u2014or he and {@creature Dankwood Grung|MGELFT|his grungs} may even have some webs to trade.",
								{
									"type": "entries",
									"name": "Questions to Ask:",
									"page": 30,
									"entries": [
										{
											"type": "list",
											"page": 30,
											"items": [
												"What does {@creature King Robbit the Slimy|MGELFT|King Robbit} want in exchange for information about the location of the {@creature spiderfrog|MGELFT|spiderfrogs} or (if he has them) for the webs? If you can find out what he likes, then you might be able to trade with him.",
												"If the {@creature Dankwood Grung|MGELFT|grung} are too grumpy, then who would know where to find {@creature spiderfrog|MGELFT} webs in the Dankwood? Who would you need to ask to get this information? There are a ton of goblin friends who know stuff!"
											]
										}
									],
									"id": "01b"
								},
								{
									"type": "inset",
									"name": "Ask Around Gob-Town! Find Stuff Out!",
									"page": 30,
									"entries": [
										"{@creature King Robbit the Slimy|MGELFT|King Robbit} is shrewd and {@creature Dankwood Grung|MGELFT|grungs} are super grumpy. It's not going to be easy to get {@creature spiderfrog|MGELFT|spiderfrog} webs from them.",
										"Tasha knows that {@creature spiderfrog|MGELFT|spiderfrogs} spin their webs next to clear, still ponds that reflect the moonlight. They also make a high-pitched squeaking sound during the full moon."
									],
									"id": "01c"
								},
								{
									"type": "image",
									"href": {
										"type": "internal",
										"path": "book/MGELFT/00026a.webp"
									},
									"credit": "Emi Tanji",
									"expectsLightBackground": true,
									"width": 1280,
									"height": 887
								}
							],
							"id": "01a"
						},
						{
							"type": "entries",
							"name": "The Lost Yeti",
							"page": 30,
							"entries": [
								"While wandering around the Dankwood, you found a {@creature yeti tyke|MGELFT}. It's a mopey little critter but it's probably because it just misses its family.",
								"You're pretty sure that its family lives in the Snowy Hills to the north. It's a long trip but if this {@creature yeti tyke|MGELFT|tyke} is going to get back home, someone has to show it the way.",
								{
									"type": "entries",
									"name": "The Real Story!",
									"page": 30,
									"entries": [
										"The yeti tyke was separated from its parents by a group of {@creature Dankwood Duergar|MGELFT|grumpy duergar}. The yetis live in a cave, but that cave contains a secret door that leads to an underground labyrinth that has an ancient treasure hidden within it. The yetis didn't know about the secret door or the treasure but the {@creature Dankwood Duergar|MGELFT|duergar} sure did and they chased them out of the cave so they could hunt for the loot.",
										"When the heroes return the {@creature yeti tyke|MGELFT|tyke} to its parents, the yetis tell them about the {@creature Dankwood Duergar|MGELFT|grumpy duergar} and how they've been chased out of their home. Can our heroes help get the yetis back in their home, give the duergar the boot, and maybe get some of that treasure the duergar are looking for?"
									],
									"id": "01e"
								},
								{
									"type": "entries",
									"name": "Questions to Ask:",
									"page": 30,
									"entries": [
										{
											"type": "list",
											"page": 30,
											"items": [
												"Can anyone speak {@language yeti|MM}? Maybe Tasha has a spell or a potion for that!",
												"What are some possible ways to get rid of the {@creature Dankwood Duergar|MGELFT|duergar}? Some people who know about them say that {@creature Dankwood Duergar|MGELFT|duergar} are terrified of mind flayers\u2014maybe the heroes could dress up like them and scare the {@creature Dankwood Duergar|MGELFT|duergar} away?",
												"The yetis say that there is a super scary monster called a {@creature remorhaz} living nearby. Maybe that monster could come in handy when dealing with the {@creature Dankwood Duergar|MGELFT|duergar}? It's risky!",
												"Do the {@creature Dankwood Duergar|MGELFT|duergar} have a map? That labyrinth sure is confusing and it could be easy to get lost in there!"
											]
										}
									],
									"id": "01f"
								},
								{
									"type": "image",
									"href": {
										"type": "internal",
										"path": "book/MGELFT/00026b.webp"
									},
									"credit": "Emi Tanji",
									"expectsLightBackground": true,
									"width": 1364,
									"height": 885
								}
							],
							"id": "01d"
						},
						{
							"type": "entries",
							"name": "The Cursed Spring",
							"page": 30,
							"entries": [
								"The heroes come across a {@creature pixie} who is crying by a spring that is all filled with stinky muck and bubbling sludge. If they ask what is wrong, she tells them that her beautiful spring has been cursed by an evil {@creature sludge hag|MGELFT} that has moved into the Dankwood. She asks if the heroes can help get the hag to remove the spring's curse.",
								{
									"type": "entries",
									"name": "Questions to Ask:",
									"page": 30,
									"entries": [
										{
											"type": "list",
											"page": 30,
											"items": [
												"Can the {@creature sludge hag|MGELFT|hag} be bargained with? Everyone has something that they covet or crave, maybe there's a way to find out what this {@creature sludge hag|MGELFT|hag} desires above everything else.",
												"Can you make friends with the {@creature sludge hag|MGELFT|hag}? Maybe no one has ever treated the {@creature sludge hag|MGELFT|hag} with kindness\u2014a fresh baked pie might do the trick!",
												"Can the {@creature sludge hag|MGELFT|hag} be tricked? Maybe they're a sucker for taking bets and, if you're good enough, you can beat them in a game of chance.",
												"Can you use your friends to help? Your friend, Tasha, is a pretty powerful witch. Maybe she knows something about the {@creature sludge hag|MGELFT|hag's} weakness that you can take advantage of."
											]
										}
									],
									"id": "021"
								}
							],
							"id": "020"
						}
					],
					"id": "019"
				},
				{
					"type": "section",
					"name": "More Adventure Hooks!",
					"page": 31,
					"entries": [
						"Here's a list of fun ideas that can inspire a fun story in the Dankwood. Use them to spawn more adventures!",
						{
							"type": "table",
							"caption": "Dankwood Adventure Hooks",
							"page": 31,
							"colLabels": [
								"d8",
								"Adventure Hook"
							],
							"colStyles": [
								"col-1 text-center",
								"col-11"
							],
							"rows": [
								[
									"1",
									"A flute, that when played, summons a {@creature pegasus}. (Where does the {@creature pegasus} fly to if you get on its back?)"
								],
								[
									"2",
									"A carved wooden bird that comes to life when picked up and leads the adventurers to the entrance of a cave. (What treasures are in the cave?)"
								],
								[
									"3",
									"A {@creature pixie} flies up to you and asks if you would help to chase a {@creature troll} away from its village. (How do you get rid of a dangerous troll?)"
								],
								[
									"4",
									"A hunter is in the forest looking for a rare elk with golden antlers. (Either help the hunter catch the elk or help the elk escape the hunter.)"
								],
								[
									"5",
									"An elf who claims to be of royal blood is seeking refuge in the Dankwood. He is being hunted by rival elves and is willing to pay gold for your help. (Is the elf really who he says he is? Who are the rival elves?)"
								],
								[
									"6",
									"A gnome rushes up to you, hands you a golden key, and tells you, \"Find the crystal cave and save me.\" before turning to stone!"
								],
								[
									"7",
									"One of your nets traps a {@creature tiger}. As you are figuring out what to do with it, the {@creature tiger} speaks and claims that it was once a halfling that was cursed by an evil wizard."
								],
								[
									"8",
									"A bounty hunter is on the lookout for a criminal. Is the criminal actually bad or is the bounty hunter bad?"
								]
							]
						}
					],
					"id": "022"
				},
				{
					"type": "section",
					"name": "Monsters",
					"page": 31,
					"entries": [
						"The following monsters have been simplified/modified to be used in Muk's Adventures. The following stat blocks are for your reference. Feel free to adjust or add in whatever you'd like to customize it to your story.",
						{
							"type": "statblock",
							"tag": "creature",
							"source": "MGELFT",
							"name": "Dankwood Grung",
							"page": 31,
							"style": "narrow"
						},
						{
							"type": "statblock",
							"name": "Dankwood Grung",
							"prop": "monsterFluff",
							"source": "MGELFT",
							"page": 31,
							"data": {
								"renderCompact": {
									"isSkipRootName": true
								}
							}
						},
						{
							"type": "statblock",
							"tag": "creature",
							"source": "MGELFT",
							"name": "Dankwood Duergar",
							"page": 32,
							"style": "narrow"
						},
						{
							"type": "statblock",
							"name": "Dankwood Duergar",
							"prop": "monsterFluff",
							"source": "MGELFT",
							"page": 32,
							"data": {
								"renderCompact": {
									"isSkipRootName": true
								}
							}
						},
						{
							"type": "image",
							"href": {
								"type": "internal",
								"path": "book/MGELFT/00026c.webp"
							},
							"credit": "Emi Tanji",
							"expectsLightBackground": true,
							"altText": "My treasure! Stony gray skin. White Hair.",
							"width": 1552,
							"height": 696
						},
						{
							"type": "statblock",
							"tag": "creature",
							"source": "MGELFT",
							"name": "King Robbit the Slimy",
							"page": 32,
							"style": "narrow"
						},
						{
							"type": "statblock",
							"name": "King Robbit the Slimy",
							"prop": "monsterFluff",
							"source": "MGELFT",
							"page": 32,
							"data": {
								"renderCompact": {
									"isSkipRootName": true
								}
							}
						},
						{
							"type": "statblock",
							"tag": "creature",
							"source": "MGELFT",
							"name": "Sludge Hag",
							"page": 33,
							"style": "narrow"
						},
						{
							"type": "statblock",
							"name": "Sludge Hag",
							"prop": "monsterFluff",
							"source": "MGELFT",
							"page": 33,
							"data": {
								"renderCompact": {
									"isSkipRootName": true
								}
							}
						},
						{
							"type": "image",
							"href": {
								"type": "internal",
								"path": "book/MGELFT/00026d.webp"
							},
							"credit": "Emi Tanji",
							"expectsLightBackground": true,
							"width": 1358,
							"height": 792
						},
						{
							"type": "statblock",
							"tag": "creature",
							"source": "MGELFT",
							"name": "Spiderfrog",
							"page": 33,
							"style": "narrow"
						},
						{
							"type": "statblock",
							"name": "Spiderfrog",
							"prop": "monsterFluff",
							"source": "MGELFT",
							"page": 33,
							"data": {
								"renderCompact": {
									"isSkipRootName": true
								}
							}
						},
						{
							"type": "statblock",
							"tag": "creature",
							"source": "MGELFT",
							"name": "Yeti Tyke",
							"page": 34,
							"style": "narrow"
						},
						{
							"type": "statblock",
							"name": "Yeti Tyke",
							"prop": "monsterFluff",
							"source": "MGELFT",
							"page": 34,
							"data": {
								"renderCompact": {
									"isSkipRootName": true
								}
							}
						}
					],
					"id": "023"
				},
				{
					"type": "section",
					"name": "Sidekicks",
					"page": 35,
					"entries": [
						{
							"type": "list",
							"style": "list-no-bullets",
							"columns": 2,
							"page": 35,
							"items": [
								{
									"type": "image",
									"href": {
										"type": "internal",
										"path": "book/MGELFT/00031a.webp"
									},
									"credit": "Emi Tanji",
									"expectsLightBackground": true,
									"width": 782,
									"height": 1030
								},
								{
									"type": "inset",
									"name": "Winky-Bix",
									"page": 35,
									"entries": [
										"{@i Small Dankwood Almiraj}",
										"Winky-Bix is the first to help in times of need. They can cast the cantrip {@spell Light}, once every long rest.",
										{
											"type": "hr"
										},
										{
											"type": "entries",
											"name": "Personality:",
											"page": 35,
											"entries": [
												"I may be tiny, but I'm always willing to give it my all!"
											],
											"id": "026"
										},
										{
											"type": "entries",
											"name": "Flaw:",
											"page": 35,
											"entries": [
												"My ears are extra soft and extra long\u2013sometimes I trip over them."
											],
											"id": "027"
										},
										"{@skillCheck nature 2} to {@skill Nature} checks"
									],
									"id": "025"
								},
								{
									"type": "image",
									"href": {
										"type": "internal",
										"path": "book/MGELFT/00031c.webp"
									},
									"credit": "Emi Tanji",
									"expectsLightBackground": true,
									"width": 782,
									"height": 1032
								},
								{
									"type": "inset",
									"name": "Durdle",
									"page": 35,
									"entries": [
										"{@i Small Awakened Turtle}",
										"Durdle is always ready to help out with a slow spell he casts once per day.",
										{
											"type": "hr"
										},
										{
											"type": "entries",
											"name": "Personality:",
											"page": 35,
											"entries": [
												"If you take your time, you'll do it right."
											],
											"id": "029"
										},
										{
											"type": "entries",
											"name": "Flaw:",
											"page": 35,
											"entries": [
												"Always late to parties."
											],
											"id": "02a"
										},
										"{@skillCheck perception 2} to {@skill Perception} checks"
									],
									"id": "028"
								},
								{
									"type": "image",
									"href": {
										"type": "internal",
										"path": "book/MGELFT/00031b.webp"
									},
									"credit": "Emi Tanji",
									"expectsLightBackground": true,
									"width": 785,
									"height": 1030
								},
								{
									"type": "inset",
									"name": "Cole",
									"page": 35,
									"entries": [
										"{@i Awakened Rock}",
										"An awakened rock with a painted-on smiley face. Cole can fit in your pocket and will happily whisper positive thoughts throughout the day.",
										{
											"type": "hr"
										},
										{
											"type": "entries",
											"name": "Personality:",
											"page": 35,
											"entries": [
												"You'll always have a friend in me!"
											],
											"id": "02c"
										},
										{
											"type": "entries",
											"name": "Flaw:",
											"page": 35,
											"entries": [
												"My face sometimes gets rubbed off. I'll need help putting it back on, if you don't mind."
											],
											"id": "02d"
										},
										"{@d20 3} to charisma checks"
									],
									"id": "02b"
								},
								{
									"type": "image",
									"href": {
										"type": "internal",
										"path": "book/MGELFT/00031d.webp"
									},
									"credit": "Emi Tanji",
									"expectsLightBackground": true,
									"width": 785,
									"height": 1032
								},
								{
									"type": "inset",
									"name": "Pippy",
									"page": 35,
									"entries": [
										"{@i Tiny Sprite}",
										"Pippy is a fierce {@creature sprite} warrior who is a defender of the Dankwood. If Pippy is within 10 feet, you can't be {@condition frightened}.",
										{
											"type": "hr"
										},
										{
											"type": "entries",
											"name": "Personality:",
											"page": 35,
											"entries": [
												"I am afraid of no one!"
											],
											"id": "02f"
										},
										{
											"type": "entries",
											"name": "Flaw:",
											"page": 35,
											"entries": [
												"I am afraid of no one!"
											],
											"id": "030"
										},
										"{@hit 1} to attack rolls"
									],
									"id": "02e"
								}
							]
						}
					],
					"id": "024"
				},
				{
					"type": "section",
					"name": "Character Sheet",
					"page": 37,
					"entries": [
						{
							"type": "gallery",
							"images": [
								{
									"type": "image",
									"href": {
										"type": "internal",
										"path": "book/MGELFT/00027.webp"
									},
									"title": "{@5etoolsImg Blank Spellcaster Character Sheet|pdf/MGELFT/Character Sheet.pdf}",
									"credit": "Emi Tanji",
									"expectsLightBackground": true,
									"width": 1280,
									"height": 1655
								}
							]
						}
					],
					"id": "031"
				},
				{
					"type": "image",
					"href": {
						"type": "internal",
						"path": "book/MGELFT/00029.webp"
					},
					"title": "Be a Hero & Play D&D",
					"credit": "Emi Tanji",
					"expectsLightBackground": true,
					"altText": "Be a Hero & Play D&D. Extra Life.",
					"width": 1280,
					"height": 1632
				},
				{
					"type": "entries",
					"page": 40,
					"entries": [
						{
							"type": "image",
							"href": {
								"type": "internal",
								"path": "book/MGELFT/00033.webp"
							},
							"title": "Mini Spellbook",
							"credit": "Emi Tanji",
							"expectsLightBackground": true,
							"altText": "Mini Spellbook",
							"width": 1700,
							"height": 2200
						},
						{
							"type": "list",
							"style": "list-decimal",
							"page": 40,
							"items": [
								"Fold in half lengthwise",
								"Unfold, then fold in half widthwise",
								"Unfold, then fold the edges up to the center",
								"Your paper should have creases like these.",
								"Fold in half widthwise and cut a slit half way to the {@color X|ee1c25}",
								"Unfold, then fold lengthwise and push the ends in towards the center",
								"Fold all pages together in to your mini spellbook!",
								"Ta-da!"
							]
						},
						"Use the template on the next page for an extra magical look!",
						"DOTTED LINE - FOLD",
						"SOLID LINE - CUT"
					],
					"id": "032"
				},
				{
					"type": "image",
					"href": {
						"type": "internal",
						"path": "book/MGELFT/00034.webp"
					},
					"credit": "Emi Tanji",
					"expectsLightBackground": true,
					"width": 1700,
					"height": 2200
				},
				{
					"type": "image",
					"href": {
						"type": "internal",
						"path": "book/MGELFT/00030.webp"
					},
					"title": "I ❤️ Extra Life and owlbears",
					"credit": "Emi Tanji",
					"expectsLightBackground": true,
					"altText": "I ❤️ Extra Life and owlbears",
					"width": 1655,
					"height": 1278
				},
				{
					"type": "inset",
					"page": 43,
					"style": "text-center",
					"entries": [
						{
							"type": "quote",
							"entries": [
								"I might not look like you, and you might not look like me. But those wonderful differences, should be celebrated and seen.",
								"{@style Thank you|large}",
								"for joining Muk, {@creature Birdsquirrel|AWM} and I on another adventure in the Dankwood\u2013our world enriched by the spectacular talents of Adam Lee and Chris Lindsay.",
								"Thank you to everyone, for your encouragement, support and time spent with us. Shared moments together are such incredible treasures.",
								"We can accomplish so much together and I am grateful to see the kindness, laughter and support that is cultivated by the Dungeons & Dragons community. Let's be kind, let's do good and let's tell our stories together."
							],
							"by": "Emi"
						}
					],
					"id": "033"
				},
				{
					"type": "image",
					"href": {
						"type": "internal",
						"path": "book/MGELFT/00032a.webp"
					},
					"credit": "Emi Tanji",
					"expectsLightBackground": true,
					"width": 391,
					"height": 230
				}
			],
			"id": "018"
		}
	]
}
