{
	"monster": [
		{
			"name": "Mercenary Envoy",
			"source": "AitFR-FCD",
			"page": 10,
			"size": [
				"M"
			],
			"type": "humanoid",
			"ac": [
				{
					"ac": 15,
					"from": [
						"{@item chain shirt|phb}"
					]
				}
			],
			"hp": {
				"average": 26,
				"formula": "4d8 + 8"
			},
			"speed": {
				"walk": 30
			},
			"str": 15,
			"dex": 15,
			"con": 15,
			"int": 10,
			"wis": 12,
			"cha": 9,
			"save": {
				"str": "+4",
				"con": "+4"
			},
			"skill": {
				"athletics": "+4",
				"perception": "+3"
			},
			"passive": 13,
			"languages": [
				"Common"
			],
			"cr": "1",
			"trait": [
				{
					"name": "Inspired Courage",
					"entries": [
						"The mercenary has advantage on savings throws against being {@condition charmed}, {@condition frightened}, {@condition grappled}, or {@condition restrained} while within 5 feet of at least one ally."
					]
				},
				{
					"name": "Martial Advantage",
					"entries": [
						"Once per turn, the mercenary can deal an extra 7 ({@damage 2d6}) damage to a creature it hits with a weapon attack if that creature is within 5 feet of an ally of the mercenary that isn't {@condition incapacitated}."
					]
				}
			],
			"action": [
				{
					"name": "Multiattack",
					"entries": [
						"The mercenary makes two longsword attacks."
					]
				},
				{
					"name": "Longsword",
					"entries": [
						"{@atk mw} {@hit 4} to hit, reach 5 ft., one target. {@h}6 ({@damage 1d8 + 2}) slashing damage."
					]
				},
				{
					"name": "Heavy Crossbow",
					"entries": [
						"{@atk rw} {@hit 4} to hit, range",
						"100/400 ft., one target. {@h}7 ({@damage 1d10 + 2}) piercing damage."
					]
				}
			],
			"actionTags": [
				"Multiattack"
			],
			"languageTags": [
				"C"
			],
			"damageTags": [
				"P",
				"S"
			],
			"miscTags": [
				"MW",
				"RNG",
				"RW"
			],
			"hasFluff": true
		},
		{
			"name": "Tyreus, Illusionist",
			"isNpc": true,
			"isNamedCreature": true,
			"source": "AitFR-FCD",
			"page": 11,
			"size": [
				"M"
			],
			"type": {
				"type": "humanoid",
				"tags": [
					"human"
				]
			},
			"alignment": [
				"N",
				"E"
			],
			"ac": [
				13
			],
			"hp": {
				"average": 156,
				"formula": "24d8 + 48"
			},
			"speed": {
				"walk": 30
			},
			"str": 10,
			"dex": 16,
			"con": 14,
			"int": 20,
			"wis": 15,
			"cha": 16,
			"save": {
				"int": "+10",
				"wis": "+7"
			},
			"skill": {
				"arcana": "+12",
				"deception": "+8",
				"history": "+10",
				"perception": "+7"
			},
			"passive": 17,
			"resist": [
				{
					"special": "damage from spells"
				},
				{
					"resist": [
						"bludgeoning",
						"piercing",
						"slashing"
					],
					"note": "(from stoneskin)",
					"preNote": "nonmagical",
					"cond": true
				}
			],
			"languages": [
				"Common",
				"Deep Speech",
				"Draconic",
				"Primordial",
				"Sylvan"
			],
			"cr": "13",
			"spellcasting": [
				{
					"name": "Spellcasting",
					"headerEntries": [
						"Tyreus is a 16th-level spellcaster. His spellcasting ability is Intelligence (spell save {@dc 18}, {@hit 10} to hit with spell attacks). He has the following wizard spells prepared."
					],
					"spells": {
						"0": {
							"spells": [
								"{@spell fire bolt}",
								"{@spell light}",
								"{@spell mage hand}",
								"{@spell minor illusion}",
								"{@spell shocking grasp}"
							]
						},
						"1": {
							"slots": 4,
							"spells": [
								"{@spell mage armor}",
								"{@spell magic missile}",
								"{@spell shield}",
								"{@spell thunderwave}"
							]
						},
						"2": {
							"slots": 3,
							"spells": [
								"{@spell invisibility}*",
								"{@spell mirror image}*",
								"{@spell phantasmal force}*"
							]
						},
						"3": {
							"slots": 3,
							"spells": [
								"{@spell counterspell}",
								"{@spell fly}",
								"{@spell lightning bolt}",
								"{@spell major image}*"
							]
						},
						"4": {
							"slots": 3,
							"spells": [
								"{@spell banishment}",
								"{@spell hallucinatory terrain}*",
								"{@spell phantasmal killer}*",
								"{@spell stoneskin}"
							]
						},
						"5": {
							"slots": 2,
							"spells": [
								"{@spell conjure elemental}",
								"{@spell mislead}*",
								"{@spell telekinesis}"
							]
						},
						"6": {
							"slots": 1,
							"spells": [
								"{@spell disintegrate}"
							]
						},
						"7": {
							"slots": 1,
							"spells": [
								"{@spell plane shift}"
							]
						},
						"8": {
							"slots": 1,
							"spells": [
								"{@spell maze}"
							]
						}
					},
					"footerEntries": [
						"*(Illusion spell of 1st level or higher)"
					],
					"ability": "int"
				}
			],
			"trait": [
				{
					"name": "Legendary Resistance (3/Day)",
					"entries": [
						"If Tyreus fails a saving throw, he can choose to succeed instead."
					]
				},
				{
					"name": "Illusory Reality",
					"entries": [
						"When Tyreus casts an illusion spell of 1st level or higher, he can choose one inanimate, nonmagical object that is part of the illusion and make that object real. He can do this on his turn as a bonus action while the spell is ongoing.",
						"The object remains real for 1 minute. The object can't deal damage or otherwise directly harm anyone."
					]
				},
				{
					"name": "Displacement (Recharges after Tyreus Casts an Illusion Spell of 1st Level or Higher)",
					"entries": [
						"As a bonus action, Tyreus projects an illusion that makes him appear to be standing a few inches from his actual location, causing any creature to have disadvantage on attack rolls against Tyreus. The effect ends if Tyreus takes damage, he is {@condition incapacitated}, or his speed becomes 0."
					]
				}
			],
			"action": [
				{
					"name": "Dagger",
					"entries": [
						"{@atk mw,rw} {@hit 8} to hit, reach 5 ft. or range 20/60 ft., one target. {@h}5 ({@damage 1d4 + 3}) piercing damage."
					]
				},
				{
					"name": "Modify Illusion",
					"entries": [
						"When Tyreus casts an illusion spell that has a duration of 1 minute or longer, he can use his action to change the nature of that illusion (using the spell's normal parameters for the illusion), provided that he can see the illusion."
					]
				}
			],
			"legendary": [
				{
					"name": "Scrutinize",
					"entries": [
						"Tyreus makes an Intelligence (Investigation) or Wisdom (Perception) check."
					]
				},
				{
					"name": "Cast Cantrip",
					"entries": [
						"Tyreus casts a cantrip from his spell list."
					]
				},
				{
					"name": "Cast Spell (Costs 1-3 Actions)",
					"entries": [
						"Tyreus uses a spell slot to cast a 1st-, 2nd-, or 3rd-level spell that he has prepared. Doing so costs 1 legendary action per level of the spell."
					]
				}
			],
			"traitTags": [
				"Legendary Resistances"
			],
			"languageTags": [
				"C",
				"DR",
				"DS",
				"P",
				"S"
			],
			"damageTags": [
				"P"
			],
			"spellcastingTags": [
				"CW"
			],
			"miscTags": [
				"MW",
				"RW",
				"THW"
			],
			"conditionInflictSpell": [
				"blinded",
				"deafened",
				"frightened",
				"incapacitated",
				"invisible",
				"restrained"
			],
			"hasFluff": true
		}
	]
}
