{
	"spell": [
		{
			"name": "Intellect Fortress",
			"source": "UA2020PsionicOptionsRevisited",
			"page": 7,
			"level": 4,
			"school": "A",
			"time": [
				{
					"number": 1,
					"unit": "action"
				}
			],
			"range": {
				"type": "point",
				"distance": {
					"type": "feet",
					"amount": 30
				}
			},
			"components": {
				"v": true
			},
			"duration": [
				{
					"type": "timed",
					"duration": {
						"type": "hour",
						"amount": 1
					},
					"concentration": true
				}
			],
			"entries": [
				"For the duration, you or one willing creature you can see within range has resistance to psychic damage, as well as advantage on Intelligence, Wisdom, and Charisma saving throws."
			],
			"entriesHigherLevel": [
				{
					"type": "entries",
					"name": "At Higher Levels",
					"entries": [
						"When you cast this spell using a spell slot of 5th level or higher, you can target one additional creature for each slot level above 4th. The creatures must be within 30 feet of each other when you target them."
					]
				}
			],
			"damageResist": [
				"psychic"
			],
			"miscTags": [
				"SGT"
			],
			"areaTags": [
				"ST"
			],
			"classes": {
				"fromClassList": [
					{
						"name": "Bard",
						"source": "PHB"
					},
					{
						"name": "Sorcerer",
						"source": "PHB"
					},
					{
						"name": "Wizard",
						"source": "PHB"
					}
				]
			}
		},
		{
			"name": "Mind Sliver",
			"source": "UA2020PsionicOptionsRevisited",
			"page": 7,
			"level": 0,
			"school": "E",
			"time": [
				{
					"number": 1,
					"unit": "action"
				}
			],
			"range": {
				"type": "point",
				"distance": {
					"type": "feet",
					"amount": 60
				}
			},
			"components": {
				"v": true
			},
			"duration": [
				{
					"type": "timed",
					"duration": {
						"type": "round",
						"amount": 1
					}
				}
			],
			"entries": [
				"You drive a disorienting spike of psychic energy into the mind of one creature you can see within range. The target must make an Intelligence saving throw. Unless the saving throw is successful, the target takes {@damage 1d6} psychic damage, and the first time it makes a saving throw before the end of your next turn, it must roll a {@dice d4} and subtract the number rolled from the save.",
				"This spell's damage increases by {@dice 1d6} when you reach certain levels: 5th level ({@dice 2d6}), 11th level ({@dice 3d6}), and 17th level ({@dice 4d6})."
			],
			"scalingLevelDice": {
				"label": "psychic damage",
				"scaling": {
					"1": "1d6",
					"5": "2d6",
					"11": "3d6",
					"17": "4d6"
				}
			},
			"damageInflict": [
				"psychic"
			],
			"savingThrow": [
				"intelligence"
			],
			"miscTags": [
				"SCL",
				"SGT"
			],
			"areaTags": [
				"ST"
			],
			"classes": {
				"fromClassList": [
					{
						"name": "Sorcerer",
						"source": "PHB"
					},
					{
						"name": "Warlock",
						"source": "PHB"
					},
					{
						"name": "Wizard",
						"source": "PHB"
					}
				]
			}
		},
		{
			"name": "Mind Thrust",
			"source": "UA2020PsionicOptionsRevisited",
			"page": 7,
			"level": 2,
			"school": "E",
			"time": [
				{
					"number": 1,
					"unit": "action"
				}
			],
			"range": {
				"type": "point",
				"distance": {
					"type": "feet",
					"amount": 90
				}
			},
			"components": {
				"v": true
			},
			"duration": [
				{
					"type": "timed",
					"duration": {
						"type": "round",
						"amount": 1
					}
				}
			],
			"entries": [
				"You thrust a lance of psychic disruption into the mind of one creature you can see within range. The target must make an Intelligence saving throw. On a failed save, the target takes {@damage 3d6} psychic damage, and it can't take a reaction until the end of its next turn. Moreover, on its next turn, it must choose whether it gets a move, an action, or a bonus action; it gets only one of the three. On a successful save, the target takes half as much damage and suffers none of the spell's other effects."
			],
			"entriesHigherLevel": [
				{
					"type": "entries",
					"name": "At Higher Levels",
					"entries": [
						"When you cast this spell using a spell slot of 3rd level or higher, you can target one additional creature for each slot level above 2nd. The creatures must be within 30 feet of each other when you target them."
					]
				}
			],
			"damageInflict": [
				"psychic"
			],
			"savingThrow": [
				"intelligence"
			],
			"miscTags": [
				"SGT"
			],
			"areaTags": [
				"ST"
			],
			"classes": {
				"fromClassList": [
					{
						"name": "Sorcerer",
						"source": "PHB"
					},
					{
						"name": "Wizard",
						"source": "PHB"
					}
				]
			}
		}
	]
}
