{"UAArtificer":{"Artificer":{"UAArtificer":{"Alchemist":{},"Gunsmith":{}}}},"UAArtificerRevisited":{"Artificer (Revisited)":{"UAArtificerRevisited":{"Alchemist":{},"Archivist":{"isReprinted":true},"Artillerist":{},"Battle Smith":{}}}},"TCE":{"Artificer":{"UA2020SubclassesPt3":{"Armorer (UA)":{"isReprinted":true}},"TCE":{"Alchemist":{},"Armorer":{},"Artillerist":{},"Battle Smith":{}}}},"PHB":{"Barbarian":{"PHB":{"Berserker":{},"Totem Warrior":{}},"SCAG":{"Battlerager":{}},"UABarbarianPrimalPaths":{"Ancestral Guardian (UA)":{"isReprinted":true},"Storm Herald (UA)":{"isReprinted":true},"Zealot (UA)":{"isReprinted":true}},"UARevisedSubclasses":{"Ancestral Guardian v2 (UA)":{"isReprinted":true}},"XGE":{"Ancestral Guardian":{},"Storm Herald":{},"Zealot":{}},"UABarbarianAndMonk":{"Wild Soul (UA)":{"isReprinted":true}},"UA2020SubclassesPt1":{"Beast (UA)":{"isReprinted":true}},"TCE":{"Beast":{},"Wild Magic":{}},"UA2022GiantOptions":{"Giant (UA)":{}}},"Bard":{"PHB":{"Lore":{},"Valor":{}},"UAKitsOfOld":{"Satire (UA)":{},"Swords (UA)":{"isReprinted":true}},"UABardBardColleges":{"Glamour (UA)":{"isReprinted":true},"Whispers (UA)":{"isReprinted":true}},"UARevisedSubclasses":{"Swords v2 (UA)":{"isReprinted":true}},"XGE":{"Glamour":{},"Swords":{},"Whispers":{}},"UABardAndPaladin":{"Eloquence (UA)":{"isReprinted":true}},"UA2020SubclassesPt2":{"Creation (UA)":{"isReprinted":true}},"UA2020SubclassesPt4":{"Spirits (UA)":{"isReprinted":true}},"TCE":{"Creation":{},"Eloquence":{}},"VRGR":{"Spirits":{}},"UA2021MagesOfStrixhaven":{"Lorehold (UA)":{},"Silverquill (UA)":{}}},"Cleric":{"PHB":{"Knowledge":{},"Life":{},"Light":{},"Nature":{},"Tempest":{},"Trickery":{},"War":{}},"DMG":{"Death":{}},"UAModernMagic":{"City (UA)":{}},"SCAG":{"Arcana":{}},"UAClericDivineDomains":{"Forge (UA)":{"isReprinted":true},"Grave (UA)":{"isReprinted":true},"Protection (UA)":{}},"PSA":{"Ambition (PSA)":{},"Knowledge (PSA)":{"isReprinted":true},"Solidarity (PSA)":{},"Strength (PSA)":{},"Zeal (PSA)":{}},"XGE":{"Forge":{},"Grave":{}},"UAOrderDomain":{"Order (UA)":{"isReprinted":true}},"UAClericDruidWizard":{"Twilight (UA)":{"isReprinted":true}},"UA2020SubclassesPt2":{"Love (UA)":{"isReprinted":true},"Unity (UA)":{"isReprinted":true}},"TCE":{"Order":{},"Peace":{},"Twilight":{}},"UA2022WondersOfTheMultiverse":{"Fate (UA)":{}}},"Druid":{"PHB":{"Land":{},"Moon":{}},"UADruid":{"Dreams (UA)":{"isReprinted":true},"Shepherd (UA)":{"isReprinted":true},"Twilight (UA)":{}},"UARevisedClassOptions":{"Shepherd v2 (UA)":{"isReprinted":true}},"XGE":{"Dreams":{},"Shepherd":{}},"UAThreeSubclasses":{"Spores (UA)":{"isReprinted":true}},"UAClericDruidWizard":{"Wildfire (UA)":{"isReprinted":true}},"UA2020SubclassesPt3":{"Stars (UA)":{"isReprinted":true}},"TCE":{"Spores":{},"Stars":{},"Wildfire":{}},"UA2021MagesOfStrixhaven":{"Prismari (UA)":{},"Witherbloom (UA)":{}},"UA2022GiantOptions":{"Primeval (UA)":{}}},"Fighter":{"PHB":{"Battle Master":{},"Champion":{},"Eldritch Knight":{}},"SCAG":{"Purple Dragon Knight (Banneret)":{}},"UAKitsOfOld":{"Cavalier (UA)":{"isReprinted":true},"Scout (UA)":{}},"UAGothicHeroes":{"Monster Hunter (UA)":{}},"UAFighter":{"Arcane Archer (UA)":{"isReprinted":true},"Knight (UA)":{},"Samurai (UA)":{"isReprinted":true},"Sharpshooter (UA)":{}},"UARevisedSubclasses":{"Arcane Archer v2 (UA)":{"isReprinted":true}},"UARevisedClassOptions":{"Cavalier v2 (UA)":{"isReprinted":true}},"XGE":{"Arcane Archer":{},"Cavalier":{},"Samurai":{}},"UAThreeSubclasses":{"Brute (UA)":{}},"UAFighterRangerRogue":{"Rune Knight (UA)":{"isReprinted":true}},"UAFighterRogueWizard":{"Psychic Warrior (UA)":{"isReprinted":true}},"EGW":{"Echo Knight":{}},"UA2020PsionicOptionsRevisited":{"Psi Knight (UA)":{"isReprinted":true}},"TCE":{"Psi Warrior":{},"Rune Knight":{}}},"Monk":{"PHB":{"Shadow":{},"Four Elements":{},"Open Hand":{}},"SCAG":{"Long Death":{}},"UAMonk":{"Kensei (UA)":{"isReprinted":true},"Tranquility (UA)":{}},"UAATrioOfSubclasses":{"Drunken Master (UA)":{"isReprinted":true}},"UARevisedSubclasses":{"Kensei v2 (UA)":{"isReprinted":true}},"XGE":{"Drunken Master":{},"Kensei":{},"Sun Soul":{}},"UABarbarianAndMonk":{"Astral Self (UA)":{"isReprinted":true}},"UA2020SubclassesPt1":{"Mercy (UA)":{"isReprinted":true}},"UA2020SubclassesPt5":{"Ascendant Dragon (UA)":{"isReprinted":true}},"TCE":{"Mercy":{},"Astral Self":{}},"FTD":{"Ascendant Dragon":{}}},"Paladin":{"PHB":{"Devotion":{},"Ancients":{},"Vengeance":{}},"DMG":{"Oathbreaker":{}},"SCAG":{"Crown":{}},"UAPaladin":{"Conquest (UA)":{"isReprinted":true},"Treachery (UA)":{}},"UAATrioOfSubclasses":{"Redemption (UA)":{"isReprinted":true}},"UARevisedClassOptions":{"Conquest v2 (UA)":{"isReprinted":true}},"XGE":{"Conquest":{},"Redemption":{}},"UABardAndPaladin":{"Heroism (UA)":{"isReprinted":true}},"UA2020SubclassesPt1":{"Watchers (UA)":{"isReprinted":true}},"TCE":{"Glory":{},"Watchers":{}}},"Ranger":{"PHB":{"Beast Master":{},"Hunter":{}},"UALightDarkUnderdark":{"Deep Stalker (UA)":{"isReprinted":true}},"UARangerAndRogue":{"Horizon Walker (UA)":{"isReprinted":true},"Primeval Guardian (UA)":{}},"UAATrioOfSubclasses":{"Monster Slayer (UA)":{"isReprinted":true}},"XGE":{"Gloom Stalker":{},"Horizon Walker":{},"Monster Slayer":{}},"UAFighterRangerRogue":{"Swarmkeeper (UA)":{"isReprinted":true}},"UA2020SubclassesPt3":{"Fey Wanderer (UA)":{"isReprinted":true}},"UA2020SubclassesPt5":{"Drakewarden (UA)":{"isReprinted":true}},"TCE":{"Fey Wanderer":{},"Swarmkeeper":{}},"FTD":{"Drakewarden":{}}},"Rogue":{"PHB":{"Arcane Trickster":{},"Assassin":{},"Thief":{}},"UAGothicHeroes":{"Inquisitive (UA)":{"isReprinted":true}},"UARangerAndRogue":{"Scout (UA)":{"isReprinted":true}},"XGE":{"Inquisitive":{},"Mastermind":{},"Scout":{},"Swashbuckler":{}},"UAFighterRangerRogue":{"Revived (UA)":{"isReprinted":true}},"UAFighterRogueWizard":{"Soulknife (UA)":{"isReprinted":true}},"UA2020PsionicOptionsRevisited":{"Soulknife (UA)":{"isReprinted":true}},"UA2020SubclassesRevisited":{"Phantom (UA)":{"isReprinted":true}},"TCE":{"Phantom":{},"Soulknife":{}}},"Sorcerer":{"PHB":{"Draconic":{},"Wild":{}},"UAModifyingClasses":{"Favored Soul (UA)":{"isReprinted":true}},"UAWaterborneAdventures":{"Storm (UA)":{"isReprinted":true}},"UALightDarkUnderdark":{"Shadow (UA)":{"isReprinted":true}},"UASorcerer":{"Favored Soul v2 (UA)":{"isReprinted":true},"Phoenix (UA)":{},"Sea (UA)":{},"Stone (UA)":{}},"PSK":{"Pyromancer (PSK)":{}},"UARevisedSubclasses":{"Favored Soul v3 (UA)":{"isReprinted":true}},"XGE":{"Divine Soul":{},"Shadow":{},"Storm":{}},"UAGiantSoulSorcerer":{"Giant Soul (UA)":{}},"UASorcererAndWarlock":{"Aberrant Mind (UA)":{"isReprinted":true}},"UA2020SubclassesPt2":{"Clockwork Soul (UA)":{"isReprinted":true}},"UA2020PsionicOptionsRevisited":{"Psionic Soul (UA)":{"isReprinted":true}},"TCE":{"Aberrant Mind":{},"Clockwork Soul":{}},"UA2021MagesOfStrixhaven":{"Prismari (UA)":{},"Quandrix (UA)":{}},"UA2022HeroesOfKrynn":{"Lunar Magic (UA)":{}}},"Warlock":{"PHB":{"Archfey":{},"Fiend":{},"Great Old One":{}},"UAModernMagic":{"Ghost in the Machine (UA)":{}},"UALightDarkUnderdark":{"Undying Light (UA)":{"isReprinted":true}},"SCAG":{"Undying":{}},"UATheFaithful":{"Seeker (UA)":{}},"UAWarlockAndWizard":{"Hexblade (UA)":{"isReprinted":true},"Raven Queen (UA)":{}},"UARevisedClassOptions":{"Celestial (UA)":{"isReprinted":true}},"XGE":{"Celestial":{},"Hexblade":{}},"UASorcererAndWarlock":{"Lurker in the Deep (UA)":{"isReprinted":true}},"UA2020SubclassesPt1":{"Noble Genie (UA)":{"isReprinted":true}},"UA2020SubclassesRevisited":{"Genie (UA)":{"isReprinted":true}},"UA2020SubclassesPt4":{"Undead (UA)":{"isReprinted":true}},"TCE":{"Fathomless":{},"Genie":{}},"VRGR":{"Undead":{}},"UA2021MagesOfStrixhaven":{"Lorehold (UA)":{},"Silverquill (UA)":{},"Witherbloom (UA)":{}}},"Wizard":{"PHB":{"Abjuration":{},"Conjuration":{},"Divination":{},"Enchantment":{},"Evocation":{},"Illusion":{},"Necromancy":{},"Transmutation":{}},"UAEberron":{"Artificer (UA)":{}},"UAModernMagic":{"Technomancy (UA)":{}},"UAWarlockAndWizard":{"Lore Mastery (UA)":{}},"UAWizardRevisited":{"Theurgy (UA)":{},"War (UA)":{"isReprinted":true}},"XGE":{"War":{}},"UAThreeSubclasses":{"Invention (UA)":{}},"UAClericDruidWizard":{"Onomancy (UA)":{}},"UAFighterRogueWizard":{"Psionics (UA)":{}},"EGW":{"Chronurgy":{},"Graviturgy":{}},"UA2020SubclassesRevisited":{"Scribes (UA)":{"isReprinted":true}},"TCE":{"Bladesinging":{},"Scribes":{}},"UA2021MagesOfStrixhaven":{"Lorehold (UA)":{},"Prismari (UA)":{},"Quandrix (UA)":{},"Silverquill (UA)":{}},"UA2022GiantOptions":{"Runecrafter (UA)":{}}}},"Generic":{"Generic":{"UA2021MagesOfStrixhaven":{"Lorehold (UA)":{},"Prismari (UA)":{},"Quandrix (UA)":{},"Silverquill (UA)":{},"Witherbloom (UA)":{}}}},"UATheMysticClass":{"Mystic":{"UATheMysticClass":{"Avatar":{},"Awakened":{},"Immortal":{},"Nomad":{},"Soul Knife":{},"Wu Jen":{}}}},"UAModifyingClasses":{"Ranger (Spell-less)":{"PHB":{"Beast Master":{},"Hunter":{}},"UALightDarkUnderdark":{"Deep Stalker (UA)":{"isReprinted":true}},"UARangerAndRogue":{"Horizon Walker (UA)":{"isReprinted":true},"Primeval Guardian (UA)":{}},"UAATrioOfSubclasses":{"Monster Slayer (UA)":{"isReprinted":true}},"XGE":{"Gloom Stalker":{},"Horizon Walker":{},"Monster Slayer":{}},"UAFighterRangerRogue":{"Swarmkeeper (UA)":{"isReprinted":true}},"UA2020SubclassesPt3":{"Fey Wanderer (UA)":{"isReprinted":true}},"UA2020SubclassesPt5":{"Drakewarden (UA)":{"isReprinted":true}},"TCE":{"Fey Wanderer":{},"Swarmkeeper":{}},"FTD":{"Drakewarden":{}}}},"UARanger":{"Ranger (Ambuscade)":{"UARanger":{"Guardian":{},"Seeker":{},"Stalker":{}}}},"UATheRangerRevised":{"Ranger (Revised)":{"UATheRangerRevised":{"Beast Conclave":{},"Deep Stalker Conclave":{},"Hunter Conclave":{}},"UARangerAndRogue":{"Horizon Walker (UA)":{"isReprinted":true},"Primeval Guardian (UA)":{}},"UAATrioOfSubclasses":{"Monster Slayer (UA)":{"isReprinted":true}},"XGE":{"Gloom Stalker":{},"Horizon Walker":{},"Monster Slayer":{}},"UAFighterRangerRogue":{"Swarmkeeper (UA)":{"isReprinted":true}},"UA2020SubclassesPt3":{"Fey Wanderer (UA)":{"isReprinted":true}},"UA2020SubclassesPt5":{"Drakewarden (UA)":{"isReprinted":true}},"TCE":{"Fey Wanderer":{},"Swarmkeeper":{}},"FTD":{"Drakewarden":{}}}}}