{
	"_meta": {
		"otherSources": {
			"monster": {
				"MM": "HftT"
			}
		}
	},
	"monster": [
		{
			"name": "Demogorgon",
			"source": "HftT",
			"page": 36,
			"size": [
				"M"
			],
			"type": "monstrosity",
			"alignment": [
				"U"
			],
			"ac": [
				{
					"ac": 15,
					"from": [
						"natural armor"
					]
				}
			],
			"hp": {
				"average": 60,
				"formula": "8d8 + 24"
			},
			"speed": {
				"walk": 30
			},
			"str": 16,
			"dex": 12,
			"con": 16,
			"int": 3,
			"wis": 12,
			"cha": 5,
			"skill": {
				"perception": "+3",
				"stealth": "+5"
			},
			"senses": [
				"blindsight 60 ft."
			],
			"passive": 13,
			"cr": "4",
			"trait": [
				{
					"name": "Keen Smell",
					"entries": [
						"The demogorgon has advantage on Wisdom ({@skill Perception}) checks that rely on smell."
					]
				},
				{
					"name": "Blood Frenzy",
					"entries": [
						"The demogorgon has advantage on melee attack rolls against any creature that doesn't have all its hit points."
					]
				},
				{
					"name": "Regeneration",
					"entries": [
						"The demogorgon regains 10 hit points at the start of its turn. If the demogorgon takes acid or fire damage, this trait doesn't function at the start of the demogorgon's next turn. The demogorgon dies only if it starts its turn with 0 hit points and doesn't regenerate."
					]
				}
			],
			"action": [
				{
					"name": "Multiattack",
					"entries": [
						"The demogorgon makes three attacks: one with its bite and two with its claws."
					]
				},
				{
					"name": "Bite",
					"entries": [
						"{@atk mw} {@hit 5} to hit, reach 5 ft., one target. {@h}7 ({@damage 1d8 + 3}) piercing damage."
					]
				},
				{
					"name": "Claw",
					"entries": [
						"{@atk mw} {@hit 5} to hit, reach 5 ft., one target. {@h}12 ({@damage 2d8 + 3}) slashing damage."
					]
				}
			],
			"traitTags": [
				"Keen Senses",
				"Regeneration"
			],
			"senseTags": [
				"B"
			],
			"actionTags": [
				"Multiattack"
			],
			"damageTags": [
				"P",
				"S"
			],
			"miscTags": [
				"MW"
			],
			"hasToken": true,
			"hasFluff": true,
			"hasFluffImages": true
		},
		{
			"name": "Evil Mage",
			"source": "HftT",
			"page": 42,
			"size": [
				"M"
			],
			"type": {
				"type": "humanoid",
				"tags": [
					"human"
				]
			},
			"alignment": [
				"L",
				"E"
			],
			"ac": [
				12
			],
			"hp": {
				"formula": "5d8",
				"average": 22
			},
			"speed": {
				"walk": 30
			},
			"str": 9,
			"dex": 14,
			"con": 11,
			"int": 17,
			"wis": 12,
			"cha": 11,
			"save": {
				"int": "+5",
				"wis": "+3"
			},
			"skill": {
				"arcana": "+5",
				"history": "+5"
			},
			"passive": 11,
			"languages": [
				"Common",
				"Draconic",
				"Dwarvish",
				"Elvish"
			],
			"cr": "1",
			"spellcasting": [
				{
					"name": "Spellcasting",
					"type": "spellcasting",
					"headerEntries": [
						"The mage is a 4th-level spellcaster that uses Intelligence as its spellcasting ability (spell save {@dc 13}, {@hit 5} to hit with spell attacks). The mage knows the following spells from the wizard's spell list:"
					],
					"spells": {
						"0": {
							"spells": [
								"{@spell light}",
								"{@spell mage hand}",
								"{@spell shocking grasp}"
							]
						},
						"1": {
							"spells": [
								"{@spell charm person}",
								"{@spell magic missile}"
							],
							"slots": 4
						},
						"2": {
							"spells": [
								"{@spell hold person}",
								"{@spell misty step}"
							],
							"slots": 3
						}
					},
					"ability": "int"
				}
			],
			"action": [
				{
					"name": "Quarterstaff",
					"entries": [
						"{@atk mw} {@hit 1} to hit, reach 5 ft., one target. {@h}3 ({@damage 1d8 -1}) bludgeoning damage."
					]
				}
			],
			"attachedItems": [
				"quarterstaff|phb"
			],
			"languageTags": [
				"C",
				"D",
				"DR",
				"E"
			],
			"damageTags": [
				"B"
			],
			"damageTagsSpell": [
				"L",
				"O"
			],
			"spellcastingTags": [
				"CW"
			],
			"miscTags": [
				"MW"
			],
			"savingThrowForcedSpell": [
				"dexterity",
				"wisdom"
			],
			"hasToken": true,
			"hasFluff": true
		},
		{
			"name": "Thessalhydra",
			"source": "HftT",
			"page": 41,
			"otherSources": [
				{
					"source": "IMR"
				}
			],
			"size": [
				"H"
			],
			"type": "monstrosity",
			"alignment": [
				"U"
			],
			"ac": [
				{
					"ac": 14,
					"from": [
						"natural armor"
					]
				}
			],
			"hp": {
				"average": 69,
				"formula": "6d12 + 30"
			},
			"speed": {
				"walk": 30,
				"swim": 30
			},
			"str": 19,
			"dex": 12,
			"con": 20,
			"int": 5,
			"wis": 10,
			"cha": 7,
			"skill": {
				"perception": "+4"
			},
			"senses": [
				"darkvision 60 ft."
			],
			"passive": 14,
			"immune": [
				"acid"
			],
			"conditionImmune": [
				"blinded",
				"charmed",
				"deafened",
				"frightened",
				"stunned"
			],
			"cr": "4",
			"action": [
				{
					"name": "Multiattack",
					"entries": [
						"The thessalhydra makes one maw attack and one Flurry of Bites."
					]
				},
				{
					"name": "Flurry of Bites",
					"entries": [
						"{@atk mw} {@hit 7} to hit, reach 10 ft., one target. {@h}7 ({@damage 1d6 + 4}) piercing damage plus 10 ({@damage 4d4}) poison damage."
					]
				},
				{
					"name": "Maw",
					"entries": [
						"{@atk mw} {@hit 7} to hit, reach 5 ft., one target. {@h}9 ({@damage 1d10 + 4}) piercing damage plus 5 ({@damage 1d10}) acid damage."
					]
				},
				{
					"name": "Tail Pincer",
					"entries": [
						"{@atk mw} {@hit 7} to hit, reach 10 ft., one target. {@h}10 ({@damage 1d12 + 4}) slashing damage, and the target is {@condition grappled}. As an action, the target can escape the grapple by succeeding on a {@dc 14} Strength ({@skill Athletics}) or Dexterity ({@skill Acrobatics}) check (its choice). Until this grapple ends, the thessalhydra can't use its tail pincer."
					]
				},
				{
					"name": "Acid Saliva {@recharge 5}",
					"entries": [
						"The thessalhydra spits a glob of acid at a point it can see within 30 feet of it. Each creature within 10 feet of that point must make a {@dc 15} Dexterity saving throw, taking 18 ({@damage 4d8}) acid damage on a failed save, or half as much damage on a successful one."
					]
				}
			],
			"legendaryActions": 2,
			"legendary": [
				{
					"name": "Detect",
					"entries": [
						"The thessalhydra makes a Wisdom ({@skill Perception}) check with advantage."
					]
				},
				{
					"name": "Tail Swipe",
					"entries": [
						"The thessalhydra makes a tail pincer attack."
					]
				}
			],
			"senseTags": [
				"D"
			],
			"actionTags": [
				"Multiattack"
			],
			"damageTags": [
				"A",
				"I",
				"P",
				"S"
			],
			"miscTags": [
				"MW",
				"RCH"
			],
			"conditionInflict": [
				"grappled"
			],
			"savingThrowForced": [
				"dexterity"
			],
			"hasToken": true,
			"hasFluff": true,
			"hasFluffImages": true
		}
	]
}
