{
	"AATM": "fluff-bestiary-aatm.json",
	"AI": "fluff-bestiary-ai.json",
	"AitFR-ISF": "fluff-bestiary-aitfr-isf.json",
	"AitFR-THP": "fluff-bestiary-aitfr-thp.json",
	"AitFR-DN": "fluff-bestiary-aitfr-dn.json",
	"AitFR-FCD": "fluff-bestiary-aitfr-fcd.json",
	"AWM": "fluff-bestiary-awm.json",
	"BAM": "fluff-bestiary-bam.json",
	"BGDIA": "fluff-bestiary-bgdia.json",
	"BGG": "fluff-bestiary-bgg.json",
	"BMT": "fluff-bestiary-bmt.json",
	"CM": "fluff-bestiary-cm.json",
	"CoA": "fluff-bestiary-coa.json",
	"CoS": "fluff-bestiary-cos.json",
	"CRCotN": "fluff-bestiary-crcotn.json",
	"DC": "fluff-bestiary-dc.json",
	"DIP": "fluff-bestiary-dip.json",
	"DitLCoT": "fluff-bestiary-ditlcot.json",
	"DMG": "fluff-bestiary-dmg.json",
	"DoD": "fluff-bestiary-dod.json",
	"DoSI": "fluff-bestiary-dosi.json",
	"DSotDQ": "fluff-bestiary-dsotdq.json",
	"EGW": "fluff-bestiary-egw.json",
	"ERLW": "fluff-bestiary-erlw.json",
	"FTD": "fluff-bestiary-ftd.json",
	"GGR": "fluff-bestiary-ggr.json",
	"GoS": "fluff-bestiary-gos.json",
	"HAT-TG": "fluff-bestiary-hat-tg.json",
	"HftT": "fluff-bestiary-hftt.json",
	"HotB": "fluff-bestiary-hotb.json",
	"HotDQ": "fluff-bestiary-hotdq.json",
	"IDRotF": "fluff-bestiary-idrotf.json",
	"IMR": "fluff-bestiary-imr.json",
	"JttRC": "fluff-bestiary-jttrc.json",
	"KftGV": "fluff-bestiary-kftgv.json",
	"KKW": "fluff-bestiary-kkw.json",
	"LLK": "fluff-bestiary-llk.json",
	"LMoP": "fluff-bestiary-lmop.json",
	"LR": "fluff-bestiary-lr.json",
	"LRDT": "fluff-bestiary-lrdt.json",
	"LoX": "fluff-bestiary-lox.json",
	"MaBJoV": "fluff-bestiary-mabjov.json",
	"MCV1SC": "fluff-bestiary-mcv1sc.json",
	"MCV2DC": "fluff-bestiary-mcv2dc.json",
	"MCV3MC": "fluff-bestiary-mcv3mc.json",
	"MCV4EC": "fluff-bestiary-mcv4ec.json",
	"MisMV1": "fluff-bestiary-mismv1.json",
	"MGELFT": "fluff-bestiary-mgelft.json",
	"MFF": "fluff-bestiary-mff.json",
	"MM": "fluff-bestiary-mm.json",
	"MPMM": "fluff-bestiary-mpmm.json",
	"MPP": "fluff-bestiary-mpp.json",
	"MOT": "fluff-bestiary-mot.json",
	"MTF": "fluff-bestiary-mtf.json",
	"OotA": "fluff-bestiary-oota.json",
	"OoW": "fluff-bestiary-oow.json",
	"PaBTSO": "fluff-bestiary-pabtso.json",
	"PSA": "fluff-bestiary-ps-a.json",
	"PSD": "fluff-bestiary-ps-d.json",
	"PSI": "fluff-bestiary-ps-i.json",
	"PSK": "fluff-bestiary-ps-k.json",
	"PSX": "fluff-bestiary-ps-x.json",
	"PSZ": "fluff-bestiary-ps-z.json",
	"PotA": "fluff-bestiary-pota.json",
	"QftIS": "fluff-bestiary-qftis.json",
	"RMBRE": "fluff-bestiary-rmbre.json",
	"RoT": "fluff-bestiary-rot.json",
	"SADS": "fluff-bestiary-sads.json",
	"SCC": "fluff-bestiary-scc.json",
	"SDW": "fluff-bestiary-sdw.json",
	"SKT": "fluff-bestiary-skt.json",
	"TCE": "fluff-bestiary-tce.json",
	"TDCSR": "fluff-bestiary-tdcsr.json",
	"TTP": "fluff-bestiary-ttp.json",
	"TftYP": "fluff-bestiary-tftyp.json",
	"ToA": "fluff-bestiary-toa.json",
	"ToFW": "fluff-bestiary-tofw.json",
	"VD": "fluff-bestiary-vd.json",
	"VEoR": "fluff-bestiary-veor.json",
	"VGM": "fluff-bestiary-vgm.json",
	"VRGR": "fluff-bestiary-vrgr.json",
	"WBtW": "fluff-bestiary-wbtw.json",
	"WDH": "fluff-bestiary-wdh.json",
	"WDMM": "fluff-bestiary-wdmm.json",
	"WttHC": "fluff-bestiary-wtthc.json",
	"XMM": "fluff-bestiary-xmm.json",
	"XPHB": "fluff-bestiary-xphb.json"
}
