{"UAArtificer":{"Artificer":{"UAArtificer":{"Alchemist":{"name":"Alchemist"},"Gunsmith":{"name":"Gunsmith"}}}},"UAArtificerRevisited":{"Artificer (Revisited)":{"UAArtificerRevisited":{"Alchemist":{"name":"Alchemist"},"Archivist":{"name":"Archivist","isReprinted":true},"Artillerist":{"name":"Artillerist"},"Battle Smith":{"name":"Battle Smith"}}}},"TCE":{"Artificer":{"UA2020SubclassesPt3":{"Armorer (UA)":{"name":"Armorer (UA)","isReprinted":true}},"TCE":{"Alchemist":{"name":"Alchemist"},"Armorer":{"name":"Armorer"},"Artillerist":{"name":"Artillerist"},"Battle Smith":{"name":"Battle Smith"}}}},"PHB":{"Barbarian":{"PHB":{"Berserker":{"name":"Path of the Berserker"},"Totem Warrior":{"name":"Path of the Totem Warrior"}},"SCAG":{"Battlerager":{"name":"Path of the Battlerager"}},"UABarbarianPrimalPaths":{"Ancestral Guardian (UA)":{"name":"Path of the Ancestral Guardian (UA)","isReprinted":true},"Storm Herald (UA)":{"name":"Path of the Storm Herald (UA)","isReprinted":true},"Zealot (UA)":{"name":"Path of the Zealot (UA)","isReprinted":true}},"UARevisedSubclasses":{"Ancestral Guardian v2 (UA)":{"name":"Path of the Ancestral Guardian v2 (UA)","isReprinted":true}},"XGE":{"Ancestral Guardian":{"name":"Path of the Ancestral Guardian"},"Storm Herald":{"name":"Path of the Storm Herald"},"Zealot":{"name":"Path of the Zealot"}},"UABarbarianAndMonk":{"Wild Soul (UA)":{"name":"Path of the Wild Soul (UA)","isReprinted":true}},"UA2020SubclassesPt1":{"Beast (UA)":{"name":"Path of the Beast (UA)","isReprinted":true}},"TCE":{"Beast":{"name":"Path of the Beast"},"Wild Magic":{"name":"Path of Wild Magic"}}},"Bard":{"PHB":{"Lore":{"name":"College of Lore"},"Valor":{"name":"College of Valor"}},"UAKitsOfOld":{"Satire (UA)":{"name":"College of Satire (UA)"},"Swords (UA)":{"name":"College of Swords (UA)","isReprinted":true}},"UABardBardColleges":{"Glamour (UA)":{"name":"College of Glamour (UA)","isReprinted":true},"Whispers (UA)":{"name":"College of Whispers (UA)","isReprinted":true}},"UARevisedSubclasses":{"Swords v2 (UA)":{"name":"College of Swords v2 (UA)","isReprinted":true}},"XGE":{"Glamour":{"name":"College of Glamour"},"Swords":{"name":"College of Swords"},"Whispers":{"name":"College of Whispers"}},"UABardAndPaladin":{"Eloquence (UA)":{"name":"College of Eloquence (UA)","isReprinted":true}},"UA2020SubclassesPt2":{"Creation (UA)":{"name":"College of Creation (UA)","isReprinted":true}},"UA2020SubclassesPt4":{"Spirits (UA)":{"name":"College of Spirits (UA)"}},"TCE":{"Creation":{"name":"College of Creation"},"Eloquence":{"name":"College of Eloquence"}},"VRGR":{"Spirits":{"name":"College of Spirits"}}},"Cleric":{"PHB":{"Knowledge":{"name":"Knowledge Domain"},"Life":{"name":"Life Domain"},"Light":{"name":"Light Domain"},"Nature":{"name":"Nature Domain"},"Tempest":{"name":"Tempest Domain"},"Trickery":{"name":"Trickery Domain"},"War":{"name":"War Domain"}},"DMG":{"Death":{"name":"Death Domain"}},"UAModernMagic":{"City (UA)":{"name":"City Domain (UA)"}},"SCAG":{"Arcana":{"name":"Arcana Domain"}},"UAClericDivineDomains":{"Forge (UA)":{"name":"Forge Domain (UA)","isReprinted":true},"Grave (UA)":{"name":"Grave Domain (UA)","isReprinted":true},"Protection (UA)":{"name":"Protection Domain (UA)"}},"PSA":{"Ambition (PSA)":{"name":"Ambition Domain (PSA)"},"Knowledge (PSA)":{"name":"Knowledge Domain (PSA)","isReprinted":true},"Solidarity (PSA)":{"name":"Solidarity Domain (PSA)"},"Strength (PSA)":{"name":"Strength Domain (PSA)"},"Zeal (PSA)":{"name":"Zeal Domain (PSA)"}},"XGE":{"Forge":{"name":"Forge Domain"},"Grave":{"name":"Grave Domain"}},"UAOrderDomain":{"Order (UA)":{"name":"Order Domain (UA)","isReprinted":true}},"UAClericDruidWizard":{"Twilight (UA)":{"name":"Twilight Domain (UA)","isReprinted":true}},"UA2020SubclassesPt2":{"Love (UA)":{"name":"Love Domain (UA)","isReprinted":true},"Unity (UA)":{"name":"Unity Domain (UA)","isReprinted":true}},"TCE":{"Order":{"name":"Order Domain"},"Peace":{"name":"Peace Domain"},"Twilight":{"name":"Twilight Domain"}}},"Druid":{"PHB":{"Land":{"name":"Circle of the Land"},"Moon":{"name":"Circle of the Moon"}},"UADruid":{"Dreams (UA)":{"name":"Circle of Dreams (UA)","isReprinted":true},"Shepherd (UA)":{"name":"Circle of the Shepherd (UA)","isReprinted":true},"Twilight (UA)":{"name":"Circle of Twilight (UA)"}},"UARevisedClassOptions":{"Shepherd v2 (UA)":{"name":"Circle of the Shepherd v2 (UA)","isReprinted":true}},"XGE":{"Dreams":{"name":"Circle of Dreams"},"Shepherd":{"name":"Circle of the Shepherd"}},"UAThreeSubclasses":{"Spores (UA)":{"name":"Circle of Spores (UA)","isReprinted":true}},"UAClericDruidWizard":{"Wildfire (UA)":{"name":"Circle of Wildfire (UA)","isReprinted":true}},"UA2020SubclassesPt3":{"Stars (UA)":{"name":"Circle of the Stars (UA)","isReprinted":true}},"TCE":{"Spores":{"name":"Circle of Spores"},"Stars":{"name":"Circle of Stars"},"Wildfire":{"name":"Circle of Wildfire"}}},"Fighter":{"PHB":{"Battle Master":{"name":"Battle Master"},"Champion":{"name":"Champion"},"Eldritch Knight":{"name":"Eldritch Knight"}},"SCAG":{"Purple Dragon Knight (Banneret)":{"name":"Purple Dragon Knight (Banneret)"}},"UAKitsOfOld":{"Cavalier (UA)":{"name":"Cavalier (UA)","isReprinted":true},"Scout (UA)":{"name":"Scout (UA)"}},"UAGothicHeroes":{"Monster Hunter (UA)":{"name":"Monster Hunter (UA)"}},"UAFighter":{"Arcane Archer (UA)":{"name":"Arcane Archer (UA)","isReprinted":true},"Knight (UA)":{"name":"Knight (UA)"},"Samurai (UA)":{"name":"Samurai (UA)","isReprinted":true},"Sharpshooter (UA)":{"name":"Sharpshooter (UA)"}},"UARevisedSubclasses":{"Arcane Archer v2 (UA)":{"name":"Arcane Archer v2 (UA)","isReprinted":true}},"UARevisedClassOptions":{"Cavalier v2 (UA)":{"name":"Cavalier v2 (UA)","isReprinted":true}},"XGE":{"Arcane Archer":{"name":"Arcane Archer"},"Cavalier":{"name":"Cavalier"},"Samurai":{"name":"Samurai"}},"UAThreeSubclasses":{"Brute (UA)":{"name":"Brute (UA)"}},"UAFighterRangerRogue":{"Rune Knight (UA)":{"name":"Rune Knight (UA)","isReprinted":true}},"UAFighterRogueWizard":{"Psychic Warrior (UA)":{"name":"Psychic Warrior (UA)","isReprinted":true}},"EGW":{"Echo Knight":{"name":"Echo Knight"}},"UA2020PsionicOptionsRevisited":{"Psi Knight (UA)":{"name":"Psi Knight (UA)","isReprinted":true}},"TCE":{"Psi Warrior":{"name":"Psi Warrior"},"Rune Knight":{"name":"Rune Knight"}}},"Monk":{"PHB":{"Shadow":{"name":"Way of Shadow"},"Four Elements":{"name":"Way of the Four Elements"},"Open Hand":{"name":"Way of the Open Hand"}},"SCAG":{"Long Death":{"name":"Way of the Long Death"}},"UAMonk":{"Kensei (UA)":{"name":"Way of the Kensei (UA)","isReprinted":true},"Tranquility (UA)":{"name":"Way of Tranquility (UA)"}},"UAATrioOfSubclasses":{"Drunken Master (UA)":{"name":"Way of the Drunken Master (UA)","isReprinted":true}},"UARevisedSubclasses":{"Kensei v2 (UA)":{"name":"Way of the Kensei v2 (UA)","isReprinted":true}},"XGE":{"Drunken Master":{"name":"Way of the Drunken Master"},"Kensei":{"name":"Way of the Kensei"},"Sun Soul":{"name":"Way of the Sun Soul"}},"UABarbarianAndMonk":{"Astral Self (UA)":{"name":"Way of the Astral Self (UA)","isReprinted":true}},"UA2020SubclassesPt1":{"Mercy (UA)":{"name":"Way of Mercy (UA)","isReprinted":true}},"UA2020SubclassesPt5":{"Ascendant Dragon (UA)":{"name":"Way of the Ascendant Dragon (UA)"}},"TCE":{"Mercy":{"name":"Way of Mercy"},"Astral Self":{"name":"Way of the Astral Self"}}},"Paladin":{"PHB":{"Devotion":{"name":"Oath of Devotion"},"Ancients":{"name":"Oath of the Ancients"},"Vengeance":{"name":"Oath of Vengeance"}},"DMG":{"Oathbreaker":{"name":"Oathbreaker"}},"SCAG":{"Crown":{"name":"Oath of the Crown"}},"UAPaladin":{"Conquest (UA)":{"name":"Oath of Conquest (UA)","isReprinted":true},"Treachery (UA)":{"name":"Oath of Treachery (UA)"}},"UAATrioOfSubclasses":{"Redemption (UA)":{"name":"Oath of Redemption (UA)","isReprinted":true}},"UARevisedClassOptions":{"Conquest v2 (UA)":{"name":"Oath of Conquest v2 (UA)","isReprinted":true}},"XGE":{"Conquest":{"name":"Oath of Conquest"},"Redemption":{"name":"Oath of Redemption"}},"UABardAndPaladin":{"Heroism (UA)":{"name":"Oath of Heroism (UA)","isReprinted":true}},"UA2020SubclassesPt1":{"Watchers (UA)":{"name":"Oath of the Watchers (UA)","isReprinted":true}},"TCE":{"Glory":{"name":"Oath of Glory"},"Watchers":{"name":"Oath of the Watchers"}}},"Ranger":{"PHB":{"Beast Master":{"name":"Beast Master"},"Hunter":{"name":"Hunter"}},"UALightDarkUnderdark":{"Deep Stalker (UA)":{"name":"Deep Stalker (UA)","isReprinted":true}},"UARangerAndRogue":{"Horizon Walker (UA)":{"name":"Horizon Walker (UA)","isReprinted":true},"Primeval Guardian (UA)":{"name":"Primeval Guardian (UA)"}},"UAATrioOfSubclasses":{"Monster Slayer (UA)":{"name":"Monster Slayer (UA)","isReprinted":true}},"XGE":{"Gloom Stalker":{"name":"Gloom Stalker"},"Horizon Walker":{"name":"Horizon Walker"},"Monster Slayer":{"name":"Monster Slayer"}},"UAFighterRangerRogue":{"Swarmkeeper (UA)":{"name":"Swarmkeeper (UA)","isReprinted":true}},"UA2020SubclassesPt3":{"Fey Wanderer (UA)":{"name":"Fey Wanderer (UA)","isReprinted":true}},"UA2020SubclassesPt5":{"Drakewarden (UA)":{"name":"Drakewarden (UA)"}},"TCE":{"Fey Wanderer":{"name":"Fey Wanderer"},"Swarmkeeper":{"name":"Swarmkeeper"}}},"Rogue":{"PHB":{"Arcane Trickster":{"name":"Arcane Trickster"},"Assassin":{"name":"Assassin"},"Thief":{"name":"Thief"}},"UAGothicHeroes":{"Inquisitive (UA)":{"name":"Inquisitive (UA)","isReprinted":true}},"UARangerAndRogue":{"Scout (UA)":{"name":"Scout (UA)","isReprinted":true}},"XGE":{"Inquisitive":{"name":"Inquisitive"},"Mastermind":{"name":"Mastermind"},"Scout":{"name":"Scout"},"Swashbuckler":{"name":"Swashbuckler"}},"UAFighterRangerRogue":{"Revived (UA)":{"name":"The Revived (UA)","isReprinted":true}},"UAFighterRogueWizard":{"Soulknife (UA)":{"name":"Soulknife (UA)","isReprinted":true}},"UA2020PsionicOptionsRevisited":{"Soulknife (UA)":{"name":"Soulknife (UA)","isReprinted":true}},"UA2020SubclassesRevisited":{"Phantom (UA)":{"name":"Phantom (UA)","isReprinted":true}},"TCE":{"Phantom":{"name":"Phantom"},"Soulknife":{"name":"Soulknife"}}},"Sorcerer":{"PHB":{"Draconic":{"name":"Draconic Bloodline"},"Wild":{"name":"Wild Magic"}},"UAModifyingClasses":{"Favored Soul (UA)":{"name":"Favored Soul (UA)","isReprinted":true}},"UAWaterborneAdventures":{"Storm (UA)":{"name":"Storm Sorcery (UA)","isReprinted":true}},"UALightDarkUnderdark":{"Shadow (UA)":{"name":"Shadow (UA)","isReprinted":true}},"UASorcerer":{"Favored Soul v2 (UA)":{"name":"Favored Soul v2 (UA)","isReprinted":true},"Phoenix (UA)":{"name":"Phoenix Sorcery (UA)"},"Sea (UA)":{"name":"Sea Sorcery (UA)"},"Stone (UA)":{"name":"Stone Sorcery (UA)"}},"PSK":{"Pyromancer (PSK)":{"name":"Pyromancer (PSK)"}},"UARevisedSubclasses":{"Favored Soul v3 (UA)":{"name":"Favored Soul v3 (UA)","isReprinted":true}},"XGE":{"Divine Soul":{"name":"Divine Soul"},"Shadow":{"name":"Shadow Magic"},"Storm":{"name":"Storm Sorcery"}},"UAGiantSoulSorcerer":{"Giant Soul (UA)":{"name":"Giant Soul (UA)"}},"UASorcererAndWarlock":{"Aberrant Mind (UA)":{"name":"Aberrant Mind (UA)","isReprinted":true}},"UA2020SubclassesPt2":{"Clockwork Soul (UA)":{"name":"Clockwork Soul (UA)","isReprinted":true}},"UA2020PsionicOptionsRevisited":{"Psionic Soul (UA)":{"name":"Psionic Soul (UA)","isReprinted":true}},"TCE":{"Aberrant Mind":{"name":"Aberrant Mind"},"Clockwork Soul":{"name":"Clockwork Soul"}}},"Warlock":{"PHB":{"Archfey":{"name":"The Archfey"},"Fiend":{"name":"The Fiend"},"Great Old One":{"name":"The Great Old One"}},"UAModernMagic":{"Ghost in the Machine (UA)":{"name":"Ghost in the Machine (UA)"}},"UALightDarkUnderdark":{"Undying Light (UA)":{"name":"The Undying Light (UA)","isReprinted":true}},"SCAG":{"Undying":{"name":"The Undying"}},"UATheFaithful":{"Seeker (UA)":{"name":"The Seeker (UA)"}},"UAWarlockAndWizard":{"Hexblade (UA)":{"name":"The Hexblade (UA)","isReprinted":true},"Raven Queen (UA)":{"name":"The Raven Queen (UA)"}},"UARevisedClassOptions":{"Celestial (UA)":{"name":"The Celestial (UA)","isReprinted":true}},"XGE":{"Celestial":{"name":"The Celestial"},"Hexblade":{"name":"The Hexblade"}},"UASorcererAndWarlock":{"Lurker in the Deep (UA)":{"name":"The Lurker in the Deep (UA)","isReprinted":true}},"UA2020SubclassesPt1":{"Noble Genie (UA)":{"name":"The Noble Genie (UA)","isReprinted":true}},"UA2020SubclassesRevisited":{"Genie (UA)":{"name":"The Genie (UA)","isReprinted":true}},"UA2020SubclassesPt4":{"Undead (UA)":{"name":"The Undead (UA)","isReprinted":true}},"TCE":{"Fathomless":{"name":"The Fathomless"},"Genie":{"name":"The Genie"}},"VRGR":{"Undead":{"name":"The Undead"}}},"Wizard":{"PHB":{"Abjuration":{"name":"School of Abjuration"},"Conjuration":{"name":"School of Conjuration"},"Divination":{"name":"School of Divination"},"Enchantment":{"name":"School of Enchantment"},"Evocation":{"name":"School of Evocation"},"Illusion":{"name":"School of Illusion"},"Necromancy":{"name":"School of Necromancy"},"Transmutation":{"name":"School of Transmutation"}},"UAEberron":{"Artificer (UA)":{"name":"Artificer (UA)"}},"UAModernMagic":{"Technomancy (UA)":{"name":"Technomancy (UA)"}},"UAWarlockAndWizard":{"Lore Mastery (UA)":{"name":"Lore Mastery (UA)"}},"UAWizardRevisited":{"Theurgy (UA)":{"name":"Theurgy (UA)"},"War (UA)":{"name":"War Magic (UA)","isReprinted":true}},"XGE":{"War":{"name":"War Magic"}},"UAThreeSubclasses":{"Invention (UA)":{"name":"School of Invention (UA)"}},"UAClericDruidWizard":{"Onomancy (UA)":{"name":"Onomancy (UA)"}},"UAFighterRogueWizard":{"Psionics (UA)":{"name":"Psionics (UA)"}},"EGW":{"Chronurgy":{"name":"Chronurgy Magic"},"Graviturgy":{"name":"Graviturgy Magic"}},"UA2020SubclassesRevisited":{"Scribes (UA)":{"name":"Order of Scribes (UA)","isReprinted":true}},"TCE":{"Bladesinging":{"name":"Bladesinging"},"Scribes":{"name":"Order of Scribes"}}}},"UATheMysticClass":{"Mystic":{"UATheMysticClass":{"Avatar":{"name":"Order of the Avatar"},"Awakened":{"name":"Order of the Awakened"},"Immortal":{"name":"Order of the Immortal"},"Nomad":{"name":"Order of the Nomad"},"Soul Knife":{"name":"Order of the Soul Knife"},"Wu Jen":{"name":"Order of the Wu Jen"}}}},"UAModifyingClasses":{"Ranger (Spell-less)":{"PHB":{"Beast Master":{"name":"Beast Master"},"Hunter":{"name":"Hunter"}},"UALightDarkUnderdark":{"Deep Stalker (UA)":{"name":"Deep Stalker (UA)","isReprinted":true}},"UARangerAndRogue":{"Horizon Walker (UA)":{"name":"Horizon Walker (UA)","isReprinted":true},"Primeval Guardian (UA)":{"name":"Primeval Guardian (UA)"}},"UAATrioOfSubclasses":{"Monster Slayer (UA)":{"name":"Monster Slayer (UA)","isReprinted":true}},"XGE":{"Gloom Stalker":{"name":"Gloom Stalker"},"Horizon Walker":{"name":"Horizon Walker"},"Monster Slayer":{"name":"Monster Slayer"}},"UAFighterRangerRogue":{"Swarmkeeper (UA)":{"name":"Swarmkeeper (UA)","isReprinted":true}},"UA2020SubclassesPt3":{"Fey Wanderer (UA)":{"name":"Fey Wanderer (UA)","isReprinted":true}},"UA2020SubclassesPt5":{"Drakewarden (UA)":{"name":"Drakewarden (UA)"}},"TCE":{"Fey Wanderer":{"name":"Fey Wanderer"},"Swarmkeeper":{"name":"Swarmkeeper"}}}},"UARanger":{"Ranger (Ambuscade)":{"UARanger":{"Guardian":{"name":"Guardian"},"Seeker":{"name":"Seeker"},"Stalker":{"name":"Stalker"}}}},"UATheRangerRevised":{"Ranger (Revised)":{"UATheRangerRevised":{"Beast Conclave":{"name":"Beast Conclave"},"Deep Stalker Conclave":{"name":"Deep Stalker Conclave"},"Hunter Conclave":{"name":"Hunter Conclave"}},"UARangerAndRogue":{"Horizon Walker (UA)":{"name":"Horizon Walker (UA)","isReprinted":true},"Primeval Guardian (UA)":{"name":"Primeval Guardian (UA)"}},"UAATrioOfSubclasses":{"Monster Slayer (UA)":{"name":"Monster Slayer (UA)","isReprinted":true}},"XGE":{"Gloom Stalker":{"name":"Gloom Stalker"},"Horizon Walker":{"name":"Horizon Walker"},"Monster Slayer":{"name":"Monster Slayer"}},"UAFighterRangerRogue":{"Swarmkeeper (UA)":{"name":"Swarmkeeper (UA)","isReprinted":true}},"UA2020SubclassesPt3":{"Fey Wanderer (UA)":{"name":"Fey Wanderer (UA)","isReprinted":true}},"UA2020SubclassesPt5":{"Drakewarden (UA)":{"name":"Drakewarden (UA)"}},"TCE":{"Fey Wanderer":{"name":"Fey Wanderer"},"Swarmkeeper":{"name":"Swarmkeeper"}}}}}