{
	"data": [
		{
			"type": "section",
			"name": "From Cyan Depths",
			"page": 2,
			"entries": [
				{
					"type": "image",
					"href": {
						"type": "internal",
						"path": "adventure/AitFR-FCD/16_1476395139.webp"
					},
					"width": 2484,
					"height": 2096,
					"credit": "Anna Steinbauer"
				},
				"One power-hungry wizard's search for an arcane and dangerous artifact has finally come to an end. He has found his prize. And so new troubles begin. With his newfound power, this villainous wizard promises to conjure castles for cold-hearted mercenaries and wayward armies who pledge fealty to him. These are the early days of a plan to wage war on the Sword Coast, and it falls to the characters to fight the wizard behind it before he musters an army around the artifact he pulled from the cyan depths of Highstar Lake.",
				"This short Dungeons & Dragons® adventure is written to suit four to six characters of 10th level. With this text and the core D&D manuals, you have everything you need to play. You may find the Sword Coast Adventurer's Guide of additional use for its coverage of the High Moors of Faerûn\u2014the chilly, grassy highlands where this adventure is set.",
				{
					"type": "entries",
					"name": "End of a Series",
					"page": 2,
					"entries": [
						"This adventure is written as the finale of a five-part series. If you have not made use of the prior adventures in this series, you'll find this scenario to be the start of something rather than the end. By the finale of this adventure, the characters may be in possession of a potent and dangerously tempting artifact. What will they do with it?",
						"The villain of this adventure\u2014a wizard called Tyreus, from the vast city-world of Ravnica\u2014was the antagonist of previous adventures in this series. More about his history can be discovered in those adventures. If you prefer not to dwell on the past, or if you want to substitute another villain in for ours, you can adapt this adventure to refer to a power-hungry enemy of your own. The lure and power of the Stone of Creation could attract any number of villains.",
						"This adventure might be the end of this series, but it needn't be the end of the tale. What happens next is in the hands of you and your players. Whether this is the end of Tyreus or the start of the characters' control of a powerful artifact, future adventures (and consequences from this series) await."
					],
					"id": "001"
				},
				{
					"type": "section",
					"name": "Adventure Synopsis",
					"page": 2,
					"entries": [
						"This adventure hinges on the players' choices and their characters' tactics. So much depends on the actions undertaken by the adventurers\u2014they are the most crucial variable in this equation.",
						"Once word reaches the adventurers that a nefarious, evil wizard is summoning callous and wicked mercenaries into the High Moors with a plan to build an army, their response dictates the flow of the adventure. Everything is underway at a conjured fortress on Highstar Lake, at the northern edge of the High Moors near Faerûn's Sword Coast. That location is the heart of this short adventure, for that is where the villain dwells. When the adventurers arrive at the peculiar fortress, they find the wizard making bargains with mercenary captains. These are the first days of a grand plan to lay claim to the High Moors and besiege the surrounding lands. If the adventurers want to quash these evil schemes now, they must deal with elementals, mercenaries, and the power-hungry wizard himself. And they must hurry.",
						"Will the adventurers launch a direct assault on the magical castle or try something more subtle? Do they seek to slay the wizard or merely rob him of his powerful artifact? What fate awaits the Stone of Creation\u2014and who, if anyone, ends up with it?",
						"Whether this adventure feels like a climactic final confrontation with Tyreus or the start of a new challenge (or both) depends a great deal on what adventures the players and their characters have undertaken before this one. The outcome of this short adventure series, and the fate of Tyreus, is in their hands."
					],
					"id": "002"
				},
				{
					"type": "section",
					"name": "Adventure Hooks",
					"page": 2,
					"entries": [
						"The adventurers can become involved in this scenario in several ways, whether they're continuing along from previous scenarios or entering into the fray with this one.",
						{
							"type": "entries",
							"name": "The Moment to Strike",
							"page": 2,
							"entries": [
								"Adventurers already entwined in this adventure series might have ample reason to confront Tyreus by now. They can locate him either by searching the High Moors or by following leads in Secomber, as described in \"The Lure of Power.\" Depending on what allies the adventurers have made in previous adventures, any number of NPCs could seek out the characters to let them know about a mysterious new castle on the shore of Highstar Lake and the bluecoated wizard some call the Cobalt Mage.",
								"Otherwise, while passing through Secomber, the adventurers could encounter mercenaries headed for Highstar Lake. The mercenaries post bills looking for sword-arms to defend the Castle of the Cobalt Mage, whom they say can grow castles from the ground. Tyreus isn't afraid of drawing the adventurers to him\u2014he wants to face them, defeat them, and move on with his plans for the Sword Coast."
							],
							"id": "004"
						},
						{
							"type": "entries",
							"name": "The Lure of Power",
							"page": 3,
							"entries": [
								"If the players' characters have not played prior adventures in this series, they may hear rumors of mercenary companies sending warriors into the High Moors, drawn by stories of a wizard mustering an army \"and paying in conjured castles.\" These mercenary platoons are stopping all along the route to gather resources and muster troublemakers on the way, giving the adventurers plenty of time to beat them to the fortress and learn more about Tyreus and the Stone of Creation there. The Cobalt Mage doesn't hide his ambitions for power anymore."
							],
							"id": "005"
						},
						{
							"type": "inset",
							"name": "When to Act",
							"page": 3,
							"entries": [
								"Don't let things stagnate at the fortress. If the adventurers give Tyreus and the mercenaries time to muster forces before they intervene, that decision has consequences. The number of mercenaries on site at the fortress grows over time. The mercenary leaders (and even the elementals) move on, leaving more numerous but less potent foes behind to serve Tyreus. And those departing leaders likely each has a keystone with them, which could change the choices the adventurers make if they come into possession of the Stone of Creation."
							],
							"id": "006"
						}
					],
					"id": "003"
				}
			],
			"id": "000"
		},
		{
			"type": "section",
			"name": "The Fortress of the Cobalt Mage",
			"page": 4,
			"entries": [
				"The adventure begins when the adventurers get close enough to Tyreus's fortress to scout the area. Exactly how close that is depends on the spells and other powers available to them. The fortress is easy to spot, located right on the shore in the southwest region of Highstar Lake. The fortress also has excellent sight lines to the surrounding countryside, with at least half a mile of open wetlands and grasslands in every direction offering minimal cover to approaching creatures.",
				{
					"type": "image",
					"href": {
						"type": "internal",
						"path": "adventure/AitFR-FCD/16_1476395147.webp"
					},
					"width": 1942,
					"height": 1573,
					"mapRegions": [
						{
							"area": "03b",
							"points": [
								[
									519,
									133
								],
								[
									519,
									387
								],
								[
									616,
									387
								],
								[
									616,
									133
								]
							]
						},
						{
							"area": "01f",
							"points": [
								[
									210,
									541
								],
								[
									210,
									646
								],
								[
									303,
									646
								],
								[
									303,
									541
								]
							]
						},
						{
							"area": "018",
							"points": [
								[
									519,
									652
								],
								[
									519,
									749
								],
								[
									617,
									749
								],
								[
									617,
									652
								]
							]
						},
						{
							"area": "026",
							"points": [
								[
									827,
									542
								],
								[
									827,
									646
								],
								[
									929,
									646
								],
								[
									929,
									542
								]
							]
						},
						{
							"area": "035",
							"points": [
								[
									1211,
									261
								],
								[
									1211,
									333
								],
								[
									1275,
									333
								],
								[
									1275,
									261
								]
							]
						},
						{
							"area": "042",
							"points": [
								[
									1399,
									137
								],
								[
									1399,
									288
								],
								[
									1499,
									288
								],
								[
									1499,
									137
								]
							]
						},
						{
							"area": "040",
							"points": [
								[
									1402,
									291
								],
								[
									1402,
									387
								],
								[
									1497,
									387
								],
								[
									1497,
									291
								]
							]
						},
						{
							"area": "02f",
							"points": [
								[
									1612,
									265
								],
								[
									1612,
									328
								],
								[
									1683,
									328
								],
								[
									1683,
									265
								]
							]
						},
						{
							"area": "01f",
							"points": [
								[
									1087,
									546
								],
								[
									1087,
									650
								],
								[
									1187,
									650
								],
								[
									1187,
									546
								]
							]
						},
						{
							"area": "018",
							"points": [
								[
									1401,
									657
								],
								[
									1401,
									748
								],
								[
									1500,
									748
								],
								[
									1500,
									657
								]
							]
						},
						{
							"area": "026",
							"points": [
								[
									1708,
									546
								],
								[
									1708,
									647
								],
								[
									1809,
									647
								],
								[
									1809,
									546
								]
							]
						},
						{
							"area": "02d",
							"points": [
								[
									1113,
									418
								],
								[
									1113,
									484
								],
								[
									1150,
									484
								],
								[
									1150,
									418
								]
							]
						},
						{
							"area": "02d",
							"points": [
								[
									1748,
									420
								],
								[
									1748,
									480
								],
								[
									1777,
									480
								],
								[
									1777,
									420
								]
							]
						},
						{
							"area": "04c",
							"points": [
								[
									1516,
									863
								],
								[
									1516,
									1119
								],
								[
									1619,
									1119
								],
								[
									1619,
									863
								]
							]
						},
						{
							"area": "018",
							"points": [
								[
									955,
									1377
								],
								[
									955,
									1478
								],
								[
									1059,
									1478
								],
								[
									1059,
									1377
								]
							]
						},
						{
							"area": "01f",
							"points": [
								[
									648,
									1272
								],
								[
									648,
									1380
								],
								[
									745,
									1380
								],
								[
									745,
									1272
								]
							]
						},
						{
							"area": "035",
							"points": [
								[
									762,
									976
								],
								[
									762,
									1066
								],
								[
									847,
									1066
								],
								[
									847,
									976
								]
							]
						},
						{
							"area": "04a",
							"points": [
								[
									958,
									861
								],
								[
									958,
									1012
								],
								[
									1058,
									1012
								],
								[
									1058,
									861
								]
							]
						},
						{
							"area": "046",
							"points": [
								[
									958,
									1016
								],
								[
									958,
									1116
								],
								[
									1058,
									1116
								],
								[
									1058,
									1016
								]
							]
						},
						{
							"area": "02f",
							"points": [
								[
									1161,
									972
								],
								[
									1161,
									1065
								],
								[
									1256,
									1065
								],
								[
									1256,
									972
								]
							]
						},
						{
							"area": "02d",
							"points": [
								[
									679,
									1147
								],
								[
									679,
									1212
								],
								[
									714,
									1212
								],
								[
									714,
									1147
								]
							]
						},
						{
							"area": "02d",
							"points": [
								[
									1302,
									1143
								],
								[
									1302,
									1212
								],
								[
									1340,
									1212
								],
								[
									1340,
									1143
								]
							]
						},
						{
							"area": "026",
							"points": [
								[
									1269,
									1272
								],
								[
									1269,
									1377
								],
								[
									1368,
									1377
								],
								[
									1368,
									1272
								]
							]
						}
					],
					"imageType": "map",
					"grid": {
						"type": "square",
						"size": 52,
						"offsetX": 19,
						"offsetY": 28,
						"distance": 10
					},
					"hrefThumbnail": {
						"type": "internal",
						"path": "adventure/AitFR-FCD/thumbnail/16_1476395147.webp"
					},
					"id": "053",
					"credit": "Will Hindmarch"
				},
				{
					"type": "entries",
					"name": "Forces Gathered",
					"page": 4,
					"entries": [
						"In these early days of faction-forming and army-building, Tyreus's defenses are dangerous but full of holes. The fortress is staffed with dozens of unseen servants, conjured when the fortress was. They make poor defenders but can respond to trouble by ringing the wall-mounted bells meant to summon the servants. Meanwhile, some of the mercenaries present likely stand watch atop the walls and towers, looking out for approaching trouble. They are few in number but confident in their belief that any travelers in sight are potentially trouble.",
						{
							"type": "entries",
							"name": "Elementals",
							"page": 4,
							"entries": [
								"Tyreus has used up a number of magical resources he once possessed to form tenuous bonds with a few elementals in the region. He tasked them with scouring the lakeshore for the Stone of Creation. When it was found, just offshore amid heaps of loose stones, Tyreus used a {@spell telekinesis} spell and the elementals' help to bring the Stone into his keep's cellar vault (area 8).",
								"A handful of ill-tempered elementals still roam the area. They are not loyal to Tyreus or the mercenaries, but they welcome opportunities to do battle with Tyreus's enemies\u2014until they grow bored with Tyreus or find better allies, that is. Then they might turn on him and his mercenaries. It is often difficult to predict the whims of elementals.",
								"Two {@creature air elemental||air elementals}, two {@creature water elemental||water elementals}, and one {@creature earth elemental} roam the lakeshore's waters, stony edges, and skies near the fortress."
							],
							"id": "009"
						},
						{
							"type": "entries",
							"name": "Mercenaries",
							"page": 4,
							"entries": [
								"The mercenaries on site have come to see about making a client of Tyreus. He has summoned them so that he can bribe each mercenary army with a keystone of creation. Tyreus has promised each mercenary leader a fortress in exchange for their service pacifying the High Moors and bringing Secomber into his control. Neither mercenary captain has agreed\u2014yet\u2014but both will if given time. None of the mercenaries trust Tyreus, but they believe he can be endured long enough to build up wealth and then possibly be usurped or defeated in a few years.",
								"By day, the mercenaries train in the fortress's narrow yard or the surrounding fields. By night, they drink and tell stories, occasionally meeting and mingling with their counterparts. Most of them are eager to get their keystone and leave, but Tyreus is drawing their visit out until the mercenaries' reinforcements arrive to serve and defend Tyreus.",
								"Each of the visiting, villainous cadres consists of five {@creature mercenary envoy|AitFR-FCD|mercenary envoys} (see appendix A) and a leader who together represent a larger group of soldiers of fortune. The larger groups these envoys represent are waiting elsewhere in the Realms for their envoys to return with keystones of their own.",
								{
									"type": "entries",
									"name": "The Banner of Blades",
									"page": 4,
									"entries": [
										"Founded and led by Audra Drakesblade (female half-elf, lawful evil, {@creature gladiator}) just ten years ago, the mercenaries of the Banner of Blades have a growing reputation in the Sword Coast. Some see them as troublemakers, others as troubleshooters, but they are undeniably effective. Supposedly trained and tested by battles throughout lands to the south, rumors claim they are an invading army in disguise. In truth, the Banner of Blades has attracted outcasts, survivors, and other remnants from broken armies\u2014soldiers who crave regimented diligence and the capable leadership Audra provides. Soldiers of the Banner see themselves not as a single army of three-hundred mercenaries but as five- and ten-person squads with reinforcements throughout the Realms. They simply all fight under the same emblem: a green banner decorated with swords arrayed in diamond formation."
									],
									"id": "00b"
								},
								{
									"type": "entries",
									"name": "The Iron Lions",
									"page": 4,
									"entries": [
										"For decades, the Iron Lions have fancied themselves a secret menace. Most fighting folk of the Sword Coast have never heard of them, and the Lions like it that way\u2014all warfare is based on deception\u2014leaving the Lions to boast, brag, and lie in equal measure about battles they've won or survived. Today, the Iron Lions consist of a hundred or so seasoned soldiers in search of fortune. This is the smallest their makeshift army has ever been; these are lean times. Their current commander, Gollis \"Leonid\" Stamper (male human, neutral evil, {@creature gladiator}), is the grandson of the company's founder, Goran, but he didn't inherit his role. Gollis took leadership of the Lions two years ago by coaxing his commander into a duel and slaughtering him. The emblem of the Iron Lions is a simple iron-gray lion's head on a red flag."
									],
									"id": "00c"
								}
							],
							"id": "00a"
						},
						{
							"type": "inset",
							"name": "Mercenaries with Familiar Faces",
							"page": 4,
							"entries": [
								"If your campaign made use of the first adventure in this series, \"In Scarlet Flames,\" these mercenaries present an opportunity to involve some familiar NPCs. Presuming they survived previous adventures and are still in the mercenary business, Lothar Stoutsmark (male human, chaotic neutral, bandit captain) and his cohorts\u2014Gordo, Vic, and Rora (all spies)\u2014can also be in attendance at Tyreus's fortress. They camp in the lakeshore yard. Their history with the adventurers may create new opportunities or challenges for everyone involved."
							],
							"id": "00d"
						}
					],
					"id": "008"
				},
				{
					"type": "entries",
					"name": "Features of the Fortress",
					"page": 5,
					"entries": [
						"Every part of the fortress mimics some aspect of another castle, keep, or fort seen by Tyreus over the years. The result is a strange hodgepodge of architectural styles, from the mundane functionality of the central guard tower to the fanciful sweeping arches of the northern and southern walls. Those walls offer little protection against any kind of military attack or siege. Their purpose is to imitate the decorative walls of a large scholastic building Tyreus admired in Ravnica.",
						"Tyreus doesn't care that so much of the structure serves little purpose as a fortress. Its job is to intrigue and entice, and it doesn't have to last long. He expects to revise or dispel the fortress anyway and conjure another fortress when the mood strikes him.",
						{
							"type": "entries",
							"entries": [
								{
									"type": "entries",
									"entries": [
										{
											"type": "entries",
											"name": "Ceilings",
											"page": 5,
											"entries": [
												"In the towers, rooms are 9 feet high with flat, stone ceilings. In his own keep, Tyreus conjured 10-foot ceilings with decorative timber rafters from which he could hang lanterns and other details he imagined into existence."
											],
											"id": "011"
										},
										{
											"type": "entries",
											"name": "Doors",
											"page": 5,
											"entries": [
												"Most doors here are conjured wood with iron hinges and fixtures. Each door is 7 feet tall and rounded at the top."
											],
											"id": "012"
										},
										{
											"type": "entries",
											"name": "Light",
											"page": 5,
											"entries": [
												"Much of the fortress allows ample natural light during the day, despite the security risks. The servants light conjured torches and candles all throughout the fortress around dusk, keeping things well lit. Guests are welcome to snuff out lights overnight as they see fit."
											],
											"id": "013"
										},
										{
											"type": "entries",
											"name": "Sound",
											"page": 5,
											"entries": [
												"Most areas have stone floors without rugs or rushes to soften them. Tyreus didn't think to include such details outside of his own keep. Every floor of every tower features a simple handbell hung from the wall somewhere, allowing the place's servants to be summoned\u2014or to raise an alarm."
											],
											"id": "014"
										}
									],
									"id": "010"
								}
							],
							"id": "00f"
						}
					],
					"id": "00e"
				},
				{
					"type": "section",
					"name": "Locations at the Fortress",
					"page": 6,
					"entries": [
						"Each key area of the fortress is described here, often with different floors grouped together by the tower or other structure they are part of.",
						{
							"type": "entries",
							"name": "1. Lakeshore Gate",
							"page": 6,
							"entries": [
								{
									"type": "insetReadaloud",
									"entries": [
										"It's an impressive wooden gate with ornate iron fixtures. The door itself is etched deep with depictions of a sprawling castle beneath a starry sky and a fiery meteor rocketing in from above. The castle is filled with armored soldiers, and atop its highest tower stands a male human figure in a long coat, either welcoming or summoning the meteor."
									],
									"id": "017"
								},
								"The gate is typically barred from the inside. The yard within the gated wall is a small patch of grass and a wide stretch of pebbly beach lining the cold shore of Highstar Lake. The fortress does little to disrupt the winds and chill coming off the lake. This yard's primary purpose is to provide a small patch of ground where supplicants can camp and petition Tyreus\u2014or pledge fealty to him.",
								"The waters here hide or once hid the Stone of Creation."
							],
							"id": "016"
						},
						{
							"type": "entries",
							"name": "2. Central Guard Tower",
							"page": 6,
							"entries": [
								{
									"type": "insetReadaloud",
									"entries": [
										"This spare, simple tower feels new and somehow rote. It looks sturdy but bland, built without any adornment or decorations. It serves a purpose but has nothing to say."
									],
									"id": "019"
								},
								"Tyreus hardly gave this tower a second thought when he conjured the fortress. He imagined it as a place for half-real guards to look out over the lakeshore gate in an endless vigil\u2014and that is all it is.",
								{
									"type": "entries",
									"entries": [
										{
											"type": "entries",
											"name": "Ground Floor",
											"page": 6,
											"entries": [
												"Other than the stairs leading up to the rest of this tower, this chamber holds only a barrel for collecting rainwater. It has no arrow loops or other openings for looking outside the fortress."
											],
											"id": "01b"
										},
										{
											"type": "entries",
											"name": "Second Floor",
											"page": 6,
											"entries": [
												"This spare, bare chamber squints out at the world through narrow arrow loops."
											],
											"id": "01c"
										},
										{
											"type": "entries",
											"name": "Third Floor",
											"page": 6,
											"entries": [
												"The taller windows in this area allow views of the outside world. Doorways open onto the crenelated battlements atop the fortress walls here, too."
											],
											"id": "01d"
										},
										{
											"type": "entries",
											"name": "Roof",
											"page": 6,
											"entries": [
												"This level is little more than the stone ceiling of the level below, ringed by a crenelated wall to provide easy cover to guards overseeing the lakeshore gate or surrounding countryside."
											],
											"id": "01e"
										}
									],
									"id": "01a"
								}
							],
							"id": "018"
						},
						{
							"type": "entries",
							"name": "3. Southern Guard Tower",
							"page": 6,
							"entries": [
								{
									"type": "insetReadaloud",
									"entries": [
										"Another basic tower of solid construction. It smells like fresh mortar, lake water, and the body odors and boiled dinners of the mercenaries camped here."
									],
									"id": "020"
								},
								"The mercenaries of the Iron Lion flag have made this tower their camp. They've made themselves comfortable but do not show much respect for the place.",
								{
									"type": "entries",
									"entries": [
										{
											"type": "entries",
											"name": "Ground Floor",
											"page": 6,
											"entries": [
												"Accessible primarily via the stairs from the second floor, this space is intended as a refuge for guests or a storage area for their supplies and equipment. A door, latched from the inside only, leads out to the lakeshore."
											],
											"id": "022"
										},
										{
											"type": "entries",
											"name": "Second Floor",
											"page": 6,
											"entries": [
												"Stairs lead up from the lakeshore yard, hug the inner wall, and let out here on the second floor, which has been turned into a recreational area for mercenaries."
											],
											"id": "023"
										},
										{
											"type": "entries",
											"name": "Third Floor",
											"page": 6,
											"entries": [
												"This floor now serves as the personal quarters and command post of the mercenary leader, Gollis (male human, neutral evil, {@creature gladiator}). He keeps the room a bit of a mess, anchored by a large table to which he has a map of the High Moors pinned down with daggers. Doors lead from this room to the central guard tower and the southern arched walkway."
											],
											"id": "024"
										},
										{
											"type": "entries",
											"name": "Roof",
											"page": 6,
											"entries": [
												"Low battlement walls surround an empty roof overlooking the green hills of the High Moors and the steely waters of the lake."
											],
											"id": "025"
										}
									],
									"id": "021"
								}
							],
							"id": "01f"
						},
						{
							"type": "entries",
							"name": "4. Northern Guard Tower",
							"page": 6,
							"entries": [
								{
									"type": "insetReadaloud",
									"entries": [
										"Another basic tower of solid construction. Aside from the smell of fresh mortar, the air tastes like cinnamon branches."
									],
									"id": "027"
								},
								"Audra's mercenaries, under her Banner of Blades, reside here for now. They conduct an orderly, regimented existence here, using cinnamon branches and incense to add comfort without diminishing their military orderliness.",
								{
									"type": "entries",
									"entries": [
										{
											"type": "entries",
											"name": "Ground Floor",
											"page": 6,
											"entries": [
												"Accessible primarily via the stairs from the second floor, this space is intended as a refuge for guests or a storage area for their supplies and equipment. Audra's mercenaries sleep here. A door, latched from the inside only, leads out to the lakeshore."
											],
											"id": "029"
										},
										{
											"type": "entries",
											"name": "Second Floor",
											"page": 6,
											"entries": [
												"Stairs clinging to the inner wall of the fortress lead here from the yard below. This floor serves as the gathering area for mercenaries from Audra's company; they leave someone here most of the time to watch for trouble."
											],
											"id": "02a"
										},
										{
											"type": "entries",
											"name": "Third Floor",
											"page": 7,
											"entries": [
												"Audra (female half-elf, lawful evil, {@creature gladiator}) claimed this floor for herself. She sleeps and reads here but meets with her people downstairs. This chamber is comfortable enough, with piles of furs as a bed and half a dozen history books stacked by a deep leather chair, where she studies and plans. This floor exits onto walkways leading toward the central guard tower and the northern arched walkway."
											],
											"id": "02b"
										},
										{
											"type": "entries",
											"name": "Roof",
											"page": 7,
											"entries": [
												"This crenelated roof is bare but offers a grand view of the surrounding highlands and the crisp waves of Highstar Lake."
											],
											"id": "02c"
										}
									],
									"id": "028"
								}
							],
							"id": "026"
						},
						{
							"type": "entries",
							"name": "5. Arched Walkways",
							"page": 7,
							"entries": [
								{
									"type": "insetReadaloud",
									"entries": [
										"High winds whistle through this area. The glittering lake ebbs below."
									],
									"id": "02e"
								},
								"Up here, winds are often powerful enough to impose disadvantage on ranged attacks. The low guarding walls on each side of the walkway are only 3 feet tall, offering little protection for travelers along this path. (Tyreus wants people to feel precarious on their way to visit him.)"
							],
							"id": "02d"
						},
						{
							"type": "entries",
							"name": "6. Northern Turret",
							"page": 7,
							"entries": [
								{
									"type": "insetReadaloud",
									"entries": [
										"This curious architectural feature appears to have been left unguarded. Much of the floor is made up of an iron grate, through which you can see the waves of the lake dozens of feet below."
									],
									"id": "030"
								},
								"This hanging turret, like its counterpart, is meant to appear as an architectural flourish but is also part of Tyreus's defenses against intrusion by creatures on foot.",
								{
									"type": "entries",
									"entries": [
										{
											"type": "entries",
											"name": "Ground Floor",
											"page": 7,
											"entries": [
												"This tower has no ground floor. It is part of the arched northern wall of the fortress, conjured into existence by Tyreus, and suspended above the lake. The bottom of this tower is about 20 feet above the water."
											],
											"id": "032"
										},
										{
											"type": "entries",
											"name": "Second Floor",
											"page": 7,
											"entries": [
												"This empty chamber is open to the lake below."
											],
											"id": "033"
										},
										{
											"type": "entries",
											"name": "Third Floor",
											"page": 8,
											"entries": [
												"This area is an overlook and a checkpoint, designed by Tyreus to harm intruders and alert him of approaching threats. It has no ceiling and is open to the air, allowing air elementals to reach it with ease. The floor of this area includes a wide, metal grate that can be opened to create a pit into the lake below; the switch is by the doorway on the keep's side of the room.",
												"The third floor's eastern doorway is trapped with a glyph of warding's explosive runes and a linked glyph connected to an alarm glyph (DC 18 to detect both); the effect glyph for the alarm is in Tyreus's sanctum (area 10). The glyphs respond to any creature that does not say the password \"visionary\" before passing through the doorway. If {@creature Tyreus, Illusionist|AitFR-FCD|Tyreus} is alerted to an intruder, he prepares for combat as described in his entry in appendix A. For more about {@spell linked glyphs|AitFR-AVT}, see appendix B."
											],
											"id": "034"
										}
									],
									"id": "031"
								}
							],
							"id": "02f"
						},
						{
							"type": "image",
							"href": {
								"type": "internal",
								"path": "adventure/AitFR-FCD/16_1476395159.webp"
							},
							"width": 2484,
							"height": 2104,
							"credit": "Gabor Szikszai"
						},
						{
							"type": "entries",
							"name": "7. Southern Turret",
							"page": 8,
							"entries": [
								{
									"type": "insetReadaloud",
									"entries": [
										"The unusual turret appears empty. Much of the floor is little more than an iron grate, with the lake's waves ebbing dozens of feet below."
									],
									"id": "036"
								},
								"This hanging turret, like its counterpart, is meant to appear as an architectural flourish but is also part of Tyreus's defenses against intrusion by creatures on foot.",
								{
									"type": "entries",
									"entries": [
										{
											"type": "entries",
											"name": "Ground Floor",
											"page": 8,
											"entries": [
												"This tower has no ground floor. It is part of the arched northern wall of the fortress, conjured into existence by Tyreus, and suspended above the lake. The bottom of this tower is about 20 feet above the water."
											],
											"id": "038"
										},
										{
											"type": "entries",
											"name": "Second Floor",
											"page": 8,
											"entries": [
												"This empty chamber is open to the lake below."
											],
											"id": "039"
										},
										{
											"type": "entries",
											"name": "Third Floor",
											"page": 8,
											"entries": [
												"This area is an overlook and a checkpoint, designed by Tyreus to harm intruders and alert him of approaching threats. It has no ceiling and is open to the air, allowing air elementals to reach it with ease. The floor of this area includes a wide, metal grate that can be opened to create a pit into the lake below; the switch is by the doorway on the keep's side of the room.",
												"The third floor's eastern doorway is trapped with a glyph of warding's explosive runes and a linked glyph connected to an alarm glyph (DC 18 to detect both); the effect glyph for the alarm is in Tyreus's sanctum (area 10). The glyphs respond to any creature that does not say the password \"visionary\" before passing through the doorway. If {@creature Tyreus, Illusionist|AitFR-FCD|Tyreus} is alerted to an intruder, he prepares for combat as described in his entry in appendix A. For more about {@spell linked glyphs|AitFR-AVT}, see appendix B."
											],
											"id": "03a"
										}
									],
									"id": "037"
								}
							],
							"id": "035"
						},
						{
							"type": "entries",
							"name": "8. Cellar Vault",
							"page": 8,
							"entries": [
								{
									"type": "insetReadaloud",
									"entries": [
										"This arched chamber of stone feels less like a cellar and more like a vault, with barrels full of coins and precious gold and silver wares piled up carelessly in the corner. A large landscape painting of the lake rests atop the heap."
									],
									"id": "03c"
								},
								"The double doors in the eastern wall are blocked by the stone of the outer wall, which Tyreus can reshape using the keystone or other magical means when he likes. Tyreus intends this room to be storage for treasures and supplies collected from those paying tribute to him. Aside from a table and a scale for weighing treasure, the room contains treasures and traps.",
								"The keystone for this fortress is fitted into the arched ceiling here, 10 feet above the ground.",
								{
									"type": "entries",
									"entries": [
										{
											"type": "entries",
											"name": "Traps",
											"page": 8,
											"entries": [
												"Two magical glyphs are hidden in the floor in the center of this room (DC 18 to detect them both) and keyed to activate if anyone but Tyreus or the fortress's mystical servants touches the 10-foot area in the center of the room. The first is an alarm glyph from a linked glyph spell; its effect glyph is located in Tyreus's sanctum. The second glyph is a spell glyph that casts {@spell wall of force} to create a dome over intruders, theoretically trapping intruders and buying Tyreus or his minions time to arrive. The wall of force's dome covers a circle with a 10-foot radius out from the center of the room."
											],
											"id": "03e"
										},
										{
											"type": "entries",
											"name": "Treasure",
											"page": 8,
											"entries": [
												"A hoard of coins that Tyreus has looted over the years, now intended for current and future mercenaries, are kept in a pair of kegs here. One keg holds 7,090 gp in assorted coins, the other holds 7,120 gp worth of coins. Assorted art objects (worth 3,200 gp) sit in a heap in the northwest corner, capped by a landscape painting of Highstar Lake painted years ago by Saraque Skyhill (worth 800 gp).",
												"The {@item Stone of Creation|AitFR-AVT} has been recovered by Tyreus and is here, set upon a clean bronze brazier at one end of the room, near the doors."
											],
											"id": "03f"
										}
									],
									"id": "03d"
								}
							],
							"id": "03b"
						},
						{
							"type": "entries",
							"name": "9. Wizard's Residence",
							"page": 8,
							"entries": [
								{
									"type": "insetReadaloud",
									"entries": [
										"This lavish room is softened by velvet curtains and colorful wall hangings, including what seems to be a banner ornately stitched with a golden letter T. The ceiling's timber rafters are hung with sweet-smelling dried herbs. A portrait hangs above the fireplace, showing a kingly white human with an exquisitely trimmed white beard and a cobalt blue coat. He wears a silver crown."
									],
									"id": "041"
								},
								"Tyreus keeps a tidy but plush residence, with lush tapestries, soft rugs, velvet curtains, and a large round bed, all summoned into existence as part of the fortress. The portait over the fireplace is of Tyreus himself. It depicts him as he wishes to be in ten or twenty years. Nothing of actual value is here aside from a book of arcane history he stole from another wizard's library."
							],
							"id": "040"
						},
						{
							"type": "entries",
							"name": "10. Sanctum",
							"page": 9,
							"entries": [
								{
									"type": "insetReadaloud",
									"entries": [
										"Big, wooden tables with metal legs dominate the room. Each boasts complex collections of glass instruments and silvery lab equipment, for studying arcane things, perhaps, but the room is sparkling clean and has no smell."
									],
									"id": "043"
								},
								"This room is meant as a sanctum and laboratory, but Tyreus has hardly put it to use. The scales, graduated glass objects, and other lab equipment are pristine\u2014all conjured up as part of the fortress.",
								{
									"type": "entries",
									"entries": [
										{
											"type": "entries",
											"name": "Treasure",
											"page": 9,
											"entries": [
												"A {@item chip of creation|AitFR-AVT} sits on a wooden plate under a glass lid here."
											],
											"id": "045"
										}
									],
									"id": "044"
								}
							],
							"id": "042"
						},
						{
							"type": "entries",
							"name": "11. Study",
							"page": 9,
							"entries": [
								{
									"type": "insetReadaloud",
									"entries": [
										"Hulking, hardwood bookshelves line the walls here, teeming with tomes boasting colorful, pristine spines. Layers of soft carpets lay between them, capped with a plush leather reading chair and a wide, square table scattered with more books. Despite all this, the room has no smell."
									],
									"id": "047"
								},
								"Every book on the shelves is blank, conjured up by Tyreus when he imagined this place.",
								{
									"type": "entries",
									"entries": [
										{
											"type": "entries",
											"name": "Treasure",
											"page": 9,
											"entries": [
												"The books stacked on the floor and scattered on the table were all looted from other wizards' collections. They include speculations on the origins and location of the {@item Stone of Creation|AitFR-AVT} as well as the sigil combinations for various teleportation circles (in locations of the DM's choosing). One of them is a {@item spellbook|phb} containing the spells {@spell teleport}, {@spell teleportation circle}, {@spell stone shape}, {@spell stoneskin}, and {@spell wall of stone}. The historical and arcane texts are worth a total of 2,250 gp to the right collectors."
											],
											"id": "049"
										}
									],
									"id": "048"
								}
							],
							"id": "046"
						},
						{
							"type": "entries",
							"name": "12. Meeting Hall",
							"page": 9,
							"entries": [
								{
									"type": "insetReadaloud",
									"entries": [
										"A long dining table dominates the room, framed by a huge fireplace at one end. Above the fireplace, a taxidermy head of a blue dragon is frozen in mid-snarl; its eyes seem to be diamonds. The dark table is decorated with a cobalt-blue runner, and a sideboard gleams with golden cups on a golden tray, next to a decanter of darkred wine. The table is set with six low chairs and a single, high-backed chair at the head, near the fireplace."
									],
									"id": "04b"
								},
								"Here Tyreus meets with the mercenary commanders and any other visitors he deigns to entertain\u2014or impress. The long table seats three to each long side; the high-backed chair at the head of the table is for Tyreus. The dragon's head, the cups, the tray, the wine, everything is part of the conjured fortress and has no real value."
							],
							"id": "04a"
						},
						{
							"type": "entries",
							"name": "13. Observatory",
							"page": 9,
							"entries": [
								{
									"type": "insetReadaloud",
									"entries": [
										"This place is almost empty save for a shiny telescope and a small iron chest near a wide, open window looking west over the lake. A heavy, stone throne made of black slate marbled with gold and platinum stands in the center of the room. A circle of sigils is carved in the floor. Natural light filters in through high windows and airshafts in the ceiling. The ceiling itself is vaulted stone and timber rafters."
									],
									"id": "04d"
								},
								"Even Tyreus isn't sure what this room is for other than adding height to the keep and looking out at the stars of Faerûn. The circle of sigils is a place for Tyreus to cast {@spell teleport}ation circle and other spells but is not an active or permanent magical feature.",
								"The throne quietly serves two purposes: first, to aggrandize Tyreus, and second, to make visitors think he has mastered the Stone of Creation and made it his own. The throne, of course, is not magical at all\u2014it is another conjured part of Tyreus's fantasy castle.",
								"If he can, Tyreus attempts to intimidate (or even combat) intruders here.",
								{
									"type": "entries",
									"entries": [
										{
											"type": "entries",
											"name": "Treasure",
											"page": 9,
											"entries": [
												"The telescope is worth 250 gp. The iron chest is unlocked and contains a crystal decanter of brandy from Waterdeep and a single glass tumbler. The brandy and the chest are genuine; everything crystal or glass in the chest is part of the fortress."
											],
											"id": "04f"
										}
									],
									"id": "04e"
								}
							],
							"id": "04c"
						}
					],
					"id": "015"
				}
			],
			"id": "007"
		},
		{
			"type": "section",
			"name": "Appendix A: Monsters & NPCs",
			"page": 10,
			"entries": [
				"These statistics describe some of the key NPCs that appear in this adventure.",
				{
					"type": "list",
					"columns": 2,
					"items": [
						"{@creature Mercenary Envoy|AitFR-FCD}",
						"{@creature Tyreus, Illusionist|AitFR-FCD}"
					]
				}
			],
			"id": "050"
		},
		{
			"type": "section",
			"name": "Appendix B: Spells",
			"page": 11,
			"entries": [
				"The effects of these wizard spells appear in this adventure. The spell mighty fortress originally appeared in Xanathar's Guide to Everything.",
				{
					"type": "list",
					"columns": 2,
					"items": [
						"{@spell Linked Glyphs|AitFR-AVT}",
						"{@spell Mighty Fortress|XGE}"
					]
				}
			],
			"id": "051"
		},
		{
			"type": "section",
			"name": "Appendix C: Artifacts",
			"page": 12,
			"entries": [
				"This appendix details three kinds of artifacts that appear throughout this adventure.",
				{
					"type": "list",
					"columns": 3,
					"items": [
						"{@item Stone of Creation|AitFR-AVT}",
						"{@item Chip of Creation|AitFR-AVT}",
						"{@item Keystone of Creation|AitFR-AVT}"
					]
				},
				{
					"type": "gallery",
					"images": [
						{
							"type": "image",
							"href": {
								"type": "internal",
								"path": "adventure/AitFR-FCD/Kobold.webp"
							},
							"credit": "Russ Nicholson",
							"width": 1243,
							"height": 1060
						},
						{
							"type": "image",
							"href": {
								"type": "internal",
								"path": "adventure/AitFR-FCD/Beholder.webp"
							},
							"credit": "Justine Jones",
							"width": 1927,
							"height": 1624
						}
					]
				}
			],
			"id": "052"
		},
		{
			"type": "section",
			"name": "Credits",
			"entries": [
				{
					"type": "list",
					"style": "list-hang-notitle",
					"items": [
						{
							"type": "item",
							"name": "Adventure Writing & Maps",
							"entries": [
								"Will Hindmarch"
							]
						},
						{
							"type": "item",
							"name": "Adventure Graphic Designer",
							"entries": [
								"Bree Heiss"
							]
						},
						{
							"type": "item",
							"name": "Illustrators",
							"entries": [
								"Justine Jones, Russ Nicholson, Anna Steinbauer, and Gabor Szikszai"
							]
						},
						{
							"type": "item",
							"name": "Adventures in the Forgotten Realms Set Leads",
							"entries": [
								"James Wyatt (narrative), Zach Stella (art), with contributions from Tyler Jacobson"
							]
						}
					]
				}
			]
		}
	]
}
