{
	"monster": [
		{
			"name": "Giant Zombie Constrictor Snake",
			"source": "AitFR-DN",
			"page": 11,
			"size": [
				"H"
			],
			"type": "undead",
			"alignment": [
				"N",
				"E"
			],
			"ac": [
				{
					"ac": 15,
					"from": [
						"natural armor"
					]
				}
			],
			"hp": {
				"average": 187,
				"formula": "22d12 + 44"
			},
			"speed": {
				"walk": 30,
				"climb": 20,
				"swim": 30
			},
			"str": 19,
			"dex": 16,
			"con": 14,
			"int": 1,
			"wis": 15,
			"cha": 4,
			"skill": {
				"perception": "+5",
				"stealth": "+6"
			},
			"senses": [
				"blindsight 15 ft.",
				"darkvision 60 ft."
			],
			"passive": 15,
			"vulnerable": [
				"poison"
			],
			"cr": "8",
			"trait": [
				{
					"name": "Sunlight Vulnerability",
					"entries": [
						"While in sunlight, the snake has disadvantage on attack rolls and on Wisdom ({@skill Perception}) checks that rely on sight. When the snake begins its turn in sunlight, it immediately suffers 10 radiant damage."
					]
				},
				{
					"name": "Undead Fortitude",
					"entries": [
						"If damage reduces the snake to 0 hit points, it must make a Constitution saving throw with a DC of 5 + the damage taken, unless the damage is radiant or from a critical hit. On a success, the snake drops to 1 hit point instead."
					]
				}
			],
			"action": [
				{
					"name": "Multiattack",
					"entries": [
						"The snake makes two attacks: one with its bite and one with a constrict attack."
					]
				},
				{
					"name": "Bite",
					"entries": [
						"{@atk mw} {@hit 7} to hit, reach 10 ft., one target. {@h}17 ({@damage 3d8 + 4}) piercing damage, and the target must make a {@dc 15} Constitution saving throw, taking 17 ({@damage 5d6}) poison damage on a failed save, or half as much damage on a successful one."
					]
				},
				{
					"name": "Constrict",
					"entries": [
						"{@atk mw} {@hit 7} to hit, reach 5 ft., one target. {@h}17 ({@damage 3d8 + 4}) bludgeoning damage, and the target is {@condition grappled} (escape {@dc 16}). Until this grapple ends, the creature is {@condition restrained} and the snake cannot constrict another target."
					]
				}
			],
			"tokenCustom": true,
			"traitTags": [
				"Undead Fortitude"
			],
			"senseTags": [
				"B",
				"D"
			],
			"actionTags": [
				"Multiattack"
			],
			"damageTags": [
				"B",
				"I",
				"P",
				"R"
			],
			"miscTags": [
				"MW",
				"RCH"
			],
			"conditionInflict": [
				"grappled",
				"restrained"
			],
			"savingThrowForced": [
				"constitution"
			],
			"hasToken": true,
			"hasFluff": true
		},
		{
			"name": "Hamish Hewland",
			"isNpc": true,
			"isNamedCreature": true,
			"source": "AitFR-DN",
			"page": 11,
			"size": [
				"H"
			],
			"type": "giant",
			"alignment": [
				"N",
				"G"
			],
			"ac": [
				13
			],
			"hp": {
				"average": 85,
				"formula": "10d12 + 20"
			},
			"speed": {
				"walk": 40
			},
			"str": 23,
			"dex": 11,
			"con": 15,
			"int": 10,
			"wis": 14,
			"cha": 10,
			"save": {
				"str": "+9",
				"wis": "+5"
			},
			"skill": {
				"athletics": "+9",
				"history": "+3",
				"insight": "+5",
				"perception": "+5"
			},
			"passive": 15,
			"languages": [
				"Common",
				"Dwarvish",
				"Giant"
			],
			"cr": "5",
			"action": [
				{
					"name": "Multiattack",
					"entries": [
						"Hamish makes two attacks with his axe or throws two rocks."
					]
				},
				{
					"name": "Axe",
					"entries": [
						"{@atk mw} {@hit 9} to hit, reach 5 ft., one target. {@h}17 ({@damage 2d10 + 6}) slashing damage."
					]
				},
				{
					"name": "Rock",
					"entries": [
						"{@atk rw} {@hit 9} to hit, range 60/240 ft., one target. {@h}17 ({@damage 2d10 + 6}) bludgeoning damage."
					]
				}
			],
			"reaction": [
				{
					"name": "Parry",
					"entries": [
						"Hamish adds 2 to his AC against one melee attack that would hit him. To do so, he must see the attacker and be wielding a melee weapon or a shield."
					]
				}
			],
			"tokenCustom": true,
			"actionTags": [
				"Multiattack",
				"Parry"
			],
			"languageTags": [
				"C",
				"D",
				"GI"
			],
			"damageTags": [
				"B",
				"S"
			],
			"miscTags": [
				"MW",
				"RW"
			],
			"hasToken": true,
			"hasFluff": true
		},
		{
			"name": "Kyrilla, Accursed Gorgon",
			"isNpc": true,
			"isNamedCreature": true,
			"source": "AitFR-DN",
			"page": 12,
			"size": [
				"L"
			],
			"type": "monstrosity",
			"alignment": [
				"L",
				"E"
			],
			"ac": [
				{
					"ac": 15,
					"from": [
						"natural armor"
					]
				}
			],
			"hp": {
				"average": 127,
				"formula": "15d10 + 45"
			},
			"speed": {
				"walk": 30
			},
			"str": 11,
			"dex": 16,
			"con": 16,
			"int": 14,
			"wis": 14,
			"cha": 15,
			"save": {
				"wis": "+6",
				"cha": "+6"
			},
			"skill": {
				"deception": "+6",
				"insight": "+6",
				"perception": "+6",
				"stealth": "+7"
			},
			"senses": [
				"darkvision 60 ft."
			],
			"passive": 16,
			"resist": [
				{
					"resist": [
						"bludgeoning",
						"piercing",
						"slashing"
					],
					"note": "from nonmagical attacks",
					"cond": true
				}
			],
			"immune": [
				"poison"
			],
			"conditionImmune": [
				"charmed"
			],
			"languages": [
				"Common",
				"Draconic",
				"Primordial"
			],
			"cr": "10",
			"trait": [
				{
					"name": "Feed on Pain (2/Day)",
					"entries": [
						"The first time she hits with a weapon attack on her turn, Kyrilla can deal an extra 16 ({@damage 3d10}) poison damage to the target and regains a number of hit points equal to half the damage dealt."
					]
				},
				{
					"name": "Legendary Resistance (2/Day)",
					"entries": [
						"If she fails a saving throw, Kyrilla can choose to succeed instead."
					]
				},
				{
					"name": "Petrifying Gaze",
					"entries": [
						"When a creature that can see Kyrilla's eyes starts its turn within 30 feet of her, Kyrilla can force it to make a {@dc 14} Constitution saving throw if Kyrilla isn't {@condition incapacitated} and can see the creature. If the saving throw fails by 5 or more, the creature is instantly {@condition petrified}. Otherwise, a creature that fails the save begins to turn to stone and is {@condition restrained}. The {@condition restrained} creature must repeat the saving throw at the end of its next turn, becoming {@condition petrified} on a failure or ending the effect on a success. The petrification lasts until the creature is freed by the {@spell greater restoration} spell or other magic.",
						"Unless {@status surprised}, a creature can avert its eyes to avoid the saving throw at the start of its turn. If the creature does so, it can't see Kyrilla until the start of its next turn, when it can avert its eyes again. If the creature looks at Kyrilla in the meantime, it must immediately make the save.",
						"Kyrilla's accursed gaze does not affect undead or constructs. If Kyrilla sees herself reflected on a polished surface within 30 feet of her and in an area of bright light, she is, due to her curse, affected by her own gaze."
					]
				},
				{
					"name": "Sunlight Sensitivity",
					"entries": [
						"While in sunlight, Kyrilla has disadvantage on attack rolls and on Wisdom ({@skill Perception}) checks that rely on sight."
					]
				}
			],
			"action": [
				{
					"name": "Multiattack",
					"entries": [
						"Kyrilla makes one attack to constrict and two attacks with her claws, or she makes three attacks with her longbow."
					]
				},
				{
					"name": "Claw",
					"entries": [
						"{@atk mw} {@hit 7} to hit, reach 5 ft., one target. {@h}13 ({@damage 3d6 + 3}) slashing damage."
					]
				},
				{
					"name": "Constrict",
					"entries": [
						"{@atk mw} {@hit 4} to hit, reach 10 ft., one target. {@h}10 ({@damage 3d6}) bludgeoning damage, and the target is {@condition grappled} (escape {@dc 13}) if it is a Large or smaller creature. Until this grapple ends, the target is {@condition restrained}, and Kyrilla can't constrict another target."
					]
				},
				{
					"name": "Longbow",
					"entries": [
						"{@atk rw} {@hit 7} to hit, range 150/600 ft., one target. {@h}16 ({@damage 3d8 + 3}) piercing damage."
					]
				},
				{
					"name": "Summon Swarm of Poisonous Snakes {@recharge 5}",
					"entries": [
						"Kyrilla conjures a swarm of poisonous snakes into an empty space within 10 feet of her. The swarm is under Kyrilla's control and acts on her turn, immediately after her in the initiative order.",
						"It remains in existence for up to 1 hour. She can summon no more than three swarms per day. Kyrilla can banish any or all of her summoned swarms with a bonus action."
					]
				}
			],
			"legendary": [
				{
					"name": "Claw",
					"entries": [
						"Kyrilla or a swarm of poisonous snakes makes a weapon attack."
					]
				},
				{
					"name": "Detect",
					"entries": [
						"Kyrilla makes a Wisdom ({@skill Perception}) check."
					]
				},
				{
					"name": "Slither",
					"entries": [
						"Kyrilla moves up to her speed without provoking opportunity attacks."
					]
				}
			],
			"legendaryGroup": {
				"name": "Kyrilla, Accursed Gorgon",
				"source": "AitFR-DN"
			},
			"tokenCustom": true,
			"attachedItems": [
				"longbow|phb"
			],
			"traitTags": [
				"Legendary Resistances",
				"Sunlight Sensitivity"
			],
			"senseTags": [
				"D"
			],
			"actionTags": [
				"Multiattack"
			],
			"languageTags": [
				"C",
				"DR",
				"P"
			],
			"damageTags": [
				"B",
				"I",
				"P",
				"S"
			],
			"damageTagsLegendary": [
				"R",
				"S"
			],
			"miscTags": [
				"MW",
				"RCH",
				"RNG",
				"RW"
			],
			"conditionInflict": [
				"grappled",
				"petrified",
				"restrained"
			],
			"conditionInflictLegendary": [
				"poisoned"
			],
			"savingThrowForced": [
				"constitution"
			],
			"savingThrowForcedLegendary": [
				"constitution",
				"dexterity"
			],
			"hasToken": true,
			"hasFluff": true
		},
		{
			"name": "Skeletal Horror",
			"source": "AitFR-DN",
			"page": 13,
			"size": [
				"L"
			],
			"type": "undead",
			"alignment": [
				"N",
				"E"
			],
			"ac": [
				13
			],
			"hp": {
				"average": 150,
				"formula": "20d10 + 40"
			},
			"speed": {
				"walk": 30
			},
			"str": 16,
			"dex": 14,
			"con": 15,
			"int": 6,
			"wis": 10,
			"cha": 5,
			"skill": {
				"perception": "+3"
			},
			"senses": [
				"darkvision 60 ft."
			],
			"passive": 16,
			"immune": [
				"poison"
			],
			"vulnerable": [
				"bludgeoning"
			],
			"conditionImmune": [
				"exhaustion",
				"poisoned"
			],
			"cr": "6",
			"action": [
				{
					"name": "Multiattack",
					"entries": [
						"The horror makes two attacks with its claws."
					]
				},
				{
					"name": "Claw",
					"entries": [
						"{@atk mw} {@hit 6} to hit, reach 5 ft., one target. {@h}19 ({@damage 3d10 + 3}) slashing damage."
					]
				},
				{
					"name": "Wave of Bones {@recharge 5}",
					"entries": [
						"The horror crashes into foes like a wave before quickly reforming. Each creature within 10 feet of the horror must make a {@dc 15} Dexterity saving throw, taking 18 ({@damage 4d8}) bludgeoning damage on a failed save, or half as much damage on a successful one. A creature that fails this saving throw is also knocked {@condition prone}."
					]
				}
			],
			"tokenCustom": true,
			"senseTags": [
				"D"
			],
			"actionTags": [
				"Multiattack"
			],
			"damageTags": [
				"B",
				"S"
			],
			"miscTags": [
				"AOE",
				"MW"
			],
			"savingThrowForced": [
				"dexterity"
			],
			"hasToken": true,
			"hasFluff": true
		}
	]
}
