{
	"monsterFluff": [
		{
			"name": "Ancient Deep Crow",
			"source": "AI",
			"entries": [
				{
					"type": "entries",
					"entries": [
						{
							"type": "entries",
							"entries": [
								{
									"type": "entries",
									"entries": [
										"So little is known of the deep crows that even less is known of their monstrous leviathan cousins, the ancient deep crows. Whether these gargantuan specimens are elder deep crows grown to great size or some higher form that holds lesser deep crows in thrall remains to be determined. Ideally by someone else. Seriously, stay away from these things."
									]
								}
							]
						}
					]
				}
			],
			"images": [
				{
					"type": "image",
					"href": {
						"type": "internal",
						"path": "bestiary/AI/Deep Crow.webp"
					},
					"credit": "Leesha Hannigan"
				}
			]
		},
		{
			"name": "Auspicia Dran",
			"source": "AI",
			"entries": [
				{
					"type": "entries",
					"entries": [
						{
							"type": "entries",
							"entries": [
								{
									"type": "entries",
									"entries": [
										"The youngest sister of Omin Dran, the half-elf Auspicia Dran had her life torn apart as a child when she was seized by a mysterious creature called the Wandering Crypt. Having spent long years in a kind of dark dream within the crypt, she was saved in the end by her brother Omin's tireless efforts and the valor of his handpicked \"C\" Team. Now returned safely to the world-and with the false Auspicia of the crypt's creation slain-she focuses on trying to discover her own identity and to work through the ongoing complications arising from her ordeal.",
										"When Auspicia emerged from the Wandering Crypt, she carried within her a growing level of psionic power. She can't help but read others' minds, but finds that wearing a diamond earring helps tamp that unwitting ability down. This magic has also left her connected to the crypt in a way she doesn't understand, even as it grants her occasional memories of others still trapped there and an awareness of faraway places. In combat, she manifests an instinctive knowledge of events before they happen, often making use of this ability to bring a fight to a standstill that encourages parley. But she has only just begun to explore her full precognitive potential."
									]
								}
							]
						}
					]
				}
			],
			"images": [
				{
					"type": "image",
					"href": {
						"type": "internal",
						"path": "bestiary/AI/House Dran.webp"
					},
					"credit": "Nurse Normal"
				}
			]
		},
		{
			"name": "Brahma Lutier",
			"source": "AI",
			"entries": [
				{
					"type": "entries",
					"entries": [
						{
							"type": "entries",
							"entries": [
								{
									"type": "entries",
									"entries": [
										"Formally a former member of the \"B\" Team, Brahma Lutier is a gifted cartographer, spy, and troubadour. Tutored in at least the latter of those vocations by Audra Courtier (wife of Propha Dran and co-owner of the Dran & Courtier inn of Red Larch), Brahma's specialty is a song of domination that is legendarily difficult to resist.",
										"Her retirement is said to be connected to a falling out with husband Oak Truestrike, and Brahma has been operating as a solo agent for some time now. Known for a personality that is murderous and cheery in equal part, she utilizes an instrument of dragonborn design in combat. Known as a war lute, this unique item comes replete with hidden storage and powerful weaponry."
									]
								}
							]
						}
					]
				}
			],
			"images": [
				{
					"type": "image",
					"href": {
						"type": "internal",
						"path": "bestiary/AI/The B Team.webp"
					},
					"credit": "Chris Walton"
				}
			]
		},
		{
			"name": "Chaos Quadrapod",
			"source": "AI",
			"entries": [
				{
					"type": "entries",
					"entries": [
						{
							"type": "entries",
							"entries": [
								{
									"type": "entries",
									"entries": [
										"A cluster of four suckered tentacles with a pulsing mass of ethereal light as its central body, the chaos quadrapod is a creature of the Far Realm, and it channels the anarchic power of that plane as it destroys all in its path. The quadrapod ambulates by flinging its mucus-covered tentacles out and dragging itself along, creating a horrid slurping sound as it advances relentlessly toward its prey."
									]
								}
							]
						}
					]
				}
			],
			"images": [
				{
					"type": "image",
					"href": {
						"type": "internal",
						"path": "bestiary/AI/Chaos Quadrapod.webp"
					},
					"credit": "Darren M. A. Calvert"
				}
			]
		},
		{
			"name": "Clockwork Dragon",
			"source": "AI",
			"entries": [
				{
					"type": "entries",
					"entries": [
						{
							"type": "entries",
							"entries": [
								{
									"type": "entries",
									"entries": [
										"These intricately crafted constructs are typically made to reflect the forms of the metallic dragons. Plated in brass, bronze, copper, or faux gold and silver, they are often taken for fine draconic statues at first glance. A clockwork dragon makes a formidable guardian or defender, with its advanced intellect allowing it to be programmed with a wide range of orders, as well as being capable of wholly independent reactions to potential threats.",
										"Though most clockwork dragons have a breath weapon that deals fire damage, some might be constructed to deal acid, cold, or lightning damage, depending on their makers' whims."
									]
								}
							]
						}
					]
				}
			]
		},
		{
			"name": "Deep Crow",
			"source": "AI",
			"entries": [
				{
					"type": "entries",
					"entries": [
						{
							"type": "entries",
							"entries": [
								{
									"type": "entries",
									"entries": [
										"The only warning you'll get is that fearsome, far-off caw, echoing from the darkness like a death knell. For by the time those glowing red eyes fix on you, it's far too late to run...",
										"Some adventurers and sages whisper that deep crows were first spawned as the familiars of evil arcane casters, abandoned in the subterranean depths and left to grow to enormous size. Others claim these creatures were once normal crows transmuted by vile essence and viler powers. But one thing all agree on is that ending up a meal for one of these monstrosities is a too-real threat for those who stumble into their deadly lairs.",
										"Though the deep crow most immediately resembles a massive version of its namesake bird, this creature is a unique form of avian insect. Seen up close, it can easily be discerned from any other giant bird by its insectoid maw, its four-clawed feet, and the cluster of red eyes that are the most unsettling part of its appearance.",
										{
											"type": "entries",
											"name": "Terror from Above",
											"entries": [
												"The deep crow's most fearsome attack is the bite of its mandibles, which can seize and hold almost any creature. Their preferred attack is a snatch-and-grab that sees a deep crow flying off with a living victim before its companions have any chance of counterattack. Provided the doomed prey doesn't struggle, the deep crow takes it back to its lair to be devoured at leisure. Creatures that do struggle might be repeatedly dropped from a height to soften them up a bit."
											]
										},
										{
											"name": "Family Ties",
											"type": "entries",
											"entries": [
												"Deep crows live alone for an unknown length of years, emerging from the lair only to hunt, to look for potential threats, and to mate. Mating is a once-in-a-lifetime urge that sees each deep crow involved in the pairing produce a cluster of four to eight eggs. Incubation lasts a year, followed by a year during which the fledgling deep crows stay close by their parent's side. The young then set out to establish lairs of their own."
											]
										},
										{
											"name": "Unknown and Inscrutable",
											"type": "entries",
											"entries": [
												"The mindset of these intelligent yet alien creatures is a mystery, but some who have encountered them relate that they are quick to hold a grudge. For years. Of even greater importance, they can teach their chicks to harbor the same resentments, instilling a cross-generational hatred of chosen foes that can last for centuries."
											]
										}
									]
								},
								{
									"type": "entries",
									"name": "A Deep Crow's Lair",
									"entries": [
										"Deep crows and ancient deep crows roost in places both deep and warm, favoring sites with access to exposed lava. The spires of volcanic rock the creatures prize as roosts are common in such places, whose ambient warmth provides constant temperature regulation for the creature's eggs."
									]
								}
							]
						}
					]
				}
			],
			"images": [
				{
					"type": "image",
					"href": {
						"type": "internal",
						"path": "bestiary/AI/Deep Crow.webp"
					},
					"credit": "Leesha Hannigan"
				}
			]
		},
		{
			"name": "Donaar Blit'zen",
			"source": "AI",
			"entries": [
				{
					"type": "entries",
					"entries": [
						{
							"type": "entries",
							"entries": [
								{
									"type": "entries",
									"entries": [
										{
											"type": "quote",
											"entries": [
												"Everybody cooooool out!"
											]
										},
										"The hulking dragonborn decisionist of the \"C\" Team, Donaar Blit'zen is an icon of brash confidence and warrior chill. He is known for his furious skill in battle, and for his propensity to fall asleep as soon as a fight is done (as well as countless other inopportune times). More immediately notable is the unique physical trait that all members of his clan bear-a stylish tail that is rare and often considered a deformity among dragonborn.",
										"As with his tail, an odd quirk of heritage makes Donaar's acid breath more of a signature vomiting, giving rise to a driving paranoia that this regurgitation might damage his teeth. As testaments to his obsession with dental hygiene, Donaar named his greatsword Toothbrush and calls his whip Floss. He carries an actual toothbrush (named Percival) and actual floss at all times.",
										"Those who know Donaar quickly come to recognize that the braggadocio that defines him involves a certain amount of artifice. When the young dragonborn left his clan and family to adventure in foreign climes, he realized that doing so provided the perfect opportunity to reinvent himself for folk who had no idea what he was once like. As such, Donaar has learned that no amount of bravado and compensation is too much-provided he leaves no openings for strangers to call him on it. By the same token, strangers quickly come to realize that reinforcing Donaar's self-congratulating sense of draconic entitlement makes it remarkably easy to win his favor.",
										"Despite his easily massaged vanity, the dragonborn sometimes shows the occasional streak of selflessness. Most notably, Donaar serves in his off-hours as part-time godfather to a young dragonborn named Chronaar, who had inadvertently imprinted on Donaar as a parental figure while he watched over her while she was in her egg."
									]
								}
							]
						}
					]
				}
			],
			"images": [
				{
					"type": "image",
					"href": {
						"type": "internal",
						"path": "bestiary/AI/Donaar Blitzen.webp"
					},
					"credit": "Nurse Normal"
				}
			]
		},
		{
			"name": "Flabbergast",
			"source": "AI",
			"entries": [
				{
					"type": "entries",
					"entries": [
						{
							"type": "entries",
							"entries": [
								{
									"type": "entries",
									"entries": [
										"Not much is known of the mysterious and aloof majordomo of Acquisitions Incorporated Head Office, the mage known as Flabbergast. It's said that he hails from Neverwinter, and that his wealthy family helped erect and carve the famous Dolphin Bridge in that city. Although he detests physical labor, Flabbergast is a bit of a bridge builder in his own way, always striving to bring people together and flexing his diplomatic muscles. A pacifist bureaucrat, he abhors violence, and rarely puts his magical prowess on display.",
										"One thing that is known (though it's seldom spoken of) is that Flabbergast once worked for Dran Enterprises, and specifically for Portentia Dran. He carries a certain amount of guilt around being complicit in certain Dran Enterprises' dealings, and helped Acquisitions Incorporated on the side even before taking up an official role with the company. Though Head Office certainly trusts him, others might wonder where his true loyalties lie.",
										"Flabbergast's familiar, Mister Snibbly, uses the cat stat block."
									]
								}
							]
						}
					]
				}
			],
			"images": [
				{
					"type": "image",
					"href": {
						"type": "internal",
						"path": "bestiary/AI/Flabbergast.webp"
					},
					"credit": "Nurse Normal"
				}
			]
		},
		{
			"name": "Jim Darkmagic",
			"source": "AI",
			"entries": [
				{
					"type": "entries",
					"entries": [
						{
							"type": "entries",
							"entries": [
								{
									"type": "entries",
									"entries": [
										{
											"type": "quote",
											"entries": [
												"Have a magical day!"
											]
										},
										"James Winifred Darkmagic III is the scion of a mysterious, multiplanar wizarding family. Jim's arcane pedigree has long preceded him, incorporating equally healthy amounts of magical training and innate eldritch prowess. However, despite a natural talent that could have allowed him to make a name for himself as a court wizard, or perhaps \"that strange old man in the village,\" Jim's original penchant was not for the magic of scroll or spell, but for the stage.",
										"As an entertainer and purveyor of the \"Jim Darkmagic Experience,\" the legendary mage can often be found in markets and town squares, performing feats of mundane legerdemain. The renown he has earned for these feats is nearly equaled by the reputation that follows him as chief arcanist (and occasional arsonist) for Acquisitions Incorporated. And although his skills as an adventurer and real wizard remain highly sought after, Jim looks forward to a well-earned retirement, at which point he hopes to become a \"real wizard\"-by which he means a fake wizard-full time."
									]
								}
							]
						}
					]
				}
			],
			"images": [
				{
					"type": "image",
					"href": {
						"type": "internal",
						"path": "bestiary/AI/Jim Darkmagic.webp"
					},
					"credit": "Mike Krahulik"
				}
			]
		},
		{
			"name": "K'thriss Drow'b",
			"source": "AI",
			"entries": [
				{
					"type": "entries",
					"entries": [
						{
							"type": "entries",
							"entries": [
								{
									"type": "entries",
									"entries": [
										{
											"type": "quote",
											"entries": [
												"All things are divided into meat and mouths-but even a mouth is just meat."
											]
										},
										"The drow warlock K'thriss Drow'b cuts a dashing figure as the worldly representative of the Ur-a ravenous, inscrutable, and largely indifferent elder entity from beyond reality. Tapped into this dark power, the \"C\" Team's hoards person sees all existence as a puzzle to unlock, and he is obsessed by the essential lack of meaning and purpose in the structures of so-called \"reality.\" Still, all things considered, he is most often polite and affable. Because after a long adventuring career, he understands that he can't afford to make more enemies.",
										"Given his blue skin tone, rumors suggest that K'thriss is of mixed heritage, but no one knows for sure. As a young and doubting adherent of Lolth, he stumbled upon fragments of a relic known as the Black Altar, exposing him to their infinite truths and shocking the drow's hair jet-black. His matching \"beard\" is actually a slow-growing colony of inert spores that K'thriss believes makes him look distinguished. Possessed of alarming and asymmetric crystalline eyes, he often wears a blindfold to spare others his visage, seeing through the eyes of his familiar while he does.",
										"Tentacles play a big part in K'thriss's spellcasting, whether wrenching him through the sky when he uses magic to fly, or manifesting in dark, suckered form when he casts spells such as thorn whip. And when enemies hear K'thriss whisper the deep truths of the Ur-typically something about how on a geologic time scale, everyone's desires are meaningless-they remember it.",
										"K'thriss's familiar, Ligotti, is a semi-sapient remnant of a tentacle attack, spawned by the warlock's intercessor patron god. Though entirely alien to the material plane (and often appearing in the form of a staff), Ligotti uses the stat block of a poisonous snake with these changes:",
										{
											"type": "list",
											"items": [
												"It has an Intelligence score of 12 (+2).",
												"It has telepathy out to a range of 30 feet."
											]
										}
									]
								}
							]
						}
					]
				}
			],
			"images": [
				{
					"type": "image",
					"href": {
						"type": "internal",
						"path": "bestiary/AI/Kthriss Drowb.webp"
					},
					"credit": "Nurse Normal"
				}
			]
		},
		{
			"name": "Keg Robot",
			"source": "AI",
			"entries": [
				{
					"type": "entries",
					"entries": [
						{
							"type": "entries",
							"entries": [
								{
									"type": "entries",
									"entries": [
										{
											"type": "quote",
											"entries": [
												"This beer is delicious. But did the spigot really have to be placed in that spot?"
											]
										},
										"A keg robot is a stout wood-and-metal construct, vaguely reminiscent of a dwarf wearing a horned helm and possessing a barrel for a body. These constructs are another achievement of the Heuristic Arcane Research and Development (HARD) department of Acquisitions Incorporated. These devices have a number of practical purposes, including the ability to be filled with a variety of substances of use to an adventuring party. Specific models are nominally named for their primary function, including \"ambulatory fermenter,\" \"mobile alchemical dispensary,\" and so forth. But their prominent use as portable beer dispensers has placed the name \"keg robot\" firmly into public consciousness.",
										"A keg robot can hold up to three different kinds of liquid in its body cavity, from water and other potables to alchemical substances and lamp oil. Its individual storage compartments can leak, providing drinkable liquids with a unique but mostly safe flavor. These constructs have a rudimentary intellect that allows them to operate independently and discern friend from foe-and which sometimes causes them to operate with a crass sense of humor that has never been fully explained."
									]
								}
							]
						}
					]
				}
			],
			"images": [
				{
					"type": "image",
					"href": {
						"type": "internal",
						"path": "bestiary/AI/Keg Robot.webp"
					},
					"credit": "Chris Walton"
				}
			]
		},
		{
			"name": "Môrgæn",
			"source": "AI",
			"entries": [
				{
					"type": "entries",
					"entries": [
						{
							"type": "entries",
							"entries": [
								{
									"type": "entries",
									"entries": [
										{
											"type": "quote",
											"entries": [
												"If I had wanted to kill, I would have killed."
											]
										},
										"The ranger Môrgæn is a renowned tracker and hunter, able to pinpoint-target foes at any range, then vanish into the woods with no one the wiser. Her legendary ability with the longbow and the custom arrows she crafts instills fear into the hearts of her many enemies-and more than a few of her coworkers. Famously, she is the only member of Acquisitions Incorporated known to be paid in advance, lest a missed invoice lead to dire repercussions.",
										"A child of the forest, Môrgæn defends the natural world with singular ferocity and an impressive rate of sustained fire. Her core philosophy is that one should shoot first and then ask no questions later. Because what's the point of asking questions when the person you've shot first is already dead? Still, when the situation calls for it, this protector of the woodlands is equally at home on missions of subterfuge and social interaction in the big city, provided her well-known love of ale, wine, and other intoxicants doesn't get the better of her."
									]
								}
							]
						}
					]
				}
			],
			"images": [
				{
					"type": "image",
					"href": {
						"type": "internal",
						"path": "bestiary/AI/Morgaen.webp"
					},
					"credit": "Nurse Normal"
				}
			]
		},
		{
			"name": "Oak Truestrike",
			"source": "AI",
			"entries": [
				{
					"type": "entries",
					"entries": [
						{
							"type": "entries",
							"entries": [
								{
									"type": "entries",
									"entries": [
										"Oak Truestrike is the \"B\" Team's decisionist-and, depending on who you talk to, a reincarnated demigod. (It's a long story.) Those who know him acknowledge his confidence, his arrogance, and his odd ability to engage with others by somehow saying exactly what each listener wants to hear. Whether this is some subtle magical ability or simply grifter's charm, he makes good use of it either way.",
										"Oak becomes a radically different person with each of his reincarnations, flipping between neutral good and neutral evil. His memories of past lives have been fractured by his many deaths, but he spends each new life accounting for the previous life in a karmic-ledger kind of way. His current incarnation embraces the good side. Mostly. Except for that occasional toxic bitterness. Oh, and the misanthropy. Actually, if you end up hating this guy, it's probably not your fault."
									]
								}
							]
						}
					]
				}
			],
			"images": [
				{
					"type": "image",
					"href": {
						"type": "internal",
						"path": "bestiary/AI/The B Team.webp"
					},
					"credit": "Chris Walton"
				}
			]
		},
		{
			"name": "Omin Dran",
			"source": "AI",
			"entries": [
				{
					"type": "entries",
					"entries": [
						{
							"type": "entries",
							"entries": [
								{
									"type": "entries",
									"entries": [
										{
											"type": "quote",
											"entries": [
												"My duty, first and foremost, is to my shareholders. And I am the only shareholder."
											]
										},
										"Ominifis Hereward Dran spent his formative years in the small waystop of Red Larch, where his mother, Prophetess, ran a popular inn and restaurant. In the brief periods of respite afforded by working the family business, Omin and his sisters, Auspicia and Portentia, were wont to wander the hills and trails around town, dreaming of adventure. But adventure of the wrong kind came calling for the trio one day, when an underground ruin they had often explored-actually a creature called the Wandering Crypt-took Auspicia from the world.",
										"Omin Dran built the organization called Acquisitions Incorporated to facilitate and expand his quest to find his true sister, at least in part. For despite his unprecedented success in establishing the market for franchised adventuring across the Sword Coast and beyond, Omin's full measure eludes most people. He is known to be a worshiper of Tymora, ruthless in matters of business, feckless in matters of love, and hopeless in games of chance. Omin is also often accused of being one of the Masked Lords of Waterdeep, though this bit of fancy earns little more than a chuckle in response. And even if the rumor were true, Omin would never leverage such a position for greater financial gain and power. Because that would be wrong..."
									]
								}
							]
						}
					]
				}
			],
			"images": [
				{
					"type": "image",
					"href": {
						"type": "internal",
						"path": "bestiary/AI/Omin Dran.webp"
					},
					"credit": "Mike Krahulik"
				}
			]
		},
		{
			"name": "Pendragon Beestinger",
			"source": "AI",
			"entries": [
				{
					"type": "entries",
					"entries": [
						{
							"type": "entries",
							"entries": [
								{
									"type": "entries",
									"entries": [
										"Able arcanist Pendragon Beestinger took over as \"B\" Team cartographer after Brahma Lutier left the group. In fact, his first assignment was to assist in the team's attempts to apprehend the wandering bard. An adopted child of the \"C\" Team's Rosie Beestinger, Pendragon is his mother's foil in almost every way-including his goal of wanting to mainstream some of the family's rumored criminal interests. Pendragon has, in fact, attempted to kill his mother-and been killed himself in the process. Despite his having been resurrected at Rosie's request, things remain cool between the two.",
										"Pendragon was kicked out of wizarding school as a result of the dark rumors following the Beestinger clan. Now a self-taught mage, he specializes in making use of the dangerous spells and weird trinkets he often comes across in his role as a kind of arcane archaeologist. Seeking out the family feeling that an adventuring group provides keeps him in the \"B\" Team, even if that unfortunately comes with Oak Truestrike as a kind of father figure."
									]
								}
							]
						}
					]
				}
			],
			"images": [
				{
					"type": "image",
					"href": {
						"type": "internal",
						"path": "bestiary/AI/The B Team.webp"
					},
					"credit": "Chris Walton"
				}
			]
		},
		{
			"name": "Phoenix Anvil",
			"source": "AI",
			"entries": [
				{
					"type": "entries",
					"entries": [
						{
							"type": "entries",
							"entries": [
								{
									"type": "entries",
									"entries": [
										"The \"B\" Team hoards person, Phoenix Anvil is a servant of Waukeen and a soft-spoken sort. Really soft. Like, he talks so infrequently that even he might not recognize his own voice. Phoenix comes from the streets, where he grew up a fighter until a job sweeping the steps of a small temple of Waukeen showed him a new path. His hunger for coin as an adventurer is thus guided by his knowledge of what it is to do without.",
										"More of an object individual than a people person, Phoenix is obsessively dedicated to the franchise's assets and accounts. Thankfully, he includes his fellow members among those assets, making him fiercely loyal. However, Oak Truestrike is the only team member he's ever really warmed to, which doesn't do either of them any good."
									]
								}
							]
						}
					]
				}
			],
			"images": [
				{
					"type": "image",
					"href": {
						"type": "internal",
						"path": "bestiary/AI/The B Team.webp"
					},
					"credit": "Chris Walton"
				}
			]
		},
		{
			"name": "Portentia Dran",
			"source": "AI",
			"entries": [
				{
					"type": "entries",
					"entries": [
						{
							"type": "entries",
							"entries": [
								{
									"type": "entries",
									"entries": [
										"Now the owner and driving force behind Dran Enterprises-perhaps Acquisitions Incorporated's most notable rival in the adventuring-for-profit-and-power biz\u2014Portentia Dran is more than she appears to be. Quite literally. The person known as Portentia is actually a changeling, who took the place of the real Portentia before her fifth year.",
										"The changeling Portentia can affect a range of dis guises, and has spent long years engaged in a mission of manipulating the members of the Dran family. Years ago, it was Portentia who tricked her sister Auspicia into exploring the depths of the Wandering Crypt. And she would have been successful in arranging for Omin to be claimed by that creature as well if he hadn't fled immediately in search of a weapon to aid his captured sister.",
										"Whether in combat or social encounters, Portentia shifts frequently between different forms and mindsets, only some of which are fully humanoid. She fights to maim, with a cruel combat style that emphasizes surprise and painful instruction. She is willing to affect any appearance or attitude to achieve her goals. But what those goals are-for herself and Dran Enterprises alike-remain a secret known only to her."
									]
								}
							]
						}
					]
				}
			],
			"images": [
				{
					"type": "image",
					"href": {
						"type": "internal",
						"path": "bestiary/AI/House Dran.webp"
					},
					"credit": "Nurse Normal"
				}
			]
		},
		{
			"name": "Rosie Beestinger",
			"source": "AI",
			"entries": [
				{
					"type": "entries",
					"entries": [
						{
							"type": "entries",
							"entries": [
								{
									"type": "entries",
									"entries": [
										{
											"type": "quote",
											"entries": [
												"Well, I have this jar of eyeballs..."
											]
										},
										"Weighing in at just under 30 pounds and with a grandmotherly demeanor befitting her advanced age, Rosie Beestinger is easily mistaken for someone on the wrong side of the \"aggressor/victim\" relationship. But this is a mix-up that few people make more than once. Patient and studious, Rosie has schooled more than one malcontent with what the halfling refers to as \"the sauce\"-a whirlwind of kicks and punches to one or the other haunches that can inspire even the toughest half-orc to sprint toward anyplace Rosie isn't. As an increasing number of folk hear the tales of her prowess, the \"C\" Team cartographer's fame among her fellow halflings has become nothing short of legendary. Still, this adoration might be augmented by the sheer number of halflings related to Rosie. She has a daunting number of natural and adopted children, many of whom have followed their mother along the adventuring career track.",
										"Rosie's goals have always been more complex than merely seeking after adventure. She has long sought for ultimate meaning in the stars, and to seek justification for her belief that her bonds to her expansive family are reflected in the endless movements and intricate patterns of the sky. However, the Beestinger clan has a less metaphysical reputation in the eyes of many people, as constantly swirling rumors attempt to connect the family to various and nefarious halfling criminal enter prises. Naturally, Rosie knows nothing about any of that. Sure, her nickname is \"Grandmother Night,\" but that probably doesn't mean anything."
									]
								}
							]
						}
					]
				}
			],
			"images": [
				{
					"type": "image",
					"href": {
						"type": "internal",
						"path": "bestiary/AI/Rosie Beestinger.webp"
					},
					"credit": "Nurse Normal"
				}
			]
		},
		{
			"name": "Splugoth the Returned",
			"source": "AI",
			"entries": [
				{
					"type": "entries",
					"entries": [
						{
							"type": "entries",
							"entries": [
								{
									"type": "entries",
									"entries": [
										{
											"type": "quote",
											"entries": [
												"I'm going to give you a piece of advice. Don't trust Acquisitions Incorporated. And never, ever, ever trust Omin Dran. Wait, that's two pieces of advice. You owe me."
											]
										},
										"Sometimes a goblin can't catch a break. First, you fall in with a cult that works for the release of a death god. Then you get taken prisoner by a group of sociopathic adventurers who end up letting you die after you save their sorry lives. One minute, you're a dead goblin named Splug. And then you're alive again, and it seems like a really good idea to play up the drama of resurrection with a cool new name-and a master plan for cold, cold revenge against those who betrayed you.",
										"Every once in a while, the (accidentally) capricious and (totally unintentionally) self-centered nature of an Acquisitions Incorporated franchise might incur some collateral damage among followers, hirelings, and staff. When that happens, the collateral damage sometimes inspires some collateral damage of its own. No one is entirely sure how many times Splugoth the Returned has actually returned from the dead. But as the point goblin for the group known as the Six (see \"Factions and Rivals\" in chapter 3), he's made vengeance against Acq Inc and Omin Dran his life's work. And then the work of his next life. And the one after that."
									]
								}
							]
						}
					]
				}
			],
			"images": [
				{
					"type": "image",
					"href": {
						"type": "internal",
						"path": "bestiary/AI/Splugoth the Returned.webp"
					},
					"credit": "Nurse Normal"
				}
			]
		},
		{
			"name": "Viari",
			"source": "AI",
			"entries": [
				{
					"type": "entries",
					"entries": [
						{
							"type": "entries",
							"entries": [
								{
									"type": "entries",
									"entries": [
										{
											"type": "quote",
											"entries": [
												"I know a story about that..."
											]
										},
										"A product of life on a small-town farm, the rogue known as Viari carries fond memories of those childhood days and his loving family. (Well, except for that thing where his parents insist on thinking of his older brother as the successful one.) But he can be quick to show self-consciousness when talking of where he came from, and he never speaks of the name he bore in that former life After quickly rising in the ranks of Acquisitions Incorporated since joining that august team, Viari has come to head what's known as the organization's Stabbing Department. A potent threat in both dueling and earnest debate, he demonstrates an equal flair for planning and forethought, mad combat moves (involving leaping off high places whenever possible), and dark vengeance.",
										"Viari's career as an adventurer was nearly cut short during a battle of which the bards still sing. Unleashing a devastating attack with the aptly named Apocalypse Dagger, the rogue destroyed a giant single-handedly\u2014and lost his arm in the process. Although Viari was made bodily whole again in an equally dramatic magical fashion, some of those closest to him have noticed that those miraculous events weigh on him still, perhaps suggesting consequences that only he foresees."
									]
								}
							]
						}
					]
				}
			],
			"images": [
				{
					"type": "image",
					"href": {
						"type": "internal",
						"path": "bestiary/AI/Viari.webp"
					},
					"credit": "Mike Krahulik"
				}
			]
		},
		{
			"name": "Walnut Dankgrass",
			"source": "AI",
			"entries": [
				{
					"type": "entries",
					"entries": [
						{
							"type": "entries",
							"entries": [
								{
									"type": "entries",
									"entries": [
										{
											"type": "quote",
											"entries": [
												"The war ever rages."
											]
										},
										"Growing up in an all-female clan of druids, healers, and rangers, Walnut Dankgrass was drawn to the role of protector from her earliest years. Dedicated to Mielikki, the matriarchal clan known as the Enclave Panax Anima defended the unspoiled wild by word and blade (with the latter option more prevalent by far). But when tragedy struck the enclave, Walnut's clan was destroyed to the last-leaving her with nothing but the all-consuming desire to seek out and destroy those responsible.",
										"As a guardian of the wild, Walnut has long held an antipathy toward civilization and anything urban. However, understanding that civilization was the source of the evil that destroyed her people, she makes the city her home now. She embraces her role as the \"C\" Team's documancer, knowing that the city's power-and its weaknesses-can be fully gleaned only from within.",
										"Walnut distrusts most folk she meets, except for those whose bearing reflects the matriarchal structure she was once part of. No matter what shape her struggles take, she knows instinctively that her beliefs are right and true-and that she will follow those beliefs to the bitter end."
									]
								}
							]
						}
					]
				}
			],
			"images": [
				{
					"type": "image",
					"href": {
						"type": "internal",
						"path": "bestiary/AI/Walnut Dankgrass.webp"
					},
					"credit": "Nurse Normal"
				}
			]
		}
	]
}
