{
	"AATM": "bestiary-aatm.json",
	"AI": "bestiary-ai.json",
	"AitFR-ISF": "bestiary-aitfr-isf.json",
	"AitFR-THP": "bestiary-aitfr-thp.json",
	"AitFR-DN": "bestiary-aitfr-dn.json",
	"AitFR-FCD": "bestiary-aitfr-fcd.json",
	"AWM": "bestiary-awm.json",
	"BAM": "bestiary-bam.json",
	"BGDIA": "bestiary-bgdia.json",
	"BGG": "bestiary-bgg.json",
	"BMT": "bestiary-bmt.json",
	"CM": "bestiary-cm.json",
	"CoA": "bestiary-coa.json",
	"CoS": "bestiary-cos.json",
	"CRCotN": "bestiary-crcotn.json",
	"DC": "bestiary-dc.json",
	"DIP": "bestiary-dip.json",
	"DitLCoT": "bestiary-ditlcot.json",
	"DMG": "bestiary-dmg.json",
	"DoD": "bestiary-dod.json",
	"DoSI": "bestiary-dosi.json",
	"DSotDQ": "bestiary-dsotdq.json",
	"EGW": "bestiary-egw.json",
	"ERLW": "bestiary-erlw.json",
	"ESK": "bestiary-esk.json",
	"FTD": "bestiary-ftd.json",
	"GGR": "bestiary-ggr.json",
	"GoS": "bestiary-gos.json",
	"GotSF": "bestiary-gotsf.json",
	"HAT-TG": "bestiary-hat-tg.json",
	"HftT": "bestiary-hftt.json",
	"HoL": "bestiary-hol.json",
	"HotB": "bestiary-hotb.json",
	"HotDQ": "bestiary-hotdq.json",
	"IDRotF": "bestiary-idrotf.json",
	"IMR": "bestiary-imr.json",
	"JttRC": "bestiary-jttrc.json",
	"KftGV": "bestiary-kftgv.json",
	"KKW": "bestiary-kkw.json",
	"LLK": "bestiary-llk.json",
	"LMoP": "bestiary-lmop.json",
	"LoX": "bestiary-lox.json",
	"LR": "bestiary-lr.json",
	"LRDT": "bestiary-lrdt.json",
	"MaBJoV": "bestiary-mabjov.json",
	"MCV1SC": "bestiary-mcv1sc.json",
	"MCV2DC": "bestiary-mcv2dc.json",
	"MCV3MC": "bestiary-mcv3mc.json",
	"MCV4EC": "bestiary-mcv4ec.json",
	"MisMV1": "bestiary-mismv1.json",
	"MFF": "bestiary-mff.json",
	"MGELFT": "bestiary-mgelft.json",
	"MM": "bestiary-mm.json",
	"MPMM": "bestiary-mpmm.json",
	"MPP": "bestiary-mpp.json",
	"MOT": "bestiary-mot.json",
	"MTF": "bestiary-mtf.json",
	"NRH-TCMC": "bestiary-nrh-tcmc.json",
	"NRH-AVitW": "bestiary-nrh-avitw.json",
	"NRH-ASS": "bestiary-nrh-ass.json",
	"NRH-CoI": "bestiary-nrh-coi.json",
	"NRH-TLT": "bestiary-nrh-tlt.json",
	"NRH-AWoL": "bestiary-nrh-awol.json",
	"NRH-AT": "bestiary-nrh-at.json",
	"OotA": "bestiary-oota.json",
	"OoW": "bestiary-oow.json",
	"PaBTSO": "bestiary-pabtso.json",
	"PSA": "bestiary-ps-a.json",
	"PSD": "bestiary-ps-d.json",
	"PSI": "bestiary-ps-i.json",
	"PSK": "bestiary-ps-k.json",
	"PSX": "bestiary-ps-x.json",
	"PSZ": "bestiary-ps-z.json",
	"PHB": "bestiary-phb.json",
	"PotA": "bestiary-pota.json",
	"QftIS": "bestiary-qftis.json",
	"RMBRE": "bestiary-rmbre.json",
	"RoT": "bestiary-rot.json",
	"RtG": "bestiary-rtg.json",
	"SADS": "bestiary-sads.json",
	"SCC": "bestiary-scc.json",
	"SDW": "bestiary-sdw.json",
	"SKT": "bestiary-skt.json",
	"SLW": "bestiary-slw.json",
	"TCE": "bestiary-tce.json",
	"TDCSR": "bestiary-tdcsr.json",
	"TTP": "bestiary-ttp.json",
	"TftYP": "bestiary-tftyp.json",
	"ToA": "bestiary-toa.json",
	"ToFW": "bestiary-tofw.json",
	"VD": "bestiary-vd.json",
	"VEoR": "bestiary-veor.json",
	"VGM": "bestiary-vgm.json",
	"VRGR": "bestiary-vrgr.json",
	"XGE": "bestiary-xge.json",
	"WBtW": "bestiary-wbtw.json",
	"WDH": "bestiary-wdh.json",
	"WDMM": "bestiary-wdmm.json",
	"XDMG": "bestiary-xdmg.json",
	"XMM": "bestiary-xmm.json",
	"XPHB": "bestiary-xphb.json"
}
