{
	"feat": [
		{
			"name": "Dragon Wings",
			"source": "UAFeatsForRaces",
			"effects": [
				{
					"name": "Flying Speed",
					"transfer": true,
					"changes": [
						{
							"key": "data.attributes.movement.fly",
							"mode": "UPGRADE",
							"value": 20
						}
					]
				}
			]
		},
		{
			"name": "Mobile",
			"source": "PHB",
			"effects": [
				{
					"name": "Movement Speed Increase",
					"transfer": true,
					"changes": [
						{
							"key": "data.attributes.movement.walk",
							"mode": "ADD",
							"value": "+ 10"
						}
					]
				}
			]
		},
		{
			"name": "Squat Nimbleness",
			"source": "UAFeatsForRaces",
			"effects": [
				{
					"name": "Movement Speed Increase",
					"transfer": true,
					"changes": [
						{
							"key": "data.attributes.movement.walk",
							"mode": "ADD",
							"value": "+ 5"
						}
					]
				}
			]
		},
		{
			"name": "Squat Nimbleness",
			"source": "XGE",
			"effects": [
				{
					"name": "Movement Speed Increase",
					"transfer": true,
					"changes": [
						{
							"key": "data.attributes.movement.walk",
							"mode": "ADD",
							"value": "+ 5"
						}
					]
				}
			]
		},
		{
			"name": "Observant",
			"source": "PHB",
			"effects": [
				{
					"transfer": true,
					"changes": [
						{
							"key": "flags.dnd5e.observantFeat",
							"mode": "OVERRIDE",
							"value": true
						}
					]
				}
			]
		},
		{
			"name": "Alert",
			"source": "PHB",
			"effects": [
				{
					"transfer": true,
					"changes": [
						{
							"key": "flags.dnd5e.initiativeAlert",
							"mode": "OVERRIDE",
							"value": true
						}
					]
				}
			]
		},
		{
			"name": "Elven Accuracy",
			"source": "XGE",
			"effects": [
				{
					"transfer": true,
					"changes": [
						{
							"key": "flags.dnd5e.elvenAccuracy",
							"mode": "OVERRIDE",
							"value": true
						}
					]
				}
			]
		},
		{
			"name": "Tough",
			"source": "PHB",
			"effects": [
				{
					"name": "HP Increase",
					"transfer": true,
					"changes": [
						{
							"key": "system.attributes.hp.bonuses.overall",
							"mode": "ADD",
							"value": "+ (2 * @details.level)"
						}
					]
				}
			]
		},
		{
			"name": "Lucky",
			"source": "PHB",
			"system": {
				"activation.type": "none",
				"activation.cost": 0,
				"uses.value": 3,
				"uses.max": 3,
				"uses.per": "lr",
				"actionType": "other",
				"formula": "1d20"
			}
		},
		{
			"name": "Dual Wielder",
			"source": "PHB",
			"effects": [
				{
					"name": "AC Increase",
					"transfer": true,
					"changes": [
						{
							"key": "data.attributes.ac.bonus",
							"mode": "ADD",
							"value": "+ 1"
						}
					]
				}
			]
		},
		{
			"name": "Tavern Brawler",
			"source": "PHB",
			"effects": [
				{
					"transfer": true,
					"changes": [
						{
							"key": "flags.dnd5e.tavernBrawlerFeat",
							"mode": "OVERRIDE",
							"value": true
						}
					]
				}
			]
		}
	]
}
