{
	"item": [
		{
			"name": "Barrier Tattoo (Large)",
			"source": "TCE",
			"system": {
				"armor.type": "heavy",
				"armor.dex": 0,
				"armor.value": 18
			}
		},
		{
			"name": "Barrier Tattoo (Medium)",
			"source": "TCE",
			"system": {
				"armor.type": "medium",
				"armor.dex": 2,
				"armor.value": 15
			}
		},
		{
			"name": "Barrier Tattoo (Small)",
			"source": "TCE",
			"system": {
				"armor.type": "light",
				"armor.value": 12
			}
		},
		{
			"name": "Bracers of Archery",
			"source": "DMG",
			"effects": [
				{
					"name": "Bracers of Archery",
					"transfer": true,
					"changes": [
						{
							"key": "system.bonuses.rwak.damage",
							"mode": "ADD",
							"value": "+ 2"
						},
						{
							"key": "system.traits.weaponProf.value",
							"mode": "ADD",
							"value": "shortbow"
						},
						{
							"key": "system.traits.weaponProf.value",
							"mode": "ADD",
							"value": "longbow"
						}
					]
				}
			]
		},
		{
			"name": "Butcher's Bib",
			"source": "EGW",
			"effects": [
				{
					"name": "Butcher's Bib",
					"transfer": true,
					"changes": [
						{
							"key": "flags.dnd5e.weaponCriticalThreshold",
							"mode": "OVERRIDE",
							"value": 19
						}
					]
				}
			]
		},
		{
			"name": "Dynamite",
			"source": "TDCSR",
			"img": "icons/weapons/thrown/bomb-timer.webp"
		},
		{
			"name": "Gloves of Thievery",
			"source": "DMG",
			"effects": [
				{
					"name": "Fast Hands",
					"transfer": true,
					"changes": [
						{
							"key": "data.skills.slt.bonuses.check",
							"mode": "ADD",
							"value": "+ 5"
						}
					]
				}
			]
		},
		{
			"name": "Gluebomb",
			"source": "TDCSR",
			"img": "icons/weapons/thrown/bomb-metal-brown.webp"
		},
		{
			"name": "Gnomengarde Grenade",
			"source": "DC",
			"type": "consumable"
		},
		{
			"name": "Hazirawn",
			"source": "HotDQ",
			"system": {
				"attack.bonus": "+1 + floor(@item.attunement / 2)",
				"damage.parts": [
					[
						"2d6+1+floor(@item.attunement / 2)",
						"slashing"
					],
					[
						"1d6+floor(@item.attunement / 2)d6",
						"necrotic"
					]
				]
			}
		},
		{
			"name": "Oversized Longbow",
			"source": "WDH",
			"system": {
				"damage.parts": [
					"2d6 + @abilities.str.mod",
					"piercing"
				]
			}
		},
		{
			"name": "Plainscow",
			"source": "TDCSR",
			"img": "icons/creatures/mammals/livestock-cow-green.webp"
		},
		{
			"name": "Robe of the Archmagi",
			"source": "DMG",
			"effects": [
				{
					"name": "Armor Class",
					"transfer": true,
					"changes": [
						{
							"key": "data.attributes.ac.calc",
							"mode": "OVERRIDE",
							"value": "custom"
						},
						{
							"key": "data.attributes.ac.formula",
							"mode": "OVERRIDE",
							"value": "15 + @abilities.dex.mod"
						}
					]
				}
			],
			"_merge": {
				"effects": true
			}
		},
		{
			"name": "Sentinel Shield",
			"source": "DMG",
			"effects": [
				{
					"name": "Sentinel's Eye",
					"transfer": true,
					"changes": [
						{
							"key": "flags.dnd5e.initiativeAdv",
							"mode": "OVERRIDE",
							"value": true
						}
					]
				}
			]
		},
		{
			"name": "Stink Bomb",
			"source": "TDCSR",
			"img": "icons/weapons/thrown/bomb-purple.webp"
		},
		{
			"name": "Tangler Grenade",
			"source": "WDMM",
			"type": "consumable"
		}
	],
	"magicvariant": [
		{
			"name": "Berserker Axe",
			"source": "DMG",
			"effects": [
				{
					"name": "HP Increase",
					"transfer": true,
					"changes": [
						{
							"key": "system.attributes.hp.bonuses.overall",
							"mode": "ADD",
							"value": "+ @details.level"
						}
					]
				}
			],
			"_merge": {
				"effects": true
			}
		}
	]
}
