{
	"optionalfeature": [
		{
			"name": "Agonizing Blast",
			"source": "PHB",
			"page": 110,
			"srd": true,
			"featureType": [
				"EI"
			],
			"prerequisite": [
				{
					"spell": [
						"eldritch blast#c"
					]
				}
			],
			"entries": [
				"When you cast {@spell eldritch blast}, add your Charisma modifier to the damage it deals on a hit."
			]
		},
		{
			"name": "Ambush",
			"source": "TCE",
			"page": 42,
			"isClassFeatureVariant": true,
			"featureType": [
				"MV:B"
			],
			"consumes": {
				"name": "Superiority Die"
			},
			"entries": [
				"When you make a Dexterity ({@skill Stealth}) check or an initiative roll, you can expend one superiority die and add the die to the roll, provided you aren't {@condition incapacitated}."
			]
		},
		{
			"name": "Arcane Propulsion Armor",
			"source": "TCE",
			"page": 20,
			"featureType": [
				"AI"
			],
			"prerequisite": [
				{
					"level": {
						"level": 14,
						"class": {
							"name": "Artificer",
							"source": "TCE"
						}
					},
					"item": [
						"A suit of armor (requires attunement)"
					]
				}
			],
			"entries": [
				"The wearer of this armor gains these benefits:",
				{
					"type": "list",
					"items": [
						"The wearer's walking speed increases by 5 feet.",
						"The armor includes gauntlets, each of which is a magic melee weapon that can be wielded only when the hand is holding nothing. The wearer is proficient with the gauntlets, and each one deals {@damage 1d8} force damage on a hit and has the thrown property, with a normal range of 20 feet and a long range of 60 feet. When thrown, the gauntlet detaches and flies at the attack's target, then immediately returns to the wearer and reattaches.",
						"The armor can't be removed against the wearer's will.",
						"If the wearer is missing any limbs, the armor replaces those limbs\u2014hands, arms, feet, legs, or similar appendages. The replacements function identically to the body parts they replace."
					]
				}
			]
		},
		{
			"name": "Archery",
			"source": "PHB",
			"page": 72,
			"srd": true,
			"otherSources": [
				{
					"source": "PHB",
					"page": 91
				}
			],
			"featureType": [
				"FS:F",
				"FS:R"
			],
			"entries": [
				"You gain a +2 bonus to attack rolls you make with ranged weapons."
			]
		},
		{
			"name": "Armor of Magical Strength",
			"source": "TCE",
			"page": 20,
			"featureType": [
				"AI"
			],
			"prerequisite": [
				{
					"item": [
						"A suit of armor (requires attunement)"
					]
				}
			],
			"entries": [
				"This armor has 6 charges. The wearer can expend the armor's charges in the following ways:",
				{
					"type": "list",
					"items": [
						"When the wearer makes a Strength check or a Strength saving throw, it can expend 1 charge to add a bonus to the roll equal to its Intelligence modifier.",
						"If the creature would be knocked {@condition prone}, it can use its reaction to expend 1 charge to avoid being knocked prone."
					]
				},
				"The armor regains {@dice 1d6} expended charges daily at dawn."
			]
		},
		{
			"name": "Armor of Shadows",
			"source": "PHB",
			"page": 110,
			"srd": true,
			"featureType": [
				"EI"
			],
			"additionalSpells": [
				{
					"innate": {
						"_": [
							"mage armor"
						]
					}
				}
			],
			"entries": [
				"You can cast {@spell mage armor} on yourself at will, without expending a spell slot or material components."
			]
		},
		{
			"name": "Ascendant Step",
			"source": "PHB",
			"page": 110,
			"srd": true,
			"featureType": [
				"EI"
			],
			"prerequisite": [
				{
					"level": {
						"level": 9,
						"class": {
							"name": "Warlock"
						}
					}
				}
			],
			"additionalSpells": [
				{
					"innate": {
						"_": [
							"levitate"
						]
					}
				}
			],
			"entries": [
				"You can cast {@spell levitate} on yourself at will, without expending a spell slot or material components."
			]
		},
		{
			"name": "Aspect of the Moon",
			"source": "XGE",
			"page": 56,
			"featureType": [
				"EI"
			],
			"prerequisite": [
				{
					"pact": "Tome"
				}
			],
			"entries": [
				"You no longer need to sleep and can't be forced to sleep by any means. To gain the benefits of a long rest, you can spend all 8 hours doing light activity, such as reading your Book of Shadows and keeping watch."
			]
		},
		{
			"name": "Bait and Switch",
			"source": "TCE",
			"page": 42,
			"isClassFeatureVariant": true,
			"featureType": [
				"MV:B"
			],
			"consumes": {
				"name": "Superiority Die"
			},
			"entries": [
				"When you're within 5 feet of a creature on your turn, you can expend one superiority die and switch places with that creature, provided you spend at least 5 feet of movement and the creature is willing and isn't {@condition incapacitated}. This movement doesn't provoke opportunity attacks.",
				"Roll the superiority die. Until the start of your next turn, you or the other creature (your choice) gains a bonus to AC equal to the number rolled."
			]
		},
		{
			"name": "Banishing Arrow",
			"source": "XGE",
			"page": 29,
			"featureType": [
				"AS"
			],
			"consumes": {
				"name": "Arcane Shot"
			},
			"entries": [
				"You use abjuration magic to try to temporarily banish your target to a harmless location in the Feywild. The creature hit by the arrow must also succeed on a Charisma saving throw or be banished. While banished in this way, the target's speed is 0, and it is {@condition incapacitated}. At the end of its next turn, the target reappears in the space it vacated or in the nearest unoccupied space if that space is occupied.",
				"After you reach 18th level in this class, a target also takes {@damage 2d6} force damage when the arrow hits it."
			]
		},
		{
			"name": "Beast Speech",
			"source": "PHB",
			"page": 110,
			"srd": true,
			"featureType": [
				"EI"
			],
			"additionalSpells": [
				{
					"innate": {
						"_": [
							"speak with animals"
						]
					}
				}
			],
			"entries": [
				"You can cast {@spell speak with animals} at will, without expending a spell slot."
			]
		},
		{
			"name": "Beguiling Arrow",
			"source": "XGE",
			"page": 29,
			"featureType": [
				"AS"
			],
			"consumes": {
				"name": "Arcane Shot"
			},
			"entries": [
				"Your enchantment magic causes this arrow to temporarily beguile its target. The creature hit by the arrow takes an extra {@damage 2d6} psychic damage, and choose one of your allies within 30 feet of the target. The target must succeed on a Wisdom saving throw, or it is {@condition charmed} by the chosen ally until the start of your next turn. This effect ends early if the chosen ally attacks the {@condition charmed} target, deals damage to it, or forces it to make a saving throw.",
				"The psychic damage increases to {@damage 4d6} when you reach 18th level in this class."
			]
		},
		{
			"name": "Beguiling Influence",
			"source": "PHB",
			"page": 110,
			"srd": true,
			"featureType": [
				"EI"
			],
			"skillProficiencies": [
				{
					"deception": true,
					"persuasion": true
				}
			],
			"entries": [
				"You gain proficiency in the {@skill Deception} and {@skill Persuasion} skills."
			]
		},
		{
			"name": "Bewitching Whispers",
			"source": "PHB",
			"page": 110,
			"srd": true,
			"featureType": [
				"EI"
			],
			"prerequisite": [
				{
					"level": {
						"level": 7,
						"class": {
							"name": "Warlock"
						}
					}
				}
			],
			"additionalSpells": [
				{
					"innate": {
						"_": {
							"daily": {
								"1e": [
									"compulsion"
								]
							}
						}
					}
				}
			],
			"entries": [
				"You can cast {@spell compulsion} once using a warlock spell slot. You can't do so again until you finish a long rest."
			]
		},
		{
			"name": "Blessed Warrior",
			"source": "TCE",
			"page": 52,
			"isClassFeatureVariant": true,
			"featureType": [
				"FS:P"
			],
			"additionalSpells": [
				{
					"ability": "cha",
					"known": {
						"_": [
							{
								"choose": "level=0|class=cleric",
								"count": 2
							}
						]
					}
				}
			],
			"entries": [
				"You learn two cantrips of your choice from the {@filter cleric spell list|spells|level=0|class=Cleric}. They count as paladin spells for you, and Charisma is your spellcasting ability for them. Whenever you gain a level in this class, you can replace one of these cantrips with another cantrip from the cleric spell list."
			]
		},
		{
			"name": "Blind Fighting",
			"source": "TCE",
			"page": 41,
			"isClassFeatureVariant": true,
			"featureType": [
				"FS:F",
				"FS:P",
				"FS:R"
			],
			"senses": [
				{
					"blindsight": 10
				}
			],
			"entries": [
				"You have {@sense blindsight} with a range of 10 feet. Within that range, you can effectively see anything that isn't behind total cover, even if you're {@condition blinded} or in darkness. Moreover, you can see an {@condition invisible} creature within that range, unless the creature successfully hides from you."
			]
		},
		{
			"name": "Bond of the Talisman",
			"source": "TCE",
			"page": 70,
			"isClassFeatureVariant": true,
			"featureType": [
				"EI"
			],
			"prerequisite": [
				{
					"level": {
						"level": 12,
						"class": {
							"name": "Warlock"
						}
					},
					"pact": "Talisman"
				}
			],
			"entries": [
				"While someone else is wearing your talisman, you can use your action to teleport to the unoccupied space closest to them, provided the two of you are on the same plane of existence. The wearer of your talisman can do the same thing, using their action to teleport to you. The teleportation can be used a number of times equal to your proficiency bonus, and all expended uses are restored when you finish a long rest."
			]
		},
		{
			"name": "Book of Ancient Secrets",
			"source": "PHB",
			"page": 110,
			"srd": true,
			"featureType": [
				"EI"
			],
			"prerequisite": [
				{
					"pact": "Tome"
				}
			],
			"additionalSpells": [
				{
					"ability": "cha",
					"innate": {
						"_": {
							"ritual": [
								{
									"choose": "Components & Miscellaneous=ritual|level=1",
									"count": 2
								}
							]
						}
					}
				}
			],
			"entries": [
				"You can now inscribe magical rituals in your Book of Shadows. Choose two {@filter 1st-level spells that have the ritual tag from any class's spell list|spells|Components & Miscellaneous=ritual|level=1}. The spells needn't be from the same spell list. The spells appear in the book and don't count against the number of spells you know. With your Book of Shadows in hand, you can cast the chosen spells as rituals. You can't cast the spells except as rituals, unless you've learned them by some other means. You can also cast a warlock spell you know as a ritual if it has the ritual tag.",
				"On your adventures, you can add other ritual spells to your Book of Shadows. When you find such a spell, you can add it to the book if the spell's level is equal to or less than half your warlock level (rounded up) and if you can spare the time to transcribe the spell. For each level of the spell, the transcription process takes 2 hours and costs 50 gp for the rare inks needed to inscribe it."
			]
		},
		{
			"name": "Boots of the Winding Path",
			"source": "TCE",
			"page": 21,
			"otherSources": [
				{
					"source": "ERLW",
					"page": 62
				}
			],
			"featureType": [
				"AI"
			],
			"prerequisite": [
				{
					"level": {
						"level": 6,
						"class": {
							"name": "Artificer",
							"source": "TCE"
						}
					},
					"item": [
						"A pair of boots (requires attunement)"
					]
				}
			],
			"entries": [
				"While wearing these boots, a creature can teleport up to 15 feet as a bonus action to an unoccupied space the creature can see. The creature must have occupied that space at some point during the current turn."
			]
		},
		{
			"name": "Brace",
			"source": "TCE",
			"page": 42,
			"isClassFeatureVariant": true,
			"featureType": [
				"MV:B"
			],
			"consumes": {
				"name": "Superiority Die"
			},
			"entries": [
				"When a creature you can see moves into the reach you have with the melee weapon you're wielding, you can use your reaction to expend one superiority die and make one attack against the creature, using that weapon. If the attack hits, add the superiority die to the weapon's damage roll."
			]
		},
		{
			"name": "Breath of Winter",
			"source": "PHB",
			"page": 81,
			"featureType": [
				"ED"
			],
			"prerequisite": [
				{
					"level": {
						"level": 17,
						"class": {
							"name": "Monk"
						},
						"subclass": {
							"name": "Four Elements"
						}
					}
				}
			],
			"additionalSpells": [
				{
					"innate": {
						"_": {
							"resource": {
								"6": [
									"cone of cold"
								]
							}
						}
					},
					"resourceName": "Ki",
					"ability": "wis"
				}
			],
			"entries": [
				"You can spend 6 ki points to cast {@spell cone of cold}."
			]
		},
		{
			"name": "Bursting Arrow",
			"source": "XGE",
			"page": 29,
			"featureType": [
				"AS"
			],
			"consumes": {
				"name": "Arcane Shot"
			},
			"entries": [
				"You imbue your arrow with force energy drawn from the school of evocation. The energy detonates after your attack. Immediately after the arrow hits the creature, the target and all other creatures within 10 feet of it take {@damage 2d6} force damage each.",
				"The force damage increases to {@damage 4d6} when you reach 18th level in this class."
			]
		},
		{
			"name": "Careful Spell",
			"source": "PHB",
			"page": 102,
			"srd": true,
			"featureType": [
				"MM"
			],
			"consumes": {
				"name": "Sorcery Point"
			},
			"entries": [
				"When you cast a spell that forces other creatures to make a saving throw, you can protect some of those creatures from the spell's full force. To do so, you spend 1 sorcery point and choose a number of those creatures up to your Charisma modifier (minimum of one creature). A chosen creature automatically succeeds on its saving throw against the spell."
			]
		},
		{
			"name": "Chains of Carceri",
			"source": "PHB",
			"page": 110,
			"srd": true,
			"featureType": [
				"EI"
			],
			"prerequisite": [
				{
					"pact": "Chain",
					"level": {
						"level": 15,
						"class": {
							"name": "Warlock"
						}
					}
				}
			],
			"additionalSpells": [
				{
					"innate": {
						"_": {
							"daily": {
								"1e": [
									"hold monster"
								]
							}
						}
					}
				}
			],
			"entries": [
				"You can cast {@spell hold monster} at will\u2014targeting a celestial, fiend, or elemental\u2014without expending a spell slot or material components. You must finish a long rest before you can use this invocation on the same creature again."
			]
		},
		{
			"name": "Clench of the North Wind",
			"source": "PHB",
			"page": 81,
			"featureType": [
				"ED"
			],
			"prerequisite": [
				{
					"level": {
						"level": 6,
						"class": {
							"name": "Monk"
						},
						"subclass": {
							"name": "Four Elements"
						}
					}
				}
			],
			"additionalSpells": [
				{
					"innate": {
						"_": {
							"resource": {
								"3": [
									"hold person"
								]
							}
						}
					},
					"resourceName": "Ki",
					"ability": "wis"
				}
			],
			"entries": [
				"You can spend 3 ki points to cast {@spell hold person}."
			]
		},
		{
			"name": "Cloak of Flies",
			"source": "XGE",
			"page": 56,
			"featureType": [
				"EI"
			],
			"prerequisite": [
				{
					"level": {
						"level": 5,
						"class": {
							"name": "Warlock"
						}
					}
				}
			],
			"entries": [
				"As a bonus action, you can surround yourself with a magical aura that looks like buzzing flies. The aura extends 5 feet from you in every direction, but not through total cover. It lasts until you're {@condition incapacitated} or you dismiss it as a bonus action.",
				"The aura grants you advantage on Charisma ({@skill Intimidation}) checks but disadvantage on all other Charisma checks. Any other creature that starts its turn in the aura takes poison damage equal to your Charisma modifier (minimum of 0 damage).",
				"Once you use this invocation, you can't use it again until you finish a short or long rest."
			]
		},
		{
			"name": "Cloud Rune",
			"source": "TCE",
			"page": 44,
			"featureType": [
				"RN"
			],
			"entries": [
				"This rune emulates the deceptive magic used by some cloud giants. While wearing or carrying an object inscribed with this rune, you have advantage on Dexterity ({@skill Sleight of Hand}) checks and Charisma ({@skill Deception}) checks.",
				"In addition, when you or a creature you can see within 30 feet of you is hit by an attack roll, you can use your reaction to invoke the rune and choose a different creature within 30 feet of you, other than the attacker. The chosen creature becomes the target of the attack, using the same roll. This magic can transfer the attack's effects regardless of the attack's range. Once you invoke this rune, you can't do so again until you finish a short or long rest."
			]
		},
		{
			"name": "Commander's Strike",
			"source": "PHB",
			"page": 74,
			"featureType": [
				"MV:B"
			],
			"consumes": {
				"name": "Superiority Die"
			},
			"entries": [
				"When you take the {@action Attack} action on your turn, you can forgo one of your attacks and use a bonus action to direct one of your companions to strike. When you do so, choose a friendly creature who can see or hear you and expend one superiority die. That creature can immediately use its reaction to make one weapon attack, adding the superiority die to the attack's damage roll."
			]
		},
		{
			"name": "Commanding Presence",
			"source": "TCE",
			"page": 42,
			"isClassFeatureVariant": true,
			"featureType": [
				"MV:B"
			],
			"consumes": {
				"name": "Superiority Die"
			},
			"entries": [
				"When you make a Charisma ({@skill Intimidation}), a Charisma ({@skill Performance}), or a Charisma ({@skill Persuasion}) check, you can expend one superiority die and add the superiority die to the ability check."
			]
		},
		{
			"name": "Defense",
			"source": "PHB",
			"page": 72,
			"srd": true,
			"otherSources": [
				{
					"source": "PHB",
					"page": 84
				},
				{
					"source": "PHB",
					"page": 91
				}
			],
			"featureType": [
				"FS:F",
				"FS:P",
				"FS:R"
			],
			"entries": [
				"While you are wearing armor, you gain a +1 bonus to AC."
			]
		},
		{
			"name": "Devil's Sight",
			"source": "PHB",
			"page": 110,
			"srd": true,
			"featureType": [
				"EI"
			],
			"entries": [
				"You can see normally in darkness, both magical and nonmagical, to a distance of 120 feet."
			]
		},
		{
			"name": "Disarming Attack",
			"source": "PHB",
			"page": 74,
			"featureType": [
				"MV:B"
			],
			"consumes": {
				"name": "Superiority Die"
			},
			"entries": [
				"When you hit a creature with a weapon attack, you can expend one superiority die to attempt to disarm the target, forcing it to drop one item of your choice that it's holding. You add the superiority die to the attack's damage roll, and the target must make a Strength saving throw. On a failed save, it drops the object you choose. The object lands at its feet."
			]
		},
		{
			"name": "Distant Spell",
			"source": "PHB",
			"page": 102,
			"srd": true,
			"featureType": [
				"MM"
			],
			"consumes": {
				"name": "Sorcery Point"
			},
			"entries": [
				"When you cast a spell that has a range of 5 feet or greater, you can spend 1 sorcery point to double the range of the spell.",
				"When you cast a spell that has a range of touch, you can spend 1 sorcery point to make the range of the spell 30 feet."
			]
		},
		{
			"name": "Distracting Strike",
			"source": "PHB",
			"page": 74,
			"featureType": [
				"MV:B"
			],
			"consumes": {
				"name": "Superiority Die"
			},
			"entries": [
				"When you hit a creature with a weapon attack, you can expend one superiority die to distract the creature, giving your allies an opening. You add the superiority die to the attack's damage roll. The next attack roll against the target by an attacker other than you has advantage if the attack is made before the start of your next turn."
			]
		},
		{
			"name": "Dreadful Word",
			"source": "PHB",
			"page": 110,
			"srd": true,
			"featureType": [
				"EI"
			],
			"prerequisite": [
				{
					"level": {
						"level": 7,
						"class": {
							"name": "Warlock"
						}
					}
				}
			],
			"additionalSpells": [
				{
					"innate": {
						"_": {
							"daily": {
								"1e": [
									"confusion"
								]
							}
						}
					}
				}
			],
			"entries": [
				"You can cast {@spell confusion} once using a warlock spell slot. You can't do so again until you finish a long rest."
			]
		},
		{
			"name": "Druidic Warrior",
			"source": "TCE",
			"page": 57,
			"isClassFeatureVariant": true,
			"featureType": [
				"FS:R"
			],
			"additionalSpells": [
				{
					"ability": "wis",
					"known": {
						"_": [
							{
								"choose": "level=0|class=druid",
								"count": 2
							}
						]
					}
				}
			],
			"entries": [
				"You learn two cantrips of your choice from the {@filter druid spell list|spells|level=0|class=druid}. They count as ranger spells for you, and Wisdom is your spellcasting ability for them. Whenever you gain a level in this class, you can replace one of these cantrips with another cantrip from the druid spell list."
			]
		},
		{
			"name": "Dueling",
			"source": "PHB",
			"page": 72,
			"srd": true,
			"otherSources": [
				{
					"source": "XGE",
					"page": 15
				},
				{
					"source": "PHB",
					"page": 84
				},
				{
					"source": "PHB",
					"page": 91
				}
			],
			"featureType": [
				"FS:F",
				"FS:B",
				"FS:P",
				"FS:R"
			],
			"entries": [
				"When you are wielding a melee weapon in one hand and no other weapons, you gain a +2 bonus to damage rolls with that weapon."
			]
		},
		{
			"name": "Eldritch Mind",
			"source": "TCE",
			"page": 71,
			"isClassFeatureVariant": true,
			"featureType": [
				"EI"
			],
			"entries": [
				"You have advantage on Constitution saving throws that you make to maintain your {@status concentration} on a spell."
			]
		},
		{
			"name": "Eldritch Sight",
			"source": "PHB",
			"page": 110,
			"srd": true,
			"featureType": [
				"EI"
			],
			"additionalSpells": [
				{
					"innate": {
						"_": [
							"detect magic"
						]
					}
				}
			],
			"entries": [
				"You can cast {@spell detect magic} at will, without expending a spell slot."
			]
		},
		{
			"name": "Eldritch Smite",
			"source": "XGE",
			"page": 56,
			"featureType": [
				"EI"
			],
			"prerequisite": [
				{
					"pact": "Blade",
					"level": {
						"level": 5,
						"class": {
							"name": "Warlock"
						}
					}
				}
			],
			"entries": [
				"Once per turn when you hit a creature with your pact weapon, you can expend a warlock spell slot to deal an extra {@damage 1d8} force damage to the target, plus another {@damage 1d8} per level of the spell slot, and you can knock the target {@condition prone} if it is Huge or smaller."
			]
		},
		{
			"name": "Eldritch Spear",
			"source": "PHB",
			"page": 111,
			"srd": true,
			"featureType": [
				"EI"
			],
			"prerequisite": [
				{
					"spell": [
						"eldritch blast#c"
					]
				}
			],
			"entries": [
				"When you cast {@spell eldritch blast}, its range is 300 feet."
			]
		},
		{
			"name": "Elemental Attunement",
			"source": "PHB",
			"page": 81,
			"featureType": [
				"ED"
			],
			"entries": [
				"You can use your action to briefly control elemental forces within 30 feet of you, causing one of the following effects of your choice:",
				{
					"type": "list",
					"items": [
						"Create a harmless, instantaneous sensory effect related to air, earth, fire, or water, such as a shower of sparks, a puff of wind, a spray of light mist, or a gentle rumbling of stone.",
						"Instantaneously light or snuff out a candle, a torch, or a small campfire.",
						"Chill or warm up to 1 pound of nonliving material for up to 1 hour.",
						"Cause earth, fire, water, or mist that can fit within a 1-foot cube to shape itself into a crude form you designate for 1 minute."
					]
				}
			]
		},
		{
			"name": "Empowered Spell",
			"source": "PHB",
			"page": 102,
			"srd": true,
			"featureType": [
				"MM"
			],
			"consumes": {
				"name": "Sorcery Point"
			},
			"entries": [
				"When you roll damage for a spell, you can spend 1 sorcery point to reroll a number of the damage dice up to your Charisma modifier (minimum of one). You must use the new rolls.",
				"You can use Empowered Spell even if you have already used a different Metamagic option during the casting of the spell."
			]
		},
		{
			"name": "Enfeebling Arrow",
			"source": "XGE",
			"page": 29,
			"featureType": [
				"AS"
			],
			"consumes": {
				"name": "Arcane Shot"
			},
			"entries": [
				"You weave necromantic magic into your arrow. The creature hit by the arrow takes an extra {@damage 2d6} necrotic damage. The target must also succeed on a Constitution saving throw, or the damage dealt by its weapon attacks is halved until the start of your next turn.",
				"The necrotic damage increases to {@damage 4d6} when you reach 18th level in this class."
			]
		},
		{
			"name": "Enhanced Arcane Focus",
			"source": "TCE",
			"page": 21,
			"otherSources": [
				{
					"source": "ERLW",
					"page": 62
				}
			],
			"featureType": [
				"AI"
			],
			"prerequisite": [
				{
					"item": [
						"A rod, staff, or wand (requires attunement)"
					]
				}
			],
			"entries": [
				"While holding this item, a creature gains a +1 bonus to spell attack rolls. In addition, the creature ignores half cover when making a spell attack.",
				"The bonus increases to +2 when you reach 10th level in this class."
			]
		},
		{
			"name": "Enhanced Defense",
			"source": "TCE",
			"page": 21,
			"otherSources": [
				{
					"source": "ERLW",
					"page": 62
				}
			],
			"featureType": [
				"AI"
			],
			"prerequisite": [
				{
					"item": [
						"A suit of armor or a shield"
					]
				}
			],
			"entries": [
				"A creature gains a +1 bonus to Armor Class while wearing (armor) or wielding (shield) the infused item.",
				"The bonus increases to +2 when you reach 10th level in this class."
			]
		},
		{
			"name": "Enhanced Weapon",
			"source": "TCE",
			"page": 21,
			"otherSources": [
				{
					"source": "ERLW",
					"page": 62
				}
			],
			"featureType": [
				"AI"
			],
			"prerequisite": [
				{
					"item": [
						"A simple or martial weapon"
					]
				}
			],
			"entries": [
				"This magic weapon grants a +1 bonus to attack and damage rolls made with it.",
				"The bonus increases to +2 when you reach 10th level in this class."
			]
		},
		{
			"name": "Eternal Mountain Defense",
			"source": "PHB",
			"page": 81,
			"featureType": [
				"ED"
			],
			"prerequisite": [
				{
					"level": {
						"level": 17,
						"class": {
							"name": "Monk"
						},
						"subclass": {
							"name": "Four Elements"
						}
					}
				}
			],
			"additionalSpells": [
				{
					"innate": {
						"_": {
							"resource": {
								"5": [
									"stoneskin"
								]
							}
						}
					},
					"resourceName": "Ki",
					"ability": "wis"
				}
			],
			"entries": [
				"You can spend 5 ki points to cast {@spell stoneskin}, targeting yourself."
			]
		},
		{
			"name": "Evasive Footwork",
			"source": "PHB",
			"page": 74,
			"featureType": [
				"MV:B"
			],
			"consumes": {
				"name": "Superiority Die"
			},
			"entries": [
				"When you move, you can expend one superiority die, rolling the die and adding the number rolled to your AC until you stop moving."
			]
		},
		{
			"name": "Extended Spell",
			"source": "PHB",
			"page": 102,
			"srd": true,
			"featureType": [
				"MM"
			],
			"consumes": {
				"name": "Sorcery Point",
				"amount": 1
			},
			"entries": [
				"When you cast a spell that has a duration of 1 minute or longer, you can spend 1 sorcery point to double its duration, to a maximum duration of 24 hours."
			]
		},
		{
			"name": "Eyes of the Rune Keeper",
			"source": "PHB",
			"page": 111,
			"srd": true,
			"featureType": [
				"EI"
			],
			"entries": [
				"You can read all writing."
			]
		},
		{
			"name": "Fangs of the Fire Snake",
			"source": "PHB",
			"page": 81,
			"featureType": [
				"ED"
			],
			"entries": [
				"When you use the {@action Attack} action on your turn, you can spend 1 ki point to cause tendrils of flame to stretch out from your fists and feet. Your reach with your unarmed strikes increases by 10 feet for that action, as well as the rest of the turn. A hit with such an attack deals fire damage instead of bludgeoning damage, and if you spend 1 ki point when the attack hits, it also deals an extra {@damage 1d10} fire damage."
			]
		},
		{
			"name": "Far Scribe",
			"source": "TCE",
			"page": 71,
			"isClassFeatureVariant": true,
			"featureType": [
				"EI"
			],
			"prerequisite": [
				{
					"level": {
						"level": 5,
						"class": {
							"name": "Warlock"
						}
					},
					"pact": "Tome"
				}
			],
			"additionalSpells": [
				{
					"innate": {
						"_": [
							"sending"
						]
					}
				}
			],
			"entries": [
				"A new page appears in your Book of Shadows. With your permission, a creature can use its action to write its name on that page, which can contain a number of names equal to your proficiency bonus.",
				"You can cast the {@spell sending} spell, targeting a creature whose name is on the page, without using a spell slot and without using material components. To do so, you must write the message on the page. The target hears the message in their mind, and if the target replies, their message appears on the page, rather than in your mind. The writing disappears after 1 minute.",
				"As an action, you can magically erase a name on the page by touching it."
			]
		},
		{
			"name": "Feinting Attack",
			"source": "PHB",
			"page": 74,
			"featureType": [
				"MV:B"
			],
			"consumes": {
				"name": "Superiority Die"
			},
			"entries": [
				"You can expend one superiority die and use a bonus action on your turn to feint, choosing one creature within 5 feet of you as your target. You have advantage on your next attack roll against that creature this turn. If that attack hits, add the superiority die to the attack's damage roll."
			]
		},
		{
			"name": "Fiendish Vigor",
			"source": "PHB",
			"page": 111,
			"srd": true,
			"featureType": [
				"EI"
			],
			"additionalSpells": [
				{
					"innate": {
						"_": [
							"false life"
						]
					}
				}
			],
			"entries": [
				"You can cast {@spell false life} on yourself at will as a 1st-level spell, without expending a spell slot or material components."
			]
		},
		{
			"name": "Fire Rune",
			"source": "TCE",
			"page": 44,
			"featureType": [
				"RN"
			],
			"entries": [
				"This rune's magic channels the masterful craftsmanship of great smiths. While wearing or carrying an object inscribed with this rune, your proficiency bonus is doubled for any ability check you make that uses your proficiency with a tool.",
				"In addition, when you hit a creature with an attack using a weapon, you can invoke the rune to summon fiery shackles: the target takes an extra {@damage 2d6} fire damage, and it must succeed on a Strength saving throw or be {@condition restrained} for 1 minute. While {@condition restrained} by the shackles, the target takes {@damage 2d6} fire damage at the start of each of its turns. The target can repeat the saving throw at the end of each of its turns, banishing the shackles on a success. Once you invoke this rune, you can't do so again until you finish a short or long rest."
			]
		},
		{
			"name": "Fist of Four Thunders",
			"source": "PHB",
			"page": 81,
			"featureType": [
				"ED"
			],
			"additionalSpells": [
				{
					"innate": {
						"_": {
							"resource": {
								"2": [
									"thunderwave"
								]
							}
						}
					},
					"resourceName": "Ki",
					"ability": "wis"
				}
			],
			"entries": [
				"You can spend 2 ki points to cast {@spell thunderwave}."
			]
		},
		{
			"name": "Flames of the Phoenix",
			"source": "PHB",
			"page": 81,
			"featureType": [
				"ED"
			],
			"prerequisite": [
				{
					"level": {
						"level": 11,
						"class": {
							"name": "Monk"
						},
						"subclass": {
							"name": "Four Elements"
						}
					}
				}
			],
			"additionalSpells": [
				{
					"innate": {
						"_": {
							"resource": {
								"4": [
									"fireball"
								]
							}
						}
					},
					"resourceName": "Ki",
					"ability": "wis"
				}
			],
			"entries": [
				"You can spend 4 ki points to cast {@spell fireball}."
			]
		},
		{
			"name": "Frost Rune",
			"source": "TCE",
			"page": 45,
			"featureType": [
				"RN"
			],
			"entries": [
				"This rune's magic evokes the might of those who survive in the wintry wilderness, such as frost giants. While wearing or carrying an object inscribed with this rune, you have advantage on Wisdom ({@skill Animal Handling}) checks and Charisma ({@skill Intimidation}) checks.",
				"In addition, you can invoke the rune as a bonus action to increase your sturdiness. For 10 minutes, you gain a +2 bonus to all ability checks and saving throws that use Strength or Constitution. Once you invoke this rune, you can't do so again until you finish a short or long rest."
			]
		},
		{
			"name": "Gaze of Two Minds",
			"source": "PHB",
			"page": 111,
			"srd": true,
			"featureType": [
				"EI"
			],
			"entries": [
				"You can use your action to touch a willing humanoid and perceive through its senses until the end of your next turn. As long as the creature is on the same plane of existence as you, you can use your action on subsequent turns to maintain this connection, extending the duration until the end of your next turn. While perceiving through the other creature's senses, you benefit from any special senses possessed by that creature, and you are {@condition blinded} and {@condition deafened} to your own surroundings."
			]
		},
		{
			"name": "Ghostly Gaze",
			"source": "XGE",
			"page": 56,
			"featureType": [
				"EI"
			],
			"prerequisite": [
				{
					"level": {
						"level": 7,
						"class": {
							"name": "Warlock"
						}
					}
				}
			],
			"entries": [
				"As an action, you gain the ability to see through solid objects to a range of 30 feet. Within that range, you have {@sense darkvision} if you don't already have it. This special sight lasts for 1 minute or until your {@status concentration} ends (as if you were {@status concentration||concentrating} on a spell). During that time, you perceive objects as ghostly, transparent images.",
				"Once you use this invocation, you can't use it again until you finish a short or long rest."
			]
		},
		{
			"name": "Gift of the Depths",
			"source": "XGE",
			"page": 57,
			"featureType": [
				"EI"
			],
			"prerequisite": [
				{
					"level": {
						"level": 5,
						"class": {
							"name": "Warlock"
						}
					}
				}
			],
			"additionalSpells": [
				{
					"innate": {
						"_": {
							"daily": {
								"1e": [
									"water breathing"
								]
							}
						}
					}
				}
			],
			"entries": [
				"You can breathe underwater, and you gain a swimming speed equal to your walking speed.",
				"You can also cast {@spell water breathing} once without expending a spell slot. You regain the ability to do so when you finish a long rest."
			]
		},
		{
			"name": "Gift of the Ever-Living Ones",
			"source": "XGE",
			"page": 57,
			"featureType": [
				"EI"
			],
			"prerequisite": [
				{
					"pact": "Chain"
				}
			],
			"entries": [
				"Whenever you regain hit points while your familiar is within 100 feet of you, treat any dice rolled to determine the hit points you regain as having rolled their maximum value for you."
			]
		},
		{
			"name": "Gift of the Protectors",
			"source": "TCE",
			"page": 71,
			"isClassFeatureVariant": true,
			"featureType": [
				"EI"
			],
			"prerequisite": [
				{
					"level": {
						"level": 9,
						"class": {
							"name": "Warlock"
						}
					},
					"pact": "Tome"
				}
			],
			"entries": [
				"A new page appears in your Book of Shadows. With your permission, a creature can use its action to write its name on that page, which can contain a number of names equal to your proficiency bonus.",
				"When any creature whose name is on the page is reduced to 0 hit points but not killed outright, the creature magically drops to 1 hit point instead. Once this magic is triggered, no creature can benefit from it until you finish a long rest.",
				"As an action, you can magically erase a name on the page by touching it."
			]
		},
		{
			"name": "Goading Attack",
			"source": "PHB",
			"page": 74,
			"featureType": [
				"MV:B"
			],
			"consumes": {
				"name": "Superiority Die"
			},
			"entries": [
				"When you hit a creature with a weapon attack, you can expend one superiority die to attempt to goad the target into attacking you. You add the superiority die to the attack's damage roll, and the target must make a Wisdom saving throw. On a failed save, the target has disadvantage on all attack rolls against targets other than you until the end of your next turn."
			]
		},
		{
			"name": "Gong of the Summit",
			"source": "PHB",
			"page": 81,
			"featureType": [
				"ED"
			],
			"prerequisite": [
				{
					"level": {
						"level": 6,
						"class": {
							"name": "Monk"
						},
						"subclass": {
							"name": "Four Elements"
						}
					}
				}
			],
			"additionalSpells": [
				{
					"innate": {
						"_": {
							"resource": {
								"3": [
									"shatter"
								]
							}
						}
					},
					"resourceName": "Ki",
					"ability": "wis"
				}
			],
			"entries": [
				"You can spend 3 ki points to cast {@spell shatter}."
			]
		},
		{
			"name": "Grappling Strike",
			"source": "TCE",
			"page": 42,
			"isClassFeatureVariant": true,
			"featureType": [
				"MV:B"
			],
			"consumes": {
				"name": "Superiority Die"
			},
			"entries": [
				"Immediately after you hit a creature with a melee attack on your turn, you can expend one superiority die and then try to grapple the target as a bonus action (see the Player's Handbook for rules on grappling). Add the superiority die to your Strength ({@skill Athletics}) check."
			]
		},
		{
			"name": "Grasp of Hadar",
			"source": "XGE",
			"page": 57,
			"featureType": [
				"EI"
			],
			"prerequisite": [
				{
					"spell": [
						"eldritch blast#c"
					]
				}
			],
			"entries": [
				"Once on each of your turns when you hit a creature with your {@spell eldritch blast}, you can move that creature in a straight line 10 feet closer to you."
			]
		},
		{
			"name": "Grasping Arrow",
			"source": "XGE",
			"page": 29,
			"featureType": [
				"AS"
			],
			"consumes": {
				"name": "Arcane Shot"
			},
			"entries": [
				"When this arrow strikes its target, conjuration magic creates grasping, poisonous brambles, which wrap around the target. The creature hit by the arrow takes an extra {@damage 2d6} poison damage, its speed is reduced by 10 feet, and it takes {@damage 2d6} slashing damage the first time on each turn it moves 1 foot or more without teleporting. The target or any creature that can reach it can use its action to remove the brambles with a successful Strength ({@skill Athletics}) check against your Arcane Shot save DC. Otherwise, the brambles last for 1 minute or until you use this option again.",
				"The poison damage and slashing damage both increase to {@damage 4d6} when you reach 18th level in this class."
			]
		},
		{
			"name": "Great Weapon Fighting",
			"source": "PHB",
			"page": 72,
			"srd": true,
			"otherSources": [
				{
					"source": "PHB",
					"page": 84
				}
			],
			"featureType": [
				"FS:F",
				"FS:P"
			],
			"entries": [
				"When you roll a 1 or 2 on a damage die for an attack you make with a melee weapon that you are wielding with two hands, you can reroll the die and must use the new roll, even if the new roll is a 1 or a 2. The weapon must have the two-handed or versatile property for you to gain this benefit."
			]
		},
		{
			"name": "Heightened Spell",
			"source": "PHB",
			"page": 102,
			"srd": true,
			"featureType": [
				"MM"
			],
			"consumes": {
				"name": "Sorcery Point",
				"amount": 3
			},
			"entries": [
				"When you cast a spell that forces a creature to make a saving throw to resist its effects, you can spend 3 sorcery points to give one target of the spell disadvantage on its first saving throw made against the spell."
			]
		},
		{
			"name": "Helm of Awareness",
			"source": "TCE",
			"page": 21,
			"featureType": [
				"AI"
			],
			"prerequisite": [
				{
					"level": {
						"level": 10,
						"class": {
							"name": "Artificer",
							"source": "TCE"
						}
					},
					"item": [
						"A helmet (requires attunement)"
					]
				}
			],
			"entries": [
				"While wearing this helmet, a creature has advantage on initiative rolls. In addition, the wearer can't be {@quickref Surprise|PHB|3|0|surprised}, provided it isn't {@condition incapacitated}."
			]
		},
		{
			"name": "Hill Rune",
			"source": "TCE",
			"page": 45,
			"featureType": [
				"RN"
			],
			"prerequisite": [
				{
					"level": {
						"level": 7,
						"class": {
							"name": "Fighter"
						},
						"subclass": {
							"name": "Rune Knight",
							"source": "TCE"
						}
					}
				}
			],
			"entries": [
				"This rune's magic bestows a resilience reminiscent of a hill giant. While wearing or carrying an object that bears this rune, you have advantage on saving throws against being {@condition poisoned}, and you have resistance against poison damage.",
				"In addition, you can invoke the rune as a bonus action, gaining resistance to bludgeoning, piercing, and slashing damage for 1 minute. Once you invoke this rune, you can't do so again until you finish a short or long rest."
			]
		},
		{
			"name": "Homunculus Servant",
			"source": "TCE",
			"page": 21,
			"otherSources": [
				{
					"source": "ERLW",
					"page": 62
				}
			],
			"featureType": [
				"AI"
			],
			"prerequisite": [
				{
					"item": [
						"A gem or crystal worth at least 100 gp"
					]
				}
			],
			"entries": [
				"You learn intricate methods for magically creating a special {@creature Homunculus Servant|TCE|homunculus} that serves you. The item you infuse serves as the creature's heart, around which the creature's body instantly forms.",
				"You determine the homunculus's appearance. Some artificers prefer mechanical-looking birds, whereas some like winged vials or miniature, animate cauldrons.",
				"The homunculus is friendly to you and your companions, and it obeys your commands. See this creature's game statistics in the Homunculus Servant stat block, which uses your proficiency bonus (PB) in several places.",
				"In combat, the homunculus shares your initiative count, but it takes its turn immediately after yours. It can move and use its reaction on its own, but the only action it takes on its turn is the {@action Dodge} action, unless you take a bonus action on your turn to command it to take another action. That action can be one in its stat block or some other action. If you are {@condition incapacitated}, the homunculus can take any action of its choice, not just {@action Dodge}.",
				"The homunculus regains {@dice 2d6} hit points if the {@spell mending} spell is cast on it. If you or the homunculus dies, it vanishes, leaving its heart in its space."
			]
		},
		{
			"name": "Improved Pact Weapon",
			"source": "XGE",
			"page": 57,
			"featureType": [
				"EI"
			],
			"prerequisite": [
				{
					"pact": "Blade"
				}
			],
			"entries": [
				"You can use any weapon you summon with your Pact of the Blade feature as a spellcasting focus for your warlock spells.",
				"In addition, the weapon gains a +1 bonus to its attack and damage rolls, unless it is a magic weapon that already has a bonus to those rolls.",
				"Finally, the weapon you conjure can be a {@item shortbow|phb}, {@item longbow|phb}, {@item light crossbow|phb}, or {@item heavy crossbow|phb}."
			]
		},
		{
			"name": "Interception",
			"source": "TCE",
			"page": 41,
			"isClassFeatureVariant": true,
			"featureType": [
				"FS:F",
				"FS:P"
			],
			"entries": [
				"When a creature you can see hits a target, other than you, within 5 feet of you with an attack, you can use your reaction to reduce the damage the target takes by {@dice 1d10} + your proficiency bonus (to a minimum of 0 damage). You must be wielding a {@item shield|phb} or a {@filter simple or martial weapon|items|source=phb|category=basic|type=martial weapon;simple weapon} to use this reaction."
			]
		},
		{
			"name": "Investment of the Chain Master",
			"source": "TCE",
			"page": 71,
			"isClassFeatureVariant": true,
			"featureType": [
				"EI"
			],
			"prerequisite": [
				{
					"pact": "Chain"
				}
			],
			"entries": [
				"When you cast {@spell find familiar}, you infuse the summoned familiar with a measure of your eldritch power, granting the creature the following benefits:",
				{
					"type": "list",
					"items": [
						"The familiar gains either a flying speed or a swimming speed (your choice) of 40 feet.",
						"As a bonus action, you can command the familiar to take the {@action Attack} action.",
						"The familiar's weapon attacks are considered magical for the purpose of overcoming immunity and resistance to nonmagical attacks.",
						"If the familiar forces a creature to make a saving throw, it uses your spell save DC.",
						"When the familiar takes damage, you can use your reaction to grant it resistance against that damage."
					]
				}
			]
		},
		{
			"name": "Lance of Lethargy",
			"source": "XGE",
			"page": 57,
			"featureType": [
				"EI"
			],
			"prerequisite": [
				{
					"spell": [
						"eldritch blast#c"
					]
				}
			],
			"entries": [
				"Once on each of your turns when you hit a creature with your {@spell eldritch blast}, you can reduce that creature's speed by 10 feet until the end of your next turn."
			]
		},
		{
			"name": "Lifedrinker",
			"source": "PHB",
			"page": 111,
			"srd": true,
			"featureType": [
				"EI"
			],
			"prerequisite": [
				{
					"level": {
						"level": 12,
						"class": {
							"name": "Warlock"
						}
					},
					"pact": "Blade"
				}
			],
			"entries": [
				"When you hit a creature with your pact weapon, the creature takes extra necrotic damage equal to your Charisma modifier (minimum of 1)."
			]
		},
		{
			"name": "Lunging Attack",
			"source": "PHB",
			"page": 74,
			"featureType": [
				"MV:B"
			],
			"consumes": {
				"name": "Superiority Die"
			},
			"entries": [
				"When you make a melee weapon attack on your turn, you can expend one superiority die to increase your reach for that attack by 5 feet. If you hit, you add the superiority die to the attack's damage roll."
			]
		},
		{
			"name": "Maddening Hex",
			"source": "XGE",
			"page": 57,
			"featureType": [
				"EI"
			],
			"prerequisite": [
				{
					"level": {
						"level": 5,
						"class": {
							"name": "Warlock"
						}
					},
					"spell": [
						"hex/curse#x"
					]
				}
			],
			"entries": [
				"As a bonus action, you cause a psychic disturbance around the target cursed by your {@spell hex} spell or by a warlock feature of yours, such as Hexblade's Curse or Sign of Ill Omen. When you do so, you deal psychic damage to the cursed target and each creature of your choice that you can see within 5 feet of it. The psychic damage equals your Charisma modifier (minimum of 1 damage). To use this invocation, you must be able to see the cursed target, and it must be within 30 feet of you."
			]
		},
		{
			"name": "Maneuvering Attack",
			"source": "PHB",
			"page": 74,
			"featureType": [
				"MV:B"
			],
			"consumes": {
				"name": "Superiority Die"
			},
			"entries": [
				"When you hit a creature with a weapon attack, you can expend one superiority die to maneuver one of your comrades into a more advantageous position. You add the superiority die to the attack's damage roll, and you choose a friendly creature who can see or hear you. That creature can use its reaction to move up to half its speed without provoking opportunity attacks from the target of your attack."
			]
		},
		{
			"name": "Mask of Many Faces",
			"source": "PHB",
			"page": 111,
			"srd": true,
			"featureType": [
				"EI"
			],
			"additionalSpells": [
				{
					"innate": {
						"_": [
							"disguise self"
						]
					}
				}
			],
			"entries": [
				"You can cast {@spell disguise self} at will, without expending a spell slot."
			]
		},
		{
			"name": "Master of Myriad Forms",
			"source": "PHB",
			"page": 111,
			"srd": true,
			"featureType": [
				"EI"
			],
			"prerequisite": [
				{
					"level": {
						"level": 15,
						"class": {
							"name": "Warlock"
						}
					}
				}
			],
			"additionalSpells": [
				{
					"innate": {
						"_": [
							"alter self"
						]
					}
				}
			],
			"entries": [
				"You can cast {@spell alter self} at will, without expending a spell slot."
			]
		},
		{
			"name": "Menacing Attack",
			"source": "PHB",
			"page": 74,
			"featureType": [
				"MV:B"
			],
			"consumes": {
				"name": "Superiority Die"
			},
			"entries": [
				"When you hit a creature with a weapon attack, you can expend one superiority die to attempt to frighten the target. You add the superiority die to the attack's damage roll, and the target must make a Wisdom saving throw. On a failed save, it is {@condition frightened} of you until the end of your next turn."
			]
		},
		{
			"name": "Mind Sharpener",
			"source": "TCE",
			"page": 22,
			"featureType": [
				"AI"
			],
			"prerequisite": [
				{
					"item": [
						"A suit of armor or robes"
					]
				}
			],
			"entries": [
				"The infused item can send a jolt to the wearer to refocus their mind. The item has 4 charges. When the wearer fails a Constitution saving throw to maintain {@status concentration} on a spell, the wearer can use its reaction to expend 1 of the item's charges to succeed instead. The item regains {@dice 1d4} expended charges daily at dawn."
			]
		},
		{
			"name": "Minions of Chaos",
			"source": "PHB",
			"page": 111,
			"srd": true,
			"featureType": [
				"EI"
			],
			"prerequisite": [
				{
					"level": {
						"level": 9,
						"class": {
							"name": "Warlock"
						}
					}
				}
			],
			"additionalSpells": [
				{
					"innate": {
						"_": {
							"daily": {
								"1e": [
									"conjure elemental"
								]
							}
						}
					}
				}
			],
			"entries": [
				"You can cast {@spell conjure elemental} once using a warlock spell slot. You can't do so again until you finish a long rest."
			]
		},
		{
			"name": "Mire the Mind",
			"source": "PHB",
			"page": 111,
			"srd": true,
			"featureType": [
				"EI"
			],
			"prerequisite": [
				{
					"level": {
						"level": 5,
						"class": {
							"name": "Warlock"
						}
					}
				}
			],
			"additionalSpells": [
				{
					"innate": {
						"_": {
							"daily": {
								"1e": [
									"slow"
								]
							}
						}
					}
				}
			],
			"entries": [
				"You can cast {@spell slow} once using a warlock spell slot. You can't do so again until you finish a long rest."
			]
		},
		{
			"name": "Mist Stance",
			"source": "PHB",
			"page": 81,
			"featureType": [
				"ED"
			],
			"prerequisite": [
				{
					"level": {
						"level": 11,
						"class": {
							"name": "Monk"
						},
						"subclass": {
							"name": "Four Elements"
						}
					}
				}
			],
			"additionalSpells": [
				{
					"innate": {
						"_": {
							"resource": {
								"4": [
									"gaseous form"
								]
							}
						}
					},
					"resourceName": "Ki",
					"ability": "wis"
				}
			],
			"entries": [
				"You can spend 4 ki points to cast {@spell gaseous form}, targeting yourself."
			]
		},
		{
			"name": "Misty Visions",
			"source": "PHB",
			"page": 111,
			"srd": true,
			"featureType": [
				"EI"
			],
			"additionalSpells": [
				{
					"innate": {
						"_": [
							"silent image"
						]
					}
				}
			],
			"entries": [
				"You can cast {@spell silent image} at will, without expending a spell slot or material components."
			]
		},
		{
			"name": "One with Shadows",
			"source": "PHB",
			"page": 111,
			"srd": true,
			"featureType": [
				"EI"
			],
			"prerequisite": [
				{
					"level": {
						"level": 5,
						"class": {
							"name": "Warlock"
						}
					}
				}
			],
			"entries": [
				"When you are in an area of dim light or darkness, you can use your action to become {@condition invisible} until you move or take an action or a reaction."
			]
		},
		{
			"name": "Otherworldly Leap",
			"source": "PHB",
			"page": 111,
			"srd": true,
			"featureType": [
				"EI"
			],
			"prerequisite": [
				{
					"level": {
						"level": 9,
						"class": {
							"name": "Warlock"
						}
					}
				}
			],
			"additionalSpells": [
				{
					"innate": {
						"_": [
							"jump"
						]
					}
				}
			],
			"entries": [
				"You can cast {@spell jump} on yourself at will, without expending a spell slot or material components."
			]
		},
		{
			"name": "Pact of the Blade",
			"source": "PHB",
			"page": 107,
			"srd": true,
			"featureType": [
				"PB"
			],
			"entries": [
				"You can use your action to create a pact weapon in your empty hand. You can choose the form that this melee weapon takes each time you create it (see chapter 5 for weapon options). You are proficient with it while you wield it. This weapon counts as magical for the purpose of overcoming resistance and immunity to nonmagical attacks and damage.",
				"Your pact weapon disappears if it is more than 5 feet away from you for 1 minute or more. It also disappears if you use this feature again, if you dismiss the weapon (no action required), or if you die.",
				"You can transform one magic weapon into your pact weapon by performing a special ritual while you hold the weapon. You perform the ritual over the course of 1 hour, which can be done during a short rest. You can then dismiss the weapon, shunting it into an extradimensional space, and it appears whenever you create your pact weapon thereafter. You can't affect an artifact or a sentient weapon in this way. The weapon ceases being your pact weapon if you die, if you perform the 1-hour ritual on a different weapon, or if you use a 1-hour ritual to break your bond to it. The weapon appears at your feet if it is in the extradimensional space when the bond breaks."
			]
		},
		{
			"name": "Pact of the Chain",
			"source": "PHB",
			"page": 107,
			"srd": true,
			"featureType": [
				"PB"
			],
			"additionalSpells": [
				{
					"ability": "cha",
					"innate": {
						"_": {
							"ritual": [
								"find familiar"
							]
						}
					}
				}
			],
			"entries": [
				"You learn the {@spell find familiar} spell and can cast it as a ritual. The spell doesn't count against your number of spells known.",
				"When you cast the spell, you can choose one of the normal forms for your familiar or one of the following special forms: {@creature imp}, {@creature pseudodragon}, {@creature quasit}, or {@creature sprite}.",
				"Additionally, when you take the {@action Attack} action, you can forgo one of your own attacks to allow your familiar to use its reaction to make one attack of its own."
			]
		},
		{
			"name": "Pact of the Talisman",
			"source": "TCE",
			"page": 71,
			"isClassFeatureVariant": true,
			"featureType": [
				"PB"
			],
			"entries": [
				"Your patron gives you an amulet, a talisman that can aid the wearer when the need is great. When the wearer fails an ability check, they can add a {@dice d4} to the roll, potentially turning the roll into a success. This benefit can be used a number of times equal to your proficiency bonus, and all expended uses are restored when you finish a long rest.",
				"If you lose the talisman, you can perform a 1-hour ceremony to receive a replacement from your patron. This ceremony can be performed during a short or long rest, and it destroys the previous amulet. The talisman turns to ash when you die."
			]
		},
		{
			"name": "Pact of the Tome",
			"source": "PHB",
			"page": 108,
			"srd": true,
			"featureType": [
				"PB"
			],
			"additionalSpells": [
				{
					"ability": "cha",
					"known": {
						"_": [
							{
								"choose": "level=0",
								"count": 3
							}
						]
					}
				}
			],
			"entries": [
				"Your patron gives you a grimoire called a Book of Shadows. When you gain this feature, choose three {@filter cantrips|spells|level=0} from any class's spell list. The cantrips do not need to be from the same spell list. While the book is on your person, you can cast those cantrips at will. They don't count against your number of cantrips known. Any cantrip you cast with this feature is considered a warlock cantrip for you. If you lose your Book of Shadows, you can perform a 1-hour ceremony to receive a replacement from your patron. This ceremony can be performed during a short or long rest, and it destroys the previous book. The book turns to ash when you die."
			]
		},
		{
			"name": "Parry",
			"source": "PHB",
			"page": 74,
			"featureType": [
				"MV:B"
			],
			"consumes": {
				"name": "Superiority Die"
			},
			"entries": [
				"When another creature damages you with a melee attack, you can use your reaction and expend one superiority die to reduce the damage by the number you roll on your superiority die + your Dexterity modifier."
			]
		},
		{
			"name": "Piercing Arrow",
			"source": "XGE",
			"page": 29,
			"featureType": [
				"AS"
			],
			"consumes": {
				"name": "Arcane Shot"
			},
			"entries": [
				"You use transmutation magic to give your arrow an ethereal quality. When you use this option, you don't make an attack roll for the attack. Instead, the arrow shoots forward in a line, which is 1 foot wide and 30 feet long, before disappearing. The arrow passes harmlessly through objects, ignoring cover. Each creature in that line must make a Dexterity saving throw. On a failed save, a creature takes damage as if it were hit by the arrow, plus an extra {@damage 1d6} piercing damage. On a successful save, a target takes half as much damage.",
				"The piercing damage increases to {@damage 2d6} when you reach 18th level in this class."
			]
		},
		{
			"name": "Precision Attack",
			"source": "PHB",
			"page": 74,
			"featureType": [
				"MV:B"
			],
			"consumes": {
				"name": "Superiority Die"
			},
			"entries": [
				"When you make a weapon attack roll against a creature, you can expend one superiority die to add it to the roll. You can use this maneuver before or after making the attack roll, but before any effects of the attack are applied."
			]
		},
		{
			"name": "Protection",
			"source": "PHB",
			"page": 72,
			"srd": true,
			"otherSources": [
				{
					"source": "PHB",
					"page": 84
				}
			],
			"featureType": [
				"FS:F",
				"FS:P"
			],
			"entries": [
				"When a creature you can see attacks a target other than you that is within 5 feet of you, you can use your reaction to impose disadvantage on the attack roll. You must be wielding a shield."
			]
		},
		{
			"name": "Protection of the Talisman",
			"source": "TCE",
			"page": 71,
			"isClassFeatureVariant": true,
			"featureType": [
				"EI"
			],
			"prerequisite": [
				{
					"level": {
						"level": 7,
						"class": {
							"name": "Warlock"
						}
					},
					"pact": "Talisman"
				}
			],
			"entries": [
				"When the wearer of your talisman fails a saving throw, they can add a {@dice d4} to the roll, potentially turning the save into a success. This benefit can be used a number of times equal to your proficiency bonus, and all expended uses are restored when you finish a long rest."
			]
		},
		{
			"name": "Pushing Attack",
			"source": "PHB",
			"page": 74,
			"featureType": [
				"MV:B"
			],
			"consumes": {
				"name": "Superiority Die"
			},
			"entries": [
				"When you hit a creature with a weapon attack, you can expend one superiority die to attempt to drive the target back. You add the superiority die to the attack's damage roll, and if the target is Large or smaller, it must make a Strength saving throw. On a failed save, you push the target up to 15 feet away from you."
			]
		},
		{
			"name": "Quick Toss",
			"source": "TCE",
			"page": 42,
			"isClassFeatureVariant": true,
			"featureType": [
				"MV:B"
			],
			"consumes": {
				"name": "Superiority Die"
			},
			"entries": [
				"As a bonus action, you can expend one superiority die and make a ranged attack with a weapon that has the thrown property. You can draw the weapon as part of making this attack. If you hit, add the superiority die to the weapon's damage roll."
			]
		},
		{
			"name": "Quickened Spell",
			"source": "PHB",
			"page": 102,
			"srd": true,
			"featureType": [
				"MM"
			],
			"consumes": {
				"name": "Sorcery Point",
				"amount": 2
			},
			"entries": [
				"When you cast a spell that has a casting time of 1 action, you can spend 2 sorcery points to change the casting time to 1 bonus action for this casting."
			]
		},
		{
			"name": "Radiant Weapon",
			"source": "TCE",
			"page": 22,
			"otherSources": [
				{
					"source": "ERLW",
					"page": 62
				}
			],
			"featureType": [
				"AI"
			],
			"prerequisite": [
				{
					"level": {
						"level": 6,
						"class": {
							"name": "Artificer",
							"source": "TCE"
						}
					},
					"item": [
						"A simple or martial weapon (requires attunement)"
					]
				}
			],
			"entries": [
				"This magic weapon grants a +1 bonus to attack and damage rolls made with it. While holding it, the wielder can take a bonus action to cause it to shed bright light in a 30-foot radius and dim light for an additional 30 feet. The wielder can extinguish the light as a bonus action.",
				"The weapon has 4 charges. As a reaction immediately after being hit by an attack, the wielder can expend 1 charge and cause the attacker to be {@condition blinded} until the end of the attacker's next turn, unless the attacker succeeds on a Constitution saving throw against your spell save DC. The weapon regains {@dice 1d4} expended charges daily at dawn."
			]
		},
		{
			"name": "Rally",
			"source": "PHB",
			"page": 74,
			"featureType": [
				"MV:B"
			],
			"consumes": {
				"name": "Superiority Die"
			},
			"entries": [
				"On your turn, you can use a bonus action and expend one superiority die to bolster the resolve of one of your companions. When you do so, choose a friendly creature who can see or hear you. That creature gains temporary hit points equal to the superiority die roll + your Charisma modifier."
			]
		},
		{
			"name": "Rebuke of the Talisman",
			"source": "TCE",
			"page": 71,
			"isClassFeatureVariant": true,
			"featureType": [
				"EI"
			],
			"prerequisite": [
				{
					"pact": "Talisman"
				}
			],
			"entries": [
				"When the wearer of your talisman is hit by an attacker you can see within 30 feet of you, you can use your reaction to deal psychic damage to the attacker equal to your proficiency bonus and push it up to 10 feet away from the talisman's wearer."
			]
		},
		{
			"name": "Relentless Hex",
			"source": "XGE",
			"page": 57,
			"featureType": [
				"EI"
			],
			"prerequisite": [
				{
					"level": {
						"level": 7,
						"class": {
							"name": "Warlock"
						}
					},
					"spell": [
						"hex/curse#x"
					]
				}
			],
			"entries": [
				"Your curse creates a temporary bond between you and your target. As a bonus action, you can magically teleport up to 30 feet to an unoccupied space you can see within 5 feet of the target cursed by your {@spell hex} spell or by a warlock feature of yours, such as Hexblade's Curse or Sign of Ill Omen. To teleport in this way, you must be able to see the cursed target."
			]
		},
		{
			"name": "Repeating Shot",
			"source": "TCE",
			"page": 22,
			"otherSources": [
				{
					"source": "ERLW",
					"page": 62
				}
			],
			"featureType": [
				"AI"
			],
			"prerequisite": [
				{
					"item": [
						"A simple or martial weapon with the ammunition property (requires attunement)"
					]
				}
			],
			"entries": [
				"This magic weapon grants a +1 bonus to attack and damage rolls made with it when it's used to make a ranged attack, and it ignores the loading property if it has it.",
				"If the weapon lacks ammunition, it produces its own, automatically creating one piece of magic ammunition when the wielder makes a ranged attack with it. The ammunition created by the weapon vanishes the instant after it hits or misses a target."
			]
		},
		{
			"name": "Repelling Blast",
			"source": "PHB",
			"page": 111,
			"srd": true,
			"featureType": [
				"EI"
			],
			"prerequisite": [
				{
					"spell": [
						"eldritch blast#c"
					]
				}
			],
			"entries": [
				"When you hit a creature with {@spell eldritch blast}, you can push the creature up to 10 feet away from you in a straight line."
			]
		},
		{
			"name": "Replicate Magic Item",
			"source": "TCE",
			"page": 22,
			"otherSources": [
				{
					"source": "ERLW",
					"page": 63
				}
			],
			"featureType": [
				"AI"
			],
			"entries": [
				"Using this infusion, you replicate a particular magic item. You can learn this infusion multiple times; each time you do so, choose a magic item that you can make with it, picking from the Replicable Items tables below. A table's title tells you the level you must be in the class to choose an item from the table. Alternatively, you can choose the magic item from among the {@filter common magic items|items|type=!potion;!scroll|rarity=common} in the game, not including potions or scrolls.",
				"In the tables, an item's entry tells you whether the item requires attunement. See the item's description in the {@book Dungeon Master's Guide|DMG} for more information about it, including the type of object required for its making.",
				{
					"type": "table",
					"caption": "Replicable Items (2nd-Level Artificer)",
					"colLabels": [
						"Magic Item",
						"Attunement"
					],
					"colStyles": [
						"col-10",
						"col-2 text-center"
					],
					"rows": [
						[
							"{@item Alchemy jug}",
							"No"
						],
						[
							"{@item Bag of holding}",
							"No"
						],
						[
							"{@item Cap of water breathing}",
							"No"
						],
						[
							"{@item Goggles of night}",
							"No"
						],
						[
							"{@item Rope of climbing}",
							"No"
						],
						[
							"{@item Sending stones}",
							"No"
						],
						[
							"{@item Wand of magic detection}",
							"No"
						],
						[
							"{@item Wand of secrets}",
							"No"
						]
					]
				},
				{
					"type": "table",
					"caption": "Replicable Items (6th-Level Artificer)",
					"colLabels": [
						"Magic Item",
						"Attunement"
					],
					"colStyles": [
						"col-10",
						"col-2 text-center"
					],
					"rows": [
						[
							"{@item Boots of elvenkind}",
							"No"
						],
						[
							"{@item Cloak of elvenkind}",
							"Yes"
						],
						[
							"{@item Cloak of the manta ray}",
							"No"
						],
						[
							"{@item Eyes of charming}",
							"Yes"
						],
						[
							"{@item Gloves of thievery}",
							"No"
						],
						[
							"{@item Lantern of revealing}",
							"No"
						],
						[
							"{@item Pipes of haunting}",
							"No"
						],
						[
							"{@item Ring of water walking}",
							"No"
						]
					]
				},
				{
					"type": "table",
					"caption": "Replicable Items (10th-Level Artificer)",
					"colLabels": [
						"Magic Item",
						"Attunement"
					],
					"colStyles": [
						"col-11",
						"col-2 text-center"
					],
					"rows": [
						[
							"{@item Boots of striding and springing}",
							"Yes"
						],
						[
							"{@item Boots of the winterlands}",
							"Yes"
						],
						[
							"{@item Bracers of archery}",
							"Yes"
						],
						[
							"{@item Brooch of shielding}",
							"Yes"
						],
						[
							"{@item Cloak of protection}",
							"Yes"
						],
						[
							"{@item Eyes of the eagle}",
							"Yes"
						],
						[
							"{@item Gauntlets of ogre power}",
							"Yes"
						],
						[
							"{@item Gloves of missile snaring}",
							"Yes"
						],
						[
							"{@item Gloves of swimming and climbing}",
							"Yes"
						],
						[
							"{@item Hat of disguise}",
							"Yes"
						],
						[
							"{@item Headband of intellect}",
							"Yes"
						],
						[
							"{@item Helm of telepathy}",
							"Yes"
						],
						[
							"{@item Medallion of thoughts}",
							"Yes"
						],
						[
							"{@item Necklace of adaptation}",
							"Yes"
						],
						[
							"{@item Periapt of wound closure}",
							"Yes"
						],
						[
							"{@item Pipes of the sewers}",
							"Yes"
						],
						[
							"{@item Quiver of Ehlonna}",
							"No"
						],
						[
							"{@item Ring of jumping}",
							"Yes"
						],
						[
							"{@item Ring of mind shielding}",
							"Yes"
						],
						[
							"{@item Slippers of spider climbing}",
							"Yes"
						],
						[
							"{@item Ventilating lungs|ERLW} (detailed in {@book chapter 5|ERLW|13})",
							"Yes"
						],
						[
							"{@item Winged boots}",
							"Yes"
						]
					]
				},
				{
					"type": "table",
					"caption": "Replicable Items (14th-Level Artificer)",
					"colLabels": [
						"Magic Item",
						"Attunement"
					],
					"colStyles": [
						"col-11",
						"col-1 text-center"
					],
					"rows": [
						[
							"{@item Amulet of health}",
							"Yes"
						],
						[
							"{@item Arcane propulsion arm|ERLW} (detailed in {@book chapter 5|ERLW|13})",
							"Yes"
						],
						[
							"{@item Belt of hill giant strength}",
							"Yes"
						],
						[
							"{@item Boots of levitation}",
							"Yes"
						],
						[
							"{@item Boots of speed}",
							"Yes"
						],
						[
							"{@item Bracers of defense}",
							"Yes"
						],
						[
							"{@item Cloak of the bat}",
							"Yes"
						],
						[
							"{@item Dimensional shackles}",
							"No"
						],
						[
							"{@item Gem of seeing}",
							"Yes"
						],
						[
							"{@item Horn of blasting}",
							"No"
						],
						[
							"{@item Ring of free action}",
							"Yes"
						],
						[
							"{@item Ring of protection}",
							"Yes"
						],
						[
							"{@item Ring of the ram}",
							"Yes"
						]
					]
				}
			]
		},
		{
			"name": "Repulsion Shield",
			"source": "TCE",
			"page": 23,
			"otherSources": [
				{
					"source": "ERLW",
					"page": 63
				}
			],
			"featureType": [
				"AI"
			],
			"prerequisite": [
				{
					"level": {
						"level": 6,
						"class": {
							"name": "Artificer",
							"source": "TCE"
						}
					},
					"item": [
						"A shield (requires attunement)"
					]
				}
			],
			"entries": [
				"A creature gains a +1 bonus to Armor Class while wielding this shield.",
				"The shield has 4 charges. While holding it, the wielder can use a reaction immediately after being hit by a melee attack to expend 1 of the shield's charges and push the attacker up to 15 feet away. The shield regains {@dice 1d4} expended charges daily at dawn."
			]
		},
		{
			"name": "Resistant Armor",
			"source": "TCE",
			"page": 23,
			"otherSources": [
				{
					"source": "ERLW",
					"page": 63
				}
			],
			"featureType": [
				"AI"
			],
			"prerequisite": [
				{
					"level": {
						"level": 6,
						"class": {
							"name": "Artificer",
							"source": "TCE"
						}
					},
					"item": [
						"A suit of armor (requires attunement)"
					]
				}
			],
			"entries": [
				"While wearing this armor, a creature has resistance to one of the following damage types, which you choose when you infuse the item: acid, cold, fire, force, lightning, necrotic, poison, psychic, radiant, or thunder."
			]
		},
		{
			"name": "Returning Weapon",
			"source": "TCE",
			"page": 23,
			"otherSources": [
				{
					"source": "ERLW",
					"page": 63
				}
			],
			"featureType": [
				"AI"
			],
			"prerequisite": [
				{
					"item": [
						"A simple or martial weapon with the thrown property"
					]
				}
			],
			"entries": [
				"This magic weapon grants a +1 bonus to attack and damage rolls made with it, and it returns to the wielder's hand immediately after it is used to make a ranged attack."
			]
		},
		{
			"name": "Ride the Wind",
			"source": "PHB",
			"page": 81,
			"featureType": [
				"ED"
			],
			"prerequisite": [
				{
					"level": {
						"level": 11,
						"class": {
							"name": "Monk"
						},
						"subclass": {
							"name": "Four Elements"
						}
					}
				}
			],
			"additionalSpells": [
				{
					"innate": {
						"_": {
							"resource": {
								"4": [
									"fly"
								]
							}
						}
					},
					"resourceName": "Ki",
					"ability": "wis"
				}
			],
			"entries": [
				"You can spend 4 ki points to cast {@spell fly}, targeting yourself."
			]
		},
		{
			"name": "Riposte",
			"source": "PHB",
			"page": 74,
			"featureType": [
				"MV:B"
			],
			"consumes": {
				"name": "Superiority Die"
			},
			"entries": [
				"When a creature misses you with a melee attack, you can use your reaction and expend one superiority die to make a melee weapon attack against the creature. If you hit, you add the superiority die to the attack's damage roll."
			]
		},
		{
			"name": "River of Hungry Flame",
			"source": "PHB",
			"page": 81,
			"featureType": [
				"ED"
			],
			"prerequisite": [
				{
					"level": {
						"level": 17,
						"class": {
							"name": "Monk"
						},
						"subclass": {
							"name": "Four Elements"
						}
					}
				}
			],
			"additionalSpells": [
				{
					"innate": {
						"_": {
							"resource": {
								"5": [
									"wall of fire"
								]
							}
						}
					},
					"resourceName": "Ki",
					"ability": "wis"
				}
			],
			"entries": [
				"You can spend 5 ki points to cast {@spell wall of fire}."
			]
		},
		{
			"name": "Rush of the Gale Spirits",
			"source": "PHB",
			"page": 81,
			"featureType": [
				"ED"
			],
			"additionalSpells": [
				{
					"innate": {
						"_": {
							"resource": {
								"2": [
									"gust of wind"
								]
							}
						}
					},
					"resourceName": "Ki",
					"ability": "wis"
				}
			],
			"entries": [
				"You can spend 2 ki points to cast {@spell gust of wind}."
			]
		},
		{
			"name": "Sculptor of Flesh",
			"source": "PHB",
			"page": 111,
			"srd": true,
			"featureType": [
				"EI"
			],
			"prerequisite": [
				{
					"level": {
						"level": 7,
						"class": {
							"name": "Warlock"
						}
					}
				}
			],
			"additionalSpells": [
				{
					"innate": {
						"_": {
							"daily": {
								"1e": [
									"polymorph"
								]
							}
						}
					}
				}
			],
			"entries": [
				"You can cast {@spell polymorph} once using a warlock spell slot. You can't do so again until you finish a long rest."
			]
		},
		{
			"name": "Seeking Arrow",
			"source": "XGE",
			"page": 30,
			"featureType": [
				"AS"
			],
			"consumes": {
				"name": "Arcane Shot"
			},
			"entries": [
				"Using divination magic, you grant your arrow the ability to seek out a target. When you use this option, you don't make an attack roll for the attack. Instead, choose one creature you have seen in the past minute. The arrow flies toward that creature, moving around corners if necessary and ignoring three-quarters cover and half cover. If the target is within the weapon's range and there is a path large enough for the arrow to travel to the target, the target must make a Dexterity saving throw. Otherwise, the arrow disappears after traveling as far as it can. On a failed save, the target takes damage as if it were hit by the arrow, plus an extra {@damage 1d6} force damage, and you learn the target's current location. On a successful save, the target takes half as much damage, and you don't learn its location.",
				"The force damage increases to {@damage 2d6} when you reach 18th level in this class."
			]
		},
		{
			"name": "Seeking Spell",
			"source": "TCE",
			"page": 66,
			"isClassFeatureVariant": true,
			"featureType": [
				"MM"
			],
			"consumes": {
				"name": "Sorcery Point",
				"amount": 2
			},
			"entries": [
				"If you make an attack roll for a spell and miss, you can spend 2 sorcery points to reroll the {@dice d20}, and you must use the new roll.",
				"You can use Seeking Spell even if you have already used a different Metamagic option during the casting of the spell."
			]
		},
		{
			"name": "Shadow Arrow",
			"source": "XGE",
			"page": 30,
			"featureType": [
				"AS"
			],
			"consumes": {
				"name": "Arcane Shot"
			},
			"entries": [
				"You weave illusion magic into your arrow, causing it to occlude your foe's vision with shadows. The creature hit by the arrow takes an extra {@damage 2d6} psychic damage, and it must succeed on a Wisdom saving throw or be unable to see anything farther than 5 feet away until the start of your next turn.",
				"The psychic damage increases to {@damage 4d6} when you reach 18th level in this class."
			]
		},
		{
			"name": "Shape the Flowing River",
			"source": "PHB",
			"page": 81,
			"featureType": [
				"ED"
			],
			"entries": [
				"As an action, you can spend 1 ki point to choose an area of ice or water no larger than 30 feet on a side within 120 feet of you. You can change water to ice within the area and vice versa, and you can reshape ice in the area in any manner you choose. You can raise or lower the ice's elevation, create or fill in a trench, erect or flatten a wall, or form a pillar. The extent of any such changes can't exceed half the area's largest dimension. For example, if you affect a 30-foot square, you can create a pillar up to 15 feet high. raise or lower the square's elevation by up to 15 feet, dig a trench up to 15 feet deep, and so on. You can't shape the ice to trap or injure a creature in the area."
			]
		},
		{
			"name": "Shroud of Shadow",
			"source": "XGE",
			"page": 57,
			"featureType": [
				"EI"
			],
			"prerequisite": [
				{
					"level": {
						"level": 15,
						"class": {
							"name": "Warlock"
						}
					}
				}
			],
			"additionalSpells": [
				{
					"innate": {
						"_": [
							"invisibility"
						]
					}
				}
			],
			"entries": [
				"You can cast {@spell invisibility} at will, without expending a spell slot."
			]
		},
		{
			"name": "Sign of Ill Omen",
			"source": "PHB",
			"page": 111,
			"srd": true,
			"featureType": [
				"EI"
			],
			"prerequisite": [
				{
					"level": {
						"level": 5,
						"class": {
							"name": "Warlock"
						}
					}
				}
			],
			"additionalSpells": [
				{
					"innate": {
						"_": {
							"daily": {
								"1e": [
									"bestow curse"
								]
							}
						}
					}
				}
			],
			"entries": [
				"You can cast {@spell bestow curse} once using a warlock spell slot. You can't do so again until you finish a long rest."
			]
		},
		{
			"name": "Spell-Refueling Ring",
			"source": "TCE",
			"page": 23,
			"featureType": [
				"AI"
			],
			"prerequisite": [
				{
					"level": {
						"level": 6,
						"class": {
							"name": "Artificer",
							"source": "TCE"
						}
					},
					"item": [
						"A ring (requires attunement)"
					]
				}
			],
			"entries": [
				"While wearing this ring, the creature can recover one expended spell slot as an action. The recovered slot can be of 3rd level or lower. Once used, the ring can't be used again until the next dawn."
			]
		},
		{
			"name": "Stone Rune",
			"source": "TCE",
			"page": 45,
			"featureType": [
				"RN"
			],
			"senses": [
				{
					"darkvision": 120
				}
			],
			"entries": [
				"This rune's magic channels the judiciousness associated with stone giants. While wearing or carrying an object inscribed with this rune, you have advantage on Wisdom ({@skill Insight}) checks, and you have {@sense darkvision} out to a range of 120 feet.",
				"In addition, when a creature you can see ends its turn within 30 feet of you, you can use your reaction to invoke the rune and force the creature to make a Wisdom saving throw. Unless the save succeeds, the creature is {@condition charmed} by you for 1 minute. While {@condition charmed} in this way, the creature has a speed of 0 and is {@condition incapacitated}, descending into a dreamy stupor. The creature repeats the saving throw at the end of each of its turns, ending the effect on a success. Once you invoke this rune, you can't do so again until you finish a short or long rest."
			]
		},
		{
			"name": "Storm Rune",
			"source": "TCE",
			"page": 45,
			"featureType": [
				"RN"
			],
			"prerequisite": [
				{
					"level": {
						"level": 7,
						"class": {
							"name": "Fighter"
						},
						"subclass": {
							"name": "Rune Knight",
							"source": "TCE"
						}
					}
				}
			],
			"entries": [
				"Using this rune, you can glimpse the future like a storm giant seer. While wearing or carrying an object inscribed with this rune, you have advantage on Intelligence ({@skill Arcana}) checks, and you can't be {@quickref Surprise|PHB|3|0|surprised} as long as you aren't {@condition incapacitated}.",
				"In addition, you can invoke the rune as a bonus action to enter a prophetic state for 1 minute or until you're {@condition incapacitated}. Until the state ends, when you or another creature you can see within 60 feet of you makes an attack roll, a saving throw, or an ability check, you can use your reaction to cause the roll to have advantage or disadvantage. Once you invoke this rune, you can't do so again until you finish a short or long rest."
			]
		},
		{
			"name": "Subtle Spell",
			"source": "PHB",
			"page": 102,
			"srd": true,
			"featureType": [
				"MM"
			],
			"consumes": {
				"name": "Sorcery Point"
			},
			"entries": [
				"When you cast a spell, you can spend 1 sorcery point to cast it without any somatic or verbal components."
			]
		},
		{
			"name": "Superior Technique",
			"source": "TCE",
			"page": 41,
			"isClassFeatureVariant": true,
			"featureType": [
				"FS:F"
			],
			"optionalfeatureProgression": [
				{
					"name": "Maneuvers",
					"featureType": [
						"MV:B"
					],
					"progression": {
						"*": 1
					}
				}
			],
			"entries": [
				"You learn one {@filter maneuver|optionalfeatures|feature type=MV:B} of your choice from among those available to the {@class fighter|phb|Battle Master|Battle Master|phb|2-0} archetype. If a maneuver you use requires your target to make a saving throw to resist the maneuver's effects, the saving throw DC equals 8 + your proficiency bonus + your Strength or Dexterity modifier (your choice).",
				"You gain one superiority die, which is a {@dice d6} (this die is added to any superiority dice you have from another source). This die is used to fuel your maneuvers. A superiority die is expended when you use it. You regain your expended superiority dice when you finish a short or long rest."
			]
		},
		{
			"name": "Sweeping Attack",
			"source": "PHB",
			"page": 74,
			"featureType": [
				"MV:B"
			],
			"consumes": {
				"name": "Superiority Die"
			},
			"entries": [
				"When you hit a creature with a melee weapon attack, you can expend one superiority die to attempt to damage another creature with the same attack. Choose another creature within 5 feet of the original target and within your reach. If the original attack roll would hit the second creature, it takes damage equal to the number you roll on your superiority die. The damage is of the same type dealt by the original attack."
			]
		},
		{
			"name": "Sweeping Cinder Strike",
			"source": "PHB",
			"page": 81,
			"featureType": [
				"ED"
			],
			"additionalSpells": [
				{
					"innate": {
						"_": {
							"resource": {
								"2": [
									"burning hands"
								]
							}
						}
					},
					"resourceName": "Ki",
					"ability": "wis"
				}
			],
			"entries": [
				"You can spend 2 ki points to cast {@spell burning hands}."
			]
		},
		{
			"name": "Tactical Assessment",
			"source": "TCE",
			"page": 42,
			"isClassFeatureVariant": true,
			"featureType": [
				"MV:B"
			],
			"consumes": {
				"name": "Superiority Die"
			},
			"entries": [
				"When you make an Intelligence ({@skill Investigation}), an Intelligence ({@skill History}), or a Wisdom ({@skill Insight}) check, you can expend one superiority die and add the superiority die to the ability check."
			]
		},
		{
			"name": "Thief of Five Fates",
			"source": "PHB",
			"page": 111,
			"srd": true,
			"featureType": [
				"EI"
			],
			"additionalSpells": [
				{
					"innate": {
						"_": {
							"daily": {
								"1e": [
									"bane"
								]
							}
						}
					}
				}
			],
			"entries": [
				"You can cast {@spell bane} once using a warlock spell slot. You can't do so again until you finish a long rest."
			]
		},
		{
			"name": "Thirsting Blade",
			"source": "PHB",
			"page": 111,
			"srd": true,
			"featureType": [
				"EI"
			],
			"prerequisite": [
				{
					"pact": "Blade",
					"level": {
						"level": 5,
						"class": {
							"name": "Warlock"
						}
					}
				}
			],
			"entries": [
				"You can attack with your pact weapon twice, instead of once, whenever you take the {@action Attack} action on your turn."
			]
		},
		{
			"name": "Thrown Weapon Fighting",
			"source": "TCE",
			"page": 42,
			"isClassFeatureVariant": true,
			"featureType": [
				"FS:F",
				"FS:R"
			],
			"entries": [
				"You can draw a weapon that has the thrown property as part of the attack you make with the weapon.",
				"In addition, when you hit with a ranged attack using a thrown weapon, you gain a +2 bonus to the damage roll."
			]
		},
		{
			"name": "Tomb of Levistus",
			"source": "XGE",
			"page": 57,
			"featureType": [
				"EI"
			],
			"prerequisite": [
				{
					"level": {
						"level": 5,
						"class": {
							"name": "Warlock"
						}
					}
				}
			],
			"entries": [
				"As a reaction when you take damage, you can entomb yourself in ice, which melts away at the end of your next turn. You gain 10 temporary hit points per warlock level, which take as much of the triggering damage as possible. Immediately after you take the damage, you gain vulnerability to fire damage, your speed is reduced to 0, and you are {@condition incapacitated}. These effects, including any remaining temporary hit points, all end when the ice melts.",
				"Once you use this invocation, you can't use it again until you finish a short or long rest."
			]
		},
		{
			"name": "Transmuted Spell",
			"source": "TCE",
			"page": 66,
			"isClassFeatureVariant": true,
			"featureType": [
				"MM"
			],
			"consumes": {
				"name": "Sorcery Point"
			},
			"entries": [
				"When you cast a spell that deals a type of damage from the following list, you can spend 1 sorcery point to change that damage type to one of the other listed types: acid, cold, fire, lightning, poison, thunder."
			]
		},
		{
			"name": "Trickster's Escape",
			"source": "XGE",
			"page": 57,
			"featureType": [
				"EI"
			],
			"prerequisite": [
				{
					"level": {
						"level": 7,
						"class": {
							"name": "Warlock"
						}
					}
				}
			],
			"additionalSpells": [
				{
					"innate": {
						"_": {
							"daily": {
								"1e": [
									"freedom of movement"
								]
							}
						}
					}
				}
			],
			"entries": [
				"You can cast {@spell freedom of movement} once on yourself without expending a spell slot. You regain the ability to do so when you finish a long rest."
			]
		},
		{
			"name": "Trip Attack",
			"source": "PHB",
			"page": 74,
			"featureType": [
				"MV:B"
			],
			"consumes": {
				"name": "Superiority Die"
			},
			"entries": [
				"When you hit a creature with a weapon attack, you can expend one superiority die to attempt to knock the target down. You add the superiority die to the attack's damage roll, and if the target is Large or smaller, it must make a Strength saving throw. On a failed save, you knock the target {@condition prone}."
			]
		},
		{
			"name": "Twinned Spell",
			"source": "PHB",
			"page": 102,
			"srd": true,
			"featureType": [
				"MM"
			],
			"consumes": {
				"name": "Sorcery Point",
				"amountMin": 1,
				"amountMax": 9
			},
			"entries": [
				"When you cast a spell that targets only one creature and doesn't have a range of self, you can spend a number of sorcery points equal to the spell's level to target a second creature in range with the same spell (1 sorcery point if the spell is a cantrip).",
				"To be eligible, a spell must be incapable of targeting more than one creature at the spell's current level. For example, {@spell magic missile} and {@spell scorching ray} aren't eligible, but {@spell ray of frost} and {@spell chromatic orb} are."
			]
		},
		{
			"name": "Two-Weapon Fighting",
			"source": "PHB",
			"page": 72,
			"srd": true,
			"otherSources": [
				{
					"source": "XGE",
					"page": 15
				},
				{
					"source": "PHB",
					"page": 91
				}
			],
			"featureType": [
				"FS:F",
				"FS:B",
				"FS:R"
			],
			"entries": [
				"When you engage in two-weapon fighting, you can add your ability modifier to the damage of the second attack."
			]
		},
		{
			"name": "Unarmed Fighting",
			"source": "TCE",
			"page": 42,
			"isClassFeatureVariant": true,
			"featureType": [
				"FS:F"
			],
			"entries": [
				"Your unarmed strikes can deal bludgeoning damage equal to {@damage 1d6} + your Strength modifier on a hit. If you aren't wielding any weapons or a {@item shield|phb} when you make the attack roll, the {@damage d6} becomes a {@damage d8}.",
				"At the start of each of your turns, you can deal {@damage 1d4} bludgeoning damage to one creature {@condition grappled} by you."
			]
		},
		{
			"name": "Unbroken Air",
			"source": "PHB",
			"page": 81,
			"featureType": [
				"ED"
			],
			"entries": [
				"You can create a blast of compressed air that strikes like a mighty fist. As an action, you can spend 2 ki points and choose a creature within 30 feet of you. That creature must make a Strength saving throw. On a failed save, the creature takes {@damage 3d10} bludgeoning damage, plus an extra {@damage 1d10} bludgeoning damage for each additional ki point you spend, and you can push the creature up to 20 feet away from you and knock it {@condition prone}. On a successful save, the creature takes half as much damage, and you don't push it or knock it {@condition prone}."
			]
		},
		{
			"name": "Undying Servitude",
			"source": "TCE",
			"page": 71,
			"isClassFeatureVariant": true,
			"featureType": [
				"EI"
			],
			"prerequisite": [
				{
					"level": {
						"level": 5,
						"class": {
							"name": "Warlock"
						}
					}
				}
			],
			"additionalSpells": [
				{
					"innate": {
						"_": {
							"daily": {
								"1e": [
									"animate dead"
								]
							}
						}
					}
				}
			],
			"entries": [
				"You can cast {@spell animate dead} without using a spell slot. Once you do so, you can't cast it in this way again until you finish a long rest."
			]
		},
		{
			"name": "Visions of Distant Realms",
			"source": "PHB",
			"page": 111,
			"srd": true,
			"featureType": [
				"EI"
			],
			"prerequisite": [
				{
					"level": {
						"level": 15,
						"class": {
							"name": "Warlock"
						}
					}
				}
			],
			"additionalSpells": [
				{
					"innate": {
						"_": [
							"arcane eye"
						]
					}
				}
			],
			"entries": [
				"You can cast {@spell arcane eye} at will, without expending a spell slot."
			]
		},
		{
			"name": "Voice of the Chain Master",
			"source": "PHB",
			"page": 111,
			"srd": true,
			"featureType": [
				"EI"
			],
			"prerequisite": [
				{
					"pact": "Chain"
				}
			],
			"entries": [
				"You can communicate telepathically with your familiar and perceive through your familiar's senses as long as you are on the same plane of existence. Additionally, while perceiving through your familiar's senses, you can also speak through your familiar in your own voice, even if your familiar is normally incapable of speech."
			]
		},
		{
			"name": "Water Whip",
			"source": "PHB",
			"page": 81,
			"featureType": [
				"ED"
			],
			"entries": [
				"You can spend 2 ki points as an action to create a whip of water that shoves and pulls a creature to unbalance it. A creature that you can see that is within 30 feet of you must make a Dexterity saving throw. On a failed save, the creature takes {@damage 3d10} bludgeoning damage, plus an extra {@damage 1d10} bludgeoning damage for each additional ki point you spend, and you can either knock it {@condition prone} or pull it up to 25 feet closer to you. On a successful save, the creature takes half as much damage, and you don't pull it or knock it {@condition prone}."
			]
		},
		{
			"name": "Wave of Rolling Earth",
			"source": "PHB",
			"page": 81,
			"featureType": [
				"ED"
			],
			"prerequisite": [
				{
					"level": {
						"level": 17,
						"class": {
							"name": "Monk"
						},
						"subclass": {
							"name": "Four Elements"
						}
					}
				}
			],
			"additionalSpells": [
				{
					"innate": {
						"_": {
							"resource": {
								"6": [
									"wall of stone"
								]
							}
						}
					},
					"resourceName": "Ki",
					"ability": "wis"
				}
			],
			"entries": [
				"You can spend 6 ki points to cast {@spell wall of stone}."
			]
		},
		{
			"name": "Whispers of the Grave",
			"source": "PHB",
			"page": 111,
			"srd": true,
			"featureType": [
				"EI"
			],
			"prerequisite": [
				{
					"level": {
						"level": 9,
						"class": {
							"name": "Warlock"
						}
					}
				}
			],
			"additionalSpells": [
				{
					"innate": {
						"_": [
							"speak with dead"
						]
					}
				}
			],
			"entries": [
				"You can cast {@spell speak with dead} at will, without expending a spell slot."
			]
		},
		{
			"name": "Witch Sight",
			"source": "PHB",
			"page": 111,
			"srd": true,
			"featureType": [
				"EI"
			],
			"prerequisite": [
				{
					"level": {
						"level": 15,
						"class": {
							"name": "Warlock"
						}
					}
				}
			],
			"entries": [
				"You can see the true form of any shapechanger or creature concealed by illusion or transmutation magic while the creature is within 30 feet of you and within line of sight."
			]
		}
	]
}
