{
	"data": [
		{
			"type": "section",
			"name": "Introduction",
			"entries": [
				{
					"type": "quote",
					"entries": [
						"This is a pretty special installment of the Plane Shift series for me, because I was the creative lead for Ixalan world building. Perhaps betraying my fourteen-year history working on Dungeons & Dragons, Ixalan is a world of exploration and treasure, marked by ancient sites waiting to be explored by intrepid heroes. One of those sites, shown on a card in the Ixalan set, is obviously inspired by a classic D&D adventure, The Hidden Shrine of Tamoachan. This plane lacks only dragons to be a fully realized D&D milieu\u2014there's even a world map! Ultimately, that means that writing Plane Shift: Ixalan was both a ton of fun and relatively easy. The people who populate Ixalan have a lot in common with D&D characters already, and mapping them to existing classes and backgrounds was a pretty straightforward task. Similarly, the creatures of the plane\u2014especially the dinosaurs\u2014had a lot of analogues in the game already. And still, this is the longest installment of Plane Shift yet! That's partly because I had the freedom to really cut loose on ideas and inspiration to help you play a character in this exciting world. You'll find more tables in here than ever before\u2014tables of personality traits and ideals to flesh out your character, of treasures to flavor your hoards, and inspiration to bring your party together. This sort of thing is both really enjoyable and really challenging to write\u2014a lot like the flavor text on Magic cards, actually, because each one is a self-contained nugget, a complete idea in a single sentence. I hope that all this stuff enriches your game. The appendix in this document is an extended musing on the colors of Magic and their relationship to D&D characters and spells. This is the sort of thing that dominates a lot of lunchtime conversations with members of the Magic creative team who are also avid D&D fans, and also the sort of thing I get a lot of questions about on Twitter. As with much of the rest of this document, the focus is more on roleplaying and character building than on rules. It's a first stab, though, toward a more comprehensive understanding of the relationship between the worlds of both games. As always, The Art of Magic: The Gathering\u2014Ixalan is the definitive resource for information about the plane. With this document, you can use that information to build a campaign with a minimum of changes to the fifth edition D&D rules, which you can find here. And even without the book, you can find lore about Ixalan on the Magic web site. There's a lot of open space on that map. I hope you have fun exploring the world of Ixalan!"
					],
					"by": "James Wyatt"
				},
				{
					"type": "image",
					"href": {
						"type": "internal",
						"path": "book/PSX/001.webp"
					},
					"width": 1278,
					"height": 1654
				}
			],
			"id": "000"
		},
		{
			"type": "section",
			"name": "Sun Empire",
			"page": 5,
			"entries": [
				"The Sun Empire is a powerful civilization that dominates the eastern coast of Ixalan. The empire's fierce warriors are supported by priests who wield the power of the sun and command the mighty dinosaurs that inhabit the continent. A new ruler has brought the empire into an era of expansion, seeking to reclaim the lands in the continent's interior that it once held. At the same time, a foreign incursion into those same lands sparks a search for the artifact known as the Immortal Sun, which the people of the empire view as a potent symbol of their identity.",
				{
					"type": "list",
					"style": "list-hang-notitle",
					"items": [
						{
							"type": "item",
							"name": "Races:",
							"entries": [
								"{@race Human}"
							]
						},
						{
							"type": "item",
							"name": "Suggested Backgrounds:",
							"entries": [
								"{@background Acolyte}, {@background entertainer}, {@background folk hero}, {@background guild artisan}, {@background hermit}, {@background noble}, {@background sage}, {@background soldier}, {@background urchin}"
							]
						}
					]
				},
				{
					"type": "entries",
					"entries": [
						{
							"type": "entries",
							"name": "Suggested Classes",
							"page": 5,
							"entries": [
								"Consider the following class options for your Sun Empire character.",
								{
									"type": "entries",
									"name": "{@class Barbarian}",
									"page": 5,
									"entries": [
										"Certain warriors devoted to Tilonalli (the destructive aspect of the Threefold Sun\u2014the deity worshiped by the folk of the empire) enter a berserk rage in combat. The Path of the Berserker is appropriate for these characters, or the Path of the Totem Warrior (replacing bear, eagle, and wolf totem spirits with ceratops, aerosaur, and raptor spirits, respectively)."
									],
									"id": "004"
								},
								{
									"type": "entries",
									"name": "{@class Bard}",
									"page": 5,
									"entries": [
										"Poetry is a respected art among the warriors of the Sun Empire, so bards of the College of Valor might be found within their ranks."
									],
									"id": "005"
								},
								{
									"type": "entries",
									"name": "{@class Cleric}",
									"page": 5,
									"entries": [
										"Sun Empire clerics are typically devoted to one particular aspect of the Threefold Sun. Kinjalli, the Wakening Sun, represents the deity's creative aspects and grants access to the Life and Light domains. Ixalli, the Verdant Sun, represents its sustaining and nourishing aspects, granting access to the Life and {@skill Nature} domains. Tilonalli, the Burning Sun, represents its destructive aspects and grants access to the Tempest and War domains."
									],
									"id": "006"
								},
								{
									"type": "entries",
									"name": "{@class Druid}",
									"page": 5,
									"entries": [
										"Certain shamans of the Sun Empire are closely attuned to the forces of nature, and use wild shape to take on dinosaur forms. These druids typically follow the Circle of the Moon."
									],
									"id": "007"
								},
								{
									"type": "entries",
									"name": "{@class Fighter}",
									"page": 5,
									"entries": [
										"Highly trained soldiers and warriors are the backbone of the Sun Empire. They are typically Battle Masters or Champions."
									],
									"id": "008"
								},
								{
									"type": "entries",
									"name": "{@class Paladin}",
									"page": 5,
									"entries": [
										"Knights of the Sun Empire are drawn to the Oath of the Ancients and (increasingly, as vampires and pirates mount incursions into their lands) the Oath of Vengeance. These paladins often use the {@spell find steed} spell to acquire dinosaur mounts (typically a hadrosaurus, described in Volo's Guide to Monsters)."
									],
									"id": "009"
								},
								{
									"type": "entries",
									"name": "{@class Ranger}",
									"page": 5,
									"entries": [
										"Scouts of the Sun Empire are often rangers, including both Beast Masters and Hunters. The pteranodon, dimetrodon, and velociraptor are all appropriate ranger's companions."
									],
									"id": "00a"
								}
							],
							"id": "003"
						}
					],
					"id": "002"
				},
				{
					"type": "inset",
					"name": "Four Peoples, One Party",
					"page": 5,
					"entries": [
						"The trickiest thing about playing D&D in a highly factionalized setting like Ixalan is bringing player characters together who belong to different groups and would have no obvious reason to want to cooperate\u2014let alone trust each other with their lives. One possibility, of course, is for all the characters to belong to the same faction. An all-vampire party bent on conquest or an all-pirate party set to explore the Stormwreck Sea can find plenty of adventure in Ixalan. But if one player is intent on playing a merfolk and one is determined to be an orc, some extra effort is required to bring them together.",
						"The most straightforward approach is to put the characters into a situation where they need to work together to survive or to achieve some goal they all share. Necessity makes strange bedfellows, as the saying goes, and characters who find themselves in a bad situation have a strong incentive to put aside their differences and work together, at least until they get out of that situation. They might all be trapped in the same place, or each character could have something that the whole group needs.",
						"You can roll on the following table to generate ideas for bringing characters together at the start of the campaign. Ideally, by the time they have overcome whatever circumstance has thrown them together, they will have learned to trust each other and perhaps even become friends.",
						{
							"type": "table",
							"colLabels": [
								"1d10",
								"Reason for Cooperating"
							],
							"colStyles": [
								"col-2 text-center",
								"col-10"
							],
							"rows": [
								[
									"1",
									"The characters begin the campaign captured, whether as prisoners of the Legion of Dusk, captives in a pirate ship's brig, or trapped in jungle snares."
								],
								[
									"2",
									"The characters are fighting each other when a dinosaur attacks."
								],
								[
									"3",
									"The characters are trapped together by a cave-in, a sinkhole opening, or some similar disaster."
								],
								[
									"4",
									"Each character has one piece of a treasure map, or one key of several required to open a treasure vault."
								],
								[
									"5",
									"A strange dream leads each of the characters to the same destination."
								],
								[
									"6",
									"The characters are all hopelessly lost in the jungle."
								],
								[
									"7",
									"Leaders of the characters' factions have ordered them to cooperate on a secret mission."
								],
								[
									"8",
									"A pirate captain or other villain is a common enemy to all the characters."
								],
								[
									"9",
									"A magical or natural phenomenon threatens all folk of Ixalan."
								],
								[
									"10",
									"The characters are all trying to avert the catastrophe of a fullscale war among their peoples."
								]
							]
						}
					],
					"id": "00b"
				},
				{
					"type": "table",
					"caption": "Suggested Ideals",
					"colLabels": [
						"d6",
						"Ideal"
					],
					"colStyles": [
						"col-1 text-center",
						"col-11"
					],
					"rows": [
						[
							"1",
							"{@b Nation.} The invaders must be driven out and the ancient capital of Orazca reclaimed."
						],
						[
							"2",
							"{@b Glory.} I wish to earn great glory in battle\u2014ideally, by making my foes surrender."
						],
						[
							"3",
							"{@b Poetry.} Beauty is to be found in all things, from creation to destruction, and it should all be recorded in words."
						],
						[
							"4",
							"{@b Zeal.} I am devoted to the Threefold Sun and the commands of the priests."
						],
						[
							"5",
							"{@b History.} I seek to understand the empire's history so I can better chart a course for its future."
						],
						[
							"6",
							"{@b Peace.} I would like to believe that peace can be forged among the peoples of this land."
						]
					]
				},
				{
					"type": "table",
					"caption": "Suggested Bonds",
					"colLabels": [
						"d6",
						"Bond"
					],
					"colStyles": [
						"col-1 text-center",
						"col-11"
					],
					"rows": [
						[
							"1",
							"I left behind a family (living or dead) when I set out on my journey of exploration."
						],
						[
							"2",
							"I have ties to the imperial line."
						],
						[
							"3",
							"I come from a noble family, and have kin who live as hostages in the imperial capital."
						],
						[
							"4",
							"I have fallen in love with a member of a pirate crew."
						],
						[
							"5",
							"I discovered an ancient ruin in the jungle, but I keep it a secret."
						],
						[
							"6",
							"I will one day find the Immortal Sun and restore the empire's ancient glory"
						]
					]
				},
				{
					"type": "inset",
					"name": "Languages",
					"entries": [
						"Generally, in a D&D campaign, it's a good idea to ensure that all the player characters can understand each other. That's why the game maintains the convenient fiction of a Common tongue. But Ixalan is about the clash of four cultures, so you might want to emphasize the differences among those cultures by making the folk of each speak entirely different languages.",
						"If you go this route, Merfolk is the language of the River Heralds and Vampire is the language of the Legion of Dusk. The humans of the Sun Empire speak their own language, Itzocan, and the humans of the Brazen Coalition speak a different language\u2014a pidgin of Orc, Siren, and a native human language that is similar to Vampire (about as closely related as Italian is to Spanish). Orcs, sirens, and goblins also speak this Brazen Coalition pidgin.",
						"You might still wish to admit the existence of a sort of Common\u2014a trade pidgin used in circumstances where members of different peoples do interact with each other. But such a language is almost impossible to use for discussions of matters of any depth."
					],
					"id": "00c"
				},
				{
					"type": "image",
					"href": {
						"type": "internal",
						"path": "book/PSX/002.webp"
					},
					"width": 1278,
					"height": 830
				},
				{
					"type": "section",
					"name": "River Heralds",
					"page": 7,
					"entries": [
						"The River Heralds are a collection of small, nomadic bands of merfolk who were the dominant inhabitants of Ixalan before the rise of the Sun Empire. They live in harmony with the land, and their shamans wield powerful nature magic to control the elements of wind and water. They believe that the power of the Immortal Sun is too dangerous for anyone to wield\u2014including themselves. And so they seek to protect the golden city of Orazca and steer all intruders away from it.",
						{
							"type": "list",
							"style": "list-hang-notitle",
							"items": [
								{
									"type": "item",
									"name": "Races:",
									"entries": [
										"{@race Merfolk (Ixalan)|PSX}"
									]
								},
								{
									"type": "item",
									"name": "Suggested Backgrounds:",
									"entries": [
										"{@background Acolyte}, {@background folk hero}, {@background hermit}, {@background outlander}, {@background sage}"
									]
								}
							]
						},
						{
							"type": "entries",
							"entries": [
								{
									"type": "entries",
									"name": "Suggested Classes",
									"page": 7,
									"entries": [
										"Consider the following class options for your River Herald character.",
										{
											"type": "entries",
											"name": "{@class Druid}",
											"page": 7,
											"entries": [
												"Many River Herald shamans are druids of the Circle of the Land."
											],
											"id": "010"
										},
										{
											"type": "entries",
											"name": "{@class Fighter}",
											"page": 7,
											"entries": [
												"The warriors among the River Heralds include cunning strategists (often Battle Masters), bold Champions, and Eldritch Knights who fuse arcane magic with their use of weapons."
											],
											"id": "011"
										},
										{
											"type": "entries",
											"name": "{@class Ranger}",
											"page": 7,
											"entries": [
												"Other River Herald warriors wield the druidic magic of the forest in the defense of their lands. Wizard. The magic of wind, mist, illusion, and misdirection is the province of River Herald wizards."
											],
											"id": "012"
										},
										{
											"type": "entries",
											"name": "{@class Wizard}",
											"page": 7,
											"entries": [
												"The magic of wind, mist, illusion, and misdirection is the province of River Herald wizards."
											],
											"id": "013"
										}
									],
									"id": "00f"
								}
							],
							"id": "00e"
						},
						{
							"type": "table",
							"caption": "Suggested Ideals",
							"colLabels": [
								"{@dice 1d6}",
								"Ideal"
							],
							"colStyles": [
								"col-2 text-center",
								"col-10"
							],
							"rows": [
								[
									"1",
									"{@b Harmony.}. The peoples of this world should strive for the same harmony that exists between air and water."
								],
								[
									"2",
									"{@b Nature.} In the midst of war, it is often the forest that suffers most\u2014unless we protect it."
								],
								[
									"3",
									"{@b Knowledge.} True understanding of one's self and the world is the highest good."
								],
								[
									"4",
									"{@b Reverence.} The wisdom of the shamans and elders is our best guide in the world."
								],
								[
									"5",
									"{@b Cleverness.} The best way to defeat your opponents is to outsmart them."
								],
								[
									"6",
									"{@b Defense.} The golden city must remain hidden, and its power kept from those who would abuse it."
								]
							]
						},
						{
							"type": "table",
							"caption": "Suggested Bonds",
							"colLabels": [
								"{@dice 1d6}",
								"Bond"
							],
							"colStyles": [
								"col-2 text-center",
								"col-10"
							],
							"rows": [
								[
									"1",
									"I have carried on secret trade with a Sun Empire merchant for years now."
								],
								[
									"2",
									"I am related to the shaman of my band."
								],
								[
									"3",
									"I am fascinated by the culture and beliefs of the strangers in our land."
								],
								[
									"4",
									"A small tributary to the Great River is in my care, and I will do anything to defend it."
								],
								[
									"5",
									"I aspire to become the leader of my band\u2014either as a shaman, or by supplanting the shaman as a war leader."
								],
								[
									"6",
									"I will one day find the Immortal Sun and use its power to drive the invaders from our land."
								]
							]
						}
					],
					"id": "00d"
				},
				{
					"type": "image",
					"href": {
						"type": "internal",
						"path": "book/PSX/003.webp"
					},
					"width": 1275,
					"height": 750
				},
				{
					"type": "section",
					"name": "Legion of Dusk",
					"page": 8,
					"entries": [
						"The society of the Legion of Dusk is built around the rites and devotion of a powerful church, led by undead paladins who sustain themselves on the blood of their enemies. After seven hundred years of war that saw them march across the entirety of their home continent, the vampires of the Legion have come to add Ixalan to their territory. Certain leaders among them also seek the Immortal Sun, which is dimly remembered in their own legends as a source of true immortality\u2014eternal life, in contrast to the endless undeath they now endure.",
						{
							"type": "list",
							"style": "list-hang-notitle",
							"items": [
								{
									"type": "item",
									"name": "Races:",
									"entries": [
										"{@race Vampire (Ixalan)|PSX}, {@race Human (Ixalan)|PSX}"
									]
								},
								{
									"type": "item",
									"name": "Suggested Backgrounds:",
									"entries": [
										"{@background Acolyte}, {@background noble}, {@background sage}, {@background soldier}, {@background urchin} (human only)"
									]
								}
							]
						},
						{
							"type": "entries",
							"entries": [
								{
									"type": "entries",
									"name": "Suggested Classes",
									"page": 8,
									"entries": [
										"Consider the following class options for your Legion of Dusk character.",
										{
											"type": "entries",
											"name": "{@class Cleric}",
											"page": 8,
											"entries": [
												"Clerics of the Church of Dusk typically choose the Death, Life, or War domains."
											],
											"id": "017"
										},
										{
											"type": "entries",
											"name": "{@class Fighter}",
											"page": 8,
											"entries": [
												"The bulk of the Legion of Dusk is made up of soldiers and knights, who might be Battle Masters or Champions."
											],
											"id": "018"
										},
										{
											"type": "entries",
											"name": "{@class Monk}",
											"page": 8,
											"entries": [
												"Certain vampire clerics live under strict rules of fasting, prayer, and martial discipline, and might be considered monks of the Way of the Open Hand or the Way of Shadow. The latter often act as agents for Queen Miralda, who rules the Legion of Dusk with an iron hand."
											],
											"id": "019"
										},
										{
											"type": "entries",
											"name": "{@class Paladin}",
											"page": 8,
											"entries": [
												"Vampire paladins of the Legion of Dusk typically swear the Oath of Devotion, though the tenets they follow are appropriate to their particular faith. (If you are using Xanathar's Guide to Everything, the Oath of Conquest is even more appropriate.)",
												{
													"type": "table",
													"caption": "Suggested Ideals",
													"colLabels": [
														"d6",
														"Ideal"
													],
													"colStyles": [
														"col-1 text-center",
														"col-11"
													],
													"rows": [
														[
															"1",
															"{@b Conquest.} The destiny of my people is to rule the world."
														],
														[
															"2",
															"{@b Order.} The purpose of our conquest is to establish law and order in the lands we rule."
														],
														[
															"3",
															"{@b Devotion.} Following the tenets of the church is the only way to earn eternal life in the coming age of ever-flowing blood."
														],
														[
															"4",
															"{@b Slaughter.} I love the feeling of warm blood running down my chin."
														],
														[
															"5",
															"{@b Glory.} Those who prove their worth in battle will win eternal life."
														],
														[
															"6",
															"Strength. In life as in war, the stronger force wins."
														]
													]
												},
												{
													"type": "table",
													"caption": "Suggested Bonds",
													"colLabels": [
														"d6",
														"Bond"
													],
													"colStyles": [
														"col-1 text-center",
														"col-11"
													],
													"rows": [
														[
															"1",
															"My family has been feuding with another noble family for seven hundred years."
														],
														[
															"2",
															"I became friends with a merfolk shaman I captured."
														],
														[
															"3",
															"I am a knight of the Bloodstained order, and have forsaken all other bonds since the day I slaughtered my own family."
														],
														[
															"4",
															"I carry a relic of one of the vampire saints known as the Venerables, counting it as my dearest possession."
														],
														[
															"5",
															"I would do anything for the soldiers in my company."
														],
														[
															"6",
															"I will one day find the Immortal Sun and use its power to supplant the queen."
														]
													]
												},
												{
													"type": "inset",
													"name": "Tenets of Blood",
													"page": 8,
													"entries": [
														"The vampires of the Legion of Dusk can hardly be considered good, but they do favor law and a sense of honor. The tenets of the vampire paladins' oath reflect that view.",
														{
															"type": "entries",
															"name": "Honesty",
															"page": 8,
															"entries": [
																"Don't demean yourself with lying and cheating. Don't make promises you can't keep."
															],
															"id": "01c"
														},
														{
															"type": "entries",
															"name": "Courage",
															"page": 8,
															"entries": [
																"Never let a foe see your fear."
															],
															"id": "01d"
														},
														{
															"type": "entries",
															"name": "Honor",
															"page": 8,
															"entries": [
																"Treat your peers with fairness and your lessers with exactly what they deserve. Those who recognize your position deserve at least a modicum of respect."
															],
															"id": "01e"
														},
														{
															"type": "entries",
															"name": "Duty",
															"page": 8,
															"entries": [
																"Your actions should serve the aims of the queen and the church, and not bring dishonor to either. Take responsibility for your actions and their consequences, and obey your superiors."
															],
															"id": "01f"
														}
													],
													"id": "01b"
												}
											],
											"id": "01a"
										}
									],
									"id": "016"
								}
							],
							"id": "015"
						}
					],
					"id": "014"
				},
				{
					"type": "image",
					"href": {
						"type": "internal",
						"path": "book/PSX/004.webp"
					},
					"width": 1275,
					"height": 523
				},
				{
					"type": "section",
					"name": "Brazen Coalition",
					"page": 9,
					"entries": [
						"The Brazen Coalition was formed by sailors who fled across the sea, escaping the final advance of the Legion of Dusk against the Free Cities of Torrezon. These mariners originally sought to establish colonies on Ixalan and trade with the cities of the Sun Empire. But when the Sun Empire drove them off, they turned instead to piracy and plunder. The Brazen Coalition has since become a loosely affiliated group of pirate captains who seek to rule the seas and claim the riches of Ixalan\u2014especially the Immortal Sun.",
						{
							"type": "list",
							"style": "list-hang-notitle",
							"items": [
								{
									"type": "item",
									"name": "Races:",
									"entries": [
										"{@race Goblin (Ixalan)|PSX}, {@race Human (Ixalan)|PSX}, {@race Orc (Ixalan)|PSX}, {@race Siren|PSX}"
									]
								},
								{
									"type": "item",
									"name": "Suggested Backgrounds:",
									"entries": [
										"{@background Charlatan}, {@background criminal}, {@background entertainer}, {@background folk hero}, {@background sage}, {@background sailor}"
									]
								}
							]
						},
						{
							"type": "entries",
							"entries": [
								{
									"type": "entries",
									"name": "Suggested Classes",
									"page": 9,
									"entries": [
										"Consider the following class options for your Brazen Coalition character.",
										{
											"type": "entries",
											"name": "{@class Bard}",
											"page": 9,
											"entries": [
												"Sirens are frequently bards, and other pirates (especially in Captain Parrish's Deadeye fleet) collect knowledge as members of the College of Lore."
											],
											"id": "023"
										},
										{
											"type": "entries",
											"name": "{@class Fighter}",
											"page": 9,
											"entries": [
												"A great many pirates are fighters, including not just Champions and Battlemasters, but also Eldritch Knights who combine martial skill with the magical talents common in the Coalition."
											],
											"id": "024"
										},
										{
											"type": "entries",
											"name": "{@class Rogue}",
											"page": 9,
											"entries": [
												"Scoundrels, swashbucklers, thieves, and killers make up the majority of the Brazen Coalition."
											],
											"id": "025"
										},
										{
											"type": "entries",
											"name": "{@class Warlock}",
											"page": 9,
											"entries": [
												"Of all the peoples of Ixalan, the pirates of the Dire Fleet are most likely to traffic with demons. Many of its sailors become warlocks as a result of striking bargains with the Fiend."
											],
											"id": "026"
										},
										{
											"type": "entries",
											"name": "{@class Wizard}",
											"page": 9,
											"entries": [
												"Orc wizards use fire and necromantic magic, sirens are fond of enchantments, and humans employ a variety of magical talents, including the invention of magic items.",
												{
													"type": "table",
													"caption": "Suggested Ideals",
													"colLabels": [
														"d6",
														"Ideal"
													],
													"colStyles": [
														"col-1 text-center",
														"col-11"
													],
													"rows": [
														[
															"1",
															"{@b Wealth.} Money can buy anything."
														],
														[
															"2",
															"{@b Freedom.} The sea is the freedom to go anywhere and do anything."
														],
														[
															"3",
															"{@b Knowledge.} I'm as greedy for secrets and lore as others are for treasure."
														],
														[
															"4",
															"{@b Pillage.} It's not the having, it's the taking that shows who's strongest."
														],
														[
															"5",
															"{@b Crew.} I'm committed to my crewmates, not to ideals."
														],
														[
															"6",
															"{@b Coalition.} I believe we're not just stronger but also better when we join forces in unity."
														]
													]
												},
												{
													"type": "table",
													"caption": "Suggested Bonds",
													"colLabels": [
														"d6",
														"Bond"
													],
													"colStyles": [
														"col-1 text-center",
														"col-11"
													],
													"rows": [
														[
															"1",
															"My captain is dearer to me than any other person or possession."
														],
														[
															"2",
															"My greatest dream is to return across the sea to the land my ancestors left."
														],
														[
															"3",
															"I abandoned a child to be fostered in a city somewhere."
														],
														[
															"4",
															"I was shipwrecked on an island with a vampire, and we became good friends."
														],
														[
															"5",
															"I buried a great treasure somewhere. . . and lost the map."
														],
														[
															"6",
															"I have one piece of a treasure map, and no idea where the other pieces are."
														]
													]
												}
											],
											"id": "027"
										}
									],
									"id": "022"
								}
							],
							"id": "021"
						}
					],
					"id": "020"
				},
				{
					"type": "image",
					"href": {
						"type": "internal",
						"path": "book/PSX/005.webp"
					},
					"width": 1276,
					"height": 693
				}
			],
			"id": "001"
		},
		{
			"type": "section",
			"name": "Races of Ixalan",
			"entries": [
				{
					"type": "list",
					"columns": 3,
					"items": [
						"{@race Human (Ixalan)|PSX}",
						"{@race Merfolk (Ixalan)|PSX}",
						"{@race Vampire (Ixalan)|PSX}",
						"{@race Orc (Ixalan)|PSX}",
						"{@race Goblin (Ixalan)|PSX}",
						"{@race Siren|PSX}"
					]
				}
			],
			"id": "028"
		},
		{
			"type": "section",
			"name": "Land of the Great River",
			"page": 20,
			"entries": [
				"The center of the world is the great continent known as Ixalan, which has given its name to the plane as a whole. A tropical land covered in lush rain forest, soaring mountains, lofty plains, and winding rivers, Ixalan is shaped like a large crescent enfolding a vast inner sea. Its history has been shaped by the interaction between the Sun Empire and the River Heralds. Both peoples lived in balance while the Sun Empire maintained its stewardship of the Immortal Sun. But that balance was upset when the emperor abused the artifact's power. Now the Sun Empire has been pushed to the coastal lands of Ixalan, while the River Heralds dominate the interior.",
				{
					"type": "image",
					"href": {
						"type": "internal",
						"path": "book/PSX/012.webp"
					},
					"width": 1613,
					"height": 1075
				},
				{
					"type": "section",
					"name": "Ancient Sites",
					"page": 22,
					"entries": [
						"The Sun Empire was once larger than it presently is, and remnants of its past glory still lie scattered throughout the jungles of the Great River. Some of these remnants are no more than heaps of rubble overgrown by hardy plant life, potentially interesting for the sake of inscriptions that might remain on worn stone surfaces, but otherwise remarkable only as landmarks for those traveling through the uncharted wilderness. However, several whole cities also lie in ruins scattered throughout the jungle.",
						"Quetzatl was once the home of a self-proclaimed king who challenged the authority of the emperor. Its ruins betray the violence used to tear its buildings down stone by stone, and legend holds that spirits of the dead, including the Pretender King, still haunt those ruins.",
						"The city of Pecatli was known for its grand temple, which boasted three great spires for the three aspects of the sun. The spires have long been toppled, but the diamonds, emeralds, and rubies said to have crowned them have never been found.",
						"Techepec was a retreat for the emperor and the imperial family, a place where they could escape the trials of life at court for a time. In fact, Emperor Huatzan II used Techepec as a sort of capital-in-exile during a brief period of insurrection, when another pretender sat on the throne in Orazca.",
						"Azcanta, now called the Sunken Ruin, was a thriving population center until a prolonged conflict with the River Heralds caused it to sink into the waters of the Inner Sea. Its buildings are still largely intact far beneath the waves, and some pirates now seek the city's treasures.",
						"A few lone shrines and temples dot the jungle as well, the last remnants of cities whose wooden buildings have long since rotted away. These include Tonalixco, the temple of the eastern sun, which marked the western edge of the empire in the fortress-city of Tanaztac. Icalaquiampa, the temple of sunset, was the focus of a religious sect that tried to replace the emperor with a high priest and establish theocratic rule.",
						"Aclazotz was a temple dedicated to a bat god of the night, opposed to the Threefold Sun and the empire devoted to the sun. The temple makes an appearance in \"X Marks the Spot,\" a special D&D Ixalan adventure created for Extra Life 2017, but there's much more to this legendary site. Aclazotz was partially inspired by the classic D&D adventure The Hidden Shrine of Tamoachan, which appears in updated form in Tales from the Yawning Portal. If you want to more fully explore the ruins, you might use that adventure as a starting point. Perhaps this is where Elenda, the knight who brought the rites of vampirism to the Legion of Dusk, underwent her own transformation.",
						"Of course, the grandest ruin of the ancient Sun Empire is Orazca, the glorious golden city where the Immortal Sun still lies hidden. It was the empire's capital for many centuries, and tribute from across the breadth of Ixalan was brought to adorn its palaces and temples. Gold covers nearly every building in the city, and jade inlays reflect the influence of the ancient merfolk who shared Orazca with the humans of the empire. But the world has since closed up over the golden city, hiding its secrets and its treasures from all who seek it. Three golden spires are now the only visible signs of Orazca where they rise above the forest floor."
					],
					"id": "02a"
				},
				{
					"type": "image",
					"href": {
						"type": "internal",
						"path": "book/PSX/013.webp"
					},
					"width": 1276,
					"height": 923
				},
				{
					"type": "section",
					"name": "Treasure",
					"page": 24,
					"entries": [
						"Treasure is an important part of adventuring in any Dungeons & Dragons campaign, and that is perhaps more true on Ixalan than on most planes in Magic's Multiverse. You can use cards (including Treasure tokens) as inspiration for the kinds of treasures that adventurers might find. When a treasure hoard includes art objects, you can use these tables to provide a distinctive flavor to Ixalan's treasures. (If you look closely, you'll see many of these objects in the art on Treasure token cards, reproduced on these pages.)",
						{
							"type": "list",
							"columns": 3,
							"items": [
								"{@table 25 gp Art Objects|PSX}",
								"{@table 250 gp Art Objects|PSX}",
								"{@table 750 gp Art Objects|PSX}",
								"{@table 2,500 gp Art Objects|PSX}",
								"{@table 7,500 gp Art Objects|PSX}"
							]
						},
						{
							"type": "image",
							"href": {
								"type": "internal",
								"path": "book/PSX/015.webp"
							},
							"width": 630,
							"height": 698
						},
						"When adventurers discover magic items as treasure, you can use {@table Who Created It or Was Intended to Use It?|PSX|this table} in place of the one in chapter 7 of the Dungeon Master's Guide to determine the character of any particular magic item."
					],
					"id": "02b"
				}
			],
			"id": "029"
		},
		{
			"type": "section",
			"name": "An Ixalan Bestiary",
			"entries": [
				{
					"type": "list",
					"columns": 2,
					"items": [
						"{@creature Chupacabra|PSX}",
						"{@creature Elder Dinosaur|PSX}",
						"{@creature Elder Dinosaur (Etali, Primal Storm)|PSX}",
						"{@creature Elder Dinosaur (Ghalta, Primal Hunger)|PSX}",
						"{@creature Elder Dinosaur (Nezahal, Primal Tide)|PSX}",
						"{@creature Elder Dinosaur (Tetzimoc, Primal Death)|PSX}",
						"{@creature Elder Dinosaur (Zacama, Primal Calamity)|PSX}",
						"{@creature Elder Dinosaur (Zetalpa, Primal Dawn)|PSX}",
						"{@creature Frilled Deathspitter|PSX}",
						"{@creature Gishath, Sun's Avatar|PSX}",
						"{@creature Harpy|PSX}",
						"{@creature Sunbird|PSX}"
					]
				},
				{
					"type": "image",
					"href": {
						"type": "internal",
						"path": "book/PSX/016.webp"
					},
					"width": 628,
					"height": 609
				},
				{
					"type": "section",
					"name": "Appendix: The Colors of Magic",
					"page": 41,
					"entries": [
						"All the planes of Magic's Multiverse are suffused with mana\u2014the energy that fuels magic in all its forms. Mana is intricately linked with the physical world, and different types of terrain produce different \"colors\" of mana. Most mages specialize in the use of one or perhaps two colors of mana, and in the particular types of magical effects that mana can create.",
						"Color is a fundamental organizing principle of the Multiverse, closely linked with everything from physical geography to human personality. The following are just some of the correlations between color and other aspects of existence:",
						{
							"type": "list",
							"items": [
								{
									"type": "item",
									"name": "Lands:",
									"entry": "Different types of terrain generate mana of different colors. For example, mountains produce red mana,while plains produce white mana."
								},
								{
									"type": "item",
									"name": "Philosophical Principles:",
									"entry": "Each color is associated with a set of ideals, values, and principles. White is connected with protection and order, and green with life and nature."
								},
								{
									"type": "item",
									"name": "Magical Effects:",
									"entry": "Different colors of mana are used to power different kinds of spells. Spells of fire, lightning, and speed draw on red mana, while spells of water, ice, and the mind use blue mana."
								},
								{
									"type": "item",
									"name": "Races and Creatures:",
									"entry": "Humans are exceptional, in that they don't have a particular aptitude or affinity for one color of mana. For other races, and even for nonsentient creatures, the connection is much stronger. Elves, for example, are typically green aligned. They use nature magic, and they value things like balance, stability, and interdependence. Hydras are also green aligned, though they don't use magic and they don't have values\u2014even as they can be seen to embody those values. So if you wanted to summon a hydra, you'd use a green spell to do it."
								},
								{
									"type": "item",
									"name": "Metaphysical Essence:",
									"entry": "Sometimes magic or even powerful emotions can change the basic nature of people or creatures in a way that alters their color alignment. A vile curse might change someone from green aligned to black aligned (or both green and black aligned). A terrible loss that spurs someone to vengeance might add red to the person's color alignment\u2014temporarily or even permanently."
								},
								{
									"type": "item",
									"name": "Personality Traits:",
									"entry": "Different colors of mana are associated with different qualities of personality. It might be that a person who is emotionally driven, creative, and energetic is naturally drawn to the use of red mana; or perhaps using red mana brings out those qualities in a person. Most likely, the effect runs both ways."
								}
							]
						},
						"A character's or creature's \"color alignment\" is a sort of shorthand that sketches out its personality, alignment, and power suite\u2014the kinds of effects that it creates with its magic or through its behavior. This section goes over the traits of each of the five colors, and offers suggestions for ways they might influence a D&D character.",
						{
							"type": "entries",
							"entries": [
								{
									"type": "entries",
									"entries": [
										{
											"type": "entries",
											"name": "Multiple Colors",
											"page": 41,
											"entries": [
												"Many mages, especially Planeswalkers, routinely draw on two or more colors of mana. In some worlds, color pairs or triads have such a strong identity that they are manifested in the world. The guilds of Ravnica, for example, are each aligned to a specific pair of mana colors, and each of the clans of Tarkir used three colors. And some lands produce mana of more than one color, so that a highland lake might produce both red and blue mana. Mana pairs similarly suggest certain principles, create certain magical effects, and favor certain personality traits.",
												"Based on the color wheel, it's possible to speak of two colors of mana as either \"allied\" (adjacent to each other on the wheel) or \"enemy\" (separated by another color). White's allied colors are green and blue; its enemy colors are red and black. That doesn't mean that creatures associated with allied colors are necessarily on the same side of any conflict, or that creatures associated with enemy colors are actually enemies. But if conflict does arise\u2014for example, in a party of adventurers\u2014it's more likely to arise between a whitealigned and a red-aligned character than between a white-aligned and a blue-aligned one. That's the natural result of the different personalities and principles associated with each color. A white character might put a lot of stress on the value of law and order, and of working together toward a common goal. A red-aligned character values freedom and individuality."
											],
											"id": "030"
										},
										{
											"type": "image",
											"href": {
												"type": "internal",
												"path": "book/PSX/016a.webp"
											},
											"width": 742,
											"height": 742
										},
										{
											"type": "entries",
											"name": "Characters and Colors",
											"page": 41,
											"entries": [
												"In the language of the D&D game, the colors of mana are a means of categorizing the types of magic that suffuse all existence. When a spellcaster draws upon or manipulates the Weave (see chapter 10 in the Player's Handbook), part of that process involves tugging on a strand that connects to a land that produces mana of the desired color. Whether consciously or unconsciously, a druid casting barkskin tugs on a strand of the Weave connected to a forest in the world, drawing out the green mana needed to cast the spell.",
												"There's no rules weight to this material; it's simply about roleplaying your character. If you're playing a cleric, you might find it helpful to imagine your character drawing on white mana, and you'll find that a lot of your spells could indeed be white spells in Magic. You might also find inspiration in the personality traits and ideals described in the white mana entry. But there's no rule preventing your character from using spells like divination (a blue spell), stone shape (a red spell), create undead (a black spell), or insect plague (a green spell). On the other hand, you might find that thinking about your cleric as a white-aligned caster shapes your choice of spells as well as your personality."
											],
											"id": "031"
										}
									],
									"id": "02f"
								},
								{
									"type": "entries",
									"name": "White",
									"page": 43,
									"entries": [
										{
											"type": "image",
											"href": {
												"type": "internal",
												"path": "book/PSX/017.webp"
											},
											"width": 1275,
											"height": 764
										},
										"Order. Protection. Community. White draws strength from groups working together, standing firm against the chaos that would divide them. The whole is greater than the sum of its parts, and safety is found in numbers. You can read a lot more about white {@link in this article|https://magic.wizards.com/en/articles/archive/making-magic/great-white-way-revisited-2015-07-13} by Mark Rosewater, Magic's head designer.",
										{
											"type": "list",
											"style": "list-hang-notitle",
											"items": [
												{
													"type": "item",
													"name": "Alignment:",
													"entry": "Lawful (any) or good (any)"
												},
												{
													"type": "item",
													"name": "Power Suite:",
													"entry": "Healing, protecting, binding, bolstering"
												},
												{
													"type": "item",
													"name": "Suggested Races:",
													"entry": "{@race Human}, {@race kor|PSZ}, {@race dwarf}, {@race aven|PSA}, {@race vampire (Ixalan)|PSX}"
												},
												{
													"type": "item",
													"name": "Suggested Classes:",
													"entry": "{@class Cleric}, {@class paladin}, {@class fighter}"
												},
												{
													"type": "item",
													"name": "Suggested Backgrounds:",
													"entry": "{@background Acolyte}, {@background folk hero}, {@background noble}, {@background soldier}"
												}
											]
										},
										{
											"type": "entries",
											"page": 43,
											"entries": [
												{
													"type": "table",
													"caption": "White Personality Traits",
													"colLabels": [
														"d8",
														"Personality Trait"
													],
													"colStyles": [
														"col-1 text-center",
														"col-11"
													],
													"rows": [
														[
															"1",
															"I can find common ground with even the fiercest enemies, empathizing with them and always working toward peace."
														],
														[
															"2",
															"I would rather make a new friend than a new enemy."
														],
														[
															"3",
															"If someone is in trouble, I'm always ready to lend aid."
														],
														[
															"4",
															"I get overly upset when people break even minor rules."
														],
														[
															"5",
															"I am honest to the point of being blunt or rude."
														],
														[
															"6",
															"I go into every situation with at least one backup plan, but I can get lost when my plans go awry."
														],
														[
															"7",
															"I have no patience for selfish or greedy people."
														],
														[
															"8",
															"I like my environment to be well ordered and clean."
														]
													]
												},
												{
													"type": "table",
													"caption": "White Ideals",
													"colLabels": [
														"d6",
														"Ideal"
													],
													"colStyles": [
														"col-1 text-center",
														"col-11"
													],
													"rows": [
														[
															"1",
															"{@b Harmony.} I long for a world in which everyone gets along."
														],
														[
															"2",
															"{@b Community.} It is the duty of all civilized people to strengthen the bonds of community and the security of civilization."
														],
														[
															"3",
															"{@b Peace.} It is each person's responsibility to make the most happiness for the whole community."
														],
														[
															"4",
															"{@b Solidarity.} Working together, we are stronger than any of us alone."
														],
														[
															"5",
															"{@b Law and Order.} We all must obey those in authority and follow laws, or society will devolve into chaos."
														],
														[
															"6",
															"{@b Honor.} If I dishonor myself, I undermine the foundation of my community."
														]
													]
												}
											],
											"id": "033"
										},
										{
											"type": "entries",
											"name": "Color Combinations",
											"page": 43,
											"entries": [
												"Adding blue to white steers it toward lawful neutral, creating archetypes such as the devout monk or the honorable paladin.",
												"Adding black to white steers it toward lawful evil, exemplified by oppressive clerics and fallen paladins.",
												"Adding red to white makes it zealously lawful good, as in the case of a fervent paladin.",
												"Adding green to white steers it toward neutral good and gentler notions of community, embodied in characters such as healing druids, bards, or kindly rangers."
											],
											"id": "034"
										}
									],
									"id": "032"
								},
								{
									"type": "entries",
									"name": "Blue",
									"page": 44,
									"entries": [
										{
											"type": "image",
											"href": {
												"type": "internal",
												"path": "book/PSX/018.webp"
											},
											"width": 1275,
											"height": 680
										},
										"Wisdom. Contemplation. Manipulation. Blue's strength is the power of the mind\u2014its limitless ability to imagine, invent, strategize, and deceive. Knowledge is power, and victory goes to the smarter foe.",
										"More information about blue's philosophies and powers can be found {@link here|https://magic.wizards.com/en/articles/archive/making-magic/true-blue-revisited-2015-07-20}.",
										{
											"type": "list",
											"style": "list-hang-notitle",
											"items": [
												{
													"type": "item",
													"name": "Alignment:",
													"entry": "Neutral (any)"
												},
												{
													"type": "item",
													"name": "Power Suite:",
													"entry": "Control, the mind, counterspells, illusion, transformation, time, wind, water, and ice"
												},
												{
													"type": "item",
													"name": "Suggested Races:",
													"entry": "{@race Human}, {@race Merfolk (Ixalan)|PSX|merfolk}, {@race vedalken|GGR}, {@race aven|PSA}, {@race naga|PSA}, {@race siren|PSX}"
												},
												{
													"type": "item",
													"name": "Suggested Classes:",
													"entry": "{@class Wizard}, {@class monk}, {@class rogue}"
												},
												{
													"type": "item",
													"name": "Suggested Backgrounds:",
													"entry": "{@background Charlatan}, {@background hermit}, {@background sage}"
												}
											]
										},
										{
											"type": "entries",
											"page": 44,
											"entries": [
												{
													"type": "table",
													"caption": "Blue Personality Traits",
													"colLabels": [
														"d8",
														"Personality Trait"
													],
													"colStyles": [
														"col-1 text-center",
														"col-11"
													],
													"rows": [
														[
															"1",
															"I employ a polysyllabic vocabulary that conveys the impression of tremendous erudition."
														],
														[
															"2",
															"I'm used to helping out those who aren't as smart as I am, and I patiently explain anything and everything to others."
														],
														[
															"3",
															"I often get lost in my own thoughts and contemplation, becoming oblivious to my surroundings."
														],
														[
															"4",
															"I believe that anything worth doing is worth doing right. I can't help it\u2014I'm a perfectionist."
														],
														[
															"5",
															"I want to know how things work and what makes people act as they do."
														],
														[
															"6",
															"There's nothing I like more than a good mystery."
														],
														[
															"7",
															"Messing up just means an opportunity to learn from my mistakes."
														],
														[
															"8",
															"There's no need to rush into action; I prefer to plan before I act."
														]
													]
												},
												{
													"type": "table",
													"caption": "Blue Ideals",
													"colLabels": [
														"d6",
														"Ideal"
													],
													"colStyles": [
														"col-1 text-center",
														"col-11"
													],
													"rows": [
														[
															"1",
															"{@b Perfection.} The goal of a life of study is to constantly improve oneself."
														],
														[
															"2",
															"{@b Education.} Information can change the world only when it is widely shared."
														],
														[
															"3",
															"{@b Knowledge.} The path to power and self-improvement comes through mastery of what can be known."
														],
														[
															"4",
															"{@b Change.} The world is in constant flux, and we must be ready to change with it."
														],
														[
															"5",
															"{@b Logic.} Emotions must not cloud our clear thinking."
														],
														[
															"6",
															"{@b Self-Knowledge.} If you know yourself, there's nothing left to know."
														]
													]
												}
											],
											"id": "036"
										},
										{
											"type": "entries",
											"name": "Color Combinations",
											"page": 44,
											"entries": [
												"Adding white to blue steers it toward lawful neutral, creating archetypes such as the devout monk or the honorable paladin.",
												"Adding black to blue steers it toward neutral evil and the behavior of stealthy spies, scoundrels, and infiltrators.",
												"Adding red to blue steers it toward chaotic neutral, exemplified by madcap mages\u2014elementalist wizards or sorcerers.",
												"Adding green to blue solidifies its neutrality, embodied in archetypes such as the sagacious druid or the scholar of nature."
											],
											"id": "037"
										}
									],
									"id": "035"
								},
								{
									"type": "entries",
									"name": "Black",
									"page": 45,
									"entries": [
										{
											"type": "image",
											"href": {
												"type": "internal",
												"path": "book/PSX/019.webp"
											},
											"width": 631,
											"height": 1459
										},
										"Ambition. Cruelty. Death. Black draws its power from the slow decay of all things and the inevitability of extinction. Supremacy belongs to those who are willing to do whatever it takes\u2014including hastening death's arrival\u2014to achieve their ends.",
										"Mark Rosewater has written more about black {@link here|https://magic.wizards.com/en/articles/archive/making-magic/black-revisited-2015-07-27}.",
										{
											"type": "list",
											"style": "list-hang-notitle",
											"items": [
												{
													"type": "item",
													"name": "Alignment",
													"entry": "Evil (any)"
												},
												{
													"type": "item",
													"name": "Power Suite:",
													"entry": "Necromancy, fear, pain, darkness, disease, corruption"
												},
												{
													"type": "item",
													"name": "Suggested Races:",
													"entry": "{@race Human}, {@race Vampire (Ixalan)|PSX|vampire}, {@race aetherborn|PSK}, {@race minotaur|GGR}, {@race Vampire (Zendikar)|PSZ|vampire}, {@race Orc (Ixalan)|PSX|orc}"
												},
												{
													"type": "item",
													"name": "Suggested Classes:",
													"entry": "{@class Warlock}, {@class cleric}, {@class rogue}"
												},
												{
													"type": "item",
													"name": "Suggested Backgrounds:",
													"entry": "{@background Charlatan}, {@background criminal}, {@background noble}"
												}
											]
										},
										{
											"type": "table",
											"caption": "Black Personality Traits",
											"colLabels": [
												"d8",
												"Personality Trait"
											],
											"colStyles": [
												"col-1 text-center",
												"col-11"
											],
											"rows": [
												[
													"1",
													"The best way to get me to do something is to tell me I can't do it. 2 If you do me an injury, I will crush you, ruin your name, and salt your family's lands for all time."
												],
												[
													"3",
													"The first thing I do in a new place is note the locations of everything valuable\u2014or where such things might be hidden."
												],
												[
													"4",
													"I get bitter if I'm not the center of attention."
												],
												[
													"5",
													"I can't stand the dangerous idiots who deny their own needs in order to help others. It's often difficult to motivate them to do what I want."
												],
												[
													"6",
													"If others won't do things when you ask nicely, stop asking nicely."
												],
												[
													"7",
													"Inspiring fear can be the most effective way to motivate people."
												],
												[
													"8",
													"I don't care about morality or taboos\u2014only results. I'll do whatever it takes to get the results I want."
												]
											]
										},
										{
											"type": "table",
											"caption": "Black Ideals",
											"colLabels": [
												"d6",
												"Ideal"
											],
											"colStyles": [
												"col-1 text-center",
												"col-11"
											],
											"rows": [
												[
													"1",
													"{@b Power.} Power is the only way to guarantee your ability to control your life\u2014and thus your happiness."
												],
												[
													"2",
													"{@b Self-Interest.} If I don't look out for myself, no one else is going to."
												],
												[
													"3",
													"Strength. Helping the weak is merely delaying their inevitable failure."
												],
												[
													"4",
													"{@b Freedom.} If I need something, I'm a fool if I let laws or morality stand in my way."
												],
												[
													"5",
													"{@b Greed.} The clearest way to get ahead in this world is with money."
												],
												[
													"6",
													"{@b Independence.} No one tells me what to do."
												]
											]
										},
										{
											"type": "entries",
											"name": "Color Combinations",
											"page": 45,
											"entries": [
												"Adding white to black steers it toward lawful evil, exemplified by oppressive clerics and fallen paladins. ",
												"Adding blue to black steers it toward neutral evil and the behavior of stealthy spies, scoundrels, and infiltrators. Adding red to black creates the chaotic evil icons of bloodthirsty barbarians and battle priests.",
												"Adding green to black steers it toward neutral evil, in the form of sinister druids and stalking rangers."
											],
											"id": "039"
										}
									],
									"id": "038"
								},
								{
									"type": "entries",
									"name": "Red",
									"page": 46,
									"entries": [
										{
											"type": "image",
											"href": {
												"type": "internal",
												"path": "book/PSX/020.webp"
											},
											"width": 1276,
											"height": 727
										},
										"Passion. Impulse. Immolation. Red values action over reflection, emotion over reason, and instinct over learning. Its power is the volatile energy of fire and lightning, the seismic energy of the earth, and the savagery of untamed fury.",
										"{@link This article|https://magic.wizards.com/en/articles/archive/making-magic/seeing-red-revisited-2015-08-03} discusses the motivations and actions of red in more detail.",
										{
											"type": "list",
											"style": "list-hang-notitle",
											"items": [
												{
													"type": "item",
													"name": "Alignment:",
													"entry": "Chaotic (any)"
												},
												{
													"type": "item",
													"name": "Power Suite:",
													"entry": "Fire and lightning, earth, emotion, rage, destruction"
												},
												{
													"type": "item",
													"name": "Suggested Races:",
													"entry": "{@race Human}, {@race goblin|GGR}, {@race khenra|PSA}, {@race minotaur|GGR}"
												},
												{
													"type": "item",
													"name": "Suggested Classes:",
													"entry": "{@class Sorcerer}, {@class barbarian}, {@class fighter}"
												},
												{
													"type": "item",
													"name": "Suggested Backgrounds:",
													"entry": "{@background Charlatan}, {@background entertainer}, {@background sailor}, {@background soldier}, {@background urchin}"
												}
											]
										},
										{
											"type": "table",
											"caption": "Red Personality Traits",
											"colLabels": [
												"d8",
												"Personality Trait"
											],
											"colStyles": [
												"col-1 text-center",
												"col-11"
											],
											"rows": [
												[
													"1",
													"I always speak and act before I think."
												],
												[
													"2",
													"My changing emotions dominate my personality, leaving no one in any doubt about what I'm feeling."
												],
												[
													"3",
													"I fall in and out of love faster than the weather changes."
												],
												[
													"4",
													"I'm always angry."
												],
												[
													"5",
													"I either love something or I hate it; there is no in-between."
												],
												[
													"6",
													"I'm always working on some piece of art to express my feelings."
												],
												[
													"7",
													"I revel in the storms and the destruction that give expression to the turmoil inside me."
												],
												[
													"8",
													"I have no patience for people who think they can boss others around."
												]
											]
										},
										{
											"type": "table",
											"caption": "Red Ideals",
											"colLabels": [
												"d6",
												"Ideal"
											],
											"colStyles": [
												"col-1 text-center",
												"col-11"
											],
											"rows": [
												[
													"1",
													"{@b Freedom.} Everyone should be free to pursue their own dreams."
												],
												[
													"2",
													"{@b Emotion.} My heart tells me what it needs. All I have to do is listen and act accordingly."
												],
												[
													"3",
													"{@b Adventure.} Life is an adventure, and it's up to each individual to experience it."
												],
												[
													"4",
													"{@b Relationships.} Part of life is embracing the passion, loyalty, and camaraderie that ties us to others."
												],
												[
													"5",
													"{@b Creativity.} The world is in need of new ideas and bold action."
												],
												[
													"6",
													"{@b Sincerity.} No one should pretend to be something they're not."
												]
											]
										},
										{
											"type": "entries",
											"name": "Color Combinations",
											"page": 46,
											"entries": [
												"Adding white to red makes it more zealously lawful good, as in the case of a fervent paladin.",
												"Adding blue to red steers it toward chaotic neutral, exemplified by madcap mages\u2014elementalist wizards or sorcerers.",
												"Adding black to red creates the chaotic evil icons of bloodthirsty barbarians and battle priests. Adding green to red leads to an intense neutral or chaotic neutral, embodied in a totemic barbarian or fierce ranger."
											],
											"id": "03b"
										}
									],
									"id": "03a"
								},
								{
									"type": "entries",
									"name": "Green",
									"page": 47,
									"entries": [
										{
											"type": "image",
											"href": {
												"type": "internal",
												"path": "book/PSX/021.webp"
											},
											"width": 1275,
											"height": 708
										},
										"Nature's abundance. Lush growth. Vibrant life. Green knows that the artificial trappings of civilization are temporary but the vast ecosystems of nature will always endure\u2014adapting and evolving in a delicate balance. Those who would prosper must also evolve, embracing their wild side and letting nature have its way.",
										"Mark Rosewater's essay on the nature and philosophy of green can be found {@link here|http://magic.wizards.com/en/articles/archive/making-magic/its-not-easy-being-green-revisited-2015-08-10}.",
										{
											"type": "list",
											"style": "list-hang-notitle",
											"items": [
												{
													"type": "item",
													"name": "Alignment:",
													"entry": "Neutral (any)"
												},
												{
													"type": "item",
													"name": "Power Suite:",
													"entry": "Nature, plants, animals, growth"
												},
												{
													"type": "item",
													"name": "Suggested Races:",
													"entry": "{@race Human}, {@race elf}, {@race khenra|PSA}, {@race naga|PSA}, {@race merfolk (Ixalan)|PSX}"
												},
												{
													"type": "item",
													"name": "Suggested Classes:",
													"entry": "{@class Druid}, {@class ranger}, {@class fighter}, {@class bard}"
												},
												{
													"type": "item",
													"name": "Suggested Backgrounds:",
													"entry": "{@background Acolyte}, {@background guild artisan}, {@background hermit}, {@background outlander}"
												}
											]
										},
										{
											"type": "table",
											"caption": "Green Personality Traits",
											"colLabels": [
												"d8",
												"Personality Trait"
											],
											"colStyles": [
												"col-1 text-center",
												"col-11"
											],
											"rows": [
												[
													"1",
													"I'm sharply attuned to the cycles of nature, and can almost feel the pull of the full moon."
												],
												[
													"2",
													"My instincts never lead me astray."
												],
												[
													"3",
													"I get along better with animals than I do with most people."
												],
												[
													"4",
													"There is more wisdom in a forest pool than in any library."
												],
												[
													"5",
													"Beasts of the wild have no need for manners, and neither do I."
												],
												[
													"6",
													"Nothing raises my ire like seeing people treat life as disposable."
												],
												[
													"7",
													"I can identify hundreds of bird species by their songs."
												],
												[
													"8",
													"I see omens in every ripple, gust of wind, and flight of birds."
												]
											]
										},
										{
											"type": "table",
											"caption": "Green Ideals",
											"colLabels": [
												"d6",
												"Ideal"
											],
											"colStyles": [
												"col-1 text-center",
												"col-11"
											],
											"rows": [
												[
													"1",
													"{@b Acceptance.} Things are as they are for a reason, and it's foolish to try to change them."
												],
												[
													"2",
													"{@b Nature.} The natural world is more important than the constructs of civilization."
												],
												[
													"3",
													"{@b Potential.} The secret to happiness is to find one's place in the natural order and embrace it."
												],
												[
													"4",
													"{@b Interdependence.} My role is deeply connected to the web of life, and my actions have consequences for everyone around me."
												],
												[
													"5",
													"{@b Live and Let Live.} Ideals aren't worth killing or going to war for."
												],
												[
													"6",
													"{@b History.} Only through studying the past can we avoid repeating past mistakes."
												]
											]
										},
										{
											"type": "entries",
											"name": "Color Combinations",
											"page": 47,
											"entries": [
												"Adding white to green steers it toward neutral good and gentler notions of community, embodied in characters such as healing druids, bards, or kindly rangers.",
												"Adding blue to green solidifies its neutrality, embodied in archetypes such as the sagacious druid or scholar of nature.",
												"Adding black to green steers it toward neutral evil in the form of sinister druids and stalking rangers. Adding red to green leads to an intense neutral or chaotic neutral, embodied in a totemic barbarian or fierce ranger."
											],
											"id": "03d"
										}
									],
									"id": "03c"
								}
							],
							"id": "02e"
						}
					],
					"id": "02d"
				}
			],
			"id": "02c"
		}
	]
}
