{
	"data": [
		{
			"type": "section",
			"name": "Introduction",
			"id": "000",
			"entries": [
				{
					"type": "image",
					"href": {
						"type": "internal",
						"path": "book/BAM/000-05-000.ship-of-space-clowns.webp"
					},
					"title": "Ship of Space Clowns",
					"width": 1700,
					"height": 1098
				},
				{
					"type": "quote",
					"entries": [
						"Take heart, fellow adventurers, for you have curried the favor of Boo!"
					],
					"by": "Minsc"
				},
				{
					"type": "quote",
					"entries": [
						"*Squeak*"
					],
					"by": "Boo"
				},
				"Boo is a hamster. More precisely, he is a {@creature Space Hamster|BAM|miniature giant space hamster}\u2014a rather famous one, in fact. Boo's adventures with Minsc the ranger, as well as his ferocity, are legendary. But Boo would be the first to tell you that he is just one of the countless amazing creatures that hail from the starry realm known as the Astral Plane.",
				"Apparently, {@creature Giant Space Hamster|BAM|giant space hamsters} aren't as bright or as legendary as their smaller cousins. Minsc has shared this information and a host of other pieces of lore from Boo freely and loudly during his travels. This book presents much of that lore, but don't expect commentary from the famous hamster himself. He's too busy saving the multiverse and, as Minsc might put it, \"kicking butt for goodness.\"",
				{
					"type": "section",
					"name": "Astral Variants",
					"id": "003",
					"entries": [
						{
							"type": "image",
							"href": {
								"type": "internal",
								"path": "book/BAM/001-05-001.boo-the-space-hamster.webp"
							},
							"maxWidth": 200,
							"title": "Boo the Space Hamster",
							"width": 850,
							"height": 1300
						},
						"If you want even more creatures to populate your adventures in space, look no further than the {@book Monster Manual|MM}. Entities of the Outer Planes such as angels, devils, and slaadi are just as likely to be found on the Astral Plane as they are on any Material Plane world. The same can be said for {@creature Aboleth||aboleths}, giants, {@creature Mind Flayer||mind flayers}, {@creature Umber Hulk||umber hulks}, {@creature Vampire||vampires}, and other {@book Monster Manual|MM} creatures.",
						"Practically any terrestrial creature can be turned into an astral-dwelling creature, whether it requires air or not. For example, a {@creature stone giant} living on an asteroid might rely on the asteroid's air envelope for survival, or it might not need to breathe air. Similarly, a {@creature mimic} stowing away aboard a spelljamming ship might be an ordinary specimen or one that has adapted to life in Wildspace.",
						"You can turn any terrestrial creature into a Wildspace-dwelling variant by giving it the following trait, if nothing else:",
						{
							"type": "inset",
							"id": "004",
							"entries": [
								{
									"type": "entries",
									"name": "Unusual Nature",
									"id": "005",
									"entries": [
										"The creature doesn't require air."
									]
								}
							]
						}
					]
				},
				{
					"type": "section",
					"name": "Using a Stat Block",
					"id": "006",
					"entries": [
						"This book is a companion to the {@book Monster Manual|MM} and uses a similar presentation. If you are unfamiliar with the monster stat block format, read the {@book introduction|MM|0} of the {@book Monster Manual|MM} before proceeding further. That book explains stat block terminology and gives rules for various monster traits\u2014information that isn't repeated here.",
						"The Stat Blocks by Challenge Rating table sorts the creatures in this book by challenge rating.",
						{
							"type": "table",
							"caption": "Stat Blocks by Challenge Rating",
							"colLabels": [
								"CR",
								"Stat Block Name",
								"Creature Type"
							],
							"colStyles": [
								"col-2 text-center",
								"col-6",
								"col-4"
							],
							"rows": [
								[
									"0",
									"{@creature Chwinga astronaut|BAM}",
									"Elemental"
								],
								[
									"0",
									"{@creature Dohwar|BAM}",
									"Fey"
								],
								[
									"0",
									"{@creature Space guppy|BAM}",
									"Beast"
								],
								[
									"0",
									"{@creature Space mollymawk|BAM}",
									"Beast"
								],
								[
									"1/8",
									"{@creature Hadozee shipmate|BAM}",
									"Humanoid"
								],
								[
									"1/4",
									"{@creature Giant space hamster|BAM}",
									"Beast"
								],
								[
									"1/4",
									"{@creature Gray scavver|BAM}",
									"Monstrosity"
								],
								[
									"1/4",
									"{@creature Plasmoid explorer|BAM}",
									"Ooze"
								],
								[
									"1/4",
									"{@creature Space hamster|BAM}",
									"Monstrosity"
								],
								[
									"1/4",
									"{@creature Space swine|BAM}",
									"Beast"
								],
								[
									"1/2",
									"{@creature Hadozee warrior|BAM}",
									"Humanoid"
								],
								[
									"1/2",
									"{@creature Space eel|BAM}",
									"Beast"
								],
								[
									"1/2",
									"{@creature Ssurran poisoner|BAM}",
									"Monstrosity"
								],
								[
									"1",
									"{@creature Jammer leech|BAM}",
									"Plant"
								],
								[
									"1",
									"{@creature Psurlon ringer|BAM}",
									"Aberration"
								],
								[
									"2",
									"{@creature Aartuk priest|BAM}",
									"Plant"
								],
								[
									"2",
									"{@creature Aartuk warrior|BAM}",
									"Plant"
								],
								[
									"2",
									"{@creature Autognome|BAM}",
									"Construct"
								],
								[
									"2",
									"{@creature Hadozee explorer|BAM}",
									"Humanoid"
								],
								[
									"2",
									"{@creature Lunar dragon wyrmling|BAM}",
									"Dragon"
								],
								[
									"2",
									"{@creature Psurlon|BAM}",
									"Aberration"
								],
								[
									"2",
									"{@creature Space clown|BAM}",
									"Fiend"
								],
								[
									"2",
									"{@creature Thri-kreen hunter|BAM}",
									"Monstrosity"
								],
								[
									"2",
									"{@creature Vampirate|BAM}",
									"Undead"
								],
								[
									"3",
									"{@creature Aartuk elder|BAM}",
									"Plant"
								],
								[
									"3",
									"{@creature Astral elf warrior|BAM}",
									"Humanoid"
								],
								[
									"3",
									"{@creature Giff shipmate|BAM}",
									"Humanoid"
								],
								[
									"3",
									"{@creature Githyanki buccaneer|BAM}",
									"Humanoid"
								],
								[
									"3",
									"{@creature Neogi hatchling swarm|BAM}",
									"Aberration"
								],
								[
									"3",
									"{@creature Neogi pirate|BAM}",
									"Aberration"
								],
								[
									"3",
									"{@creature Plasmoid warrior|BAM}",
									"Ooze"
								],
								[
									"3",
									"{@creature Solar dragon wyrmling|BAM}",
									"Dragon"
								],
								[
									"3",
									"{@creature Ssurran defiler|BAM}",
									"Monstrosity"
								],
								[
									"4",
									"{@creature Brown scavver|BAM}",
									"Monstrosity"
								],
								[
									"4",
									"{@creature Gaj|BAM}",
									"Aberration"
								],
								[
									"4",
									"{@creature Neh-thalggu|BAM}",
									"Aberration"
								],
								[
									"4",
									"{@creature Neogi void hunter|BAM}",
									"Aberration"
								],
								[
									"4",
									"{@creature Plasmoid boss|BAM}",
									"Ooze"
								],
								[
									"5",
									"{@creature Astral elf honor guard|BAM}",
									"Humanoid"
								],
								[
									"5",
									"{@creature Astral elf star priest|BAM}",
									"Humanoid"
								],
								[
									"5",
									"{@creature Feyr|BAM}",
									"Aberration"
								],
								[
									"5",
									"{@creature Mercane|BAM}",
									"Giant"
								],
								[
									"5",
									"{@creature Murder comet|BAM}",
									"Elemental"
								],
								[
									"5",
									"{@creature Night scavver|BAM}",
									"Monstrosity"
								],
								[
									"5",
									"{@creature Starlight apparition|BAM}",
									"Celestial"
								],
								[
									"5",
									"{@creature Thri-kreen mystic|BAM}",
									"Monstrosity"
								],
								[
									"5",
									"{@creature Vampirate mage|BAM}",
									"Undead"
								],
								[
									"6",
									"{@creature B'rohg|BAM}",
									"Giant"
								],
								[
									"6",
									"{@creature Giff shock trooper|BAM}",
									"Humanoid"
								],
								[
									"6",
									"{@creature Psurlon leader|BAM}",
									"Aberration"
								],
								[
									"6",
									"{@creature Vampirate captain|BAM}",
									"Undead"
								],
								[
									"7",
									"{@creature Astral elf commander|BAM}",
									"Humanoid"
								],
								[
									"7",
									"{@creature Githyanki star seer|BAM}",
									"Humanoid"
								],
								[
									"7",
									"{@creature Kindori|BAM}",
									"Celestial"
								],
								[
									"7",
									"{@creature Thri-kreen gladiator|BAM}",
									"Monstrosity"
								],
								[
									"7",
									"{@creature Young lunar dragon|BAM}",
									"Dragon"
								],
								[
									"8",
									"{@creature Astral elf aristocrat|BAM}",
									"Humanoid"
								],
								[
									"8",
									"{@creature Reigar|BAM}",
									"Celestial"
								],
								[
									"9",
									"{@creature Braxat|BAM}",
									"Giant"
								],
								[
									"9",
									"{@creature Githyanki xenomancer|BAM}",
									"Humanoid"
								],
								[
									"9",
									"{@creature Young solar dragon|BAM}",
									"Dragon"
								],
								[
									"10",
									"{@creature Eye monger|BAM}",
									"Aberration"
								],
								[
									"10",
									"{@creature Giff warlord|BAM}",
									"Humanoid"
								],
								[
									"11",
									"{@creature Megapede|BAM}",
									"Monstrosity"
								],
								[
									"11",
									"{@creature Void scavver|BAM}",
									"Monstrosity"
								],
								[
									"12",
									"{@creature Esthetic|BAM}",
									"Aberration"
								],
								[
									"13",
									"{@creature Adult lunar dragon|BAM}",
									"Dragon"
								],
								[
									"14",
									"{@creature Adult solar dragon|BAM}",
									"Dragon"
								],
								[
									"16",
									"{@creature Zodar|BAM}",
									"Aberration"
								],
								[
									"18",
									"{@creature Cosmic horror|BAM}",
									"Aberration"
								],
								[
									"19",
									"{@creature Ancient lunar dragon|BAM}",
									"Dragon"
								],
								[
									"21",
									"{@creature Ancient solar dragon|BAM}",
									"Dragon"
								]
							]
						},
						{
							"type": "entries",
							"name": "Unusual Attacks and Magic",
							"id": "007",
							"entries": [
								"Some creatures have weapons that deal unusual damage types and spellcasting that functions in an atypical way. For example, many astral elves deal extra radiant damage with their weapon attacks. This extra damage isn't a feature of the weapon. Such an exception is a special feature of a stat block and represents how the creature uses its weapon or casts its spells; the exception has no effect on how a weapon or spell functions for a different creature."
							]
						},
						{
							"type": "entries",
							"name": "Meeting Magic Item Prerequisites",
							"id": "008",
							"entries": [
								"If a stat block contains the name of a class in parentheses under the creature's name, the creature is considered a member of that class for the purpose of meeting prerequisites for magic items."
							]
						}
					]
				},
				{
					"type": "section",
					"name": "Astral Encounters",
					"id": "009",
					"entries": [
						"You can generate a random encounter on the Astral Plane by rolling on either the {@book Wildspace Encounters table|BAM|0|Wildspace Encounters} or the {@book Astral Sea Encounters table|BAM|0|Astral Sea Encounters}, as appropriate, or by choosing an encounter you like. If the encounter is with a spelljamming ship, you can roll on the {@book Ship Encounters table|BAM|0|Ship Encounters} to determine the ship and its crew, or you can create a ship encounter of your own (see the {@book Astral Adventurer's Guide|AAG} for {@book ship descriptions|AAG|2|Spelljammer Vessels}).",
						"Creatures marked with an asterisk (*) appear in this book; the rest are described in the {@book Monster Manual|MM}. Any creature marked with a dagger (†) can serve as a spelljammer because it is a spellcaster.",
						"If a Humanoid has no specified race, it can be of any race you choose.",
						{
							"type": "entries",
							"name": "Initial Attitude",
							"id": "00a",
							"entries": [
								"To randomly determine the initial attitude of the creatures encountered, make the attitude roll called for in an encounter table entry, then refer to the appropriate line of the Initial Attitude table.",
								{
									"type": "table",
									"caption": "Initial Attitude",
									"colLabels": [
										"Attitude Roll Total",
										"Initial Attitude"
									],
									"colStyles": [
										"col-6 text-center",
										"col-6 text-center"
									],
									"rows": [
										[
											"4 or lower",
											"Hostile"
										],
										[
											"5\u20138",
											"Indifferent"
										],
										[
											"9 or higher",
											"Friendly"
										]
									]
								},
								{
									"type": "entries",
									"name": "Wildspace Encounters",
									"id": "00b",
									"entries": [
										{
											"type": "table",
											"colLabels": [
												"d100",
												"Wildspace Encounter",
												"Attitude Roll"
											],
											"colStyles": [
												"col-2 text-center",
												"col-8",
												"col-2 text-center"
											],
											"rows": [
												[
													"01\u201303",
													"{@dice 1d4} {@creature Chwinga Astronaut|BAM|chwinga astronauts},* each mounted on 1 {@creature space guppy|BAM}*",
													"{@dice 1d6 + 4}"
												],
												[
													"04",
													"1 {@creature cosmic horror|BAM}* (30 percent chance it is asleep)",
													"{@dice 1d6}"
												],
												[
													"05",
													"1 {@creature esthetic|BAM}* piloted by 1 {@creature reigar|BAM}*†",
													"{@dice 1d12}"
												],
												[
													"06\u201307",
													"1 {@creature eye monger|BAM}*",
													"{@dice 1d6}"
												],
												[
													"08\u201311",
													"1 {@creature feyr|BAM}*",
													"{@dice 1d6}"
												],
												[
													"12\u201313",
													"1 {@creature giant octopus} that has a flying speed of 60 feet and doesn't need to breathe air",
													"{@dice 1d10}"
												],
												[
													"14\u201317",
													"{@dice 1d6} {@creature Jammer Leech|BAM|jammer leeches}*",
													"{@dice 1d8}"
												],
												[
													"18\u201323",
													"{@dice 1d4} {@creature kindori|BAM}*",
													"{@dice 1d6 + 3}"
												],
												[
													"24\u201325",
													"1 {@creature kindori|BAM}* with 1 {@creature druid}† living in a hut on its back",
													"{@dice 2d6 + 3}"
												],
												[
													"26",
													"1 {@creature kraken} that has a flying speed of 60 feet and doesn't need to breathe air",
													"{@dice 1d6}"
												],
												[
													"27",
													"1 lunar dragon* (your choice of {@creature Young Lunar Dragon|BAM|young}, {@creature Adult Lunar Dragon|BAM|adult}, or {@creature Ancient Lunar Dragon|BAM|ancient})",
													"{@dice 1d10}"
												],
												[
													"28\u201335",
													"A tavern or inn built on an asteroid, with docks where ships can berth",
													"\u2014"
												],
												[
													"36\u201339",
													"{@dice 1d6} {@creature Murder Comet|BAM|murder comets}*",
													"{@dice 1d6}"
												],
												[
													"40\u201344",
													"{@dice 1d4} {@creature Brown Scavver|BAM|brown scavvers}*",
													"{@dice 1d8}"
												],
												[
													"45\u201348",
													"1 {@creature night scavver|BAM}* and {@dice 2d6} {@creature Gray Scavver|BAM|gray scavvers}*",
													"{@dice 1d8}"
												],
												[
													"49\u201350",
													"1 {@creature void scavver|BAM}*",
													"{@dice 1d6}"
												],
												[
													"51\u201352",
													"A shipwreck that might still have treasure or creatures aboard it (choose a ship from {@book chapter 2|AAG|2|Spelljammer Vessels} of the {@book Astral Adventurer's Guide|AAG})",
													"\u2014"
												],
												[
													"53\u201354",
													"1 solar dragon* (your choice of {@creature Young Solar Dragon|BAM|young}, {@creature Adult Solar Dragon|BAM|adult}, or {@creature Ancient Solar Dragon|BAM|ancient})",
													"{@dice 2d6}"
												],
												[
													"55\u201359",
													"{@dice 1d6} {@creature Space Eel|BAM|space eels}*",
													"{@dice 1d10}"
												],
												[
													"60",
													"1 {@creature starlight apparition|BAM}*",
													"{@dice 2d6 + 2}"
												],
												[
													"61\u201364",
													"{@dice 3d6} {@creature Stirge||stirges} that don't need to breathe air",
													"{@dice 1d6}"
												],
												[
													"65\u201370",
													"{@dice 1d6} {@creature Will-o'-Wisp||will-o'-wisps}",
													"{@dice 1d10}"
												],
												[
													"71\u201300",
													"1 spelljamming ship (roll on the {@book Ship Encounters table|BAM|0|Ship Encounters})",
													"\u2014"
												]
											]
										}
									]
								},
								{
									"type": "entries",
									"name": "Astral Sea Encounters",
									"id": "00c",
									"entries": [
										{
											"type": "table",
											"colLabels": [
												"d100",
												"Astral Sea Encounter",
												"Attitude Roll"
											],
											"colStyles": [
												"col-2 text-center",
												"col-8",
												"col-2 text-center"
											],
											"rows": [
												[
													"01\u201302",
													"1 {@creature aartuk priest|BAM}*† and {@dice 2d4} {@creature Aartuk Warrior|BAM|aartuk warriors}*",
													"{@dice 1d12}"
												],
												[
													"03\u201309",
													"1 {@creature archmage}† using the {@spell astral projection} spell",
													"{@dice 1d10 + 3}"
												],
												[
													"10\u201311",
													"1 {@creature braxat|BAM}*",
													"{@dice 1d8}"
												],
												[
													"12",
													"1 {@creature cosmic horror|BAM}* (70 percent chance it is asleep)",
													"{@dice 1d6}"
												],
												[
													"13\u201315",
													"{@dice 1d4} {@creature Deva||devas}† on a divine errand",
													"{@dice 1d12 + 3}"
												],
												[
													"16\u201328",
													"1 {@creature githyanki knight}† and {@dice 1d6} {@creature Githyanki Warrior||githyanki warriors}†",
													"{@dice 1d10}"
												],
												[
													"29\u201331",
													"1 {@creature githyanki knight}† mounted on a {@creature young red dragon}",
													"{@dice 1d8}"
												],
												[
													"32",
													"1 {@creature githzerai zerth}† being hunted by githyanki",
													"{@dice 1d6 + 6}"
												],
												[
													"33\u201338",
													"{@dice 1d4} {@creature kindori|BAM}*",
													"{@dice 1d6 + 3}"
												],
												[
													"39",
													"1 {@creature mercane|BAM}*† and 1 {@creature beholder} bodyguard",
													"{@dice 1d8 + 4}"
												],
												[
													"40",
													"1 {@creature neh-thalggu|BAM}*† looking for a portal to the Far Realm",
													"{@dice 1d10}"
												],
												[
													"41\u201342",
													"1 {@creature pentadrone}",
													"{@dice 1d6 + 3}"
												],
												[
													"43\u201344",
													"1 {@creature planetar}† from a nearby astral dominion",
													"{@dice 1d12 + 3}"
												],
												[
													"45\u201347",
													"{@dice 2d4} {@creature Psurlon|BAM|psurlons}*†",
													"{@dice 1d8}"
												],
												[
													"48\u201350",
													"Gargantuan floating crystal obelisk of mysterious origin",
													"\u2014"
												],
												[
													"51\u201352",
													"{@dice 4d4} {@creature Quadrone||quadrones}",
													"{@dice 1d6 + 3}"
												],
												[
													"53",
													"1 {@creature monodrone} that has gone rogue",
													"{@dice 2d6 + 3}"
												],
												[
													"54\u201356",
													"{@dice 1d4} {@creature Gray Slaad||gray slaadi}† in Humanoid form",
													"{@dice 1d10}"
												],
												[
													"57\u201358",
													"1 {@creature green slaad}†",
													"{@dice 1d12}"
												],
												[
													"59\u201363",
													"{@dice 3d6} {@creature Gray Scavver|BAM|gray scavvers}*",
													"{@dice 1d8}"
												],
												[
													"64",
													"1 {@creature solar}† watching over a dead god that drifts nearby",
													"{@dice 1d12 + 3}"
												],
												[
													"65\u201366",
													"1 solar dragon* (your choice of {@creature Young Solar Dragon|BAM|young}, {@creature Adult Solar Dragon|BAM|adult}, or {@creature Ancient Solar Dragon|BAM|ancient})",
													"{@dice 2d6}"
												],
												[
													"67",
													"1 {@creature starlight apparition|BAM}*",
													"{@dice 2d6 + 2}"
												],
												[
													"68\u201370",
													"{@dice 1d8} {@creature Unicorn||unicorns} galloping merrily across the Astral Sea",
													"{@dice 1d6 + 6}"
												],
												[
													"71\u201300",
													"1 spelljamming ship (roll on the Ship Encounters table)",
													"\u2014"
												]
											]
										}
									]
								},
								{
									"type": "entries",
									"name": "Ship Encounters",
									"id": "00d",
									"entries": [
										{
											"type": "table",
											"colLabels": [
												"d100",
												"Ship Encounter",
												"Attitude Roll"
											],
											"colStyles": [
												"col-2 text-center",
												"col-8",
												"col-2 text-center"
											],
											"rows": [
												[
													"01\u201307",
													"{@vehicle Bombard|AAG} Leviathan, captained by Myrtle Hunt ({@creature giff warlord|BAM}*) and crewed by 8 {@creature Giff Shipmate|BAM|giff shipmates}* and 3 {@creature Mage||mages}†",
													"{@dice 1d10 + 2}"
												],
												[
													"08\u201316",
													"{@vehicle Damselfly ship|AAG} Voidwinder, captained by Krig Kalu ({@creature hadozee explorer|BAM}*) and crewed by 1 {@creature drow}† and 7 {@creature Hadozee Shipmate|BAM|hadozee shipmates}*",
													"{@dice 2d6 + 3}"
												],
												[
													"17\u201323",
													"{@vehicle Flying fish ship|AAG} Horizon, captained by Thaal Vod (renegade {@creature mind flayer arcanist}†) and crewed by 9 {@creature Plasmoid Warrior|BAM|plasmoid warriors}*",
													"{@dice 1d12}"
												],
												[
													"24\u201331",
													"{@vehicle Hammerhead ship|AAG} Jander Sunstar, captained by Veluna Valderak ({@creature vampirate captain|BAM}*) and crewed by 13 {@creature Vampirate|BAM|vampirates}* and 1 {@creature priest}†",
													"{@dice 1d12}"
												],
												[
													"32\u201336",
													"{@vehicle Lamprey ship|AAG} Astral Prize, crewed by 15 {@creature Psurlon Ringer|BAM|psurlon ringers},*† including Captain Uscath",
													"{@dice 1d12}"
												],
												[
													"37\u201339",
													"{@vehicle Living ship|AAG} Eldervine, captained by Queth ({@creature aartuk elder|BAM}*) and crewed by 2 {@creature Aartuk Priest|BAM|aartuk priests},*† 8 {@creature Aartuk Warrior|BAM|aartuk warriors},* and Eldervine ({@creature treant})",
													"{@dice 1d10}"
												],
												[
													"40\u201345",
													"{@vehicle Nautiloid|AAG} Neurophage, crewed by 4 {@creature Mind Flayer||mind flayers}† and 16 {@creature kuo-toa}, with {@dice 1d6} {@creature Grell||grells} and {@dice 1d6} {@creature Intellect Devourer||intellect devourers} as passengers",
													"{@dice 1d6}"
												],
												[
													"46\u201350",
													"{@vehicle Nightspider|AAG} Malevolence, captained by Yeshk ({@creature neogi void hunter|BAM}*†) and crewed by 24 {@creature Neogi Pirate|BAM|neogi pirates}* and 5 {@creature Umber Hulk||umber hulks}",
													"{@dice 1d6}"
												],
												[
													"51\u201355",
													"{@vehicle Scorpion ship|AAG} Claws of Huraj, captained by Huraj ({@creature hobgoblin captain}) and crewed by 1 {@creature bugbear} (first mate), 8 {@creature Hobgoblin||hobgoblins}, and 2 hobgoblin {@creature Priest||priests}†",
													"{@dice 1d12}"
												],
												[
													"56\u201361",
													"{@vehicle Shrike ship|AAG} Fedifensor, captained by Yaj ({@creature githyanki xenomancer|BAM}*†) and crewed by 10 {@creature Githyanki Buccaneer|BAM|githyanki buccaneers}*†",
													"{@dice 1d12}"
												],
												[
													"62\u201366",
													"{@vehicle Space galleon|AAG} Eleventh, captained by Xorpha Eleven-Eyes ({@creature beholder}) and crewed by 1 {@creature spectator} (first mate), 3 {@creature Cult Fanatic||cult fanatics},† and 16 {@creature Cultist||cultists}",
													"{@dice 1d12}"
												],
												[
													"67\u201372",
													"{@vehicle Space galleon|AAG} Great Kindori, captained by Mystan the Mighty ({@creature djinni}†) and crewed by 1 {@creature invisible stalker} (first mate), 1 {@creature couatl},† 17 {@creature aarakocra}, and 1 {@creature rug of smothering}",
													"{@dice 2d6 + 2}"
												],
												[
													"73\u201378",
													"{@vehicle Squid ship|AAG} Syken's Reach, captained by the pirate Arviglas Syken (human {@creature bandit captain}) and crewed by 1 {@creature cambion}† (Syken's daughter, Tenebra) and 11 {@creature Thug||thugs}",
													"{@dice 1d12}"
												],
												[
													"79\u201384",
													"{@vehicle Star moth|AAG} Apex, captained by Xaleen ({@creature astral elf commander|BAM}*†) and crewed by 11 {@creature Astral Elf Warrior|BAM|astral elf warriors}* and 1 {@creature astral elf aristocrat|BAM}*†",
													"{@dice 1d12}"
												],
												[
													"85\u201390",
													"{@vehicle Turtle ship|AAG} Snorkel, captained by Shelby Norkel (gnome {@creature mage}†) and crewed by 15 {@creature Autognome|BAM|autognomes}*",
													"{@dice 1d10 + 3}"
												],
												[
													"91\u201394",
													"{@vehicle Tyrant ship|AAG} Doomdreamer, crewed by {@dice 2d4 + 2} {@creature Beholder||beholders}",
													"{@dice 1d8}"
												],
												[
													"95\u201300",
													"{@vehicle Wasp ship|AAG} Adventure, abandoned and adrift (25 percent chance that its {@item spelljamming helm|AAG} is still aboard)",
													"\u2014"
												]
											],
											"data": {
												"tableIgnore": true
											}
										}
									]
								}
							]
						}
					]
				},
				{
					"type": "section",
					"name": "Bestiary",
					"id": "00e",
					"entries": [
						{
							"type": "list",
							"columns": 4,
							"items": [
								"{@creature Aartuk Elder|BAM}",
								"{@creature Aartuk Priest|BAM}",
								"{@creature Aartuk Warrior|BAM}",
								"{@creature Adult Lunar Dragon|BAM}",
								"{@creature Adult Solar Dragon|BAM}",
								"{@creature Ancient Lunar Dragon|BAM}",
								"{@creature Ancient Solar Dragon|BAM}",
								"{@creature Astral Elf Aristocrat|BAM}",
								"{@creature Astral Elf Commander|BAM}",
								"{@creature Astral Elf Honor Guard|BAM}",
								"{@creature Astral Elf Star Priest|BAM}",
								"{@creature Astral Elf Warrior|BAM}",
								"{@creature Autognome|BAM}",
								"{@creature B'rohg|BAM}",
								"{@creature Braxat|BAM}",
								"{@creature Brown Scavver|BAM}",
								"{@creature Chwinga Astronaut|BAM}",
								"{@creature Cosmic Horror|BAM}",
								"{@creature Dohwar|BAM}",
								"{@creature Esthetic|BAM}",
								"{@creature Eye Monger|BAM}",
								"{@creature Feyr|BAM}",
								"{@creature Gaj|BAM}",
								"{@creature Giant Space Hamster|BAM}",
								"{@creature Giff Shipmate|BAM}",
								"{@creature Giff Shock Trooper|BAM}",
								"{@creature Giff Warlord|BAM}",
								"{@creature Githyanki Buccaneer|BAM}",
								"{@creature Githyanki Star Seer|BAM}",
								"{@creature Githyanki Xenomancer|BAM}",
								"{@creature Gray Scavver|BAM}",
								"{@creature Hadozee Explorer|BAM}",
								"{@creature Hadozee Shipmate|BAM}",
								"{@creature Hadozee Warrior|BAM}",
								"{@creature Jammer Leech|BAM}",
								"{@creature Kindori|BAM}",
								"{@creature Lunar Dragon Wyrmling|BAM}",
								"{@creature Megapede|BAM}",
								"{@creature Mercane|BAM}",
								"{@creature Murder Comet|BAM}",
								"{@creature Neh-thalggu|BAM}",
								"{@creature Neogi Hatchling Swarm|BAM}",
								"{@creature Neogi Pirate|BAM}",
								"{@creature Neogi Void Hunter|BAM}",
								"{@creature Night Scavver|BAM}",
								"{@creature Plasmoid Boss|BAM}",
								"{@creature Plasmoid Explorer|BAM}",
								"{@creature Plasmoid Warrior|BAM}",
								"{@creature Psurlon|BAM}",
								"{@creature Psurlon Leader|BAM}",
								"{@creature Psurlon Ringer|BAM}",
								"{@creature Reigar|BAM}",
								"{@creature Solar Dragon Wyrmling|BAM}",
								"{@creature Space Clown|BAM}",
								"{@creature Space Eel|BAM}",
								"{@creature Space Guppy|BAM}",
								"{@creature Space Hamster|BAM}",
								"{@creature Space Mollymawk|BAM}",
								"{@creature Space Swine|BAM}",
								"{@creature Ssurran Defiler|BAM}",
								"{@creature Ssurran Poisoner|BAM}",
								"{@creature Starlight Apparition|BAM}",
								"{@creature Thri-kreen Gladiator|BAM}",
								"{@creature Thri-kreen Hunter|BAM}",
								"{@creature Thri-kreen Mystic|BAM}",
								"{@creature Vampirate|BAM}",
								"{@creature Vampirate Captain|BAM}",
								"{@creature Vampirate Mage|BAM}",
								"{@creature Void Scavver|BAM}",
								"{@creature Young Lunar Dragon|BAM}",
								"{@creature Young Solar Dragon|BAM}",
								"{@creature Zodar|BAM}"
							]
						}
					]
				}
			]
		}
	]
}
