{
	"XGE": {
		"Abi-Dalzim's Horrid Wilting": "icons/magic/unholy/strike-body-explode-disintegrate.webp",
		"Absorb Elements": "icons/magic/symbols/elements-air-earth-fire-water.webp",
		"Aganazzar's Scorcher": "icons/magic/fire/projectile-fireball-smoke-orange.webp",
		"Beast Bond": "icons/creatures/abilities/paw-glowing-yellow.webp",
		"Bones of the Earth": "icons/skills/movement/arrows-up-trio-red.webp",
		"Catapult": "icons/magic/water/projectile-ice-chunk.webp",
		"Catnap": "icons/magic/air/fog-gas-smoke-green.webp",
		"Cause Fear": "icons/commodities/bones/skull-hollow-worn-blue.webp",
		"Ceremony": "icons/skills/trades/academics-study-reading-book.webp",
		"Chaos Bolt": "icons/magic/unholy/projectile-smoke-trail-pink.webp",
		"Charm Monster": "icons/creatures/eyes/humanoid-single-red-brown.webp",
		"Control Flames": "icons/magic/fire/flame-burning-hand-orange.webp",
		"Control Winds": "icons/magic/air/wind-weather-sailing-ship.webp",
		"Create Bonfire": "icons/magic/fire/flame-burning-campfire-orange.webp",
		"Create Homunculus": "icons/commodities/treasure/statuette-gargoyle-green-gold.webp",
		"Crown of Stars": "icons/magic/control/control-influence-crown-yellow.webp",
		"Danse Macabre": "icons/creatures/magical/spirit-earth-stone-magma-yellow.webp",
		"Dawn": "icons/magic/nature/symbol-sun-yellow.webp",
		"Dragon's Breath": "icons/creatures/abilities/dragon-fire-breath-orange.webp",
		"Druid Grove": "icons/magic/nature/plant-sproutdirt-green.webp",
		"Dust Devil": "icons/magic/air/wind-tornado-funnel-blue.webp",
		"Earth Tremor": "icons/magic/earth/barrier-stone-explosion-spiked.webp",
		"Earthbind": "icons/magic/nature/root-vine-entangled-humanoid.webp",
		"Elemental Bane": "icons/magic/death/skull-fire-white-yellow.webp",
		"Enemies Abound": "icons/magic/control/energy-stream-link-spiral-white.webp",
		"Enervation": "icons/magic/unholy/strike-body-life-soul-green.webp",
		"Erupting Earth": "icons/magic/earth/barrier-stone-explosion-red.webp",
		"Far Step": "icons/skills/movement/feet-spurred-boots-brown.webp",
		"Find Greater Steed": "icons/magic/fire/elemental-creature-horse.webp",
		"Flame Arrows": "icons/magic/fire/projectile-arrow-fire-orange-yellow.webp",
		"Frostbite": "icons/magic/water/snowflake-ice-blue-white.webp",
		"Guardian of Nature": "icons/magic/nature/root-vines-face-glow-green.webp",
		"Gust": "icons/magic/air/wind-stream-blue-gray.webp",
		"Healing Spirit": "icons/magic/holy/chalice-glowing-gold-water.webp",
		"Holy Weapon": "icons/weapons/swords/sword-gold-holy.webp",
		"Ice Knife": "icons/skills/melee/strike-weapon-polearm-ice-blue.webp",
		"Illusory Dragon": "icons/creatures/eyes/humanoid-single-purple-blue.webp",
		"Immolation": "icons/magic/death/projectile-skull-fire-orange.webp",
		"Infernal Calling": "icons/creatures/unholy/demon-fire-horned-winged-roar.webp",
		"Infestation": "icons/creatures/invertebrates/leech-attack-green.webp",
		"Investiture of Flame": "icons/magic/fire/elemental-fire-humanoid.webp",
		"Investiture of Ice": "icons/magic/water/elemental-water.webp",
		"Investiture of Stone": "icons/magic/earth/construct-stone-long-arms.webp",
		"Investiture of Wind": "icons/skills/trades/music-singing-voice-blue.webp",
		"Invulnerability": "icons/equipment/shield/heater-crystal-blue.webp",
		"Life Transference": "icons/magic/control/energy-stream-link-blue.webp",
		"Maddening Darkness": "icons/magic/unholy/silhouette-robe-evil-glow.webp",
		"Maelstrom": "icons/magic/air/wind-tornado-cyclone-purple-blue.webp",
		"Magic Stone": "icons/magic/earth/projectiles-stone-salvo-gray.webp",
		"Mass Polymorph": "icons/creatures/mammals/ox-buffalo-horned-green.webp",
		"Maximilian's Earthen Grasp": "icons/magic/earth/strike-fist-stone-light.webp",
		"Melf's Minute Meteors": "icons/magic/earth/projectiles-stone-salvo-red.webp",
		"Mental Prison": "icons/magic/perception/eye-ringed-green.webp",
		"Mighty Fortress": "icons/environment/settlement/castle-tan.webp",
		"Mind Spike": "icons/magic/light/explosion-impact-purple.webp",
		"Mold Earth": "icons/magic/earth/barrier-stone-brown-green.webp",
		"Negative Energy Flood": "icons/skills/wounds/injury-pain-body-orange.webp",
		"Power Word Pain": "icons/magic/control/voodoo-doll-pain-damage-yellow.webp",
		"Primal Savagery": "icons/creatures/abilities/bear-roar-bite-brown.webp",
		"Primordial Ward": "icons/magic/symbols/runes-carved-stone-purple.webp",
		"Psychic Scream": "icons/magic/death/skull-humanoid-worn-teal.webp",
		"Pyrotechnics": "icons/magic/fire/projectile-feathers-embers-gold.webp",
		"Scatter": "icons/consumables/eggs/egg-broken-spotted-white.webp",
		"Shadow Blade": "icons/skills/melee/sword-stuck-glowing-pink.webp",
		"Shadow of Moil": "icons/magic/unholy/silhouette-evil-horned-giant.webp",
		"Shape Water": "icons/creatures/fish/fish-marlin-swordfight-blue.webp",
		"Sickening Radiance": "icons/magic/air/air-burst-spiral-large-teal-green.webp",
		"Skill Empowerment": "icons/magic/control/buff-luck-fortune-green-gold.webp",
		"Skywrite": "icons/magic/light/projectile-flare-blue.webp",
		"Snare": "icons/skills/targeting/crosshair-mark-rough-pink.webp",
		"Snilloc's Snowball Swarm": "icons/magic/light/projectile-smoke-blue-white.webp",
		"Soul Cage": "icons/magic/death/skull-flames-white-blue.webp",
		"Steel Wind Strike": "icons/skills/melee/maneuver-daggers-paired-orange.webp",
		"Storm Sphere": "icons/commodities/gems/pearl-water.webp",
		"Summon Greater Demon": "icons/creatures/unholy/demon-horned-winged-laughing.webp",
		"Summon Lesser Demons": "icons/creatures/unholy/demon-fire-imp.webp",
		"Synaptic Static": "icons/magic/lightning/bolts-strike-salvo-blue.webp",
		"Temple of the Gods": "icons/environment/settlement/columned-forum.webp",
		"Tenser's Transformation": "icons/skills/melee/maneuver-sword-katana-yellow.webp",
		"Thunder Step": "icons/magic/lightning/bolt-strike-cloud-gray.webp",
		"Thunderclap": "icons/magic/lightning/fist-unarmed-strike-blue-green.webp",
		"Tidal Wave": "icons/magic/water/wave-water-rolling-blue.webp",
		"Tiny Servant": "icons/magic/air/wind-tornado-spiral-brown.webp",
		"Toll the Dead": "icons/magic/sonic/bell-alarm-red-purple.webp",
		"Transmute Rock": "icons/magic/symbols/runes-carved-stone-red.webp",
		"Vitriolic Sphere": "icons/magic/acid/projectile-smoke-glowing.webp",
		"Wall of Light": "icons/magic/movement/trail-streak-zigzag-yellow.webp",
		"Wall of Sand": "icons/magic/earth/projectile-stone-landslide.webp",
		"Wall of Water": "icons/creatures/fish/fish-shark-swimming.webp",
		"Warding Wind": "icons/creatures/abilities/dragon-ice-breath-blue.webp",
		"Watery Sphere": "icons/commodities/materials/glass-orb-teal.webp",
		"Whirlwind": "icons/magic/air/wind-tornado-funnel-blue-grey.webp",
		"Word of Radiance": "icons/magic/movement/abstract-ribbons-red-orange.webp",
		"Wrath of Nature": "icons/magic/fire/flame-burning-tree-face.webp",
		"Zephyr Strike": "icons/skills/melee/blade-tips-double-blue.webp"
	},
	"PHB": {
		"Arcane Gate": "icons/magic/fire/orb-vortex.webp",
		"Armor of Agathys": "icons/magic/water/heart-ice-freeze.webp",
		"Arms of Hadar": "icons/magic/unholy/hand-claw-fire-blue.webp",
		"Aura of Life": "icons/magic/life/cross-yellow-green.webp",
		"Aura of Purity": "icons/creatures/birds/songbird-yellow-flying.webp",
		"Aura of Vitality": "icons/magic/life/ankh-gold-blue.webp",
		"Banishing Smite": "icons/magic/control/silhouette-fall-slip-prone.webp",
		"Beast Sense": "icons/magic/fire/flame-burning-eye.webp",
		"Blade Ward": "icons/skills/melee/sword-damaged-broken-blue.webp",
		"Blinding Smite": "icons/skills/wounds/injury-eyes-blood-red.webp",
		"Chromatic Orb": "icons/magic/fire/orb-fireball-puzzle.webp",
		"Circle of Power": "icons/magic/light/orb-shadow-blue.webp",
		"Cloud of Daggers": "icons/skills/ranged/daggers-thrown-salvo-green.webp",
		"Compelled Duel": "icons/skills/melee/strike-stake-gray.webp",
		"Conjure Barrage": "icons/skills/ranged/daggers-thrown-salvo-orange.webp",
		"Conjure Volley": "icons/magic/holy/projectiles-blades-salvo-yellow.webp",
		"Cordon of Arrows": "icons/skills/ranged/arrows-flying-salvo-yellow.webp",
		"Crown of Madness": "icons/equipment/head/helm-barbute-horned-gold-red.webp",
		"Crusader's Mantle": "icons/magic/holy/angel-wings-gray.webp",
		"Destructive Wave": "icons/skills/ranged/projectile-strike-egg-blue.webp",
		"Dissonant Whispers": "icons/magic/death/mouth-teeth-fangs-vampire.webp",
		"Elemental Weapon": "icons/weapons/swords/sword-flanged-lightning.webp",
		"Ensnaring Strike": "icons/magic/nature/root-vine-hand-strike.webp",
		"Feign Death": "icons/magic/death/grave-tombstone-glow-teal.webp",
		"Friends": "icons/consumables/drinks/alcohol-beer-mug-yellow.webp",
		"Grasping Vine": "icons/magic/nature/root-vine-beanstolk-green.webp",
		"Hail of Thorns": "icons/magic/nature/root-vine-spiral-thorns-teal.webp",
		"Hex": "icons/magic/control/voodoo-doll-pain-damage-red.webp",
		"Hunger of Hadar": "icons/magic/nature/root-vine-thorned-fire-purple.webp",
		"Lightning Arrow": "icons/weapons/polearms/spear-ice-crystal-blue.webp",
		"Phantasmal Force": "icons/creatures/slimes/slime-giant-face-eyes.webp",
		"Power Word Heal": "icons/magic/life/heart-cross-strong-flame-blue.webp",
		"Ray of Sickness": "icons/magic/light/beam-rays-green.webp",
		"Searing Smite": "icons/skills/melee/strike-hammer-destructive-orange.webp",
		"Staggering Smite": "icons/skills/melee/strike-axe-energy-pink.webp",
		"Swift Quiver": "icons/skills/ranged/arrows-flying-salvo-gray.webp",
		"Telepathy": "icons/magic/control/energy-stream-link-spiral-blue.webp",
		"Thorn Whip": "icons/magic/nature/vines-thorned-glow-green.webp",
		"Thunderous Smite": "icons/magic/lightning/bolt-strike-wide-white.webp",
		"Tsunami": "icons/magic/water/wave-water-blue.webp",
		"Witch Bolt": "icons/magic/lightning/bolt-strike-sparks-purple.webp",
		"Wrathful Smite": "icons/weapons/polearms/spear-flared-silver-pink.webp"
	},
	"TCE": {
		"Booming Blade": "icons/skills/melee/strike-sword-slashing-red.webp",
		"Green-Flame Blade": "icons/weapons/swords/greatsword-evil-green.webp",
		"Lightning Lure": "icons/magic/lightning/bolt-strike-sparks-teal.webp",
		"Sword Burst": "icons/skills/ranged/daggers-thrown-salvo-teal.webp"
	},
	"EGW": {
		"Dark Star": "icons/magic/light/explosion-star-glow-blue-purple.webp",
		"Fortune's Favor": "icons/magic/control/buff-luck-fortune-green.webp",
		"Gift of Alacrity": "icons/skills/movement/figure-running-gray.webp",
		"Gravity Fissure": "icons/magic/light/beam-impact-deflect-teal.webp",
		"Gravity Sinkhole": "icons/magic/water/beam-ice-impact.webp",
		"Immovable Object": "icons/sundries/survival/cuffs-shackles-ball.webp",
		"Magnify Gravity": "icons/magic/lightning/explosion-stone-smoke-teal.webp",
		"Pulse Wave": "icons/magic/lightning/bolt-strike-explosion-purple.webp",
		"Ravenous Void": "icons/creatures/abilities/mouth-teeth-lamprey-red.webp",
		"Reality Break": "icons/magic/earth/explosion-lava-stone-orange.webp",
		"Sapping Sting": "icons/creatures/invertebrates/wasp-swarm-attack.webp",
		"Temporal Shunt": "icons/magic/time/hourglass-tilted-gray.webp",
		"Tether Essence": "icons/magic/control/voodoo-doll-pain-damage-purple.webp",
		"Time Ravage": "icons/sundries/misc/hourglass-wood.webp",
		"Wristpocket": "icons/magic/light/torch-fire-hand-orange.webp"
	},
	"AI": {
		"Distort Value": "icons/commodities/currency/coins-leather-pouch-stone.webp",
		"Fast Friends": "icons/skills/social/diplomacy-handshake-blue.webp",
		"Gift of Gab": "icons/creatures/mammals/humanoid-fox-cat-archer.webp",
		"Incite Greed": "icons/commodities/currency/coins-assorted-crown-blue.webp",
		"Jim's Glowing Coin": "icons/commodities/currency/coin-inset-lightning-green.webp",
		"Jim's Magic Missile": "icons/magic/lightning/projectiles-tendril-salvo-pink.webp",
		"Motivational Speech": "icons/sundries/flags/banner-flag-blue.webp"
	},
	"GGR": {
		"Encode Thoughts": "icons/magic/holy/meditation-chi-focus-blue.webp"
	}
}
